village_id,village,district,block,state,is_core_sample,latitude,longitude,distance_to_border_km,village_source,district_verified,vv_before,vh_before,vv_after,vh_after,sar_before_image_count,sar_after_image_count
1,Upper Traflagam 266829,Anjaw,Unknown,Arunachal Pradesh,True,28.3500638,96.6336613,10.208156031306832,control (non-VVP),True,-10.622009755038922,-16.61508042299449,-10.92668242426731,-17.160195878163453,30,39
2,Tarampa,Anjaw,Unknown,Arunachal Pradesh,True,28.3416126,96.6186283,11.259931743843367,control (non-VVP),True,-7.211595373199325,-13.505853792881968,-7.550475931499837,-14.036815618679734,30,39
3,Matkrong,Anjaw,Unknown,Arunachal Pradesh,True,27.8559038,96.9824133,12.21174958433055,control (non-VVP),True,-9.567028754230597,-16.11998117401283,-9.557640293426882,-16.15913086958711,30,40
4,Abochagan,Anjaw,Unknown,Arunachal Pradesh,True,28.3136489,96.6140466,14.385494242096671,control (non-VVP),True,-10.331761262227609,-16.272185811385917,-10.469800700539716,-16.615972977588157,30,39
5,Khalega,Anjaw,Unknown,Arunachal Pradesh,True,28.2806477,96.5718641,17.389387120162088,control (non-VVP),True,-15.25242808891113,-20.644216865407618,-15.518642591534572,-21.26951836340981,30,39
6,Shirong,Anjaw,Unknown,Arunachal Pradesh,True,27.903587,96.9409105,18.879751233480885,control (non-VVP),True,-6.879347052868824,-13.637455631344041,-6.9433518822141185,-13.731762925274692,30,40
7,Khampti Pani,Anjaw,Unknown,Arunachal Pradesh,True,27.9282865,96.9573301,20.07481274759241,control (non-VVP),True,-5.691988632237056,-12.608545776437449,-5.6898446661474615,-12.650970786823997,30,41
8,Xiao Madengliang,Anjaw,Unknown,Arunachal Pradesh,True,28.2208547,96.5152684,20.66721205919266,control (non-VVP),True,-4.507864619083878,-11.165854904964103,-4.461822217474492,-11.256764194438032,30,39
9,Tilam,Anjaw,Unknown,Arunachal Pradesh,True,28.1432798,97.0060273,21.122207787766506,control (non-VVP),True,-5.896597655246064,-12.268748901215583,-5.953566454709912,-12.101130094620144,30,39
10,Minjong,Anjaw,Unknown,Arunachal Pradesh,True,27.9447015,96.9531849,21.775446122663485,control (non-VVP),True,-2.4506044234848785,-9.479679507210518,-2.53084093144704,-9.305289229919556,30,40
11,Jiliang,Anjaw,Unknown,Arunachal Pradesh,True,28.2187403,96.536865,21.785872271677064,control (non-VVP),True,-11.191837810263632,-16.95654624598598,-11.230672375782936,-17.08875583360898,30,39
12,Walang,Anjaw,Unknown,Arunachal Pradesh,True,27.882509,96.8550641,21.853357578949343,control (non-VVP),True,-7.841762981495913,-14.228759192521059,-7.880655740537571,-14.325099035123761,30,40
13,Tinai,Anjaw,Unknown,Arunachal Pradesh,True,28.1383669,97.0271327,22.12939324344721,control (non-VVP),True,-10.491182898502847,-17.72535641275672,-10.393243277997348,-17.68363485952,30,39
14,Kalin,Anjaw,Unknown,Arunachal Pradesh,True,27.9654847,96.9709934,22.15837709115443,control (non-VVP),True,-12.731430607946258,-19.32728171237962,-12.75208978934787,-19.345880876237903,30,40
15,Halla,Anjaw,Unknown,Arunachal Pradesh,True,27.9655372,96.962708,22.66191626116016,control (non-VVP),True,-3.0426791582043182,-9.984683888066748,-3.019888378047467,-10.00970026847772,30,40
16,Yashong Camp,Anjaw,Unknown,Arunachal Pradesh,True,27.9752592,96.9686698,23.166499666887443,control (non-VVP),True,-3.4300285629571134,-10.308328448772874,-3.3477026921604702,-10.230885310264384,30,40
17,Kaladun,Anjaw,Unknown,Arunachal Pradesh,True,27.9839219,96.9737606,23.672719201131454,control (non-VVP),True,-10.337993324006518,-16.637320305816687,-10.444597959176054,-16.793597886919862,30,40
18,Menilkrai,Anjaw,Unknown,Arunachal Pradesh,True,28.1024223,97.0047561,25.56053181319565,control (non-VVP),True,-9.138256120197525,-16.393539325168344,-9.32798518298604,-16.361066755861845,30,39
19,Sarti,Anjaw,Unknown,Arunachal Pradesh,True,28.0081411,96.9619129,26.55964309895621,control (non-VVP),True,-3.441924754514924,-10.619348377059238,-3.3544614727249398,-10.501608168343042,30,53
20,Tarafliang,Anjaw,Unknown,Arunachal Pradesh,True,28.1541848,96.5174198,27.7622677852453,control (non-VVP),True,-5.828225778042375,-13.015997938028962,-6.1109812393603145,-13.133331329190884,30,39
21,Chinagam,Anjaw,Unknown,Arunachal Pradesh,True,28.1625933,96.5530756,28.042568905542584,control (non-VVP),True,-11.564533095247961,-17.685422290901684,-11.800124944658616,-18.010730752844506,30,39
22,Nilang,Anjaw,Unknown,Arunachal Pradesh,True,28.1764497,96.6564414,28.486893314419977,control (non-VVP),True,-9.104598805291728,-15.714592526292304,-9.289708341239079,-15.961174165758445,30,39
23,Chipru,Anjaw,Unknown,Arunachal Pradesh,True,28.1503735,96.5374173,28.7529084694698,control (non-VVP),True,-9.338275940829263,-15.758319618506913,-9.621996528786191,-16.18213277468431,30,39
24,Jiongming,Anjaw,Unknown,Arunachal Pradesh,True,28.0367462,96.9717952,28.828837329459443,control (non-VVP),True,-7.353485155280617,-14.017336183903177,-7.488319767470839,-14.157824990653525,30,39
25,Warti,Anjaw,Unknown,Arunachal Pradesh,True,28.0392081,96.9729224,29.015113460311976,control (non-VVP),True,-9.524125477610939,-16.16873770886166,-9.588050998613843,-16.21857921949107,30,39
26,Chareimna,Anjaw,Unknown,Arunachal Pradesh,True,28.1695789,96.6589609,29.05506117418188,control (non-VVP),True,-12.309841097563464,-18.294655076992676,-12.390559660383065,-18.616614026133657,30,39
27,Bringkong,Anjaw,Unknown,Arunachal Pradesh,True,28.1715853,96.6504862,29.235932788914383,control (non-VVP),True,-3.0679649820014894,-10.227714372912581,-3.1587756786864696,-10.409485110603393,30,39
28,Baligam,Anjaw,Unknown,Arunachal Pradesh,True,28.1433091,96.5356291,29.43782006027962,control (non-VVP),True,-2.910056495228648,-10.257235661514995,-3.0770674925101704,-10.509829213238847,30,39
29,Sethi,Anjaw,Unknown,Arunachal Pradesh,True,28.055845,96.9797354,30.465233345920453,control (non-VVP),True,-8.918130819248853,-15.792248762673275,-9.147156544967855,-15.939142139258465,30,39
30,Challang,Anjaw,Unknown,Arunachal Pradesh,True,28.1551886,96.6522501,30.782237092846348,control (non-VVP),True,-9.773387315168657,-16.14422867311569,-9.868123370089855,-16.4438450779291,30,39
31,Matiliang 266674,Anjaw,Unknown,Arunachal Pradesh,True,28.1076072,96.445203,30.920931427207496,control (non-VVP),True,-14.013715372210202,-20.114445029010447,-14.27430010020387,-20.127943305562194,30,39
32,Tololiang,Anjaw,Unknown,Arunachal Pradesh,True,28.1256641,96.547808,31.674637251537064,control (non-VVP),True,-17.445050315733837,-22.011295129232103,-18.113755304270995,-23.360687568410995,30,39
33,Chamemla,Anjaw,Unknown,Arunachal Pradesh,True,28.1286743,96.5620271,31.85281522562808,control (non-VVP),True,-12.876470229851515,-18.81163009639268,-13.108764668419697,-19.204179792571992,30,39
34,Bulimina,Anjaw,Unknown,Arunachal Pradesh,True,28.1406221,96.6583188,31.954247870225128,control (non-VVP),True,-8.76333033743932,-15.205563891637803,-8.97843163869099,-15.418919026352544,30,39
35,Hoiliang 266714,Anjaw,Unknown,Arunachal Pradesh,True,28.0981287,96.4478867,32.0053640309043,control (non-VVP),True,-10.918995116378383,-17.288145914429784,-11.091203874404648,-17.1859220398195,30,39
36,Tuboka,Anjaw,Unknown,Arunachal Pradesh,True,28.1222299,96.5542939,32.24772241518634,control (non-VVP),True,-13.010264113718138,-18.5822979784767,-13.43325525296906,-19.333532536287283,30,39
37,Tikromna,Anjaw,Unknown,Arunachal Pradesh,True,28.1182382,96.5447809,32.358005180805385,control (non-VVP),True,-11.851761028164542,-18.22455550836121,-12.240763931080933,-18.840326290712103,30,39
38,Adomla,Anjaw,Unknown,Arunachal Pradesh,True,28.1135364,96.5375112,32.63931418458326,control (non-VVP),True,-5.485661092626105,-12.673877506830406,-5.711938016904258,-13.056497288417116,30,39
39,Tafraliang,Anjaw,Unknown,Arunachal Pradesh,True,28.0886403,96.4529695,33.153023601738646,control (non-VVP),True,-7.731334934952021,-14.44094189139752,-7.960598179774007,-14.565085798409378,30,53
40,Paluliang,Anjaw,Unknown,Arunachal Pradesh,True,28.1167741,96.5706359,33.39289000170816,control (non-VVP),True,-1.6475105064441995,-8.554067035074397,-1.7328736139515533,-8.658040880400224,30,39
41,Tikromla,Anjaw,Unknown,Arunachal Pradesh,True,28.0971168,96.5348369,34.31385251032624,control (non-VVP),True,-7.822032053196039,-14.406223523393324,-8.041178668762397,-14.893225446858557,30,39
42,Champhai,Anjaw,Unknown,Arunachal Pradesh,True,28.1085212,96.57408,34.3674923444699,control (non-VVP),True,-2.796829677521807,-9.79858816933447,-2.8775112681475457,-9.877245863135405,30,39
43,Chirang 266667,Anjaw,Unknown,Arunachal Pradesh,True,28.0684239,96.4069505,34.51581155631747,control (non-VVP),True,-4.680648535634179,-11.373107481038964,-5.022124682714827,-11.661618077873428,30,40
44,Barafu,Anjaw,Unknown,Arunachal Pradesh,True,28.1017011,96.558488,34.52797727422521,control (non-VVP),True,-3.4001904481858722,-10.502492555115044,-3.5658961164071954,-10.636267010551581,30,39
45,Langum,Anjaw,Unknown,Arunachal Pradesh,True,28.1218659,96.6112899,34.76622900601115,control (non-VVP),True,-7.525365987972158,-14.048060207116484,-7.826880860106335,-14.495800558585772,30,39
46,Khupa Village 266673,Anjaw,Unknown,Arunachal Pradesh,True,28.0771387,96.4736667,34.92083910596573,control (non-VVP),True,-8.47360700366772,-14.98950327253575,-8.83763262584533,-15.274625986239846,30,40
47,Hayugam,Anjaw,Unknown,Arunachal Pradesh,True,28.0893566,96.5438268,35.3843601683056,control (non-VVP),True,-11.818838510179367,-17.808086212150904,-11.958693629941395,-18.13274649184225,30,39
48,Kalamdia,Anjaw,Unknown,Arunachal Pradesh,True,28.0994655,96.5765815,35.38966199183561,control (non-VVP),True,-4.133071465034538,-11.08183040853795,-4.283152774978324,-11.339224956089062,30,39
49,Khugam,Anjaw,Unknown,Arunachal Pradesh,True,28.0970181,96.5765587,35.64039244454056,control (non-VVP),True,-5.691749626890599,-12.641996121565949,-5.863939303341939,-12.888270259185763,30,39
50,Swami Camp,Anjaw,Unknown,Arunachal Pradesh,True,28.0761921,96.5004673,35.71663701514807,control (non-VVP),True,-4.553264271864221,-11.576788766923293,-4.577340430017535,-11.712639991694967,30,40
51,Chameliang,Anjaw,Unknown,Arunachal Pradesh,True,28.081538,96.5395274,36.10070905223501,control (non-VVP),True,-8.95451737430428,-15.488486916701033,-9.094042947592163,-15.733678776702865,30,39
52,Nenuliang,Anjaw,Unknown,Arunachal Pradesh,True,28.0695914,96.5025516,36.47740878026867,control (non-VVP),True,-12.034337902082585,-18.705950862845775,-12.261765488133285,-19.227129850787914,30,40
53,Khupa Township,Anjaw,Unknown,Arunachal Pradesh,True,28.0654038,96.4926664,36.669653927690405,control (non-VVP),True,-5.432985064003004,-12.354882679691556,-5.368249520082822,-12.384865848120597,30,40
54,Amliang,Anjaw,Unknown,Arunachal Pradesh,True,28.0586788,96.4688356,36.772239821896335,control (non-VVP),True,-8.080638972972338,-14.89341150212874,-8.498018483185062,-15.339498748682916,30,40
55,Mompani,Anjaw,Unknown,Arunachal Pradesh,True,28.0513007,96.4415599,36.90022530314944,control (non-VVP),True,-3.516646484574538,-10.298463883390044,-3.896986842636883,-10.700923929928983,30,40
56,Langjon,Anjaw,Unknown,Arunachal Pradesh,True,28.053427,96.4586965,37.07185575220221,control (non-VVP),True,-9.656511504230886,-16.41370755963195,-10.41965531842011,-17.032668358280947,30,40
57,Thamptong 266699,Anjaw,Unknown,Arunachal Pradesh,True,28.0678982,96.519264,37.09174843787751,control (non-VVP),True,-8.700148279864713,-15.261408596697693,-8.841857260279461,-15.48826400941941,30,40
58,Talang,Anjaw,Unknown,Arunachal Pradesh,True,28.0840788,96.5820921,37.17372787408739,control (non-VVP),True,-10.16300331119952,-16.462775191086433,-10.44516143851161,-16.8036187372031,30,39
59,Mahikong,Anjaw,Unknown,Arunachal Pradesh,True,28.0544424,96.4828253,37.58834433224498,control (non-VVP),True,-10.851892815155368,-17.564449491168695,-11.575710881279804,-18.1351513995893,30,40
60,Tepang,Anjaw,Unknown,Arunachal Pradesh,True,27.9688421,96.7188848,37.9259149195321,control (non-VVP),True,-13.415847934631618,-19.508879030213805,-13.837330855364664,-19.946105826082018,30,41
61,Blom,Anjaw,Unknown,Arunachal Pradesh,True,28.0783604,96.5876028,37.96428159431192,control (non-VVP),True,-11.66421085762271,-17.920126423180026,-11.88577907806099,-18.203192818789105,30,39
62,布拉母哈岗,Anjaw,Unknown,Arunachal Pradesh,True,28.0669816,96.5559722,38.103619818542384,control (non-VVP),True,-9.043055591897017,-16.101437543744485,-9.378739955779402,-16.540706665204986,30,40
63,Kamba,Anjaw,Unknown,Arunachal Pradesh,True,28.0665856,96.5608784,38.29061279666109,control (non-VVP),True,-7.786683385465076,-14.871623821274508,-7.98380775922059,-15.112801045075964,30,40
64,Chillang,Anjaw,Unknown,Arunachal Pradesh,True,28.0356469,96.4227016,38.30913224271945,control (non-VVP),True,-3.74892141596367,-10.747256543744616,-3.9266773652996387,-10.944236154115478,60,52
65,Chingraliang 266703,Anjaw,Unknown,Arunachal Pradesh,True,28.0460551,96.4835718,38.5057562974661,control (non-VVP),True,-8.269213660743068,-14.699307086727531,-8.332137836103588,-14.873212492291536,30,40
66,Mele 266697,Anjaw,Unknown,Arunachal Pradesh,True,28.0533163,96.5470204,39.31156367802646,control (non-VVP),True,-5.264875767316616,-12.128249057213115,-5.442207279550499,-12.446856403898927,30,40
67,Karangliang,Anjaw,Unknown,Arunachal Pradesh,True,28.0328845,96.4619146,39.35483127096242,control (non-VVP),True,-8.847800361792821,-15.228971152893214,-9.185336352271664,-15.58073853573119,60,52
68,Naraliang,Anjaw,Unknown,Arunachal Pradesh,True,28.0272329,96.4412739,39.516581462951535,control (non-VVP),True,-3.1434270857967834,-10.354771396694018,-3.3329314521175735,-10.55564754691613,30,40
69,Takaliang,Anjaw,Unknown,Arunachal Pradesh,True,28.0190688,96.4160791,40.05087119190448,control (non-VVP),True,-4.9003438807069415,-11.888780013928677,-5.132978684198496,-12.118049368116937,30,41
70,Chiphugam 266713,Anjaw,Unknown,Arunachal Pradesh,True,28.0127703,96.4014324,40.608662519250345,control (non-VVP),True,-0.35483755843384185,-7.289234090361093,-0.5537174077597559,-7.5326706157694465,30,40
71,Khorlang,Anjaw,Unknown,Arunachal Pradesh,True,28.0257952,96.487329,40.77244573605165,control (non-VVP),True,-5.192875263986227,-12.104357477693695,-5.364791611938992,-12.34386633339453,60,52
72,Tummla,Anjaw,Unknown,Arunachal Pradesh,True,28.0474659,96.582792,40.9916149981248,control (non-VVP),True,-9.618034199998927,-16.479688034655812,-10.01255232401221,-17.090655048892202,30,40
73,Matong,Anjaw,Unknown,Arunachal Pradesh,True,28.0593901,96.6181031,41.1988576731284,control (non-VVP),True,-11.949017923210977,-17.949068746843704,-12.241739888916966,-18.39374395288337,30,53
74,Paya,Anjaw,Unknown,Arunachal Pradesh,True,28.0083682,96.4228615,41.3081896196448,control (non-VVP),True,-5.500980449432443,-12.668396539791008,-5.816927119193479,-12.894617697149638,30,40
75,Supnung,Anjaw,Unknown,Arunachal Pradesh,True,28.0571961,96.6182474,41.42029518150113,control (non-VVP),True,-12.699319197031041,-18.547650472275944,-12.856818454674675,-18.85581542850718,30,40
76,Bruini,Dibang Valley,Unknown,Arunachal Pradesh,True,29.1545325,96.1488625,4.739801400488968,control (non-VVP),True,-11.744348525400971,-17.60895830389062,-13.322591348824398,-19.221954945794018,60,43
77,Andrala Omkar,Dibang Valley,Unknown,Arunachal Pradesh,True,29.0623725,95.6169709,12.5097504539976,control (non-VVP),True,-5.058336792699008,-11.592747526130013,-5.079198178712609,-11.782574717152285,30,31
78,阿进,Dibang Valley,Unknown,Arunachal Pradesh,True,29.0685,96.0265797,14.471694450516267,control (non-VVP),True,-8.265575829664625,-14.114372022725185,-11.109507855351119,-16.784895356136648,60,43
79,Mawu,Dibang Valley,Unknown,Arunachal Pradesh,True,29.0571162,96.0144078,15.67462930303044,control (non-VVP),True,-6.456937903893092,-12.011552396515746,-8.179144731062669,-13.587548432808326,60,43
80,阿普衣,Dibang Valley,Unknown,Arunachal Pradesh,True,29.0043871,95.9701987,20.09789314478475,control (non-VVP),True,-8.680755205430225,-14.941268105136647,-7.845614598314889,-14.389588221304715,59,57
81,Dambuen,Dibang Valley,Unknown,Arunachal Pradesh,True,28.931081,95.9752764,21.21593602485472,control (non-VVP),True,-11.952833614088384,-18.12073862531394,-12.01344888610864,-18.294291303355756,59,58
82,Basam,Dibang Valley,Unknown,Arunachal Pradesh,True,29.0406371,95.8135986,21.81207441458054,control (non-VVP),True,-3.259843917622887,-9.830342540956183,-3.288855121895174,-9.922162545602113,30,31
83,Rilley,Dibang Valley,Unknown,Arunachal Pradesh,True,28.8599437,95.9809166,22.764206356793835,control (non-VVP),True,-9.802643812925057,-16.007508786935237,-9.919734755228065,-16.130402639640632,59,58
84,dian,Dibang Valley,Unknown,Arunachal Pradesh,True,28.9488654,95.6849583,23.39036782499988,control (non-VVP),True,-7.472726839180161,-14.186242225099079,-7.588188536036937,-14.252887321697552,29,32
85,埃巴尼,Dibang Valley,Unknown,Arunachal Pradesh,True,29.0173756,95.8081057,23.9627626264192,control (non-VVP),True,-5.21350631233445,-11.955159677266717,-5.154230307318011,-11.95980738692811,29,31
86,Atalin,Dibang Valley,Unknown,Arunachal Pradesh,True,28.8368966,95.9659782,25.176539267310137,control (non-VVP),True,-9.675361691953055,-16.08389164578818,-9.581707195234964,-16.09796714614625,59,58
87,Ahunli,Dibang Valley,Unknown,Arunachal Pradesh,True,28.8345474,95.9597204,25.83864178208416,control (non-VVP),True,-9.889737024477109,-16.279154808286357,-9.894030137262178,-16.43506359338601,59,58
88,Abali,Dibang Valley,Unknown,Arunachal Pradesh,True,28.99724,95.8076255,26.034179785880767,control (non-VVP),True,-9.668238032141899,-16.07334205037401,-9.707660451281349,-16.121171195302463,29,31
89,Beyanli,Dibang Valley,Unknown,Arunachal Pradesh,True,28.9959135,95.8079275,26.18250955105191,control (non-VVP),True,-10.14493923044977,-16.495706981737097,-10.195055144878278,-16.561262884066664,29,31
90,Awalin,Dibang Valley,Unknown,Arunachal Pradesh,True,28.7056681,96.1699665,26.211338075489483,control (non-VVP),True,-5.75852479962302,-12.454749847358496,-5.385266886605727,-12.17255283209321,59,58
91,Singo,Dibang Valley,Unknown,Arunachal Pradesh,True,28.8257925,95.9457494,27.496207989464107,control (non-VVP),True,-7.347540510254179,-14.112725960517329,-7.514647527016428,-14.47759494389074,59,58
92,Mihundo,Dibang Valley,Unknown,Arunachal Pradesh,True,28.829056,95.9393137,27.89030060387755,control (non-VVP),True,-7.621990288950891,-13.93957320655048,-7.803657145693252,-14.21526256367237,59,58
93,Akolin,Dibang Valley,Unknown,Arunachal Pradesh,True,28.8236778,95.9416852,27.95640540054999,control (non-VVP),True,-7.2800986782708135,-13.939067439238983,-7.362120780904691,-14.116558004009338,59,58
94,Ayongo,Dibang Valley,Unknown,Arunachal Pradesh,True,28.8230669,95.9418373,27.97493894289717,control (non-VVP),True,-7.379304310714402,-14.103552916024318,-7.469456832418742,-14.291917840642256,59,58
95,Ahunli,Dibang Valley,Unknown,Arunachal Pradesh,True,28.8140704,95.9419262,28.44828524069856,control (non-VVP),True,-10.712794432821253,-17.04150535233375,-10.749263061056906,-17.147237618476417,59,58
96,Angulin,Dibang Valley,Unknown,Arunachal Pradesh,True,28.9748478,95.8112262,28.49318519693004,control (non-VVP),True,-9.61165884163066,-15.888621197562115,-9.839029548750394,-16.15249738229669,29,32
97,Makuni,Dibang Valley,Unknown,Arunachal Pradesh,True,28.8221427,95.9310087,28.9594463116276,control (non-VVP),True,-7.202539556629626,-13.82062533182658,-7.330740054792246,-14.014949298568574,59,58
98,Etabe,Dibang Valley,Unknown,Arunachal Pradesh,True,28.8079186,95.9351971,29.358010050916832,control (non-VVP),True,-10.340366070981048,-16.586848831565533,-10.404148906360096,-16.78309132632983,59,58
99,Baro,Dibang Valley,Unknown,Arunachal Pradesh,True,28.7934003,95.9284162,30.75864356991968,control (non-VVP),True,-10.29412911789047,-16.701333486696548,-10.27695079777845,-16.868179785463575,59,58
100,Apanli,Dibang Valley,Unknown,Arunachal Pradesh,True,28.6700204,96.1056557,31.29422934107572,control (non-VVP),True,-7.935709843835652,-14.444896955403706,-7.938993717572678,-14.463971227821238,59,71
101,Larango,Dibang Valley,Unknown,Arunachal Pradesh,True,28.7880718,95.918821,31.86607740091618,control (non-VVP),True,-9.37003702405144,-15.826046019822911,-9.491993584923618,-16.065948582865225,59,58
102,Amuli,Dibang Valley,Unknown,Arunachal Pradesh,True,28.7875753,95.9141519,32.28166853802251,control (non-VVP),True,-8.649941287205568,-15.383928280746236,-8.760901732208438,-15.578770356028661,59,58
103,Brango,Dibang Valley,Unknown,Arunachal Pradesh,True,28.9405604,95.8173923,32.29183869008044,control (non-VVP),True,-6.861042527220267,-13.59101873736983,-6.6757369142444825,-13.508573771706747,59,58
104,Akunli,Dibang Valley,Unknown,Arunachal Pradesh,True,28.8111887,95.8962517,32.5355921450053,control (non-VVP),True,-8.93846503641675,-15.20513663825148,-8.765328089667394,-15.254093662615073,59,58
105,Karu,Dibang Valley,Unknown,Arunachal Pradesh,True,28.8049354,95.8992688,32.587821958149284,control (non-VVP),True,-9.132133853622513,-15.523623320111172,-9.136616183209048,-15.587016471971607,59,58
106,Tanga II,Dibang Valley,Unknown,Arunachal Pradesh,True,28.8136293,95.893295,32.67631994699575,control (non-VVP),True,-6.078401086316939,-12.910088592593166,-6.35236401926146,-13.159909458698564,59,58
107,Akhunli,Dibang Valley,Unknown,Arunachal Pradesh,True,28.6685127,96.059513,32.993165287526374,control (non-VVP),True,-5.655171121356541,-12.447219825087016,-5.224601032863442,-12.181314879651206,59,71
108,Maro,Dibang Valley,Unknown,Arunachal Pradesh,True,28.8314281,95.8735957,33.65500502664909,control (non-VVP),True,-12.585057471366936,-18.113478302349616,-12.399016946537683,-18.238749399673853,59,58
109,Tapo,Dibang Valley,Unknown,Arunachal Pradesh,True,28.8150846,95.8784431,33.92158477451002,control (non-VVP),True,-13.06421473496193,-18.895338789042743,-13.085701854079929,-19.147770520611036,59,58
110,Amboli,Dibang Valley,Unknown,Arunachal Pradesh,True,28.7782095,95.9006268,33.951810510469485,control (non-VVP),True,-8.25664044613669,-15.059768917796413,-8.360342893834225,-15.160862949085407,59,58
111,Charkilo,Dibang Valley,Unknown,Arunachal Pradesh,True,28.8156575,95.8773093,33.996313730005284,control (non-VVP),True,-13.142439677884305,-19.002628156177945,-13.188507875255215,-19.276642439095742,59,58
112,Maroli,Dibang Valley,Unknown,Arunachal Pradesh,True,28.8551403,95.8604802,34.02008814842359,control (non-VVP),True,-8.51078397482755,-14.753373835512955,-8.464389769521766,-14.804912817413449,59,58
113,Angulin,Dibang Valley,Unknown,Arunachal Pradesh,True,28.7972034,95.8857247,34.1570920023645,control (non-VVP),True,-9.683221498957518,-15.999748099413338,-9.834157450707057,-16.16755809361964,59,58
114,Athunli,Dibang Valley,Unknown,Arunachal Pradesh,True,28.6575175,96.0218393,35.703524383599735,control (non-VVP),True,-7.9300831997108165,-14.96534123169463,-8.21036805863876,-15.289091560691256,59,71
115,Anose,Dibang Valley,Unknown,Arunachal Pradesh,True,28.6322763,96.0147489,35.94683270524162,control (non-VVP),True,-10.159908846823308,-16.88482368997643,-10.373638099075762,-17.140377845493422,59,71
116,恰帕,Dibang Valley,Unknown,Arunachal Pradesh,True,28.6587596,96.0107761,36.10892685686056,control (non-VVP),True,-7.1751034423813564,-14.139510424267012,-7.488138122327126,-14.488684082553677,59,71
117,Ilupu,Dibang Valley,Unknown,Arunachal Pradesh,True,28.7766747,95.8707591,36.53752328568139,control (non-VVP),True,-10.03815474136247,-16.365637717380277,-10.322618563096253,-16.64125954454878,59,58
118,Alombro,Dibang Valley,Unknown,Arunachal Pradesh,True,28.8912928,95.8139536,37.44827678081757,control (non-VVP),True,-8.56719426940385,-14.910782665675681,-8.806766259848276,-15.237771610663843,59,58
119,岷东,Dibang Valley,Unknown,Arunachal Pradesh,True,28.7733786,95.8573956,37.85177130688197,control (non-VVP),True,-6.597820739843983,-13.272603588330014,-6.773196841587672,-13.458251155762275,59,58
120,昂里,Dibang Valley,Unknown,Arunachal Pradesh,True,28.6444365,95.9929441,38.360632618269065,control (non-VVP),True,-7.281840737979869,-14.228618247981647,-7.596507726246398,-14.475079604261452,59,71
121,Aruko,Dibang Valley,Unknown,Arunachal Pradesh,True,28.6365123,96.0073067,38.42709422070483,control (non-VVP),True,-5.444050185941505,-12.500616687219775,-5.7834388071349565,-12.78049707110815,59,71
122,阿米里,Dibang Valley,Unknown,Arunachal Pradesh,True,28.3999197,95.9040857,39.043917134710846,control (non-VVP),True,-7.284590036854495,-14.441409093617242,-7.5778597478658885,-14.711243159180308,59,71
123,Ashambra,Dibang Valley,Unknown,Arunachal Pradesh,True,28.4083935,95.8960457,39.78552162439113,control (non-VVP),True,-5.870950131564447,-13.358958510742758,-6.411836136669942,-13.827327836350717,59,71
124,Immli,Dibang Valley,Unknown,Arunachal Pradesh,True,28.7250516,95.8683257,39.89816301809222,control (non-VVP),True,-11.24658165687534,-17.234036140881965,-11.2404124675393,-17.740919956577386,59,58
125,Koronli,Dibang Valley,Unknown,Arunachal Pradesh,True,28.4146922,95.8929454,40.07023852433401,control (non-VVP),True,-9.435981006549948,-16.640331148249185,-9.907244380289397,-16.933523347462167,59,71
126,柯委,Dibang Valley,Unknown,Arunachal Pradesh,True,28.7183921,95.8681743,40.35795197178727,control (non-VVP),True,-8.444810416951169,-15.030850648805558,-7.812793773866945,-14.57079723586865,59,58
127,鲁波,Dibang Valley,Unknown,Arunachal Pradesh,True,28.4499048,95.8843525,41.02762145083768,control (non-VVP),True,-4.581464214989478,-11.617628512329352,-4.880793059778227,-11.885377124521852,59,71
128,Ichigo,Dibang Valley,Unknown,Arunachal Pradesh,True,28.5155155,95.8937841,41.32167078574314,control (non-VVP),True,-6.561260061682886,-13.390877767686451,-6.746113194577212,-13.628929031123196,59,71
129,Arope,Dibang Valley,Unknown,Arunachal Pradesh,True,28.6313227,95.9389968,42.48747530154613,control (non-VVP),True,-7.8227158270230115,-14.924876701464491,-7.981839060801347,-15.099121045297032,59,71
130,Waing,East Kameng,Unknown,Arunachal Pradesh,True,27.7737215,92.9303658,28.808420130737865,control (non-VVP),True,-2.5838446615160193,-9.826129793529798,-2.7685205219775457,-9.96417886395101,29,39
131,Saria Takhong,East Kameng,Unknown,Arunachal Pradesh,True,27.7461293,92.9324466,30.596867243551923,control (non-VVP),True,-6.509762590279489,-13.597790332104696,-6.769237111061542,-13.863061595071116,29,39
132,Takung Sullung,East Kameng,Unknown,Arunachal Pradesh,True,27.737803,92.9545701,32.951598760424496,control (non-VVP),True,-7.154668686850709,-14.272202800444509,-7.346395251406965,-14.507778346397414,29,39
133,Weigung Sullung,East Kameng,Unknown,Arunachal Pradesh,True,27.7282868,92.9780365,35.489345723754084,control (non-VVP),True,-1.5915151604018427,-9.099505686055666,-1.8140487469818678,-9.293406377757083,29,39
134,Mechar,East Kameng,Unknown,Arunachal Pradesh,True,27.7792152,93.0216134,36.19220014344069,control (non-VVP),True,-5.648005734707417,-12.84095572830645,-5.882605944224731,-13.01568662785208,29,39
135,Mechi,East Kameng,Unknown,Arunachal Pradesh,True,27.7740086,93.0208212,36.435710208882135,control (non-VVP),True,-5.9401995386635855,-12.988830532475854,-6.156376720281723,-13.208956865602755,29,39
136,Yakli,East Kameng,Unknown,Arunachal Pradesh,True,27.7643991,93.0211222,37.03298419591293,control (non-VVP),True,-6.261373966006448,-13.261987005376556,-6.524117536101559,-13.510376874956801,29,39
137,Venia,East Kameng,Unknown,Arunachal Pradesh,True,27.7340861,93.0020799,37.180052358596086,control (non-VVP),True,-7.267033082426549,-14.399774946122143,-7.481047422924989,-14.660039365722199,29,39
138,Veo,East Kameng,Unknown,Arunachal Pradesh,True,27.7219814,93.017386,39.18026752602492,control (non-VVP),True,-6.609168502465742,-13.563360284177243,-6.757199043048076,-13.725165651345824,29,39
139,Kapa,East Kameng,Unknown,Arunachal Pradesh,True,27.6655139,92.9735655,39.40773498381321,control (non-VVP),True,-6.4561921674940725,-13.550932053822853,-6.646005583889926,-13.958334763076634,29,39
140,Chaling,East Kameng,Unknown,Arunachal Pradesh,True,27.66365,92.9723051,39.46081918358346,control (non-VVP),True,-5.02908011439468,-12.283234111958935,-5.252064349309654,-12.75639522499224,29,39
141,Lamniya,East Kameng,Unknown,Arunachal Pradesh,True,27.7095829,93.0130663,39.54090859836912,control (non-VVP),True,-2.9555030511543405,-10.432367664718505,-3.112637579029296,-10.507743372455543,29,39
142,Parte,East Kameng,Unknown,Arunachal Pradesh,True,27.689839,93.0024418,39.80447048442179,control (non-VVP),True,-3.8409310172407354,-11.09655786960932,-4.043429142983882,-11.39111514297396,29,39
143,Tabey,East Kameng,Unknown,Arunachal Pradesh,True,27.6122188,92.9122259,39.99774466973592,control (non-VVP),True,-6.209841523042242,-13.28726970929155,-6.4179327263540955,-13.56860981229862,29,39
144,Yacho,East Kameng,Unknown,Arunachal Pradesh,True,27.6396662,92.9601837,40.53666042307762,control (non-VVP),True,-5.495511308520169,-12.799810315501372,-5.661478806329354,-12.911727668926613,29,39
145,Wagyang,East Kameng,Unknown,Arunachal Pradesh,True,27.6713461,93.0008935,40.980446902147314,control (non-VVP),True,-5.92063530259043,-13.00600696547074,-6.015402378500415,-13.149686814330535,29,39
146,Nampe,East Kameng,Unknown,Arunachal Pradesh,True,27.6900524,93.018259,41.12206662038251,control (non-VVP),True,-2.894935628570138,-10.1654623377986,-3.083967898415882,-10.36302709497211,29,39
147,Jomoh,East Kameng,Unknown,Arunachal Pradesh,True,27.6573981,92.9985809,41.82844426537984,control (non-VVP),True,-6.930860439456203,-13.975155759270075,-7.0211295457496,-14.081655124879786,29,39
148,Hanche,East Kameng,Unknown,Arunachal Pradesh,True,27.7421636,93.0637776,41.93292929038523,control (non-VVP),True,-9.40101417764225,-16.140167314101316,-9.539274606447746,-16.284045812270058,29,39
149,Byale,East Kameng,Unknown,Arunachal Pradesh,True,27.7356495,93.0675738,42.63914939786015,control (non-VVP),True,-10.156838358081012,-16.584099923174627,-10.381397954031204,-16.845553560149586,29,39
150,Waii,East Kameng,Unknown,Arunachal Pradesh,True,27.5965694,92.9464187,43.36805820629529,control (non-VVP),True,-7.011014811594039,-13.663572350026843,-7.106535759212972,-13.842502533356267,29,39
151,Namta Yangfo,East Kameng,Unknown,Arunachal Pradesh,True,27.7018661,93.0532147,43.38193597017538,control (non-VVP),True,-9.560918666250428,-15.95057159806907,-9.715350960344093,-16.125728380205768,29,39
152,Lapung,East Kameng,Unknown,Arunachal Pradesh,True,27.5627371,92.8898001,43.56340878215714,control (non-VVP),True,-7.6080465598905755,-14.229751261984633,-7.787775689513555,-14.455305851824429,29,39
153,Bodo,East Kameng,Unknown,Arunachal Pradesh,True,27.680324,93.0406964,43.58582808883735,control (non-VVP),True,-10.268490585441413,-16.723966968583113,-10.593123840276682,-16.989914264570654,29,39
154,Jokhio,East Kameng,Unknown,Arunachal Pradesh,True,27.6531478,93.0282798,44.345881287237766,control (non-VVP),True,-5.251934242446716,-12.540476140794608,-5.434417483686206,-12.655916783683459,29,39
155,Sawa,East Kameng,Unknown,Arunachal Pradesh,True,27.6833826,93.0522114,44.37900635323837,control (non-VVP),True,-6.174145499422375,-12.956041856929303,-6.288598071184624,-13.234726551555248,29,39
156,Tungi,East Kameng,Unknown,Arunachal Pradesh,True,27.674452,93.0461713,44.39177806986576,control (non-VVP),True,-8.568853763677387,-15.145771349860704,-8.72332102057416,-15.280115175214393,29,39
157,Bengde,East Kameng,Unknown,Arunachal Pradesh,True,27.6619285,93.0379357,44.46874619346225,control (non-VVP),True,-8.47503600801325,-15.252731187748328,-8.56779188513858,-15.39141080294421,29,39
158,Pangia,East Kameng,Unknown,Arunachal Pradesh,True,27.633391,93.0158758,44.88700945558452,control (non-VVP),True,-4.379568553172761,-11.239831897482015,-4.396095412715105,-11.417986822697422,29,39
159,Kapak Leyak Docha,East Kameng,Unknown,Arunachal Pradesh,True,27.5303152,92.8464486,45.07935601529687,control (non-VVP),True,-5.082658193634348,-12.379403851338536,-5.393318087480894,-12.671999567549749,29,39
160,Jattom Sollung,East Kameng,Unknown,Arunachal Pradesh,True,27.7610472,93.1233315,45.52894522093924,control (non-VVP),True,-3.2636227876055592,-10.827174477518398,-3.4541263722762596,-10.95705174922733,29,39
161,Krema Pao,East Kameng,Unknown,Arunachal Pradesh,True,27.6579303,93.0508089,45.750519494240194,control (non-VVP),True,-6.290354461394863,-13.118766214603573,-6.3752148164343465,-13.116815473586012,29,39
162,Khenawa,East Kameng,Unknown,Arunachal Pradesh,True,27.6180869,93.016777,46.12843128494904,control (non-VVP),True,-7.181294508475962,-14.022201689506396,-7.221421093516834,-14.08132557626008,29,39
163,Tagampu Sollung,East Kameng,Unknown,Arunachal Pradesh,True,27.7343114,93.1143115,46.50540156670997,control (non-VVP),True,-5.86826491309112,-12.501807754583208,-5.990859150858264,-12.75215809245185,29,39
164,Norang,East Kameng,Unknown,Arunachal Pradesh,True,27.5824001,92.9783276,46.53440226970117,control (non-VVP),True,-3.1756185356498277,-10.17035090426422,-3.2086013276342498,-10.4167015337447,29,39
165,Margingia Camp,East Kameng,Unknown,Arunachal Pradesh,True,27.631307,93.0389871,46.72768006177675,control (non-VVP),True,-8.10589089083823,-15.3301682903051,-8.259696543802612,-15.512576123678706,29,39
166,Tarawa Yangfo,East Kameng,Unknown,Arunachal Pradesh,True,27.7267073,93.1157187,47.12625814259949,control (non-VVP),True,-5.7939949448085075,-12.696972754653316,-5.972647105752583,-12.961063808856599,29,39
167,Pordung,East Kameng,Unknown,Arunachal Pradesh,True,27.6065455,93.0184293,47.150571405851686,control (non-VVP),True,-3.9067586025182703,-10.758610888258149,-4.043897222597562,-11.008938615877513,29,39
168,Keyang,East Kameng,Unknown,Arunachal Pradesh,True,27.7303152,93.1297477,47.99146668996831,control (non-VVP),True,-4.960210552515617,-11.93332688400003,-5.154820334062748,-12.137565396946792,29,39
169,Kamke,East Kameng,Unknown,Arunachal Pradesh,True,27.6740303,93.089903,48.10858079900222,control (non-VVP),True,-3.2605525587167077,-10.608221995560442,-3.3923119788075806,-10.717381040277782,29,39
170,Bameng,East Kameng,Unknown,Arunachal Pradesh,True,27.5435197,92.9483413,48.31642452509473,control (non-VVP),True,-5.864658242213168,-12.707142535101923,-5.875069568549308,-12.717469052215366,29,39
171,Killo,East Kameng,Unknown,Arunachal Pradesh,True,27.685517,93.1001025,48.35318148630564,control (non-VVP),True,-5.503069373447752,-12.445471630524212,-5.531135776997797,-12.649988516095783,29,39
172,Mangfi Mangam,East Kameng,Unknown,Arunachal Pradesh,True,27.6440742,93.0724919,48.392638431502654,control (non-VVP),True,-7.699434392814904,-14.645581718775208,-7.868999958251538,-14.861859046212064,29,39
173,Nari Camp,East Kameng,Unknown,Arunachal Pradesh,True,27.6463432,93.0774393,48.677497437885805,control (non-VVP),True,-8.691625770699435,-15.500129869264043,-8.893991378263076,-15.782326992147137,29,39
174,Yangfo,East Kameng,Unknown,Arunachal Pradesh,True,27.7351995,93.144567,48.866778809306034,control (non-VVP),True,-6.36760881998002,-13.254751322247822,-6.44243892874572,-13.530665575742386,29,39
175,Rebe,East Kameng,Unknown,Arunachal Pradesh,True,27.6978845,93.1212163,49.3862257923554,control (non-VVP),True,-6.511784173694628,-13.41160921213107,-6.498180420381464,-13.39975360566999,29,39
176,Bosu Camp,East Kameng,Unknown,Arunachal Pradesh,True,27.655767,93.0931091,49.44864618048417,control (non-VVP),True,-9.741253388453922,-16.512648927891252,-9.829181670904811,-16.599767066539915,29,39
177,Domdila Tajo,East Kameng,Unknown,Arunachal Pradesh,True,27.6694255,93.1075453,49.86757546501422,control (non-VVP),True,-8.036037092405158,-14.762099194690315,-8.19609659992059,-14.901009149573886,29,39
178,Chome,Kra daadi,Unknown,Arunachal Pradesh,True,28.1503359,93.5386063,38.70554999309764,control (non-VVP),True,-9.387266442133457,-16.534180448460873,-9.37844731627234,-16.63855037969071,29,39
179,Raha,Kra daadi,Unknown,Arunachal Pradesh,True,28.1361584,93.5375846,39.50271163222105,control (non-VVP),True,0.2876370725526155,-7.389375127441766,0.23051399396117905,-7.40161592466479,29,39
180,Nikbia,Kra daadi,Unknown,Arunachal Pradesh,True,28.1267124,93.561505,42.03044209811645,control (non-VVP),True,-6.360916950410438,-13.786248398240513,-6.413622327637554,-13.789037411552563,29,39
181,Biya,Kra daadi,Unknown,Arunachal Pradesh,True,28.1035778,93.5745502,44.55838696481046,control (non-VVP),True,-3.0885816333448566,-10.854294443393998,-3.3491885324689434,-10.77007722138083,29,39
182,海马西,Kra daadi,Unknown,Arunachal Pradesh,True,28.2122563,93.6474944,45.41824863990996,control (non-VVP),True,-6.075729747062202,-13.041245335942145,-6.01324401687071,-13.037468705168115,58,71
183,Neorum,Kra daadi,Unknown,Arunachal Pradesh,True,28.1946749,93.6465911,45.98565409524642,control (non-VVP),True,-1.9479729600952824,-9.390233754887072,-1.7981687616341948,-9.290835517596632,58,71
184,Korapu,Kra daadi,Unknown,Arunachal Pradesh,True,28.1693463,93.6556686,47.866969739768685,control (non-VVP),True,-6.707032578596256,-14.041432850062032,-6.578106748678692,-13.9433714410674,58,71
185,Dongmar Langpu,Kra daadi,Unknown,Arunachal Pradesh,True,28.1625815,93.6543169,48.049304595056384,control (non-VVP),True,-2.4709575383623656,-9.758306146649907,-2.4303562105951846,-9.751796297775341,58,71
186,Raba Karsang,Kra daadi,Unknown,Arunachal Pradesh,True,28.1380163,93.6578323,49.54112017283783,control (non-VVP),True,-1.1100597935091596,-8.747111973608687,-0.994936190579081,-8.653896312839823,58,71
187,Pipsorang,Kra daadi,Unknown,Arunachal Pradesh,True,28.1542122,93.6754322,50.32113443595387,control (non-VVP),True,-8.703289649290715,-15.81922610475835,-8.860764736885773,-15.954761728199168,58,71
188,Samba Karsang,Kra daadi,Unknown,Arunachal Pradesh,True,28.1421137,93.6699491,50.403600823355866,control (non-VVP),True,-7.935257850508167,-14.922108641955834,-7.925304761290279,-15.029898893675215,58,71
189,Lungba,Kra daadi,Unknown,Arunachal Pradesh,True,28.0563852,93.6123875,50.68892085304349,control (non-VVP),True,-4.462636457460023,-11.846147970558526,-4.567156544981441,-11.870529134876511,58,71
190,Barbia,Kra daadi,Unknown,Arunachal Pradesh,True,28.0190623,93.587875,51.595167768399534,control (non-VVP),True,-5.371724789652579,-12.713845867978264,-5.412234785967136,-12.674634332166148,46,68
191,Sangyo,Kra daadi,Unknown,Arunachal Pradesh,True,28.0739291,93.639461,51.65878822091823,control (non-VVP),True,-7.755467114543828,-14.461443577499576,-7.816780494524667,-14.619517323037941,58,71
192,Yame,Kra daadi,Unknown,Arunachal Pradesh,True,28.0522324,93.6242896,51.89243002350344,control (non-VVP),True,-6.384017932213076,-13.517240709688933,-6.363288542347791,-13.532014535381037,58,71
193,Furak,Kurung Kumey,Unknown,Arunachal Pradesh,True,28.1295763,93.2446185,23.644251699452592,control (non-VVP),True,-7.9097584575190085,-15.04751772749036,-8.300275358436652,-15.351041017206692,29,39
194,Terreline,Kurung Kumey,Unknown,Arunachal Pradesh,True,28.1411574,93.3572171,26.51802186153796,control (non-VVP),True,-13.117193476743752,-18.990376030797737,-13.311799793439832,-19.366917693164584,29,39
195,Terik,Kurung Kumey,Unknown,Arunachal Pradesh,True,28.1291371,93.339988,26.77954567696128,control (non-VVP),True,-1.60070700562344,-8.531159555822347,-1.684708544521039,-8.681767549344862,29,39
196,Tikla,Kurung Kumey,Unknown,Arunachal Pradesh,True,28.1115397,93.3098102,27.28139338097069,control (non-VVP),True,-3.3696606832139757,-10.559245528292134,-3.4879368621069657,-10.687919525458522,29,39
197,Nayapuk,Kurung Kumey,Unknown,Arunachal Pradesh,True,28.1297215,93.3536247,27.39755940715146,control (non-VVP),True,-9.910129438128582,-16.026879053936074,-10.055987208062847,-16.424044998998767,29,39
198,帕普,Kurung Kumey,Unknown,Arunachal Pradesh,True,28.1632499,93.405407,27.60392116681208,control (non-VVP),True,-1.2894595545588559,-8.664477918354269,-1.3629069813141481,-8.776611178966725,29,39
199,Sayang,Kurung Kumey,Unknown,Arunachal Pradesh,True,28.1575101,93.4060193,28.10214916095901,control (non-VVP),True,-2.619026043075148,-9.92968183924106,-2.8010238842059274,-10.042175608064069,29,39
200,Hagra,Kurung Kumey,Unknown,Arunachal Pradesh,True,28.0961261,93.2908666,28.286611791674424,control (non-VVP),True,-0.6801850339382597,-7.79327269529645,-1.0278419576984452,-8.200396194727796,29,39
201,哈德,Kurung Kumey,Unknown,Arunachal Pradesh,True,28.1661506,93.419094,28.34298124436513,control (non-VVP),True,-11.364379266568848,-17.939527646287917,-11.544730563927342,-18.201645122470207,29,39
202,Putong,Kurung Kumey,Unknown,Arunachal Pradesh,True,28.1031564,93.3259013,28.747518787759585,control (non-VVP),True,-4.994817793820583,-12.244409683284216,-5.151848089116995,-12.397854626098932,29,39
203,Tarla,Kurung Kumey,Unknown,Arunachal Pradesh,True,28.1131762,93.3533548,28.96445497287652,control (non-VVP),True,-7.25018846201661,-13.945427755168467,-7.388880961210005,-14.14393925248015,29,39
204,Kelong,Kurung Kumey,Unknown,Arunachal Pradesh,True,28.1556657,93.4203969,29.23949044212164,control (non-VVP),True,-9.55956497239492,-16.39269295452418,-9.596799521967283,-16.44753179072662,29,39
205,Sareng,Kurung Kumey,Unknown,Arunachal Pradesh,True,28.1433941,93.4071107,29.32352059865547,control (non-VVP),True,1.2774149513791402,-6.231705639166192,1.2535942170643806,-6.3148658465377006,29,39
206,Chera,Kurung Kumey,Unknown,Arunachal Pradesh,True,28.105217,93.352456,29.69292920662148,control (non-VVP),True,-6.348189370170773,-13.792581671888348,-6.6009426670617435,-13.919924432243793,29,39
207,Nayap,Kurung Kumey,Unknown,Arunachal Pradesh,True,28.1058646,93.3579216,29.890658452078466,control (non-VVP),True,-10.765272310875288,-17.487160202984086,-10.929956317716083,-17.728271916030987,29,39
208,Sitam,Kurung Kumey,Unknown,Arunachal Pradesh,True,28.0986373,93.3539313,30.40360630101741,control (non-VVP),True,-3.792010664702226,-11.180968826277358,-3.915458948315829,-11.352824036178845,29,39
209,Hiniyum,Kurung Kumey,Unknown,Arunachal Pradesh,True,28.127374,93.403807,30.464343482992355,control (non-VVP),True,-2.099603666559722,-9.331882230288478,-2.222319094564742,-9.327530538109258,29,39
210,Cheya,Kurung Kumey,Unknown,Arunachal Pradesh,True,28.0965707,93.3537616,30.597999096369417,control (non-VVP),True,-3.3676587843118884,-10.688302529565542,-3.5013499199370295,-10.862424237473732,29,39
211,Lubupa,Kurung Kumey,Unknown,Arunachal Pradesh,True,28.0922288,93.3535062,31.012561168714097,control (non-VVP),True,-1.4816087399823452,-8.699063381892532,-1.5785755306061253,-8.857287227018256,29,39
212,Bamo,Kurung Kumey,Unknown,Arunachal Pradesh,True,28.0971546,93.3686732,31.254154202601,control (non-VVP),True,-10.089452659871965,-16.979611085415193,-10.272481292648667,-17.28867302105906,29,39
213,Dania,Kurung Kumey,Unknown,Arunachal Pradesh,True,28.1225512,93.411611,31.36375991835551,control (non-VVP),True,-4.84700561974581,-12.341164490708326,-4.804623171563535,-12.325251407196252,29,39
214,Hala,Kurung Kumey,Unknown,Arunachal Pradesh,True,28.1166163,93.416693,32.188850811278364,control (non-VVP),True,-9.901067288679371,-16.743379924344477,-10.09849487071738,-17.001877256218037,29,39
215,Pilpu,Kurung Kumey,Unknown,Arunachal Pradesh,True,28.0798871,93.3655125,32.77271304001295,control (non-VVP),True,-5.600388592440026,-12.685404721501353,-5.496768677073651,-12.701980690760786,29,39
216,Goa,Kurung Kumey,Unknown,Arunachal Pradesh,True,28.0881033,93.3835385,32.86599086613841,control (non-VVP),True,-9.917670462096291,-16.5929752091482,-10.021558968504447,-16.765000764833047,29,39
217,Omla,Kurung Kumey,Unknown,Arunachal Pradesh,True,28.0789469,93.3730704,33.22055553315639,control (non-VVP),True,-6.42655296881589,-13.359419781940797,-6.421222479178363,-13.45048858207222,29,39
218,Meruk,Kurung Kumey,Unknown,Arunachal Pradesh,True,28.0723991,93.3604476,33.279858619395576,control (non-VVP),True,-8.880773578148053,-15.45482787032903,-8.985836748244175,-15.690085296856743,29,39
219,Nampe,Kurung Kumey,Unknown,Arunachal Pradesh,True,28.0957497,93.4106276,33.64910123388011,control (non-VVP),True,-11.297808700318367,-17.8080060207495,-11.4938395474901,-18.09254007808871,29,39
220,Dogwa,Kurung Kumey,Unknown,Arunachal Pradesh,True,28.0967706,93.4122381,33.6519244414456,control (non-VVP),True,-11.548739332796345,-17.991552040755877,-11.704263721308584,-18.23506402277404,29,39
221,Mariangha,Kurung Kumey,Unknown,Arunachal Pradesh,True,28.0768186,93.3779326,33.66090017580559,control (non-VVP),True,-2.0347846582590976,-9.457504208833095,-2.039902738724012,-9.500144694299733,29,39
222,Vitalin,Kurung Kumey,Unknown,Arunachal Pradesh,True,27.8829315,93.061541,33.975486802444344,control (non-VVP),True,-8.505583993714843,-15.185038069735437,-8.800354794702589,-15.48577354997154,29,39
223,Hirik,Kurung Kumey,Unknown,Arunachal Pradesh,True,28.0857154,93.4141714,34.7540263686586,control (non-VVP),True,-9.78654313299325,-16.504543139300534,-10.08183423834724,-16.697567892252906,29,39
224,Subuk,Kurung Kumey,Unknown,Arunachal Pradesh,True,28.0825535,93.4104364,34.82883747652445,control (non-VVP),True,-9.940734410471258,-16.536615268044965,-10.090972670658244,-16.80703053676568,29,39
225,Jali,Kurung Kumey,Unknown,Arunachal Pradesh,True,28.0713102,93.3941648,34.998439529192474,control (non-VVP),True,-1.9525069895574785,-9.449534513826164,-1.9359694999230115,-9.564498174694835,29,39
226,Peni,Kurung Kumey,Unknown,Arunachal Pradesh,True,28.0675109,93.390127,35.154770319287536,control (non-VVP),True,-3.8033207669274205,-11.046116926733449,-3.946335487021241,-11.21807783265109,29,39
227,Kodela,Kurung Kumey,Unknown,Arunachal Pradesh,True,28.0167667,93.2132294,35.25202747790925,control (non-VVP),True,-5.860113658598989,-12.887621148076809,-5.941510526824619,-13.04083793282229,29,39
228,Retung,Kurung Kumey,Unknown,Arunachal Pradesh,True,28.0126009,93.220157,35.844726407084124,control (non-VVP),True,-12.587097374488854,-18.98417813652071,-12.641244197901681,-19.163183557657103,29,39
229,Furang,Kurung Kumey,Unknown,Arunachal Pradesh,True,28.0069345,93.2141257,36.33741974223333,control (non-VVP),True,-5.3837971259398545,-12.449734260496173,-5.619476166816642,-12.610581946937621,29,39
230,Taba,Kurung Kumey,Unknown,Arunachal Pradesh,True,28.0616364,93.4126933,36.876981618513945,control (non-VVP),True,-8.290812326389881,-15.183193736368732,-8.286457349709336,-15.293999535905662,29,39
231,Sejik,Kurung Kumey,Unknown,Arunachal Pradesh,True,28.0651757,93.4212354,37.01681620549449,control (non-VVP),True,-6.165201881028691,-13.473894142411051,-6.242645057448468,-13.571051511451271,29,39
232,Gone,Kurung Kumey,Unknown,Arunachal Pradesh,True,27.9567194,93.1119431,37.800271257200585,control (non-VVP),True,-7.51359554513299,-14.297268834744187,-7.666688746402585,-14.469560021545105,29,39
233,Kaney,Kurung Kumey,Unknown,Arunachal Pradesh,True,27.9880893,93.1999363,37.82599979539341,control (non-VVP),True,-6.05934802968735,-13.095072341431445,-6.216155071291567,-13.425344390582364,29,39
234,Hanglik,Kurung Kumey,Unknown,Arunachal Pradesh,True,28.0712841,93.4547212,38.44375648651784,control (non-VVP),True,-8.663666751005325,-15.618302177051078,-8.721719912030174,-15.701639359131406,29,39
235,Upper Lichila,Kurung Kumey,Unknown,Arunachal Pradesh,True,27.9798598,93.2015731,38.745249754930015,control (non-VVP),True,-4.664200379869665,-11.816532117667109,-4.805512019351823,-11.94506915525327,29,39
236,Palo,Kurung Kumey,Unknown,Arunachal Pradesh,True,27.9441662,93.1157356,39.226567277213874,control (non-VVP),True,-8.122994266081163,-15.031694908040562,-8.253262177346377,-15.135293285356385,29,39
237,Nade,Kurung Kumey,Unknown,Arunachal Pradesh,True,27.9617646,93.1869151,40.214666278583984,control (non-VVP),True,-5.587397952510757,-12.267285426679729,-5.682183384570931,-12.4151676281634,29,39
238,Lamnia,Kurung Kumey,Unknown,Arunachal Pradesh,True,28.0504537,93.4555379,40.311592515249735,control (non-VVP),True,-6.3719098247481885,-13.351132904980696,-6.434869364572874,-13.474591688330758,29,39
239,Lee,Kurung Kumey,Unknown,Arunachal Pradesh,True,27.9633075,93.202655,40.5273712000208,control (non-VVP),True,-6.624590497265262,-13.26416610243464,-6.6900087234579235,-13.434384963805483,29,39
240,Chotte,Kurung Kumey,Unknown,Arunachal Pradesh,True,28.0474404,93.455651,40.58526244923831,control (non-VVP),True,-7.804757811933771,-14.819536811228971,-7.949060911570188,-14.963527726423871,29,39
241,Mala,Kurung Kumey,Unknown,Arunachal Pradesh,True,28.0438593,93.4527315,40.733939823600245,control (non-VVP),True,-6.114727347230627,-13.289791699933703,-6.2865482356171265,-13.36316253455194,29,39
242,Pachik,Kurung Kumey,Unknown,Arunachal Pradesh,True,28.0431644,93.4563404,41.00603214290621,control (non-VVP),True,-7.868420193061659,-14.919646425202789,-8.004697692919972,-14.978214583970765,29,39
243,Lower Lichila,Kurung Kumey,Unknown,Arunachal Pradesh,True,27.9634244,93.228221,41.34605860852293,control (non-VVP),True,-8.32086953931631,-14.994203617306452,-8.318741659663015,-15.052920670466413,29,39
244,Baribayang,Kurung Kumey,Unknown,Arunachal Pradesh,True,27.9405099,93.1576514,41.57653710677136,control (non-VVP),True,-8.233353359464157,-15.02643058722244,-8.339012676465003,-15.161544223963025,29,39
245,Sipe,Kurung Kumey,Unknown,Arunachal Pradesh,True,27.9473278,93.1919733,41.89340447326483,control (non-VVP),True,-9.297984942824487,-16.167979457001408,-9.469854976495151,-16.383335317690204,29,39
246,Kodela,Kurung Kumey,Unknown,Arunachal Pradesh,True,27.9589181,93.2421602,42.11795642501733,control (non-VVP),True,-8.998234349970604,-15.874497567336643,-9.11263549723908,-15.946759994817407,29,39
247,Haleba,Kurung Kumey,Unknown,Arunachal Pradesh,True,27.9535172,93.2212596,42.28019632157901,control (non-VVP),True,-8.116029981962031,-14.944837816361439,-8.132589317975887,-15.066079820656727,29,39
248,Sewaring,Kurung Kumey,Unknown,Arunachal Pradesh,True,27.9487419,93.2097591,42.281563352875466,control (non-VVP),True,-9.789042939661416,-16.496931536360616,-9.956627426156906,-16.67968627609161,29,39
249,Kelin,Kurung Kumey,Unknown,Arunachal Pradesh,True,28.0334539,93.4679615,42.55146449585489,control (non-VVP),True,-7.2035504250853535,-14.370148275939991,-7.112371499621487,-14.23895002739543,29,39
250,Tai,Kurung Kumey,Unknown,Arunachal Pradesh,True,27.9557116,93.2503551,42.63224130132467,control (non-VVP),True,-9.637268032939804,-16.220962639505252,-9.607954540922814,-16.229607471100756,29,39
251,Mangio,Kurung Kumey,Unknown,Arunachal Pradesh,True,28.0318367,93.4689617,42.75388023518099,control (non-VVP),True,-7.401859150216431,-14.533018955782387,-7.348794755607551,-14.425200102572193,29,39
252,Hashi,Kurung Kumey,Unknown,Arunachal Pradesh,True,28.029797,93.4690502,42.94030383895248,control (non-VVP),True,-6.25553270748016,-13.504886193627936,-6.2554498235623415,-13.415672504742476,29,39
253,Ruktepu,Kurung Kumey,Unknown,Arunachal Pradesh,True,27.945805,93.2387355,43.47181854815469,control (non-VVP),True,-5.155966510151779,-12.203903078139403,-5.336715069878136,-12.380323832954698,29,39
254,Rilong,Kurung Kumey,Unknown,Arunachal Pradesh,True,27.9510659,93.2673215,43.48068010680575,control (non-VVP),True,-8.08112157655139,-15.088274525428227,-8.17768392270493,-15.173089490480116,29,39
255,Fua,Kurung Kumey,Unknown,Arunachal Pradesh,True,27.9448103,93.2637154,44.0865288735071,control (non-VVP),True,-6.771458741600086,-13.721173544527707,-6.765436100620308,-13.732124174829337,29,39
256,Dome,Kurung Kumey,Unknown,Arunachal Pradesh,True,27.9445671,93.2883561,44.5896695685161,control (non-VVP),True,-8.923986581451624,-15.496634110764292,-9.095401605745284,-15.656396522365604,29,39
257,Solung,Kurung Kumey,Unknown,Arunachal Pradesh,True,28.016221,93.4805766,44.82397118514112,control (non-VVP),True,-4.850933311753652,-12.22087189608276,-4.823449476001181,-12.15112978756818,29,39
258,Pariuk,Kurung Kumey,Unknown,Arunachal Pradesh,True,27.9393093,93.2903924,45.19870782941564,control (non-VVP),True,-8.334392352133568,-15.066372274602278,-8.514731355971051,-15.251555925896717,29,39
259,Rakte,Kurung Kumey,Unknown,Arunachal Pradesh,True,27.926534,93.2636139,46.06823846479028,control (non-VVP),True,-4.163200789878504,-11.2092049055105,-4.212920932395913,-11.361138876896641,29,39
260,Patuk,Kurung Kumey,Unknown,Arunachal Pradesh,True,28.0084129,93.4938419,46.299794565268975,control (non-VVP),True,-6.080012901690431,-13.401296208791804,-6.196368702488311,-13.411396571962227,29,39
261,Sebi,Kurung Kumey,Unknown,Arunachal Pradesh,True,27.9282641,93.3018993,46.61433157331805,control (non-VVP),True,-7.832095217398876,-14.656372822473415,-7.944407533889241,-14.757658580974322,29,39
262,Joku,Kurung Kumey,Unknown,Arunachal Pradesh,True,28.0070922,93.4973613,46.62628909613486,control (non-VVP),True,-8.492332343383977,-15.649998740643234,-8.588017425988285,-15.647076610610057,29,39
263,Digging,Kurung Kumey,Unknown,Arunachal Pradesh,True,27.9235664,93.283198,46.78763481249497,control (non-VVP),True,-4.002041849378591,-10.942085244629558,-4.061238332804025,-11.108494704790804,29,39
264,Mangdo,Kurung Kumey,Unknown,Arunachal Pradesh,True,28.0051556,93.4984123,46.859501027541725,control (non-VVP),True,-8.411595208438525,-15.632787064412636,-8.429989565145883,-15.563753641101414,29,39
265,Relung,Kurung Kumey,Unknown,Arunachal Pradesh,True,27.9267335,93.3063161,46.86825949798589,control (non-VVP),True,-7.634905112546836,-14.515350383550787,-7.738039007092137,-14.59434745429227,29,39
266,Lungte Tacha,Kurung Kumey,Unknown,Arunachal Pradesh,True,28.0384138,93.5537004,47.69094966353208,control (non-VVP),True,-4.6893571782354595,-12.101981508592692,-4.818901410967841,-12.121506997429158,29,39
267,Toba,Kurung Kumey,Unknown,Arunachal Pradesh,True,27.9156223,93.2907437,47.78939326062448,control (non-VVP),True,-4.986186830052018,-11.964261469459768,-5.037891250909711,-11.989252669265557,29,39
268,Kanchangjana,Kurung Kumey,Unknown,Arunachal Pradesh,True,27.9125039,93.3209425,48.71997667860336,control (non-VVP),True,-4.789251108549056,-11.851182267709005,-4.827667535559937,-11.8870132874313,29,39
269,Mara,Kurung Kumey,Unknown,Arunachal Pradesh,True,27.9118254,93.3236314,48.85404267322851,control (non-VVP),True,-4.58674521426004,-11.758662044313525,-4.628755208146301,-11.77952166458725,29,39
270,Jeevandept,Kurung Kumey,Unknown,Arunachal Pradesh,True,27.9115014,93.3332283,49.11695225445854,control (non-VVP),True,-5.484676684197373,-12.520362737330409,-5.519273194200144,-12.540908708119579,29,39
271,Parsi-Parlo,Kurung Kumey,Unknown,Arunachal Pradesh,True,27.9895698,93.5138011,49.151363014137466,control (non-VVP),True,-6.99122727871861,-14.232480183055511,-7.165211082296566,-14.272432494212577,29,39
272,Nikja,Kurung Kumey,Unknown,Arunachal Pradesh,True,27.9157176,93.3536671,49.21145406736955,control (non-VVP),True,-7.625942807251045,-14.48940401426797,-7.724744367858222,-14.50568508058456,29,39
273,Tumbia,Kurung Kumey,Unknown,Arunachal Pradesh,True,28.0021269,93.5328877,49.2503520875537,control (non-VVP),True,-6.246591401715618,-13.353332897444062,-6.407631526636873,-13.383511781256253,29,39
274,Satum,Kurung Kumey,Unknown,Arunachal Pradesh,True,27.9120184,93.3437143,49.33027572220367,control (non-VVP),True,-6.470557558377428,-13.30904417449475,-6.549711120976576,-13.343784223023766,29,39
275,Labia,Kurung Kumey,Unknown,Arunachal Pradesh,True,27.9932164,93.5228247,49.38217287727649,control (non-VVP),True,-8.272066901190508,-15.374518935059688,-8.46792790275682,-15.51903133399852,29,39
276,Papin,Kurung Kumey,Unknown,Arunachal Pradesh,True,27.9124359,93.3585619,49.70071264139772,control (non-VVP),True,-6.90551982332709,-13.839387891398223,-6.982287447128684,-13.87469337796725,29,39
277,Taipa,Kurung Kumey,Unknown,Arunachal Pradesh,True,27.9074231,93.3503798,50.000254036204005,control (non-VVP),True,-6.370104213340586,-13.73247022329411,-6.403428232591097,-13.71101277317634,29,39
278,Manghe 2,Kurung Kumey,Unknown,Arunachal Pradesh,True,27.9065246,93.3469471,50.00261881257338,control (non-VVP),True,-5.93478172160496,-13.034169937008562,-5.874884563440364,-12.948285909334919,29,39
279,Chingkongne,Kurung Kumey,Unknown,Arunachal Pradesh,True,27.9172781,93.3867833,50.09319948839584,control (non-VVP),True,-10.981902983021975,-17.320628097663697,-11.06435867109789,-17.429492636119978,29,39
280,Leya,Kurung Kumey,Unknown,Arunachal Pradesh,True,27.9788093,93.5157141,50.2141330349661,control (non-VVP),True,-5.111668579075529,-12.36970732323613,-5.394312027961606,-12.49159209684666,29,39
281,Jog,Kurung Kumey,Unknown,Arunachal Pradesh,True,27.9050355,93.3500017,50.24400761445297,control (non-VVP),True,-6.07417755520074,-13.56428553530805,-5.988013851264433,-13.44409261225395,29,39
282,Furek,Kurung Kumey,Unknown,Arunachal Pradesh,True,27.9140344,93.3859036,50.39997565229497,control (non-VVP),True,-10.360928242217856,-16.850320568135672,-10.496489347982573,-16.97044465521083,29,39
283,Boa,Kurung Kumey,Unknown,Arunachal Pradesh,True,27.9822237,93.5256281,50.50814300303482,control (non-VVP),True,-9.570383321909969,-16.27791048805397,-9.510850365631745,-16.288423454141128,29,39
284,Renchiporing II,Kurung Kumey,Unknown,Arunachal Pradesh,True,27.9814404,93.5279667,50.71855795214688,control (non-VVP),True,-8.337273953173465,-15.148887253505816,-8.342960272357017,-15.16911863510975,29,39
285,Radang,Kurung Kumey,Unknown,Arunachal Pradesh,True,27.9076277,93.3755482,50.7270090896494,control (non-VVP),True,-3.2518117989041255,-10.66234435754467,-3.30607092988049,-10.619997494452521,29,39
286,Pinging,Kurung Kumey,Unknown,Arunachal Pradesh,True,27.8985446,93.3430694,50.75289219387971,control (non-VVP),True,-6.026127726828582,-13.21302284339237,-6.092219982134813,-13.258750590333365,29,39
287,Sangkun,Kurung Kumey,Unknown,Arunachal Pradesh,True,27.9292256,93.435367,50.76845974976534,control (non-VVP),True,-4.762633473260649,-11.693452730400157,-4.883365831851773,-11.679502295121297,29,39
288,Harrang,Kurung Kumey,Unknown,Arunachal Pradesh,True,27.9315942,93.4420695,50.82750254588048,control (non-VVP),True,-9.201315737113433,-15.69707537881823,-9.320110380654844,-15.846360777782605,29,39
289,Rambo,Kurung Kumey,Unknown,Arunachal Pradesh,True,27.8974975,93.3425604,50.85186545393655,control (non-VVP),True,-5.602907362967584,-12.935778533491083,-5.673418849118754,-13.019466576213576,29,39
290,马拉,Kurung Kumey,Unknown,Arunachal Pradesh,True,27.8886329,93.2980263,50.85905616580256,control (non-VVP),True,-7.557553736115481,-14.393267173644233,-7.620018593288347,-14.537869262767138,29,39
291,Nyobia,Kurung Kumey,Unknown,Arunachal Pradesh,True,27.8863971,93.2907263,50.97484316509296,control (non-VVP),True,-4.7510073247793185,-11.8446050687403,-4.790092842220353,-11.831696860760616,29,39
292,Yerik,Kurung Kumey,Unknown,Arunachal Pradesh,True,28.0082819,93.5670426,50.99247097556977,control (non-VVP),True,-5.668326664065377,-12.960511447053785,-5.848820873678413,-13.105537963882263,29,39
293,Deyang,Kurung Kumey,Unknown,Arunachal Pradesh,True,27.8852661,93.2892168,51.06698450676937,control (non-VVP),True,-4.823270675379094,-11.871174781485273,-4.816095460340937,-11.82050317838788,29,39
294,Konkup,Kurung Kumey,Unknown,Arunachal Pradesh,True,28.0111367,93.5726645,51.14934662725592,control (non-VVP),True,-6.8627743970624495,-14.068439017609366,-7.058216051755738,-14.126729955185333,29,39
295,Renchiporing,Kurung Kumey,Unknown,Arunachal Pradesh,True,27.9775535,93.5336956,51.4060132841194,control (non-VVP),True,-7.277233938746526,-14.233606475955717,-7.360748055369529,-14.41504982037519,29,39
296,Johak,Kurung Kumey,Unknown,Arunachal Pradesh,True,27.8807287,93.2817346,51.40770745829745,control (non-VVP),True,-5.2663436708048454,-12.270208014343163,-5.338308320895135,-12.373933836490984,29,39
297,Sullung Tapin,Kurung Kumey,Unknown,Arunachal Pradesh,True,27.8941928,93.3556556,51.55323025971673,control (non-VVP),True,-7.542534462003601,-14.692902531387725,-7.66804286772321,-14.789418325650368,29,39
298,Yapak 2,Kurung Kumey,Unknown,Arunachal Pradesh,True,27.900174,93.3802795,51.65969396405898,control (non-VVP),True,-6.288703082964092,-13.395848327047895,-6.414450564773126,-13.519397161600642,29,39
299,Tapone,Kurung Kumey,Unknown,Arunachal Pradesh,True,27.905549,93.4006325,51.79468143929064,control (non-VVP),True,-6.10993089539424,-13.33029759531895,-6.530597736624169,-13.555845947264613,29,39
300,Sangsar,Kurung Kumey,Unknown,Arunachal Pradesh,True,27.9123798,93.4211037,51.870012288391685,control (non-VVP),True,-7.546260577629509,-14.444816458440668,-7.799666947947365,-14.638072714429638,29,39
301,Jiri,Kurung Kumey,Unknown,Arunachal Pradesh,True,27.9024698,93.394667,51.902330560889375,control (non-VVP),True,-6.604108288415275,-13.838545541125415,-6.957470977976766,-13.986745146495908,29,39
302,Rate,Kurung Kumey,Unknown,Arunachal Pradesh,True,27.9025231,93.4035863,52.21322105588406,control (non-VVP),True,-7.84878949406235,-14.831645563104765,-8.13570704998768,-14.997715684751167,29,39
303,Molo,Kurung Kumey,Unknown,Arunachal Pradesh,True,27.9634667,93.5271662,52.25035030613911,control (non-VVP),True,-5.969185351826271,-13.194914304725732,-6.017698068546024,-13.254001135712173,29,39
304,Kokpunayer,Kurung Kumey,Unknown,Arunachal Pradesh,True,27.8696105,93.2638666,52.25205034776048,control (non-VVP),True,-3.3868827078338124,-10.44989637991943,-3.5107819023567735,-10.619750250819415,29,39
305,Rite,Kurung Kumey,Unknown,Arunachal Pradesh,True,27.9046219,93.4117605,52.29938591724223,control (non-VVP),True,-6.2043795625675235,-13.136413580540104,-6.325383807255868,-13.228294948754145,29,39
306,Yarpu,Kurung Kumey,Unknown,Arunachal Pradesh,True,27.9101363,93.4264549,52.31129939409694,control (non-VVP),True,-4.196606837324527,-11.390924115530352,-4.387675289777864,-11.56977319527617,29,39
307,Manghe 1,Kurung Kumey,Unknown,Arunachal Pradesh,True,27.8964882,93.3905192,52.38200201966226,control (non-VVP),True,-5.305770878576603,-12.608726117442776,-5.431979380949618,-12.747544263205523,29,39
308,Najibibuk,Kurung Kumey,Unknown,Arunachal Pradesh,True,27.8683639,93.2642347,52.3948285914516,control (non-VVP),True,-5.198669573912506,-12.080771084263857,-5.263719900963177,-12.260667076627854,29,39
309,Taram,Kurung Kumey,Unknown,Arunachal Pradesh,True,27.9628134,93.5366038,52.86940455626912,control (non-VVP),True,-10.393770350815435,-17.07630899220088,-10.367738293241194,-17.20413426256046,29,39
310,Tabumna,Kurung Kumey,Unknown,Arunachal Pradesh,True,27.8598023,93.2528662,53.09351796866028,control (non-VVP),True,-5.642090107022573,-12.55641567382586,-5.6940091771882235,-12.717037683606911,29,39
311,Yarpu,Kurung Kumey,Unknown,Arunachal Pradesh,True,27.894643,93.4225849,53.73157852709238,control (non-VVP),True,-5.8741485476942366,-13.288798784022203,-6.318315268783596,-13.647860550612437,29,39
312,Langbang,Kurung Kumey,Unknown,Arunachal Pradesh,True,27.9544909,93.540336,53.82502054267635,control (non-VVP),True,-5.999304450414496,-12.963024309561831,-5.908259229249837,-12.96573489420194,29,39
313,Made,Kurung Kumey,Unknown,Arunachal Pradesh,True,27.9780177,93.5788669,54.24125028274002,control (non-VVP),True,-8.86920173469123,-15.5759701460781,-8.963365443309792,-15.649859747914967,29,63
314,Kele,Kurung Kumey,Unknown,Arunachal Pradesh,True,27.9032308,93.4632364,54.57472977853739,control (non-VVP),True,-8.106464522971976,-15.091956362319987,-8.186028333544689,-15.189234529879716,29,39
315,Sera,Kurung Kumey,Unknown,Arunachal Pradesh,True,27.9554003,93.5546431,54.61031844795788,control (non-VVP),True,-6.476022206750736,-13.302734390601984,-6.454735089050334,-13.37977774339026,29,39
316,Byate,Kurung Kumey,Unknown,Arunachal Pradesh,True,27.8878009,93.4444302,55.29752731979862,control (non-VVP),True,-8.885658416449704,-15.944389887976598,-9.105212865214002,-16.073117642131333,29,39
317,Keya,Kurung Kumey,Unknown,Arunachal Pradesh,True,27.8850396,93.4612545,56.28702084330097,control (non-VVP),True,-8.638243065607877,-15.03895908781448,-8.730899628384186,-15.12670809097942,29,39
318,Panyi,Kurung Kumey,Unknown,Arunachal Pradesh,True,27.8742022,93.4525059,56.99915437798174,control (non-VVP),True,-4.7800006193467715,-12.302104276471924,-5.06704754643787,-12.345955704212201,29,39
319,Kush Lami,Kurung Kumey,Unknown,Arunachal Pradesh,True,27.8754594,93.4559652,57.017342103096205,control (non-VVP),True,-7.399204731747198,-14.79960470660798,-7.644760997507743,-14.916549060760149,29,39
320,Pari,Kurung Kumey,Unknown,Arunachal Pradesh,True,27.8773703,93.4806463,57.90796227435106,control (non-VVP),True,-8.706752538306919,-15.35306824335611,-8.797741020962805,-15.440956619943798,29,39
321,Nibi,Kurung Kumey,Unknown,Arunachal Pradesh,True,27.8906614,93.5152047,58.290531000282,control (non-VVP),True,-6.213114761122052,-13.205383221524947,-5.970135709074139,-12.798325499207154,29,39
322,Leba,Kurung Kumey,Unknown,Arunachal Pradesh,True,27.889732,93.5177222,58.507068066069465,control (non-VVP),True,-7.988974329799812,-14.791723079650353,-7.762512030890522,-14.488582971986464,29,39
323,Sara,Kurung Kumey,Unknown,Arunachal Pradesh,True,27.8764655,93.5162563,59.69502349076612,control (non-VVP),True,-7.385912778044389,-14.304157427367238,-7.337316053459537,-14.270937866453172,29,39
324,Hiba,Kurung Kumey,Unknown,Arunachal Pradesh,True,27.8672206,93.4999319,59.79411601184075,control (non-VVP),True,-4.82770987381767,-11.913892408803992,-4.974762040256273,-11.940857509511531,29,39
325,Langria,Kurung Kumey,Unknown,Arunachal Pradesh,True,27.7303718,93.2723198,59.90006834905566,control (non-VVP),True,-8.435631273431733,-15.116289132823333,-8.545825912093264,-15.162360259269903,29,39
326,Dengba,Kurung Kumey,Unknown,Arunachal Pradesh,True,27.8559794,93.479899,59.98757661935535,control (non-VVP),True,-4.558085152006311,-11.960296369521192,-4.966677601617901,-12.154278099507078,29,39
327,Payu,Kurung Kumey,Unknown,Arunachal Pradesh,True,27.7289942,93.2749594,60.20162200196997,control (non-VVP),True,-8.258845156626247,-14.950902029108901,-8.27997918361739,-14.898344939411174,29,39
328,Sangme,Kurung Kumey,Unknown,Arunachal Pradesh,True,27.8554992,93.4857201,60.29218859321547,control (non-VVP),True,-3.4715003094470007,-10.95178745920994,-3.9302648529221593,-10.92011294838876,29,39
329,Cheki,Kurung Kumey,Unknown,Arunachal Pradesh,True,27.8689915,93.5175395,60.47393621617884,control (non-VVP),True,-11.637690922325108,-18.130412238330088,-11.689170760361005,-18.201590675381293,29,39
330,Palang,Kurung Kumey,Unknown,Arunachal Pradesh,True,27.7081538,93.27106,61.00002383100187,control (non-VVP),True,-4.553023313230856,-11.301752985302143,-4.686121698120054,-11.532045846216885,29,39
331,Phassang,Kurung Kumey,Unknown,Arunachal Pradesh,True,27.7243116,93.2813307,61.00114956989782,control (non-VVP),True,-6.303263852661467,-13.318397753885616,-6.40472708906679,-13.36860708117094,29,39
332,Leel,Kurung Kumey,Unknown,Arunachal Pradesh,True,27.8437826,93.4758359,61.027728437158686,control (non-VVP),True,-4.907539203715363,-11.853997885309097,-5.092323762918308,-11.779652189248267,29,39
333,Dara,Kurung Kumey,Unknown,Arunachal Pradesh,True,27.8616633,93.5158884,61.097009884854096,control (non-VVP),True,-11.58527449103449,-18.06624848373798,-11.71851125999578,-18.12961152315734,29,39
334,Sangripo,Kurung Kumey,Unknown,Arunachal Pradesh,True,27.7227416,93.282713,61.20402338700937,control (non-VVP),True,-7.18365589580309,-14.156436510232291,-7.296826974371763,-14.21050111811791,29,39
335,Sangte,Kurung Kumey,Unknown,Arunachal Pradesh,True,27.7291192,93.288153,61.34319384028954,control (non-VVP),True,-5.375696988355583,-12.324346400443753,-5.495410121169393,-12.313532786173772,29,39
336,Mujariang,Kurung Kumey,Unknown,Arunachal Pradesh,True,27.7257548,93.2911669,61.78015811059391,control (non-VVP),True,-8.388147991670072,-15.180821427908354,-8.44927383438441,-15.20463177481255,29,39
337,Leya,Kurung Kumey,Unknown,Arunachal Pradesh,True,27.7282734,93.2932093,61.82821044976273,control (non-VVP),True,-7.696300884940826,-14.630392781651768,-7.720668415806075,-14.519505469081418,29,39
338,Leel Camp,Kurung Kumey,Unknown,Arunachal Pradesh,True,27.8432284,93.497014,62.00909168626551,control (non-VVP),True,-5.213961248137005,-12.494327636871471,-5.670635481894963,-12.618074268882351,29,39
339,Saleriang,Kurung Kumey,Unknown,Arunachal Pradesh,True,27.7854605,93.3201249,62.49683818805669,control (non-VVP),True,-7.724242097782376,-14.367304542823666,-7.811523971022888,-14.526463594220553,29,39
340,Yaki,Kurung Kumey,Unknown,Arunachal Pradesh,True,27.836181,93.4940102,62.57138583180046,control (non-VVP),True,-4.277565559020845,-11.49256569161986,-4.4637061127601,-11.500800768606343,29,39
341,恰吐姆,Kurung Kumey,Unknown,Arunachal Pradesh,True,27.8448117,93.5145294,62.66270137690602,control (non-VVP),True,-9.869106811016346,-16.441402944995822,-10.056499030035532,-16.559926634428745,29,39
342,Tumlang,Kurung Kumey,Unknown,Arunachal Pradesh,True,27.8281634,93.4904133,63.21063792357364,control (non-VVP),True,-2.0645685426302616,-9.473015810364904,-2.0540343784571213,-9.48506242426642,29,39
343,Tagum,Kurung Kumey,Unknown,Arunachal Pradesh,True,27.8357436,93.5079409,63.24155626114598,control (non-VVP),True,-6.104176834316959,-13.465059696620182,-6.874334771983446,-13.997121684519676,29,39
344,6 Mile Camp,Kurung Kumey,Unknown,Arunachal Pradesh,True,27.8329405,93.5083348,63.53466159203505,control (non-VVP),True,-6.792611438626366,-13.93388790217004,-7.217186648192514,-14.180624574726393,29,39
345,Kamayer,Kurung Kumey,Unknown,Arunachal Pradesh,True,27.7905642,93.3910095,63.553019802162574,control (non-VVP),True,-4.833121393011831,-11.806245487871825,-4.879222378548341,-11.874806833716764,29,39
346,Rowa,Kurung Kumey,Unknown,Arunachal Pradesh,True,27.8428454,93.5296997,63.58239405799619,control (non-VVP),True,-1.0059512124934749,-8.362713883415264,-1.1898173800160252,-8.299672412399119,29,39
347,Pagrang,Kurung Kumey,Unknown,Arunachal Pradesh,True,27.8509062,93.5452982,63.59431330152693,control (non-VVP),True,-7.4841829027071745,-14.17614935475297,-7.509950595205559,-14.063255863893811,29,39
348,Pinchi,Kurung Kumey,Unknown,Arunachal Pradesh,True,27.7735733,93.316873,63.73939593102888,control (non-VVP),True,-9.10979162863756,-15.978817917149998,-9.236957634833802,-15.993360379238784,29,39
349,Pagga,Kurung Kumey,Unknown,Arunachal Pradesh,True,27.8504991,93.5494243,63.84511944565142,control (non-VVP),True,-3.9319670051085236,-11.015363982172154,-4.032910950858514,-10.93855165964427,29,39
350,Powak Korar,Kurung Kumey,Unknown,Arunachal Pradesh,True,27.8375593,93.5258798,63.90711936348984,control (non-VVP),True,-7.1869688070538835,-14.127676024383478,-7.347621363001115,-14.076666441810309,29,39
351,Reyup,Kurung Kumey,Unknown,Arunachal Pradesh,True,27.8567715,93.5619177,63.9144594974527,control (non-VVP),True,-6.36589483242262,-12.846040835501064,-6.455924886040547,-13.056758132989923,58,70
352,Yarte,Kurung Kumey,Unknown,Arunachal Pradesh,True,27.831632,93.5141164,63.928763556397165,control (non-VVP),True,-4.380210548497393,-11.584251311972352,-4.545675215507218,-11.620526055924458,29,39
353,Lengro,Kurung Kumey,Unknown,Arunachal Pradesh,True,27.8547999,93.559177,63.95219245497713,control (non-VVP),True,-8.40718713620009,-14.849538851005915,-8.487194705596979,-14.931002625023366,58,70
354,Jugriang,Kurung Kumey,Unknown,Arunachal Pradesh,True,27.7707148,93.3182278,64.07412331265515,control (non-VVP),True,-9.170116286847524,-16.018510059841248,-9.171637091381964,-15.955020533544852,29,39
355,Dangu,Kurung Kumey,Unknown,Arunachal Pradesh,True,27.835467,93.5289814,64.25878085878584,control (non-VVP),True,-4.844817861875576,-12.099237087204811,-5.062946783310664,-12.05718225020026,29,39
356,Raris,Kurung Kumey,Unknown,Arunachal Pradesh,True,27.7680851,93.3146271,64.30181164190407,control (non-VVP),True,-8.562619085382172,-15.397645477968938,-8.516310370274425,-15.35913094880749,29,39
357,Kaung,Kurung Kumey,Unknown,Arunachal Pradesh,True,27.8225472,93.5040159,64.36416345609699,control (non-VVP),True,-9.025760237936796,-15.596594203763411,-9.066325643062404,-15.705727754165242,29,39
358,Nyori,Kurung Kumey,Unknown,Arunachal Pradesh,True,27.8475995,93.5552271,64.41930892283993,control (non-VVP),True,-7.682486636681535,-14.594145552108,-7.759348259233231,-14.535386112278092,41,68
359,Kaglang,Kurung Kumey,Unknown,Arunachal Pradesh,True,27.8501585,93.5616729,64.5179983500826,control (non-VVP),True,-7.920593856616004,-14.751425682420143,-7.9761948019201,-14.835730079491857,58,70
360,Tachak,Kurung Kumey,Unknown,Arunachal Pradesh,True,27.841908,93.5484681,64.60881049685287,control (non-VVP),True,-9.009099229780762,-15.80698965318827,-9.027117945926921,-15.739460054147173,29,39
361,Regba,Kurung Kumey,Unknown,Arunachal Pradesh,True,27.8236364,93.5159119,64.79457267348194,control (non-VVP),True,-2.926665120734,-10.331130934628284,-3.1218434867472196,-10.33382273697174,29,39
362,Miba,Kurung Kumey,Unknown,Arunachal Pradesh,True,27.824202,93.5173691,64.80624403518753,control (non-VVP),True,-3.0410499507869684,-10.445226221278178,-3.2624908647116433,-10.451826416838456,29,39
363,Byasi,Kurung Kumey,Unknown,Arunachal Pradesh,True,27.8372182,93.5436135,64.80999552177649,control (non-VVP),True,-9.137886806766874,-15.821341494875075,-9.206550101207347,-15.82049627875359,29,39
364,Kamrung,Kurung Kumey,Unknown,Arunachal Pradesh,True,27.8336301,93.5467063,65.30729308696289,control (non-VVP),True,-9.644695278939057,-16.284766107798493,-9.89668674020559,-16.438505023738585,29,39
365,Dilanggang,Kurung Kumey,Unknown,Arunachal Pradesh,True,27.7796166,93.41419,65.38837481129138,control (non-VVP),True,-9.712675088734246,-16.187195751543214,-9.784622209444521,-16.15073924840546,29,39
366,Lower Happa,Kurung Kumey,Unknown,Arunachal Pradesh,True,27.825885,93.5332832,65.39224214605467,control (non-VVP),True,-8.532102147007345,-15.328282453622734,-8.501839774668003,-15.281431212329895,29,39
367,Paching,Kurung Kumey,Unknown,Arunachal Pradesh,True,27.8225097,93.5290614,65.51800095183597,control (non-VVP),True,-7.634364308276245,-14.52385469900149,-7.639573478831683,-14.567293684198583,29,39
368,Longlefoth,Kurung Kumey,Unknown,Arunachal Pradesh,True,27.776484,93.4150439,65.74452729572074,control (non-VVP),True,-8.68930882193645,-15.240345463695988,-8.680833463461344,-15.204480862015815,29,39
369,Lumte,Kurung Kumey,Unknown,Arunachal Pradesh,True,27.7863252,93.446526,65.74813459784494,control (non-VVP),True,-6.333665444889338,-13.129544020670439,-6.527056492143341,-13.198516755500776,29,39
370,Rangdo,Kurung Kumey,Unknown,Arunachal Pradesh,True,27.7820948,93.4575729,66.57919253927102,control (non-VVP),True,-4.754706396941566,-11.770101555340922,-4.758881176415824,-11.607434240973049,29,39
371,Rayer Sollung,Kurung Kumey,Unknown,Arunachal Pradesh,True,27.7426766,93.3108399,66.98295878047651,control (non-VVP),True,-10.967951659473236,-17.314503437698917,-11.118414717918947,-17.490872285537556,29,39
372,Gangnee,Kurung Kumey,Unknown,Arunachal Pradesh,True,27.7541489,93.3737844,67.00109804923758,control (non-VVP),True,-5.318200913923599,-12.22810490473864,-5.419042499353365,-12.279448743813969,29,39
373,Dolo,Kurung Kumey,Unknown,Arunachal Pradesh,True,27.7568896,93.4009912,67.41071862560815,control (non-VVP),True,-4.244572338446875,-11.142338761618388,-4.218299093123745,-11.121785536424568,29,39
374,Hiya,Kurung Kumey,Unknown,Arunachal Pradesh,True,27.7752174,93.4614457,67.4283307908398,control (non-VVP),True,-3.8863250677564802,-10.971911541671911,-3.8843821997402928,-10.874195915753745,29,39
375,Pinchi Sollung,Kurung Kumey,Unknown,Arunachal Pradesh,True,27.7385004,93.3140943,67.50228529054776,control (non-VVP),True,-9.402740381548789,-15.814349252765698,-9.551571817632587,-15.919026197565028,29,39
376,Raluguha,Kurung Kumey,Unknown,Arunachal Pradesh,True,27.7354085,93.2990876,67.53347139988598,control (non-VVP),True,-5.169381565682018,-11.878546500104921,-5.289244995842866,-12.007533890853873,29,39
377,Guha,Kurung Kumey,Unknown,Arunachal Pradesh,True,27.7590364,93.4164824,67.62875159555058,control (non-VVP),True,-3.350641563678225,-10.265997659752465,-3.3219829072342653,-10.170307467449552,29,39
378,Diba Koyar,Kurung Kumey,Unknown,Arunachal Pradesh,True,27.7381059,93.3187116,67.63877302643341,control (non-VVP),True,-5.296293813355404,-12.078393389390133,-5.423413914917473,-12.150570848868481,29,39
379,Sulo,Kurung Kumey,Unknown,Arunachal Pradesh,True,27.7369819,93.3154143,67.69388921371875,control (non-VVP),True,-8.39916800726629,-14.942463775299887,-8.541949889690896,-15.031861351856344,29,39
380,Delung,Kurung Kumey,Unknown,Arunachal Pradesh,True,27.7778716,93.4788091,67.80729335239351,control (non-VVP),True,-6.735417308812836,-13.582493619480532,-6.676021860257863,-13.488119565439163,29,39
381,Nyapin,Kurung Kumey,Unknown,Arunachal Pradesh,True,27.7515445,93.3946648,67.80823653295108,control (non-VVP),True,-5.362743514310897,-12.596823597893671,-5.387237813010025,-12.62837813623099,29,39
382,Sona,Kurung Kumey,Unknown,Arunachal Pradesh,True,27.810017,93.5520226,67.8322265029122,control (non-VVP),True,-7.825091753520987,-14.69879077809105,-7.995196190141971,-14.753381115092601,58,70
383,Tumrung,Kurung Kumey,Unknown,Arunachal Pradesh,True,27.8072923,93.5473433,67.86695827647416,control (non-VVP),True,-3.9298968103975556,-11.131498141740028,-3.985381841991721,-11.057527903943178,38,67
384,Takyo,Kurung Kumey,Unknown,Arunachal Pradesh,True,27.7755045,93.474237,67.87400271627023,control (non-VVP),True,-7.675119357059973,-14.431646211743303,-7.6672530694551515,-14.413187353985684,29,39
385,Kaberiang,Kurung Kumey,Unknown,Arunachal Pradesh,True,27.7579212,93.4227791,67.93657565114344,control (non-VVP),True,-5.939729107801195,-13.001808637263176,-5.961237358986483,-12.934719100402171,29,39
386,Sango,Kurung Kumey,Unknown,Arunachal Pradesh,True,27.7353472,93.3216355,67.99462871072794,control (non-VVP),True,-4.533257904157125,-11.465888437795805,-4.563200461447908,-11.453402824962465,29,39
387,Pitak,Kurung Kumey,Unknown,Arunachal Pradesh,True,27.7803185,93.4909939,68.03914430272035,control (non-VVP),True,-9.177199969587717,-15.64487635785931,-9.079655818979148,-15.543674817424337,29,39
388,Kampu,Kurung Kumey,Unknown,Arunachal Pradesh,True,27.7422153,93.363991,68.06100190171477,control (non-VVP),True,-6.614373423437952,-13.5125102992199,-6.685215005464815,-13.524610985325516,29,39
389,Lower Guha,Kurung Kumey,Unknown,Arunachal Pradesh,True,27.7568463,93.4246871,68.10831490512865,control (non-VVP),True,-7.326720370999517,-14.243260697401777,-7.316359425595362,-14.164223238669644,29,39
390,Gida Lower,Kurung Kumey,Unknown,Arunachal Pradesh,True,27.812502,93.5626447,68.12205948065873,control (non-VVP),True,-5.902715067031276,-12.82950919028445,-5.879463976492609,-12.814275506667277,58,71
391,Yorung,Kurung Kumey,Unknown,Arunachal Pradesh,True,27.7375945,93.3427203,68.12211382853434,control (non-VVP),True,-6.653433911646785,-13.33440397806926,-6.719490567979936,-13.462927189308918,29,39
392,Yuba,Kurung Kumey,Unknown,Arunachal Pradesh,True,27.7589677,93.4327095,68.13685629560878,control (non-VVP),True,-8.263909518635574,-14.850496223786704,-8.281009221001133,-14.820696908223706,29,39
393,Lower Lorio,Kurung Kumey,Unknown,Arunachal Pradesh,True,27.7523573,93.4107096,68.16634041229064,control (non-VVP),True,-6.5968846086110196,-13.58584352473642,-6.740547132729637,-13.511935138261784,29,39
394,Kish,Kurung Kumey,Unknown,Arunachal Pradesh,True,27.7567747,93.4282494,68.22629173018069,control (non-VVP),True,-8.452987519723763,-15.253974856191547,-8.458296751236487,-15.192333927683677,29,39
395,Sikey,Kurung Kumey,Unknown,Arunachal Pradesh,True,27.7436405,93.3784517,68.24267311258743,control (non-VVP),True,-6.875775000614918,-13.85059580982708,-6.854263869168357,-13.729525892074836,29,39
396,Takapop,Kurung Kumey,Unknown,Arunachal Pradesh,True,27.7756383,93.4844687,68.25483530538766,control (non-VVP),True,-8.110306308541778,-14.79234560897785,-7.990036959917868,-14.69774094242428,29,39
397,Bik,Kurung Kumey,Unknown,Arunachal Pradesh,True,27.7507883,93.4085147,68.26997555031484,control (non-VVP),True,-6.868062339548495,-13.976235003685915,-7.012924287150284,-13.912642739305305,29,39
398,Kampong,Kurung Kumey,Unknown,Arunachal Pradesh,True,27.7748258,93.4827864,68.27181680211848,control (non-VVP),True,-7.956191909355487,-14.658924698892017,-7.8537319931931036,-14.619536986630203,29,39
399,Naiayahutung,Kurung Kumey,Unknown,Arunachal Pradesh,True,27.7764281,93.4870179,68.27488938090762,control (non-VVP),True,-7.686910620485492,-14.471894258856203,-7.611889139215411,-14.290983185482505,29,39
400,Chebang,Kurung Kumey,Unknown,Arunachal Pradesh,True,27.7364834,93.3455625,68.29776819030579,control (non-VVP),True,-5.628932079926994,-12.27434441943334,-5.582666280182168,-12.330193108493663,29,39
401,Pagba,Kurung Kumey,Unknown,Arunachal Pradesh,True,27.7763826,93.4887431,68.34786080412654,control (non-VVP),True,-7.438817281959853,-14.249970865394417,-7.358943490704742,-14.095532686823843,29,39
402,Ralung,Kurung Kumey,Unknown,Arunachal Pradesh,True,27.7371862,93.353664,68.38401997207357,control (non-VVP),True,-2.6724692784470783,-9.834786558610684,-2.8362314725216207,-9.902463248477291,29,39
403,买翁里,Lower Dibang,Unknown,Arunachal Pradesh,True,28.2822374,96.0953096,25.407835270210374,control (non-VVP),True,-7.419359444034928,-13.951127952032913,-7.573942810098504,-14.175457185087206,59,71
404,Runli,Lower Dibang,Unknown,Arunachal Pradesh,True,28.2991992,96.0743049,26.056838914762896,control (non-VVP),True,-8.25687391398455,-14.932315480441027,-8.442620687351043,-15.19339302162271,59,71
405,阿蒙岗,Lower Dibang,Unknown,Arunachal Pradesh,True,28.2700017,96.0942481,26.3303897145259,control (non-VVP),True,-9.518582335962364,-15.9743658520644,-9.61760489594774,-16.1240376386784,59,71
406,西登,Upper Siang,Unknown,Arunachal Pradesh,True,29.1329116,94.9651923,2.505001083633425,control (non-VVP),True,-6.194706075868266,-13.10077468494149,-6.165733821152465,-13.079366553670216,30,31
407,Norbuling,Upper Siang,Unknown,Arunachal Pradesh,True,29.1263536,94.9733788,3.1696388194268548,control (non-VVP),True,-7.842871961789856,-14.666257610191899,-7.909529833170215,-14.67909779523621,30,31
408,Tuting Panikheti,Upper Siang,Unknown,Arunachal Pradesh,True,28.973338,94.8719848,20.82893586119011,control (non-VVP),True,-5.016837773280826,-12.318532465592392,-5.17248564382528,-12.444562622086673,29,32
409,Payendum,Upper Siang,Unknown,Arunachal Pradesh,True,28.926458,95.0315768,21.777163753897447,control (non-VVP),True,-8.750618862560792,-15.320567354678888,-8.707418664987413,-15.26332511256103,29,32
410,Nyereng,Upper Siang,Unknown,Arunachal Pradesh,True,28.9574,94.9011,22.37714039025296,control (non-VVP),True,-9.788241214988902,-16.421412969693215,-9.909660850758662,-16.55185869216749,29,32
411,Nyokong,Upper Siang,Unknown,Arunachal Pradesh,True,28.919363,95.0271109,22.65893213504973,control (non-VVP),True,-8.351039079805492,-14.981113531471484,-8.397551370126529,-15.003989409419036,29,32
412,Ninging,Upper Siang,Unknown,Arunachal Pradesh,True,28.953851,94.8333181,23.61479779607889,control (non-VVP),True,-6.4629130272280655,-13.329545205623441,-6.495125237574668,-13.396297084700075,29,32
413,Devkota,Upper Siang,Unknown,Arunachal Pradesh,True,28.8829865,95.0820892,24.04487877231385,control (non-VVP),True,-9.207923200866784,-16.148791641758248,-9.250624382458497,-16.229518364336208,29,32
414,Yortung,Upper Siang,Unknown,Arunachal Pradesh,True,28.8942055,95.0642733,24.25512447047973,control (non-VVP),True,-6.024347153500307,-12.695836532917417,-6.030279159158623,-12.69711079221951,29,32
415,Silipu,Upper Siang,Unknown,Arunachal Pradesh,True,28.8527517,95.1306768,24.67380216696391,control (non-VVP),True,-8.058697581107984,-14.650229231766039,-8.099320120724348,-14.736431631915789,29,32
416,Simuge,Upper Siang,Unknown,Arunachal Pradesh,True,28.8399841,95.1568258,25.20475166338972,control (non-VVP),True,-8.744331720769122,-15.315015129583898,-8.738013358456623,-15.300819298347195,29,32
417,Singa Old,Upper Siang,Unknown,Arunachal Pradesh,True,28.8313255,95.1691884,25.85196385039524,control (non-VVP),True,-9.191698113777676,-15.698018197774404,-9.23117388904137,-15.717160143584811,29,32
418,Silage,Upper Siang,Unknown,Arunachal Pradesh,True,28.8331926,95.1580815,25.900649272498462,control (non-VVP),True,-8.282101640427511,-14.963850819415947,-8.371520544710942,-14.998155509043128,29,32
419,Tamid Arung,Upper Siang,Unknown,Arunachal Pradesh,True,28.8998406,94.5747584,26.11436496765807,control (non-VVP),True,-9.29251978274719,-15.868968608662312,-9.384464279279554,-15.856609319012035,29,32
420,Angachi,Upper Siang,Unknown,Arunachal Pradesh,True,28.8255056,95.1704914,26.4572050125452,control (non-VVP),True,-7.48599365677511,-14.049769772330816,-7.498347349445731,-14.071151114631125,29,32
421,Simuling,Upper Siang,Unknown,Arunachal Pradesh,True,28.8155203,95.2010538,27.10770570136025,control (non-VVP),True,-8.620128457214857,-14.91537015293074,-8.639679338802656,-14.932157319797273,29,32
422,Singing,Upper Siang,Unknown,Arunachal Pradesh,True,28.8977681,94.7841203,29.794800301747745,control (non-VVP),True,-11.267052066382455,-17.85391370936094,-11.446675370506068,-18.02868565641464,29,32
423,Migging,Upper Siang,Unknown,Arunachal Pradesh,True,28.8529247,94.7729372,34.7789608532419,control (non-VVP),True,-6.282457653811358,-13.413858949648528,-6.2987643769289985,-13.508542681544991,29,32
424,Palling,Upper Siang,Unknown,Arunachal Pradesh,True,28.836535,94.8097586,36.58065758723632,control (non-VVP),True,-6.924907208469986,-14.023684083212103,-7.008776950311475,-14.06771376997078,29,32
425,Likor,Upper Siang,Unknown,Arunachal Pradesh,True,28.8267883,94.8955464,36.85504783931048,control (non-VVP),True,-9.858981510757772,-16.557473608086102,-9.979588922723513,-16.66744616972953,29,32
426,Mosing,Upper Siang,Unknown,Arunachal Pradesh,True,28.8091508,94.7915356,39.60618311251698,control (non-VVP),True,-6.792477066238906,-13.821465233897108,-6.806512753678478,-13.854992332420828,29,32
427,Pugging,Upper Siang,Unknown,Arunachal Pradesh,True,28.7438597,94.9345829,44.02389953987662,control (non-VVP),True,-6.98993938807995,-13.833413415997237,-7.150833000754762,-13.86320178449125,29,32
428,Gujinboluo,Upper Siang,Unknown,Arunachal Pradesh,True,28.7553138,94.9111952,44.64011679191498,control (non-VVP),True,-10.2623965902624,-17.05604172987142,-10.50223255816684,-17.2619105352649,29,32
429,Gette,Upper Siang,Unknown,Arunachal Pradesh,True,28.6863056,95.0089723,46.40504836633465,control (non-VVP),True,-9.331807707799298,-15.923911194872483,-9.38209303101395,-15.949236664328309,29,32
430,Dojubing,Upper Subansiri,Unknown,Arunachal Pradesh,True,28.4315441,93.1898276,0.249045833450518,control (non-VVP),True,-7.242338682588275,-13.537575267282797,-7.236389113304307,-13.674501018631833,33,40
431,Ishneya,Upper Subansiri,Unknown,Arunachal Pradesh,True,28.4397601,93.1851781,0.7217224156134714,control (non-VVP),True,-8.238105290876332,-14.212319977196753,-8.29150346440796,-14.462612960144602,29,39
432,Juga,Upper Subansiri,Unknown,Arunachal Pradesh,True,28.4467134,93.1498404,3.925174649555216,control (non-VVP),True,-2.8512777717637183,-9.157597694460836,-2.8329657877189094,-9.37341699908404,29,39
433,Yorlung,Upper Subansiri,Unknown,Arunachal Pradesh,True,28.6720499,93.9704579,4.196776668375604,control (non-VVP),True,-7.38229857247938,-14.05366743827427,-7.369610942768746,-14.077667063115275,58,71
434,Gelemo,Upper Subansiri,Unknown,Arunachal Pradesh,True,28.472442,93.4628099,18.05313388179516,control (non-VVP),True,-2.4102836551648332,-9.168452316511857,-2.2680408085019916,-9.195109973663701,29,39
435,Gelemo Camp,Upper Subansiri,Unknown,Arunachal Pradesh,True,28.4568913,93.4620422,18.606676953286467,control (non-VVP),True,-6.43044513835375,-13.409566162628709,-6.3011598259879165,-13.410940039758858,29,39
436,Dojbung,Upper Subansiri,Unknown,Arunachal Pradesh,True,28.3729191,93.4561501,23.285044542759053,control (non-VVP),True,-6.8405269913359925,-13.655106240869692,-6.883873214217792,-13.623253671479356,29,39
437,Gelinceniak,Upper Subansiri,Unknown,Arunachal Pradesh,True,28.3631529,93.4766991,25.48664596200368,control (non-VVP),True,-10.658633172060314,-16.975773093126147,-10.383346121310673,-16.81983175683643,29,39
438,Chingring,Upper Subansiri,Unknown,Arunachal Pradesh,True,28.4192393,93.8246305,29.258085111764327,control (non-VVP),True,-10.509051366592157,-16.734073318973966,-10.223587621889125,-16.713925094729074,58,71
439,Poba,Upper Subansiri,Unknown,Arunachal Pradesh,True,28.414467,93.8159723,29.67407778677813,control (non-VVP),True,-4.495990714332522,-11.201386591779535,-4.269054125937965,-11.08839072226737,58,71
440,贾德普,Upper Subansiri,Unknown,Arunachal Pradesh,True,28.4082012,93.7972842,30.217130636717734,control (non-VVP),True,-8.833286659629225,-15.592095968384616,-8.810019812099151,-15.573168974315669,58,71
441,嘎如,Upper Subansiri,Unknown,Arunachal Pradesh,True,28.4068583,93.7942953,30.352527848657463,control (non-VVP),True,-9.928911931789322,-16.57638163336586,-9.861017938015932,-16.569460255804383,58,71
442,阿赖根布,Upper Subansiri,Unknown,Arunachal Pradesh,True,28.4059921,93.808704,30.537852652997465,control (non-VVP),True,-6.457796584150115,-13.45819827118432,-6.473901640784941,-13.501837218111953,58,71
443,Orak Camp,Upper Subansiri,Unknown,Arunachal Pradesh,True,28.3665963,93.5461814,30.58926154225035,control (non-VVP),True,-2.84507033089746,-9.632541147459902,-2.7810830049916233,-9.586265153032189,58,54
444,Ketha,Upper Subansiri,Unknown,Arunachal Pradesh,True,28.4307648,94.061466,30.83898483127514,control (non-VVP),True,-13.019233981670405,-19.2830925823369,-12.83755448743149,-19.302095386450432,58,71
445,Raba,Upper Subansiri,Unknown,Arunachal Pradesh,True,28.4054645,93.8353976,30.93107120811105,control (non-VVP),True,-11.42437832676325,-17.38234150614837,-11.406841256199366,-17.570577881877643,58,71
446,AkI,Upper Subansiri,Unknown,Arunachal Pradesh,True,28.4045203,93.7242887,31.0993071581252,control (non-VVP),True,-5.8199614698104805,-12.771862058300762,-5.615626971280525,-12.731009209398621,58,71
447,Mojang,Upper Subansiri,Unknown,Arunachal Pradesh,True,28.4013177,93.8229042,31.20281418527646,control (non-VVP),True,-3.8484329073496157,-11.057704317967051,-3.6481967783451794,-10.83298397733604,58,71
448,Ngoju,Upper Subansiri,Unknown,Arunachal Pradesh,True,28.399193,93.7068591,31.30343407328185,control (non-VVP),True,-8.536321012721146,-15.274275098076927,-8.542207568750253,-15.405328287842194,58,71
449,Keojariang,Upper Subansiri,Unknown,Arunachal Pradesh,True,28.4009028,93.8320953,31.37704816497124,control (non-VVP),True,-7.976172344330141,-14.837548984623407,-7.975195873156074,-14.892291470898838,58,71
450,Bogun,Upper Subansiri,Unknown,Arunachal Pradesh,True,28.3958767,93.6960267,31.409263037611804,control (non-VVP),True,-8.893772529495504,-15.731429619841157,-8.92993254068397,-15.857477819250672,58,71
451,Nava,Upper Subansiri,Unknown,Arunachal Pradesh,True,28.3909608,93.6799521,31.63847804253896,control (non-VVP),True,-8.852378554526716,-15.759306422787514,-8.966923847800395,-15.845648309042149,58,71
452,Nilo,Upper Subansiri,Unknown,Arunachal Pradesh,True,28.3872503,93.6546784,31.726628462853856,control (non-VVP),True,-5.699376153814965,-12.838719999635048,-5.780207975079074,-12.90986887118491,29,57
453,Myabe,Upper Subansiri,Unknown,Arunachal Pradesh,True,28.3992853,93.8502203,31.879304201323723,control (non-VVP),True,-10.590926578274981,-16.911137451190644,-10.326487397995635,-16.7282460091366,58,71
454,贡岗,West Kameng,Unknown,Arunachal Pradesh,True,26.8952222,92.1170503,4.154187721357816,control (non-VVP),True,-9.807626316244008,-15.903609441934366,-9.846790821591222,-16.040009216869397,29,28
455,Balem,West Kameng,Unknown,Arunachal Pradesh,True,26.9649897,92.1516917,7.302075731076228,control (non-VVP),True,-8.00534943103224,-14.510034438759101,-7.992843273458658,-14.621396962613984,29,28
456,Rongthangjurpam,West Kameng,Unknown,Arunachal Pradesh,True,27.0382758,92.1315055,7.891072038314255,control (non-VVP),True,-5.936624346272305,-12.756615811042497,-6.069775482594351,-12.898818772372302,58,43
457,若波朗钦,West Kameng,Unknown,Arunachal Pradesh,True,27.0752385,92.1082163,7.903609763820291,control (non-VVP),True,-5.878403570523767,-12.434799595965384,-5.985403618690539,-12.672559580743565,29,28
458,Yukmadung,West Kameng,Unknown,Arunachal Pradesh,True,27.4213253,92.1244746,8.333393795069465,control (non-VVP),True,-9.00136717588117,-15.31374379256335,-8.94987812488358,-15.237129634510136,29,28
459,Warrangpam,West Kameng,Unknown,Arunachal Pradesh,True,27.1186044,92.0745879,8.98308426545462,control (non-VVP),True,-4.802813161238644,-11.798537053845523,-4.982357775244033,-12.021499605088442,29,28
460,Ghāstoli,Chamoli,Unknown,Uttarakhand,True,30.8592089,79.4699913,11.914449524802585,control (non-VVP),True,-9.792243181181986,-18.39333091824372,-10.07795500575599,-18.69354176807918,31,29
461,Niti,Chamoli,Unknown,Uttarakhand,True,30.7776642,79.8411215,13.810147936633122,control (non-VVP),True,-9.729390054317975,-16.203937699472704,-9.759749932906152,-16.214235798344024,62,60
462,MAHAR GAON,Chamoli,Unknown,Uttarakhand,True,30.7109424,79.8743727,18.82830218116584,control (non-VVP),True,-5.880948929672748,-13.594858183344101,-6.15096911386608,-13.471194327232947,62,60
463,Pharkia,Chamoli,Unknown,Uttarakhand,True,30.7318289,79.8262831,18.89002530397776,control (non-VVP),True,-2.885665530375556,-11.528385278457947,-3.548817406399465,-11.701160378278006,62,60
464,Kurkuti,Chamoli,Unknown,Uttarakhand,True,30.7065954,79.8754333,19.257221680206065,control (non-VVP),True,-7.440205138001839,-14.686317468381453,-7.411062471158187,-14.484625560115413,62,60
465,Ryal Bagar,Chamoli,Unknown,Uttarakhand,True,30.7110763,79.8435457,19.93625372763593,control (non-VVP),True,-11.190961201901667,-17.72957927807012,-11.109977498065257,-17.67507997598777,62,60
466,Kosa,Chamoli,Unknown,Uttarakhand,True,30.67793,79.8609495,22.70652399985677,control (non-VVP),True,-6.090205994410117,-13.562418358500118,-6.287004472405227,-13.613015635809239,62,60
467,Ghangaria,Chamoli,Unknown,Uttarakhand,True,30.7014544,79.5938002,26.31062216633642,control (non-VVP),True,-6.3858321184218045,-13.903875902132835,-6.337618371560843,-13.960875298816738,31,29
468,Kajila,Chamoli,Unknown,Uttarakhand,True,30.6972318,79.5898879,26.75920046410928,control (non-VVP),True,-4.911653922583934,-12.513308249101534,-4.777424609330327,-12.470790890480092,31,29
469,SINGLA,Chamoli,Unknown,Uttarakhand,True,30.6462444,79.8258027,27.175157144580066,control (non-VVP),True,-0.42053618967049705,-9.104048231292508,-0.9533861272777407,-9.256910050828308,62,60
470,Jelam,Chamoli,Unknown,Uttarakhand,True,30.6441526,79.8259171,27.38526145533936,control (non-VVP),True,-0.572290234277803,-8.986689659753775,-1.023236864607108,-9.133676477710281,62,60
471,Hanumanchatti,Chamoli,Unknown,Uttarakhand,True,30.6955217,79.5141532,27.604198128101256,control (non-VVP),True,-9.731033817730626,-16.077269798280312,-9.758023118349703,-16.119844067183106,31,29
472,DRONAGIRI,Chamoli,Unknown,Uttarakhand,True,30.5991704,79.8680413,27.76162744355928,control (non-VVP),True,-12.136605197720947,-19.02114301433938,-12.141485717994746,-18.86889410966226,62,60
473,Lambagad,Chamoli,Unknown,Uttarakhand,True,30.692639,79.5132394,27.935227028140023,control (non-VVP),True,-8.716940724246127,-15.399811395485713,-8.729783441314888,-15.605824431642727,31,29
474,GARPAK,Chamoli,Unknown,Uttarakhand,True,30.6269079,79.854244,28.23676669151424,control (non-VVP),True,-11.26677489477655,-18.61682366710445,-11.716864494292457,-18.849667647642637,62,60
475,Bhyudar,Chamoli,Unknown,Uttarakhand,True,30.674709,79.5913479,29.259897647969115,control (non-VVP),True,-1.7406028052742009,-9.108808182762104,-1.739268770914419,-8.99666797348661,31,29
476,Khirao,Chamoli,Unknown,Uttarakhand,True,30.6849562,79.4763374,29.81393619398809,control (non-VVP),True,-6.538016760522258,-13.807403891208518,-6.6486490457221965,-13.745359986587687,31,29
477,KAGA,Chamoli,Unknown,Uttarakhand,True,30.6124584,79.8238599,30.73137382810968,control (non-VVP),True,-15.40393013875756,-20.764691420471657,-15.445587749056505,-20.922690290568475,62,60
478,Jumma,Chamoli,Unknown,Uttarakhand,True,30.60791,79.80606,31.82623184079268,control (non-VVP),True,-7.187029822563396,-14.311301080562215,-7.25374712380008,-14.473080758637893,62,60
479,Sal,Chamoli,Unknown,Uttarakhand,True,30.6497801,79.5825101,31.99807128252253,control (non-VVP),True,-3.7684225563885922,-11.536298134410469,-3.783401699977483,-11.63598346121007,31,29
480,Lambagarh,Chamoli,Unknown,Uttarakhand,True,30.6541078,79.5165784,32.0553341957228,control (non-VVP),True,-0.5541895013036947,-8.042111685754097,-0.6334842957141986,-8.007723749100279,31,29
481,Nayachutti,Chamoli,Unknown,Uttarakhand,True,30.6485378,79.5332429,32.41449625832039,control (non-VVP),True,-10.475987933755402,-16.63864254873012,-10.554308307520802,-16.89731439642659,31,29
482,Pulna,Chamoli,Unknown,Uttarakhand,True,30.6357595,79.5716275,33.554494849387154,control (non-VVP),True,-2.914466842104543,-10.61510413489532,-3.0053854549098626,-10.734840694752029,31,29
483,Will Pulna,Chamoli,Unknown,Uttarakhand,True,30.635211,79.5724562,33.61399138587271,control (non-VVP),True,-4.9542055947740575,-12.322795740686384,-5.059303349600048,-12.523284215800686,31,29
484,Sumla,Uttarkashi,Unknown,Uttarakhand,True,31.3643581,79.1315444,5.627779859426751,control (non-VVP),True,-7.263407318654517,-14.540821199007743,-6.978820903159119,-14.240204642085102,31,29
485,波林三多,Uttarkashi,Unknown,Uttarakhand,True,31.3063902,79.1304897,8.97346728316324,control (non-VVP),True,-8.506755501027907,-15.851404238121562,-8.281583893044779,-15.552127662712476,31,29
486,Tirpani,Uttarkashi,Unknown,Uttarakhand,True,31.2764904,79.1066801,12.781892511914991,control (non-VVP),True,-7.010023544039933,-14.892358064695705,-6.845576563996474,-14.660368697603678,31,29
487,Nilapani,Uttarkashi,Unknown,Uttarakhand,True,31.1133518,79.1553581,15.061773828748594,control (non-VVP),True,-7.030548954575816,-16.348454173011145,-6.938941341747812,-16.18743937225172,31,29
488,桑村,Uttarkashi,Unknown,Uttarakhand,True,31.1815194,79.044165,15.272434644969527,control (non-VVP),True,-6.906653072585226,-15.895754586676524,-6.727073399035414,-15.68030813320684,31,29
489,葱莎,Uttarkashi,Unknown,Uttarakhand,True,31.1126554,79.0053748,19.17764189917796,control (non-VVP),True,-8.62235994388969,-15.819977628290555,-8.376157516735354,-15.350289749252227,31,29
490,Hindoligad,Uttarkashi,Unknown,Uttarakhand,True,31.0767806,78.9614641,21.732777927080967,control (non-VVP),True,-12.867428671382223,-19.36162343475591,-12.908430584558618,-19.172771838357363,32,29
491,Karchha,Uttarkashi,Unknown,Uttarakhand,True,31.04462,78.92578,24.95764711311822,control (non-VVP),True,-11.22838264961664,-17.702159938465883,-11.18650194839642,-17.71098575129495,31,29
492,Mukhba,Uttarkashi,Unknown,Uttarakhand,True,31.0449555,78.7799246,26.980573712116133,control (non-VVP),True,-8.617355081914413,-15.377351465787608,-8.817351950705207,-15.565219851294751,31,29
493,Lanka,Uttarkashi,Unknown,Uttarakhand,True,31.0302365,78.8679805,27.02544209422259,control (non-VVP),True,-11.755924570791274,-17.473681804302707,-11.748264348489448,-17.514530598849337,31,29
494,Bhaironghati,Uttarkashi,Unknown,Uttarakhand,True,31.0267173,78.8678798,27.410613091794325,control (non-VVP),True,-11.481349060431358,-17.299981685713767,-11.518025503076592,-17.40107397007966,31,29
495,Harsil,Uttarkashi,Unknown,Uttarakhand,True,31.0369099,78.7506484,28.055064151573287,control (non-VVP),True,-9.833225242502868,-16.117169649570968,-9.750026184438779,-15.99011948125528,31,29
496,Halunga,Uttarkashi,Unknown,Uttarakhand,True,31.0334361,78.7436711,28.520791760275166,control (non-VVP),True,-9.86333557975233,-15.793881540566767,-9.972485566633082,-15.8107649559849,31,29
497,Dhakroliya,Uttarkashi,Unknown,Uttarakhand,True,31.0349208,78.7312391,28.54448149749177,control (non-VVP),True,-12.185412753570972,-18.530075851847357,-12.314752057060856,-18.649220404001905,31,29
498,Sunagar,Uttarkashi,Unknown,Uttarakhand,True,31.01578,78.71155,31.0016111786727,control (non-VVP),True,-9.070829943314015,-16.05715446605159,-9.168755371201124,-16.217328014252132,31,29
499,Suki,Uttarkashi,Unknown,Uttarakhand,True,31.0029571,78.7013016,32.61251940187505,control (non-VVP),True,-6.3516737908400716,-13.335323441494426,-6.322121413066131,-13.098910310531558,31,29
500,Bhojwasa,Uttarkashi,Unknown,Uttarakhand,True,30.9504464,79.051513,33.50614382681282,control (non-VVP),True,-10.566917998543582,-17.889819705889696,-10.549680597508978,-17.727086106714246,31,29
501,Cherbasa,Uttarkashi,Unknown,Uttarakhand,True,30.9798732,79.0239489,33.59856849202152,control (non-VVP),True,-11.663134963502472,-18.391183609189643,-11.560982230866477,-18.236737845163944,31,29
502,Bhangeli,Uttarkashi,Unknown,Uttarakhand,True,30.9173929,78.6694748,42.55822493242618,control (non-VVP),True,-3.8954860057048624,-11.227074927241823,-3.8905990687364675,-11.063005509564073,31,29
503,Gangnani (village),Uttarkashi,Unknown,Uttarakhand,True,30.9124564,78.67581,42.93741159736116,control (non-VVP),True,-2.4840465841006316,-10.010676126750687,-2.538580341115499,-9.985754354594144,31,29
504,Seema,Uttarkashi,Unknown,Uttarakhand,True,31.1170286,78.3499378,43.2062044546696,control (non-VVP),True,-10.478720772578576,-16.932275492538796,-10.385033751368411,-16.7163897416391,59,61
505,Yamunotri,Uttarkashi,Unknown,Uttarakhand,True,30.999214,78.4626951,43.56636837738584,control (non-VVP),True,-7.5327996867775715,-13.954300985873564,-7.427060171780019,-13.820395569018359,31,29
506,Osla,Uttarkashi,Unknown,Uttarakhand,True,31.1188962,78.3427722,43.702470708703984,control (non-VVP),True,-7.67076123815686,-14.907245309945319,-7.565226145235596,-14.709578786566356,59,61
507,Hurri,Uttarkashi,Unknown,Uttarakhand,True,30.900444,78.694016,43.85649707889107,control (non-VVP),True,-14.570282085668358,-20.396611790528596,-14.341268960164067,-20.203324477193135,31,29
508,Gangnani,Uttarkashi,Unknown,Uttarakhand,True,30.9029774,78.6797824,43.870251674210536,control (non-VVP),True,-9.70643824029056,-16.672307947572133,-9.712168366020892,-16.752838698354875,31,29
509,Sungar,Uttarkashi,Unknown,Uttarakhand,True,30.8932364,78.6782549,44.95526774068584,control (non-VVP),True,-12.0205848179904,-18.555145963179626,-11.999023469889334,-18.597749604746557,31,29
510,Panwani,Uttarkashi,Unknown,Uttarakhand,True,31.1162624,78.3290382,44.99273687783485,control (non-VVP),True,-6.668472847271044,-14.088339447094594,-6.064773574049639,-13.579931622705223,59,61
511,Gangwar,Uttarkashi,Unknown,Uttarakhand,True,31.1081301,78.3128214,46.782319991467176,control (non-VVP),True,-9.259606655310838,-16.568823911456988,-8.938269737545522,-16.312730059533358,59,61
512,Janki Chatti,Uttarkashi,Unknown,Uttarakhand,True,30.9764513,78.4383369,46.98872281721196,control (non-VVP),True,-8.482545308522793,-15.872460727392351,-8.0512387248461,-15.093722754324022,31,29
513,Kharsālī,Uttarkashi,Unknown,Uttarakhand,True,30.9727889,78.4382202,47.31439009250329,control (non-VVP),True,-10.555761808925514,-18.001551752690418,-10.136542055254864,-17.220210115677236,31,29
514,Thangdung,Tawang,Unknown,Arunachal Pradesh,True,27.4924362,91.6448955,0.0530497356744593,control (non-VVP),False,-3.896069877720643,-10.446443975985618,-3.7990774336772315,-10.431743624480873,58,58
515,Chhema,Tawang,Unknown,Arunachal Pradesh,True,27.4766454,91.6640409,0.0707522494383866,control (non-VVP),False,-12.53257320910529,-18.759814269676486,-12.518208580828736,-18.828085476311756,58,58
516,Rashuthang,Tawang,Unknown,Arunachal Pradesh,True,27.1326518,91.9873523,0.2136932321291579,control (non-VVP),False,-10.717243162110176,-16.68631215728464,-10.645125008729341,-16.565798780081074,29,28
517,Khiliphu,Tawang,Unknown,Arunachal Pradesh,True,27.1933491,92.0177941,0.3846018236658946,control (non-VVP),False,-6.903373470691602,-13.188820267558174,-6.823295201733624,-13.176551090256527,29,28
518,Melongkhar,Tawang,Unknown,Arunachal Pradesh,True,27.4716594,91.6684389,0.4707461211988669,control (non-VVP),False,-12.438024185740854,-18.905035389346633,-12.404482001545711,-18.921209204519098,58,58
519,Tshothang,Tawang,Unknown,Arunachal Pradesh,True,27.1330028,91.9950426,0.5363907890614762,control (non-VVP),False,-10.371197055393447,-16.46202167573969,-10.292043357955315,-16.19163198905035,29,28
520,Manam,Tawang,Unknown,Arunachal Pradesh,True,27.4881511,91.6402804,0.6075063764981591,control (non-VVP),False,-3.55814326502076,-10.42151769113059,-2.9737363005508697,-10.529660179761096,58,58
521,Yerphel,Tawang,Unknown,Arunachal Pradesh,True,27.4708286,91.6567729,0.9002989595175754,control (non-VVP),False,-11.439843402167252,-17.82488552946221,-11.418350515293097,-17.82563730563181,58,58
522,Doogti,Tawang,Unknown,Arunachal Pradesh,True,27.4825186,91.6917615,1.262515030897246,control (non-VVP),False,-11.6200151283972,-17.695592404732096,-11.574982665393987,-17.65836841728026,58,58
523,Buri,Tawang,Unknown,Arunachal Pradesh,True,27.5138525,91.6470731,1.3784428309811594,control (non-VVP),False,-5.084634850457408,-12.147068465943581,-5.120347611554965,-12.019216794529008,58,58
524,勒村,Tawang,Unknown,Arunachal Pradesh,True,27.818098,91.7506349,1.4629941351242544,control (non-VVP),False,-6.134631622325318,-12.36765035652794,-6.607177651007651,-13.23929696937358,58,69
525,Dudunghar,Tawang,Unknown,Arunachal Pradesh,True,27.5069344,91.6530079,1.5845961590826654,control (non-VVP),False,-7.052785408524752,-13.513253926313581,-7.006904244861809,-13.415469937548766,58,58
526,Serzhong,Tawang,Unknown,Arunachal Pradesh,True,27.1264072,91.9705006,1.773329869788568,control (non-VVP),False,-11.741579086087778,-17.5231463576332,-11.676812241143272,-17.636523235075884,29,28
527,Gonong,Tawang,Unknown,Arunachal Pradesh,True,27.1258692,91.9685764,1.954115715779912,control (non-VVP),False,-12.071119296051416,-17.926916278551634,-12.038195231443675,-18.01910224660362,29,28
528,Blaiteng,Tawang,Unknown,Arunachal Pradesh,True,27.505442,91.6575862,1.9598216987706023,control (non-VVP),False,-4.267315493206224,-11.203629950501437,-4.160687331932424,-11.037270368704023,58,58
529,Shengdang,Tawang,Unknown,Arunachal Pradesh,True,27.4844282,91.622125,2.2570451148270707,control (non-VVP),False,-10.710991749762131,-16.69234723815476,-10.524251920273922,-17.13922436832073,58,58
530,Dongmareng,Tawang,Unknown,Arunachal Pradesh,True,27.5064997,91.6610772,2.297958008278038,control (non-VVP),False,-3.2674874488346655,-10.233808781499494,-2.9857008894448094,-9.937782027122822,58,58
531,Dungmanma,Tawang,Unknown,Arunachal Pradesh,True,27.0965531,91.9635015,2.538482354626705,control (non-VVP),False,-12.363864412364268,-18.479013395564,-12.405607690582096,-18.520238284213498,29,28
532,Chhemkhar,Tawang,Unknown,Arunachal Pradesh,True,27.4797134,91.6218298,2.5885902511741694,control (non-VVP),False,-8.177335010740835,-14.609026543272199,-8.194250072371583,-14.985312060527,58,58
533,Deptsang,Tawang,Unknown,Arunachal Pradesh,True,27.0530872,91.9825709,2.6697319999145583,control (non-VVP),False,-7.973715549918942,-14.312472282598437,-8.118793612428703,-14.526864135307706,29,28
534,嘎林久村,Tawang,Unknown,Arunachal Pradesh,True,27.8293568,91.7604054,2.670622656684135,control (non-VVP),False,-8.19404532691573,-13.971246243738518,-9.155668696769965,-14.93678152788818,58,69
535,Kaben,Tawang,Unknown,Arunachal Pradesh,True,27.489457,91.7279816,3.0298278851124576,control (non-VVP),False,-11.06321295819305,-17.795638525112203,-10.985845054939256,-17.801018812984967,58,58
536,汤乌村,Tawang,Unknown,Arunachal Pradesh,True,27.7949174,92.0216484,3.1750758441319165,control (non-VVP),False,-10.597075496368307,-18.390506319002277,-10.060194365580276,-17.830079142497073,29,41
537,Rolam,Tawang,Unknown,Arunachal Pradesh,True,27.4497486,91.651622,3.286415262060078,control (non-VVP),False,-11.17079758915297,-17.83099397603071,-11.144217247732854,-17.65399631353169,58,58
538,Marmey,Tawang,Unknown,Arunachal Pradesh,True,27.5382332,91.6496721,3.3525511690259813,control (non-VVP),False,-5.3693442296665355,-11.896135656502187,-5.779552359235927,-12.200025173131975,58,69
539,岗萨洞村,Tawang,Unknown,Arunachal Pradesh,True,27.7632673,91.9052521,3.488798536311699,control (non-VVP),False,-9.88556710760143,-18.471864593118088,-8.88107165262512,-17.219411651191745,58,69
540,Khinyel,Tawang,Unknown,Arunachal Pradesh,True,27.4814952,91.6087837,3.5922025763329763,control (non-VVP),False,-5.487465866086665,-12.275360864541106,-5.359527333923147,-12.480430421803058,58,58
541,Hatung La,Tawang,Unknown,Arunachal Pradesh,True,27.7767145,91.7101807,3.605519688388505,control (non-VVP),False,-6.011986935435686,-12.312134814036648,-6.885589578144645,-13.120110304314231,58,69
542,肖村,Tawang,Unknown,Arunachal Pradesh,True,27.7647714,91.9106823,3.647695054534462,control (non-VVP),False,-9.645293568173292,-18.109560841084345,-8.67679323652968,-16.986139973530875,58,69
543,昂定村,Tawang,Unknown,Arunachal Pradesh,True,27.7867208,91.8859646,3.79469937894999,control (non-VVP),False,-9.411909927661274,-17.971849888674935,-9.208389056778618,-17.564483501748814,58,69
544,肖康桑村,Tawang,Unknown,Arunachal Pradesh,True,27.7654854,91.9187235,3.8408363519477975,control (non-VVP),False,-9.965885039328514,-18.376350496036796,-9.786005628902995,-17.929973619859098,58,69
545,热吉干布村,Tawang,Unknown,Arunachal Pradesh,True,27.7800424,91.8914322,3.859158298463373,control (non-VVP),False,-10.983810804776862,-19.092325674375502,-11.011873089684984,-19.053642509580936,58,69
546,Murshindama,Tawang,Unknown,Arunachal Pradesh,True,27.4900655,91.6009715,3.86582329401555,control (non-VVP),False,-6.114043236921848,-12.689506109524459,-6.2523565875571725,-12.861507893262647,58,58
547,Bakpa,Tawang,Unknown,Arunachal Pradesh,True,27.4808559,91.6030526,4.137398419465273,control (non-VVP),False,-8.248780801785724,-14.930478873766296,-8.202862843765368,-15.23849559590503,58,58
548,Chelengdung,Tawang,Unknown,Arunachal Pradesh,True,27.5402668,91.6598059,4.1381078596207095,control (non-VVP),False,-4.681592059865157,-11.278764314183173,-5.065984045976275,-11.454473027978777,58,69
549,Maeldung,Tawang,Unknown,Arunachal Pradesh,True,27.4856619,91.602426,4.156678971974879,control (non-VVP),False,-5.364817845334814,-12.345705884149975,-5.480301749200592,-12.460483898088176,58,58
550,贤村,Tawang,Unknown,Arunachal Pradesh,True,27.8436163,91.7583626,4.25773595035611,control (non-VVP),False,-1.2749059208746027,-7.675681310864887,-1.99481717700709,-8.307315574500638,58,69
551,Pajab,Tawang,Unknown,Arunachal Pradesh,True,27.4874232,91.5980381,4.278181756290751,control (non-VVP),False,-4.4726159666031595,-11.383047712455427,-4.642030795444205,-11.470091763676592,58,58
552,Dungjee,Tawang,Unknown,Arunachal Pradesh,True,27.4989655,92.0097869,4.297136495986306,control (non-VVP),False,-10.978695055618829,-17.980856348021472,-11.082433342992694,-17.899454198869158,29,39
553,Benig,Tawang,Unknown,Arunachal Pradesh,True,27.499111,91.7352285,4.302094159838689,control (non-VVP),False,-11.913391665689593,-18.206858584515228,-11.820602024123179,-18.164248629299923,58,58
554,User,Tawang,Unknown,Arunachal Pradesh,True,27.5441215,91.6573264,4.332662551885869,control (non-VVP),False,-4.844787444696186,-11.397777813713741,-5.137429471225692,-11.581178541432804,58,69
555,Phomang,Tawang,Unknown,Arunachal Pradesh,True,27.5125531,91.694958,4.594783190459134,control (non-VVP),False,-6.661620293503796,-13.233744666297854,-6.777808045445437,-13.382872828180599,58,69
556,Sanghar,Tawang,Unknown,Arunachal Pradesh,True,27.5320099,91.6739901,4.655048653488116,control (non-VVP),False,-9.639357257450833,-16.364504971845445,-9.97798661805126,-16.537865811145135,58,69
557,Amatulla,Tawang,Unknown,Arunachal Pradesh,True,26.9164238,92.1272069,4.677931695751436,control (non-VVP),False,-9.310721663455704,-15.835030849919669,-9.151008646102861,-15.75677315705691,29,28
558,Tsechu,Tawang,Unknown,Arunachal Pradesh,True,27.7228408,92.0148221,4.839255499380271,control (non-VVP),False,-9.693316926009842,-16.549087769062705,-9.561805525814101,-16.420690613925526,29,39
559,Dormeleng,Tawang,Unknown,Arunachal Pradesh,True,27.536051,91.6739209,4.872489192383831,control (non-VVP),False,-7.022273302870247,-13.766174170154327,-7.400057967207502,-13.96310833369914,58,69
560,Bagajang Gompa,Tawang,Unknown,Arunachal Pradesh,True,27.5002605,92.0203955,4.958258166043775,control (non-VVP),False,-11.17107691353532,-19.48580215948336,-11.210657114870854,-19.338010367208966,29,39
561,Tokshing,Tawang,Unknown,Arunachal Pradesh,True,27.4808904,91.593587,5.122650449450419,control (non-VVP),False,-8.127966556003257,-14.599530974811735,-8.385589606358682,-15.011034581184639,58,58
562,Hoongla,Tawang,Unknown,Arunachal Pradesh,True,27.5133024,91.7221181,5.219682444374062,control (non-VVP),False,-6.9612358878060325,-13.432848291567474,-7.62353709711666,-13.93147381607203,58,69
563,Jyonkhar,Tawang,Unknown,Arunachal Pradesh,True,27.4166116,91.8630804,5.32297028667344,control (non-VVP),False,-9.971932298449472,-16.517382156713474,-9.898923282177366,-16.307280714828664,58,58
564,Yalang,Tawang,Unknown,Arunachal Pradesh,True,27.4502664,91.6143036,5.344180485109096,control (non-VVP),False,-11.16996546702253,-17.679710391563855,-11.280417290114416,-17.731187342451236,58,58
565,Draktsa,Tawang,Unknown,Arunachal Pradesh,True,27.4787894,91.5913526,5.444411778180608,control (non-VVP),False,-8.671558571944258,-15.202445216297823,-8.987051943666415,-15.782058357294678,58,58
566,Kharung,Tawang,Unknown,Arunachal Pradesh,True,27.5083212,91.7443344,5.472869874542752,control (non-VVP),False,-12.374608299801151,-18.709569271585263,-12.652346123521975,-19.087477686774136,58,69
567,Sazo,Tawang,Unknown,Arunachal Pradesh,True,27.5211872,91.6919115,5.481263190914099,control (non-VVP),False,-6.438906857353789,-13.143770986208303,-7.0350162248341155,-13.298546700065543,58,69
568,Phongmey,Tawang,Unknown,Arunachal Pradesh,True,27.4070065,91.7604157,5.607059510498883,control (non-VVP),False,-4.200869321597437,-11.374350197863237,-4.165391733257539,-11.2749099239219,58,58
569,Domtshang,Tawang,Unknown,Arunachal Pradesh,True,27.4997616,91.5585743,5.782144752556093,control (non-VVP),False,-12.508830804667966,-18.326612139984455,-12.61578034204462,-18.43008240151092,58,58
570,Bulaisen,Tawang,Unknown,Arunachal Pradesh,True,27.7447203,91.6940265,5.82737530462685,control (non-VVP),False,-1.4284706394362228,-8.185437660154962,-2.22640206613818,-8.828408195865338,58,69
571,Zirkhim,Tawang,Unknown,Arunachal Pradesh,True,27.759106,91.6987037,5.859782408176547,control (non-VVP),False,-4.7201107221035485,-11.238553666785085,-5.70004067419092,-12.004211909342896,58,69
572,Kharteng,Tawang,Unknown,Arunachal Pradesh,True,27.5322737,91.68881,5.999022821529483,control (non-VVP),False,-11.468630040125369,-17.574943473024614,-11.458421626244082,-17.52775536742757,58,69
573,次麦夺村,Tawang,Unknown,Arunachal Pradesh,True,27.8974291,92.1766052,6.052669664149844,control (non-VVP),False,-13.862764660679405,-22.89252996705806,-13.521359120209901,-22.360385674957016,29,39
574,Phanbu,Tawang,Unknown,Arunachal Pradesh,True,27.6755489,91.5190859,6.305048458247884,control (non-VVP),False,-7.536160767585903,-13.704266453894336,-7.733310571418286,-13.933495304430458,58,69
575,Omling Gumpha,Tawang,Unknown,Arunachal Pradesh,True,27.3154109,92.1483055,6.3896102932832,control (non-VVP),False,-8.753023260662799,-16.012337608249105,-8.67242393941827,-15.959225409554914,29,28
576,Malang,Tawang,Unknown,Arunachal Pradesh,True,26.9199558,91.5006852,6.544052295400638,control (non-VVP),False,-8.229612540325135,-14.692823688093307,-8.296581895189833,-14.709889425499904,58,58
577,Sayphu,Tawang,Unknown,Arunachal Pradesh,True,27.3989221,91.7976093,6.574000800085611,control (non-VVP),False,-9.980559928725702,-16.317958389136482,-9.985957863907586,-16.320529190093396,58,58
578,Taktsang,Tawang,Unknown,Arunachal Pradesh,True,27.7202129,91.7987847,6.611126228743398,control (non-VVP),False,-7.797033597704985,-14.571723492241818,-8.181486705910904,-14.84664995883093,58,81
579,Bimkhar,Tawang,Unknown,Arunachal Pradesh,True,27.5996103,91.5097951,6.638943392136434,control (non-VVP),False,-10.375254345805061,-16.565481262187003,-10.54385184482734,-16.75597218231455,58,69
580,Baghar,Tawang,Unknown,Arunachal Pradesh,True,27.5386646,91.692876,6.666281448423297,control (non-VVP),False,-12.685758374038542,-18.88862687369502,-12.748233634706185,-18.898258323765948,58,69
581,多塘村,Tawang,Unknown,Arunachal Pradesh,True,27.903248,92.1752696,6.687710366493971,control (non-VVP),False,-11.593622418238997,-20.53590900862794,-11.103211745743913,-20.07323065580025,29,39
582,Chongti,Tawang,Unknown,Arunachal Pradesh,True,26.9210081,91.5019834,6.702028757469772,control (non-VVP),False,-8.292026391437295,-14.720145802788231,-8.317113477959188,-14.725846102609642,58,58
583,Surbin,Tawang,Unknown,Arunachal Pradesh,True,27.6044729,91.6478797,6.702895702948471,control (non-VVP),False,-2.0498562278253756,-9.092434687518395,-2.9338540728171605,-9.863443909366245,58,69
584,聚塘贡村,Tawang,Unknown,Arunachal Pradesh,True,27.8906837,92.1452425,6.822658743170266,control (non-VVP),False,-11.282576609520296,-19.595817646741562,-10.992618950713192,-19.237070851900548,29,39
585,Lengkhar,Tawang,Unknown,Arunachal Pradesh,True,27.5034784,91.5433416,6.853299421939489,control (non-VVP),False,-10.178034101495697,-16.34743501296493,-10.377703589616937,-16.42858866588545,58,58
586,Milum,Tawang,Unknown,Arunachal Pradesh,True,26.9234976,91.5029731,6.994210696636249,control (non-VVP),False,-9.071423263997941,-15.45388351517687,-9.138456257146888,-15.464248544263736,58,58
587,Serpang,Tawang,Unknown,Arunachal Pradesh,True,27.4822039,91.5608666,7.013018805295741,control (non-VVP),False,-12.217974315683268,-18.168930486013277,-12.346484137013427,-18.275511305082773,58,58
588,Bilam,Tawang,Unknown,Arunachal Pradesh,True,26.9275894,91.4938939,7.124552220484405,control (non-VVP),False,-8.598327047167373,-14.947994215296342,-8.61416092514284,-15.030252809037403,58,58
589,Mitshishing,Tawang,Unknown,Arunachal Pradesh,True,26.9259082,91.501286,7.177685965942646,control (non-VVP),False,-9.035604299388185,-15.469918359490471,-9.142136261885497,-15.50637793542875,58,58
590,Bayling,Tawang,Unknown,Arunachal Pradesh,True,27.6261775,91.5004863,7.217830939928738,control (non-VVP),False,-10.417135276220398,-16.639882588781198,-10.609506563714916,-16.773620949013047,58,69
591,Phugyang,Tawang,Unknown,Arunachal Pradesh,True,27.4398176,91.5994167,7.225682139782148,control (non-VVP),False,-12.220094047059291,-18.27534235201231,-12.242625982421702,-18.33108960498446,58,58
592,Neygang,North,Unknown,Sikkim,True,26.8222735,89.2456924,0.0354397827185006,control (non-VVP),False,-4.9311768049379685,-11.587935257187524,-4.960629590271629,-11.477355846277964,31,41
593,Mangalbare,North,Unknown,Sikkim,True,26.9641686,88.0931146,0.0646404924804474,control (non-VVP),False,-7.581894520124516,-14.28475838426601,-7.727200282321212,-14.372729198323224,31,29
594,Tingtingma,North,Unknown,Sikkim,True,26.83608,89.2607505,0.1374003726741908,control (non-VVP),False,-9.396282078633538,-15.846416446917113,-9.639627099289312,-16.134182188111478,58,58
595,Tading,North,Unknown,Sikkim,True,26.842835,89.2980981,0.1836409106089793,control (non-VVP),False,-5.666092478145062,-12.378934347118248,-5.795166242572921,-12.44666220774164,61,59
596,Katao,North,Unknown,Sikkim,True,27.6714244,88.8140893,0.4093092829809311,control (non-VVP),False,-11.393223660523716,-18.905127714909383,-11.3785315818378,-18.748883438649358,31,29
597,Kupup,North,Unknown,Sikkim,True,27.35065,88.8396693,0.4220779702879976,control (non-VVP),False,-10.251815743437486,-19.18994566576164,-10.102510229452522,-19.0583739952811,31,29
598,Kumai,North,Unknown,Sikkim,True,26.9721659,88.8529694,0.4496922242930337,control (non-VVP),False,-8.958944274146853,-15.778436615689573,-8.832028248552568,-15.502923091720918,31,29
599,Sherathang,North,Unknown,Sikkim,True,27.3803999,88.8152126,0.4936963693973037,control (non-VVP),False,-11.20337262797548,-19.064810617669664,-11.203706639238707,-19.196168694269954,31,29
600,Gidaibir,North,Unknown,Sikkim,True,26.8366987,89.2715013,0.4987423550079105,control (non-VVP),False,-5.220854373034959,-11.644209677857942,-5.700077690311055,-11.977782124698665,61,59
601,Marwatraya,North,Unknown,Sikkim,True,26.8521011,89.3113536,0.537664567588106,control (non-VVP),False,-7.2172033900432835,-14.113839120495859,-7.490432777107766,-14.400352481730117,61,59
602,Daduwachok,North,Unknown,Sikkim,True,27.278697,88.0127539,0.6010992404530895,control (non-VVP),False,-10.450547852614042,-16.895984124675635,-10.775146535166805,-17.33229607817776,31,29
603,Doomshinggang,North,Unknown,Sikkim,True,26.819084,89.1416207,0.6994205554095879,control (non-VVP),False,-7.0649139123484455,-13.721631413057736,-7.037513581142927,-13.660825711325455,31,29
604,Nyoenpalingmaed,North,Unknown,Sikkim,True,26.8229454,89.2250516,0.7472079788470537,control (non-VVP),False,-8.73060355234372,-15.753490170395212,-8.680829111414246,-15.65164149835292,31,29
605,Shri Antu,North,Unknown,Sikkim,True,26.8809868,88.1307377,0.8495012448518934,control (non-VVP),False,-8.487480506067717,-15.030845700711879,-8.373641484089987,-15.046066987282444,31,29
606,Doleg,North,Unknown,Sikkim,True,26.819408,89.1716232,0.9051630724290842,control (non-VVP),False,-6.637507262041234,-13.53365953334862,-6.700505221502068,-13.465835422864206,31,29
607,Rongo,North,Unknown,Sikkim,True,27.0385628,88.8358784,0.9661025806763252,control (non-VVP),False,-3.6818658648860927,-11.020162391680065,-3.729045488569969,-10.898144082918044,31,29
608,Todey,North,Unknown,Sikkim,True,27.1108271,88.8252278,1.0056724908623245,control (non-VVP),False,-4.666998954667551,-11.59899084398636,-4.779707929272564,-11.597636420423155,31,29
609,Dugpoling,North,Unknown,Sikkim,True,26.8538049,89.2820477,1.014366765057029,control (non-VVP),False,-3.932158477027764,-10.752510169871888,-4.281982825734775,-11.006148590184637,61,59
610,Hauri,North,Unknown,Sikkim,True,26.8351402,89.2827694,1.0515924551522455,control (non-VVP),False,-4.604744007257364,-11.540006037370361,-4.814634223272027,-11.618364799391438,61,59
611,Totopara,North,Unknown,Sikkim,True,26.8357066,89.3075323,1.1217663315424862,control (non-VVP),False,-6.585615660909126,-13.535594952812545,-6.835840075823336,-13.76029137537893,61,59
612,Gorkhe Bazar,North,Unknown,Sikkim,True,26.9554832,88.0775912,1.8877153943244096,control (non-VVP),False,-8.233458172117684,-14.810037005951088,-8.477017010227247,-14.961807649855382,31,29
613,Tumliṅ,North,Unknown,Sikkim,True,27.0312588,88.0689601,1.952452896070509,control (non-VVP),False,-11.847294106060854,-18.82516157287095,-12.193594925959015,-19.042183995937574,31,29
614,Gariabas,North,Unknown,Sikkim,True,27.024001,88.8656552,1.9886380969430395,control (non-VVP),False,-4.848803003030611,-11.755049122639269,-4.672785187819567,-11.618769740058287,31,29
615,Lachhungthang,North,Unknown,Sikkim,True,26.8295321,89.1899901,2.040227433577781,control (non-VVP),False,-8.097375067932505,-15.620506854655046,-8.04623846989327,-15.624906209472108,31,29
616,Gurãse,North,Unknown,Sikkim,True,27.027135,88.0744586,2.092496369904318,control (non-VVP),False,-12.170111116450586,-18.76026408916806,-12.451332234211717,-19.002040041100855,31,29
617,Gairibas,North,Unknown,Sikkim,True,27.0592783,88.0246254,2.0927719373359936,control (non-VVP),False,-8.890832641137226,-15.199760386033779,-8.947943664772591,-15.372092821794523,31,29
618,Dangreyboog,North,Unknown,Sikkim,True,26.9392244,89.008113,2.139504061456761,control (non-VVP),False,-8.183536078221183,-14.67818779045595,-8.095115316936084,-14.3962398152173,31,29
619,काला पोखरी,North,Unknown,Sikkim,True,27.0788791,88.0171082,2.2196151166504423,control (non-VVP),False,-9.946849642215103,-16.128850977819567,-10.042592419483068,-16.320815772313754,31,29
620,Dadheli,North,Unknown,Sikkim,True,27.0860589,87.9548391,2.2898595952271785,control (non-VVP),False,-7.827302229422567,-14.138079770119807,-8.000965698605684,-14.587779529004225,31,29
621,लुम्चोक,North,Unknown,Sikkim,True,27.0800523,87.9589886,2.3395745634031484,control (non-VVP),False,-12.61899525178755,-18.596204656595333,-12.765863463470694,-18.943158384740023,31,29
622,Kandan,North,Unknown,Sikkim,True,27.2632886,87.9854179,2.387155050260856,control (non-VVP),False,-10.20928639365594,-16.484745059770443,-10.398652761269018,-16.779345056959873,31,29
623,Magargau,North,Unknown,Sikkim,True,27.2531652,87.9799507,2.4259457880824007,control (non-VVP),False,-13.200218909290676,-19.268031237285197,-13.426611930885171,-19.59360680376234,31,29
624,Changgu,North,Unknown,Sikkim,True,27.3778843,88.7709213,2.4303020148375434,control (non-VVP),False,-10.535925233587625,-18.678216045507398,-10.49063418333376,-18.749473142192432,31,29
625,Bikeybhanjan,North,Unknown,Sikkim,True,27.0929468,88.01296,2.4946215039078736,control (non-VVP),False,-9.002007486307544,-15.098110668334614,-9.00562504294606,-15.108998255083824,31,30
626,Megma,North,Unknown,Sikkim,True,27.0239524,88.0828861,2.5710113040084863,control (non-VVP),False,-10.541526839179157,-17.016169704919484,-10.840565408658815,-17.17553899685279,31,29
627,Sandakphu,North,Unknown,Sikkim,True,27.104806,88.0015441,2.579681664896949,control (non-VVP),False,-7.712408207285814,-14.163232645668023,-7.864178080768288,-14.176345120206753,31,29
628,Katrepakha,North,Unknown,Sikkim,True,26.9903319,88.9319658,2.607344879343358,control (non-VVP),False,-9.616280320997953,-16.414513926560076,-9.536763303547836,-16.12333427414652,31,29
629,Bugkha,North,Unknown,Sikkim,True,26.869138,89.2872405,2.6784303130882674,control (non-VVP),False,-7.064326222153787,-13.588820737911723,-7.445202400431099,-13.93274751535517,61,59
630,Chamurchi,North,Unknown,Sikkim,True,26.8827274,89.0903663,2.7225711132266324,control (non-VVP),False,-7.544314713061725,-15.154358893455544,-7.419155368115042,-14.88868373412588,31,29
631,Jhalong,North,Unknown,Sikkim,True,27.0401327,88.8732963,2.7465010739437283,control (non-VVP),False,-5.6892380193181085,-12.70925688270972,-5.763873851432838,-12.734720782915401,31,29
632,Khamzangling,North,Unknown,Sikkim,True,26.9747954,88.9498508,2.9095350172627934,control (non-VVP),False,-6.167092867998265,-12.890955461154903,-6.175057304790556,-12.840880271366617,31,29
633,Tharphu,North,Unknown,Sikkim,True,26.9893377,88.9368045,2.9102798377936985,control (non-VVP),False,-9.68910156303006,-16.140953225405923,-9.589468446442574,-16.023958962393795,31,29
634,Yugo,North,Unknown,Sikkim,True,26.8975661,89.0839157,2.916803936913932,control (non-VVP),False,-8.52154187836022,-15.215856176064355,-8.503341213593766,-15.051096915790714,31,29
635,Kardo,North,Unknown,Sikkim,True,26.9492965,88.9928788,2.9572807826624348,control (non-VVP),False,-8.282466823358225,-14.996334972048716,-8.275450052357382,-14.893320230409707,31,29
636,Paren,North,Unknown,Sikkim,True,27.0636736,88.8734078,2.979857761316277,control (non-VVP),False,-4.5971740656287405,-11.684082690116547,-4.63282637512312,-11.666687570192074,31,29
637,Tonglu,North,Unknown,Sikkim,True,27.033721,88.0805457,3.013399463859864,control (non-VVP),False,-9.521768158258356,-15.855746864792325,-9.642915468793248,-15.89430448578628,31,29
638,Samarjun,North,Unknown,Sikkim,True,27.2603728,87.975741,3.134339894708016,control (non-VVP),False,-11.91435645968224,-18.261305587014206,-11.913542465814677,-18.177679826867415,31,29
639,Chhubakha,North,Unknown,Sikkim,True,27.8241475,88.815369,3.225655994048761,control (non-VVP),False,-11.407271554517019,-19.584707732601544,-11.542916466146883,-19.79334627126427,31,29
640,Sisne,North,Unknown,Sikkim,True,27.2634845,87.9756726,3.281271091190319,control (non-VVP),False,-10.898294687995921,-17.340116884397524,-10.988164933657215,-17.36783350381368,31,29
641,Sampheling,North,Unknown,Sikkim,True,27.1213407,88.8490569,3.357082188195897,control (non-VVP),False,-5.434116686902226,-12.31777286552819,-5.538947177448843,-12.33577200290034,31,29
642,Rabi,North,Unknown,Sikkim,True,27.3014656,87.9929991,3.4248380521192847,control (non-VVP),False,-12.918418939769515,-19.114135008567487,-12.938409067127578,-19.17178637580371,31,29
643,Samphelgang,North,Unknown,Sikkim,True,27.1264595,88.8453086,3.601970449961409,control (non-VVP),False,-5.5038046834588625,-12.495449145051543,-5.688428751150496,-12.549840534522962,31,29
644,Sepi,North,Unknown,Sikkim,True,27.2967297,87.9885069,3.618710893016439,control (non-VVP),False,-8.982919882916844,-15.50898277449797,-9.02210517059483,-15.514186448750852,31,29
645,Depheling,North,Unknown,Sikkim,True,26.9742504,88.9581871,3.6261462396301702,control (non-VVP),False,-8.224679251325533,-15.174343512295527,-8.279450540544438,-15.009951284331027,31,29
646,Nojangsa Nyipa,North,Unknown,Sikkim,True,26.8786124,89.3011236,3.641663302075516,control (non-VVP),False,-7.188936979719145,-13.789314271505893,-7.298804435103965,-13.900058724410137,61,60
647,Norgeygang,North,Unknown,Sikkim,True,27.1251166,88.8483354,3.649812594241609,control (non-VVP),False,-5.874012515270868,-12.897692825964512,-6.0283142342088905,-12.940134060584114,31,29
648,Tsomgo,North,Unknown,Sikkim,True,27.3754372,88.7566799,3.682317154899109,control (non-VVP),False,-10.010103307556102,-17.199036603631814,-10.08973751274441,-17.21482626462764,31,29
649,Ekrate,North,Unknown,Sikkim,True,27.252172,87.9651893,3.722050764424155,control (non-VVP),False,-11.251468076384699,-17.503417025714118,-11.30209966988093,-17.69180585261717,31,29
650,Karmaling,North,Unknown,Sikkim,True,27.1204516,88.8555324,3.729363223002584,control (non-VVP),False,-3.666128704179219,-10.77031077870759,-3.8192262024303956,-10.742281159515002,31,29
651,Timbure,North,Unknown,Sikkim,True,27.2927386,87.9850534,3.751930497106271,control (non-VVP),False,-9.553173382171913,-15.92796469931962,-9.463356881990084,-15.845052730680678,31,29
652,Norbuling,North,Unknown,Sikkim,True,26.8925739,89.0972757,3.822535323022741,control (non-VVP),False,-7.994858318898566,-15.254019213621394,-7.972777081866482,-15.192383319110835,31,29
653,Sugure,North,Unknown,Sikkim,True,27.2608375,87.9680869,3.850674336389128,control (non-VVP),False,-11.42977492993141,-17.887410163958616,-11.68370441815387,-18.13451685346184,31,29
654,Kuengaling,North,Unknown,Sikkim,True,27.1353079,88.8366105,3.865136594950476,control (non-VVP),False,-3.9774264858887354,-11.12863511163978,-4.081767490303356,-11.127275021353741,31,41
655,Khangzhima,North,Unknown,Sikkim,True,26.9887258,88.950355,3.9124028155231376,control (non-VVP),False,-8.33300430615756,-15.198040971314716,-8.372217613653174,-15.0682453365176,31,29
656,Kharsaling,North,Unknown,Sikkim,True,26.9981042,88.9418471,3.919752320650081,control (non-VVP),False,-9.878908167025502,-16.894047909780507,-9.721160793083273,-16.422220746535395,31,29
657,Bindu,North,Unknown,Sikkim,True,27.0986121,88.8716429,3.9264302281607857,control (non-VVP),False,-6.387818740259654,-13.367622073850887,-6.473848814464697,-13.359094406178963,31,29
658,Sagadada,North,Unknown,Sikkim,True,27.2743415,87.9725518,4.055684917075906,control (non-VVP),False,-9.642565669659968,-15.920746113163396,-9.714628189096747,-16.128666055014392,31,41
659,Nagrakata,North,Unknown,Sikkim,True,26.887366,88.9115671,4.089471232915417,control (non-VVP),False,-6.636796905939002,-14.083358079489136,-6.507307433020513,-13.968130071816336,31,29
660,Beteni,North,Unknown,Sikkim,True,27.2990623,87.9842607,4.109805314172164,control (non-VVP),False,-9.186281130497873,-15.797870197150464,-9.165878649993887,-15.699145337543138,31,29
661,Samsing,North,Unknown,Sikkim,True,26.9891656,88.8036059,4.215283346249905,control (non-VVP),False,-6.503014042217996,-13.240144625134551,-6.365797887973815,-13.135564478847108,31,29
662,राम्चे (Ramche),North,Unknown,Sikkim,True,27.5940731,88.0313801,4.2397145853402165,control (non-VVP),False,-12.178418238599855,-20.035699106869195,-12.281314783671288,-20.154575543401386,31,29
663,Migphelgang,North,Unknown,Sikkim,True,27.1290662,88.8545122,4.363893173569808,control (non-VVP),False,-4.535636009722729,-11.690827031807743,-4.692021288291324,-11.555765450873546,31,29
664,Chamilindada,North,Unknown,Sikkim,True,27.2564045,87.9589886,4.476766394844066,control (non-VVP),False,-9.745904955394018,-16.46005913161975,-9.945961829217177,-16.77919992811452,31,29
665,Patshaling,North,Unknown,Sikkim,True,27.1459569,88.8314001,4.497957969345004,control (non-VVP),False,-2.4797723331875803,-9.69795207107622,-2.4233555079060727,-9.619214938067959,31,29
666,Sisne,North,Unknown,Sikkim,True,27.278902,87.9695767,4.532116420063161,control (non-VVP),False,-12.527786264156036,-18.68531111984903,-12.565598310401612,-18.837579748497006,31,41
667,Nojangsa Dangpa,North,Unknown,Sikkim,True,26.8871962,89.2838824,4.684382905124696,control (non-VVP),False,-9.574946251392438,-15.989026262494766,-9.626306361996901,-15.951935511709914,61,59
668,Pangpema,North,Unknown,Sikkim,True,27.7878398,88.1100906,4.6922108464505925,control (non-VVP),False,-10.461898909200103,-18.11926032260527,-10.560859656704073,-18.200657688270873,31,29
669,Simana,North,Unknown,Sikkim,True,26.9846521,88.1356918,4.755966616225002,control (non-VVP),False,-9.819401395403005,-15.805284283515418,-9.678629747516027,-15.848998114484493,31,29
670,Gashingma,North,Unknown,Sikkim,True,26.8543744,89.1888303,4.791395856513222,control (non-VVP),False,-6.650804905063079,-13.235650640073484,-6.730875617653194,-13.154958935764126,31,29
671,Perunge,North,Unknown,Sikkim,True,27.2523041,87.9531478,4.821995927290392,control (non-VVP),False,-8.868591984275689,-15.261526458665683,-8.955465666726493,-15.400306694029727,31,29
672,Joenleksa,North,Unknown,Sikkim,True,26.9988785,88.9532304,4.8527674534351,control (non-VVP),False,-8.302274878526783,-14.898489158252612,-8.213074256846399,-14.745869698804198,31,29
673,Phanchebun,North,Unknown,Sikkim,True,27.0558235,87.9505824,4.880443684657196,control (non-VVP),False,-11.615709133968958,-17.771711701888222,-11.741858761760545,-18.070398159739515,31,29
674,Dombang,North,Unknown,Sikkim,True,27.7456823,88.777401,4.952018864728949,control (non-VVP),False,-7.154551438952371,-13.793104065653154,-7.385483728708668,-13.974221948240611,31,29
675,Tserima,North,Unknown,Sikkim,True,26.8970136,89.1079938,5.0001862830661485,control (non-VVP),False,-9.628785494356404,-16.089113289862752,-9.69692117020838,-16.140413655489557,31,29
676,Baichhadrangra,North,Unknown,Sikkim,True,26.8907462,89.1119796,5.051882633741652,control (non-VVP),False,-8.616992309430195,-15.0060057808704,-8.734750867690835,-15.184361844878216,31,29
677,Gangawa,North,Unknown,Sikkim,True,27.2961738,87.9718593,5.105567853365814,control (non-VVP),False,-13.207179131403196,-19.604329177386447,-13.548685072453694,-19.95345863119527,31,29
678,Muklabu,North,Unknown,Sikkim,True,27.2868659,87.9666335,5.15947744905538,control (non-VVP),False,-13.439568548941152,-19.758570130955345,-13.418245238638333,-19.699135111847625,31,29
679,Tirsuley,North,Unknown,Sikkim,True,27.0096612,88.9474797,5.17216692808125,control (non-VVP),False,-6.933753155112813,-13.597331059041354,-6.822002346713565,-13.447308909673929,31,29
680,Serpe,North,Unknown,Sikkim,True,27.0734953,87.9288146,5.236702331017508,control (non-VVP),False,-3.1293752591050246,-9.879944956665122,-3.124132106295106,-10.14402012662891,31,29
681,Chyanthapu,North,Unknown,Sikkim,True,27.2635164,87.9541546,5.237476189395344,control (non-VVP),False,-11.209692496506609,-17.77522254880338,-11.619908736578394,-18.152775301030218,31,29
682,Memekha,North,Unknown,Sikkim,True,26.8941073,89.3031281,5.251209710485094,control (non-VVP),False,-9.177672987583646,-15.243731119580183,-9.313590244222242,-15.412433677811155,61,59
683,Nibhare,North,Unknown,Sikkim,True,27.3091311,87.9755405,5.356886421662148,control (non-VVP),False,-5.379981701007056,-12.455268330386051,-5.847219117665407,-12.816487081144409,31,29
684,Fikkal,North,Unknown,Sikkim,True,26.8952118,88.0661527,5.522309970347057,control (non-VVP),False,-8.209806407232408,-15.000812495431925,-8.249332164860702,-14.95153613605388,31,29
685,Asigada,Pithoragarh,Unknown,Uttarakhand,True,29.7996422,80.4676047,0.0217459813321956,control (non-VVP),False,-8.55527185487829,-15.265277152879836,-8.332250278889672,-15.204998360133045,31,31
686,Kapada,Pithoragarh,Unknown,Uttarakhand,True,29.9558311,80.6035153,0.0267355484997716,control (non-VVP),False,-10.370652597212993,-16.949390507799546,-10.57637085625177,-17.122962312743905,31,31
687,Narayan Ashram,Pithoragarh,Unknown,Uttarakhand,True,29.9707,80.65476,0.0323530316101096,control (non-VVP),False,-9.497037402441547,-15.986907295294882,-9.412820660719436,-15.903901303815651,31,31
688,Khaikon,Pithoragarh,Unknown,Uttarakhand,True,29.4443489,80.2390132,0.0457995656921864,control (non-VVP),False,-8.727814598843429,-15.742365129852004,-8.689877986568684,-15.800461681701668,31,31
689,Napalcho,Pithoragarh,Unknown,Uttarakhand,True,30.1820716,80.8515056,0.0730629720601801,control (non-VVP),False,-8.82723021693769,-16.374467055538236,-8.877365861689293,-16.013619171029678,31,31
690,Bagrihat,Pithoragarh,Unknown,Uttarakhand,True,29.74274,80.36225,0.1180550634206112,control (non-VVP),False,-9.35084784215909,-16.34396560077868,-9.170062258374077,-16.026615690158234,31,31
691,Dhar,Pithoragarh,Unknown,Uttarakhand,True,29.9557902,80.6196706,0.2298227603424047,control (non-VVP),False,-11.636047061258074,-18.111056700007644,-11.719641837156182,-18.13721870069369,31,31
692,Bajani,Pithoragarh,Unknown,Uttarakhand,True,29.7922615,80.4523603,0.2426748211939083,control (non-VVP),False,-14.057125632621007,-19.745854857133118,-14.082889209524941,-20.143547572540214,31,31
693,Pancheshwar,Pithoragarh,Unknown,Uttarakhand,True,29.4437807,80.2435846,0.2440552185036964,control (non-VVP),False,-9.889737236949358,-16.783270101577205,-9.844458613600594,-16.900817257726125,31,31
694,Jadani,Pithoragarh,Unknown,Uttarakhand,True,29.746009,80.3665526,0.3448222317402624,control (non-VVP),False,-10.691321786304869,-17.723437789253055,-10.50486307554938,-17.469989978927895,31,31
695,Uchauligot,Pithoragarh,Unknown,Uttarakhand,True,29.1103277,80.1412411,0.3567176546403396,control (non-VVP),False,-9.589186344501446,-16.24610585007797,-9.50554032211543,-16.29996169320102,31,31
696,Thapla,Pithoragarh,Unknown,Uttarakhand,True,29.7886805,80.4316761,0.3795500881670989,control (non-VVP),False,-14.113226424942672,-19.969037755850124,-14.20469201052547,-20.17719663613626,31,31
697,Dokat,Pithoragarh,Unknown,Uttarakhand,True,29.9568545,80.6305181,0.3798788431712798,control (non-VVP),False,-8.518777988438389,-16.389066889865397,-8.657706785798984,-16.328825747946482,31,31
698,Naji,Pithoragarh,Unknown,Uttarakhand,True,29.9619303,80.6220175,0.4061790534077216,control (non-VVP),False,-10.009814154082923,-16.599002124780416,-10.040857456560682,-16.54832009982356,31,31
699,Tarkuli,Pithoragarh,Unknown,Uttarakhand,True,29.2431392,80.2752757,0.4084649937852405,control (non-VVP),False,-6.946535928622396,-13.632137067285221,-7.028099641117089,-13.70632046826179,31,31
700,Titri,Pithoragarh,Unknown,Uttarakhand,True,29.73587,80.36225,0.4402156242512728,control (non-VVP),False,-10.268096704491928,-17.165662502426354,-9.986694302872444,-16.66956396605305,31,31
701,Bajani,Pithoragarh,Unknown,Uttarakhand,True,29.7877192,80.4580098,0.4428059609165389,control (non-VVP),False,-13.374633654294502,-19.167927247322094,-13.39571750728093,-19.35425095259884,31,31
702,Majarkana,Pithoragarh,Unknown,Uttarakhand,True,29.58069,80.36362,0.4476146132273144,control (non-VVP),False,-9.663849285949608,-16.29648740333123,-9.62968879159768,-16.246851830432064,31,31
703,Bajkot,Pithoragarh,Unknown,Uttarakhand,True,29.2933981,80.2871954,0.4547906787232245,control (non-VVP),False,-9.322086760916413,-16.014884162112114,-9.385825426555686,-16.124683763634813,31,31
704,Syaku,Pithoragarh,Unknown,Uttarakhand,True,29.9514029,80.601573,0.4899691379136102,control (non-VVP),False,-13.890730934252648,-19.864111399443015,-14.113949171698904,-20.243167586798535,31,31
705,Chhiyalekh,Pithoragarh,Unknown,Uttarakhand,True,30.1200614,80.8384468,0.520514503646884,control (non-VVP),False,-4.600927678629759,-12.070882207869497,-4.857127918185947,-12.177517049035739,31,62
706,Gullah,Pithoragarh,Unknown,Uttarakhand,True,30.02426,80.7193,0.5764591109992325,control (non-VVP),False,-13.135008574408559,-19.143433944638243,-13.126498969678346,-19.172980880069698,31,31
707,Uleni,Pithoragarh,Unknown,Uttarakhand,True,29.7756777,80.4149282,0.5930672531178522,control (non-VVP),False,-10.339647588341954,-16.438873448510417,-10.280968275620696,-16.613648512235006,31,31
708,Bet,Pithoragarh,Unknown,Uttarakhand,True,29.7725614,80.4024265,0.612419588489003,control (non-VVP),False,-11.102630622483481,-17.65720398107762,-11.183025681947848,-17.95804809343961,31,31
709,Simal,Pithoragarh,Unknown,Uttarakhand,True,29.7945851,80.4465833,0.6373317155483597,control (non-VVP),False,-7.86797782491009,-14.429583228570444,-7.914757021585827,-14.570334530309959,31,31
710,Tawaghat,Pithoragarh,Unknown,Uttarakhand,True,29.9614818,80.5995242,0.6439112012307722,control (non-VVP),False,-8.115315343828849,-15.19661616042538,-8.154894114371826,-15.358350328439665,31,31
711,Bachkot,Pithoragarh,Unknown,Uttarakhand,True,29.68918,80.36774,0.6834376358003158,control (non-VVP),False,-10.386004636625469,-16.82242366008333,-10.281187746486747,-16.802192253223875,31,31
712,Maduwa,Pithoragarh,Unknown,Uttarakhand,True,29.3218766,80.2745246,0.7053400418109423,control (non-VVP),False,-7.456154684165224,-14.129685161396976,-7.393346765374933,-14.179217284466302,31,31
713,Melpata,Pithoragarh,Unknown,Uttarakhand,True,29.9557765,80.6379681,0.711688272534274,control (non-VVP),False,-6.995530383226035,-14.157198618097587,-7.116539813125127,-14.069157115455305,31,31
714,Udai,Pithoragarh,Unknown,Uttarakhand,True,29.7873228,80.4097708,0.7855961446986502,control (non-VVP),False,-11.21198112069683,-18.075169229405805,-11.259980941152962,-18.066504965431612,31,31
715,Chamdeval,Pithoragarh,Unknown,Uttarakhand,True,29.41589,80.20569,0.7889167700928448,control (non-VVP),False,-9.983607723417201,-17.20389623002495,-10.031974609773332,-17.105476913526836,31,31
716,Karali,Pithoragarh,Unknown,Uttarakhand,True,29.1173595,80.2162316,0.809071737129808,control (non-VVP),False,-9.25871434729362,-16.71695529222518,-9.139827256068516,-16.612661007993072,31,31
717,Surkada,Pithoragarh,Unknown,Uttarakhand,True,29.8006354,80.4553855,0.8284150900562687,control (non-VVP),False,-9.708687310568255,-16.312556460441346,-9.622902107104993,-16.322144470946043,31,31
718,Khela,Pithoragarh,Unknown,Uttarakhand,True,29.9624674,80.5911762,0.8549461818637469,control (non-VVP),False,-1.5574068180078573,-9.821462170544567,-1.6302673304530493,-9.840261105128134,31,31
719,Mallo Dattu,Pithoragarh,Unknown,Uttarakhand,True,29.7896805,80.4151515,0.9029258443850012,control (non-VVP),False,-10.68488636722986,-17.40735740910935,-10.704033215669668,-17.370669110122,31,31
720,Jauljibi,Pithoragarh,Unknown,Uttarakhand,True,29.7524071,80.376287,0.9286296961076403,control (non-VVP),False,-10.159464034017443,-17.077363686252898,-9.857734587360387,-16.76879299262199,31,31
721,Thulgada,Pithoragarh,Unknown,Uttarakhand,True,29.9478012,80.6061487,0.942408446796164,control (non-VVP),False,-10.770391630742056,-17.544226097323254,-11.010292092908976,-17.60801030834767,31,31
722,Talli Chauki,Pithoragarh,Unknown,Uttarakhand,True,29.7461365,80.3733912,0.9428936639350776,control (non-VVP),False,-9.838182490222268,-16.536274862846103,-9.536018927254647,-16.25230643636991,31,31
723,Kakada,Pithoragarh,Unknown,Uttarakhand,True,29.7972185,80.4453896,0.949789229231438,control (non-VVP),False,-6.932925509026507,-13.660055864574895,-6.926648276850188,-13.714925539919886,31,31
724,Nabhidang Camp,Pithoragarh,Unknown,Uttarakhand,True,30.2390998,80.9760112,0.951191793935628,control (non-VVP),False,-9.652928494103765,-16.72147083602164,-9.419793426468047,-16.192348330264007,31,31
725,Selpya,Pithoragarh,Unknown,Uttarakhand,True,29.7380542,80.3696233,0.9891044111541306,control (non-VVP),False,-12.135456165501024,-18.899418254863985,-11.809079522893894,-18.491853470883992,31,31
726,Ela Gad,Pithoragarh,Unknown,Uttarakhand,True,29.92127,80.57099,1.0376171956303184,control (non-VVP),False,-5.970784816062039,-13.696193373955744,-6.088731790458287,-13.83308340802225,31,31
727,Pipali,Pithoragarh,Unknown,Uttarakhand,True,29.67957,80.37598,1.0672403964005457,control (non-VVP),False,-5.914042288259293,-12.945583701689367,-5.804625428747895,-12.852311799972629,31,31
728,Bhungti,Pithoragarh,Unknown,Uttarakhand,True,30.02838,80.71656,1.0844439643766843,control (non-VVP),False,-11.704145832359368,-17.871767442642305,-11.661101659584276,-17.881866162426867,31,31
729,Dattu,Pithoragarh,Unknown,Uttarakhand,True,29.7925513,80.4200682,1.086963447186655,control (non-VVP),False,-11.60170464724349,-17.794808011922015,-11.535898186139162,-17.85505850120023,31,31
730,Kalika,Pithoragarh,Unknown,Uttarakhand,True,29.80866,80.49271,1.0908230484568096,control (non-VVP),False,-6.684443495162584,-13.642872618127731,-6.694665403688953,-13.635655494637172,31,31
731,Guariat,Pithoragarh,Unknown,Uttarakhand,True,29.56833,80.34165,1.0940235634343112,control (non-VVP),False,-7.693434178755505,-14.666433947006759,-7.695435216532502,-14.647079387616742,31,31
732,Ratamata,Pithoragarh,Unknown,Uttarakhand,True,29.5523706,80.356477,1.2005402364585254,control (non-VVP),False,-10.788178263329018,-17.331037533963972,-10.441528891054574,-17.109102756421862,31,31
