village_id,village,district,block,state,is_core_sample,latitude,longitude,distance_to_border_km,village_source,district_verified,ndbi_2019,lights_2019,ndbi_2019_image_count,lights_2019_image_count
1,Upper Traflagam 266829,Anjaw,Unknown,Arunachal Pradesh,True,28.3500638,96.6336613,10.208156031306832,control (non-VVP),True,-0.24215287958418852,0.24614525082724056,24,4
2,Tarampa,Anjaw,Unknown,Arunachal Pradesh,True,28.3416126,96.6186283,11.259931743843367,control (non-VVP),True,-0.2479760392612313,0.23395693813861088,24,4
3,Matkrong,Anjaw,Unknown,Arunachal Pradesh,True,27.8559038,96.9824133,12.21174958433055,control (non-VVP),True,-0.25129785111540565,0.14976217468624614,48,4
4,Abochagan,Anjaw,Unknown,Arunachal Pradesh,True,28.3136489,96.6140466,14.385494242096671,control (non-VVP),True,-0.19167295274861293,0.24278301720018525,24,4
5,Khalega,Anjaw,Unknown,Arunachal Pradesh,True,28.2806477,96.5718641,17.389387120162088,control (non-VVP),True,-0.21967374253889477,0.1824172168279326,24,4
6,Shirong,Anjaw,Unknown,Arunachal Pradesh,True,27.903587,96.9409105,18.879751233480885,control (non-VVP),True,-0.21476973650302136,0.1700056223251152,24,4
7,Khampti Pani,Anjaw,Unknown,Arunachal Pradesh,True,27.9282865,96.9573301,20.07481274759241,control (non-VVP),True,-0.18704720178250692,0.18133295593098125,48,4
8,Xiao Madengliang,Anjaw,Unknown,Arunachal Pradesh,True,28.2208547,96.5152684,20.66721205919266,control (non-VVP),True,-0.2597588406878355,0.2094235148519713,24,4
9,Tilam,Anjaw,Unknown,Arunachal Pradesh,True,28.1432798,97.0060273,21.122207787766506,control (non-VVP),True,-0.25974401836597094,0.16354352897698327,48,4
10,Minjong,Anjaw,Unknown,Arunachal Pradesh,True,27.9447015,96.9531849,21.775446122663485,control (non-VVP),True,-0.18372838176975892,0.17372477729491592,48,4
11,Jiliang,Anjaw,Unknown,Arunachal Pradesh,True,28.2187403,96.536865,21.785872271677064,control (non-VVP),True,-0.2613903563111542,0.19804505441955256,24,4
12,Walang,Anjaw,Unknown,Arunachal Pradesh,True,27.882509,96.8550641,21.853357578949343,control (non-VVP),True,-0.24887019732753932,0.2207230240338636,24,4
13,Tinai,Anjaw,Unknown,Arunachal Pradesh,True,28.1383669,97.0271327,22.12939324344721,control (non-VVP),True,-0.14521102563886767,0.1778146060832431,48,4
14,Kalin,Anjaw,Unknown,Arunachal Pradesh,True,27.9654847,96.9709934,22.15837709115443,control (non-VVP),True,-0.15148576366285527,0.23015659684169484,96,4
15,Halla,Anjaw,Unknown,Arunachal Pradesh,True,27.9655372,96.962708,22.66191626116016,control (non-VVP),True,-0.18636619971209253,0.234397995731105,96,4
16,Yashong Camp,Anjaw,Unknown,Arunachal Pradesh,True,27.9752592,96.9686698,23.166499666887443,control (non-VVP),True,-0.1760099247844513,0.2683813703099798,96,4
17,Kaladun,Anjaw,Unknown,Arunachal Pradesh,True,27.9839219,96.9737606,23.672719201131454,control (non-VVP),True,-0.213745219413135,0.28600901375359844,96,4
18,Menilkrai,Anjaw,Unknown,Arunachal Pradesh,True,28.1024223,97.0047561,25.56053181319565,control (non-VVP),True,-0.10418421935117878,0.26188624875099814,48,4
19,Sarti,Anjaw,Unknown,Arunachal Pradesh,True,28.0081411,96.9619129,26.55964309895621,control (non-VVP),True,-0.20073715230481864,0.2884395976761309,96,4
20,Tarafliang,Anjaw,Unknown,Arunachal Pradesh,True,28.1541848,96.5174198,27.7622677852453,control (non-VVP),True,-0.19221858183658933,0.32338529989488407,24,4
21,Chinagam,Anjaw,Unknown,Arunachal Pradesh,True,28.1625933,96.5530756,28.042568905542584,control (non-VVP),True,-0.247204767034195,0.18798888930016092,24,4
22,Nilang,Anjaw,Unknown,Arunachal Pradesh,True,28.1764497,96.6564414,28.486893314419977,control (non-VVP),True,-0.24018286793296628,0.2015975310797114,24,4
23,Chipru,Anjaw,Unknown,Arunachal Pradesh,True,28.1503735,96.5374173,28.7529084694698,control (non-VVP),True,-0.21909627718601013,0.22138551197352657,24,4
24,Jiongming,Anjaw,Unknown,Arunachal Pradesh,True,28.0367462,96.9717952,28.828837329459443,control (non-VVP),True,-0.18629135630450386,0.2116573049613599,48,4
25,Warti,Anjaw,Unknown,Arunachal Pradesh,True,28.0392081,96.9729224,29.015113460311976,control (non-VVP),True,-0.18384039077827105,0.20375415450116727,48,4
26,Chareimna,Anjaw,Unknown,Arunachal Pradesh,True,28.1695789,96.6589609,29.05506117418188,control (non-VVP),True,-0.20139756633841666,0.14966500437470898,24,4
27,Bringkong,Anjaw,Unknown,Arunachal Pradesh,True,28.1715853,96.6504862,29.235932788914383,control (non-VVP),True,-0.22678043806973866,0.22251391820692537,24,4
28,Baligam,Anjaw,Unknown,Arunachal Pradesh,True,28.1433091,96.5356291,29.43782006027962,control (non-VVP),True,-0.2613601399132506,0.22140415054599796,24,4
29,Sethi,Anjaw,Unknown,Arunachal Pradesh,True,28.055845,96.9797354,30.465233345920453,control (non-VVP),True,-0.21412221330278214,0.2355667789342294,48,4
30,Challang,Anjaw,Unknown,Arunachal Pradesh,True,28.1551886,96.6522501,30.782237092846348,control (non-VVP),True,-0.14805666335736223,0.1530736778832394,24,4
31,Matiliang 266674,Anjaw,Unknown,Arunachal Pradesh,True,28.1076072,96.445203,30.920931427207496,control (non-VVP),True,-0.14997678337136938,0.23207222127252156,24,4
32,Tololiang,Anjaw,Unknown,Arunachal Pradesh,True,28.1256641,96.547808,31.674637251537064,control (non-VVP),True,-0.2588522128519862,0.25594371489802203,24,4
33,Chamemla,Anjaw,Unknown,Arunachal Pradesh,True,28.1286743,96.5620271,31.85281522562808,control (non-VVP),True,-0.2661785533852344,0.22804966730265216,24,4
34,Bulimina,Anjaw,Unknown,Arunachal Pradesh,True,28.1406221,96.6583188,31.954247870225128,control (non-VVP),True,-0.2090927346023919,0.21791526364156294,24,4
35,Hoiliang 266714,Anjaw,Unknown,Arunachal Pradesh,True,28.0981287,96.4478867,32.0053640309043,control (non-VVP),True,-0.15063315617559203,0.2377660791420619,24,4
36,Tuboka,Anjaw,Unknown,Arunachal Pradesh,True,28.1222299,96.5542939,32.24772241518634,control (non-VVP),True,-0.2826596182592212,0.28805647920796507,24,4
37,Tikromna,Anjaw,Unknown,Arunachal Pradesh,True,28.1182382,96.5447809,32.358005180805385,control (non-VVP),True,-0.20450541868195288,0.2040600668933156,24,4
38,Adomla,Anjaw,Unknown,Arunachal Pradesh,True,28.1135364,96.5375112,32.63931418458326,control (non-VVP),True,-0.20533406952957978,0.2171224786231182,24,4
39,Tafraliang,Anjaw,Unknown,Arunachal Pradesh,True,28.0886403,96.4529695,33.153023601738646,control (non-VVP),True,-0.18367864095070943,0.2145343688368269,24,4
40,Paluliang,Anjaw,Unknown,Arunachal Pradesh,True,28.1167741,96.5706359,33.39289000170816,control (non-VVP),True,-0.2398198894323449,0.23440475913707337,24,4
41,Tikromla,Anjaw,Unknown,Arunachal Pradesh,True,28.0971168,96.5348369,34.31385251032624,control (non-VVP),True,-0.2167336748345838,0.21000552943915923,24,4
42,Champhai,Anjaw,Unknown,Arunachal Pradesh,True,28.1085212,96.57408,34.3674923444699,control (non-VVP),True,-0.21184935994190784,0.1997109995747255,24,4
43,Chirang 266667,Anjaw,Unknown,Arunachal Pradesh,True,28.0684239,96.4069505,34.51581155631747,control (non-VVP),True,-0.22975160724410182,0.18634955396265845,24,4
44,Barafu,Anjaw,Unknown,Arunachal Pradesh,True,28.1017011,96.558488,34.52797727422521,control (non-VVP),True,-0.21978500141530535,0.20350779455262993,24,4
45,Langum,Anjaw,Unknown,Arunachal Pradesh,True,28.1218659,96.6112899,34.76622900601115,control (non-VVP),True,-0.22480749232556602,0.2129023336907735,24,4
46,Khupa Village 266673,Anjaw,Unknown,Arunachal Pradesh,True,28.0771387,96.4736667,34.92083910596573,control (non-VVP),True,-0.20375382735360228,0.22757046176656123,24,4
47,Hayugam,Anjaw,Unknown,Arunachal Pradesh,True,28.0893566,96.5438268,35.3843601683056,control (non-VVP),True,-0.24362783247781147,0.2782107071334303,24,4
48,Kalamdia,Anjaw,Unknown,Arunachal Pradesh,True,28.0994655,96.5765815,35.38966199183561,control (non-VVP),True,-0.22900289333556614,0.1492881012937516,24,4
49,Khugam,Anjaw,Unknown,Arunachal Pradesh,True,28.0970181,96.5765587,35.64039244454056,control (non-VVP),True,-0.21377045043415616,0.14031008115308494,24,4
50,Swami Camp,Anjaw,Unknown,Arunachal Pradesh,True,28.0761921,96.5004673,35.71663701514807,control (non-VVP),True,-0.17030421441218083,0.28897336097258447,24,4
51,Chameliang,Anjaw,Unknown,Arunachal Pradesh,True,28.081538,96.5395274,36.10070905223501,control (non-VVP),True,-0.18293034756144821,0.29698266532330436,24,4
52,Nenuliang,Anjaw,Unknown,Arunachal Pradesh,True,28.0695914,96.5025516,36.47740878026867,control (non-VVP),True,-0.1914976010053063,0.2728991090689689,24,4
53,Khupa Township,Anjaw,Unknown,Arunachal Pradesh,True,28.0654038,96.4926664,36.669653927690405,control (non-VVP),True,-0.17688933357906333,0.3910454068783954,24,4
54,Amliang,Anjaw,Unknown,Arunachal Pradesh,True,28.0586788,96.4688356,36.772239821896335,control (non-VVP),True,-0.18671098830786334,0.2914636865674451,24,4
55,Mompani,Anjaw,Unknown,Arunachal Pradesh,True,28.0513007,96.4415599,36.90022530314944,control (non-VVP),True,-0.24302080577913765,0.22826380626190337,24,4
56,Langjon,Anjaw,Unknown,Arunachal Pradesh,True,28.053427,96.4586965,37.07185575220221,control (non-VVP),True,-0.19039466159756363,0.23418617270131045,24,4
57,Thamptong 266699,Anjaw,Unknown,Arunachal Pradesh,True,28.0678982,96.519264,37.09174843787751,control (non-VVP),True,-0.20601765607003553,0.3136172565936515,24,4
58,Talang,Anjaw,Unknown,Arunachal Pradesh,True,28.0840788,96.5820921,37.17372787408739,control (non-VVP),True,-0.2631075995431621,0.1880321528787359,24,4
59,Mahikong,Anjaw,Unknown,Arunachal Pradesh,True,28.0544424,96.4828253,37.58834433224498,control (non-VVP),True,-0.22515858060333727,0.2739491120508287,24,4
60,Tepang,Anjaw,Unknown,Arunachal Pradesh,True,27.9688421,96.7188848,37.9259149195321,control (non-VVP),True,-0.19042163596845788,0.20186868746473335,48,4
61,Blom,Anjaw,Unknown,Arunachal Pradesh,True,28.0783604,96.5876028,37.96428159431192,control (non-VVP),True,-0.25185488774943005,0.182215406542777,24,4
62,布拉母哈岗,Anjaw,Unknown,Arunachal Pradesh,True,28.0669816,96.5559722,38.103619818542384,control (non-VVP),True,-0.1442122100749782,1.0766816618941364,24,4
63,Kamba,Anjaw,Unknown,Arunachal Pradesh,True,28.0665856,96.5608784,38.29061279666109,control (non-VVP),True,-0.18234374424409366,0.6752814850214467,24,4
64,Chillang,Anjaw,Unknown,Arunachal Pradesh,True,28.0356469,96.4227016,38.30913224271945,control (non-VVP),True,-0.2454694681042588,0.2088509002374694,24,4
65,Chingraliang 266703,Anjaw,Unknown,Arunachal Pradesh,True,28.0460551,96.4835718,38.5057562974661,control (non-VVP),True,-0.21592502819461779,0.15534128681999462,24,4
66,Mele 266697,Anjaw,Unknown,Arunachal Pradesh,True,28.0533163,96.5470204,39.31156367802646,control (non-VVP),True,-0.24140506452997593,0.2543181859435898,24,4
67,Karangliang,Anjaw,Unknown,Arunachal Pradesh,True,28.0328845,96.4619146,39.35483127096242,control (non-VVP),True,-0.178117644980922,0.17770624393337678,24,4
68,Naraliang,Anjaw,Unknown,Arunachal Pradesh,True,28.0272329,96.4412739,39.516581462951535,control (non-VVP),True,-0.2243112489039848,0.1894714800970133,24,4
69,Takaliang,Anjaw,Unknown,Arunachal Pradesh,True,28.0190688,96.4160791,40.05087119190448,control (non-VVP),True,-0.24160172149881448,0.2059118633226651,24,4
70,Chiphugam 266713,Anjaw,Unknown,Arunachal Pradesh,True,28.0127703,96.4014324,40.608662519250345,control (non-VVP),True,-0.2429701056887332,0.1654822602042073,24,4
71,Khorlang,Anjaw,Unknown,Arunachal Pradesh,True,28.0257952,96.487329,40.77244573605165,control (non-VVP),True,-0.22047584238404797,0.21558627788702742,24,4
72,Tummla,Anjaw,Unknown,Arunachal Pradesh,True,28.0474659,96.582792,40.9916149981248,control (non-VVP),True,-0.2327998435246441,0.20702181134781317,24,4
73,Matong,Anjaw,Unknown,Arunachal Pradesh,True,28.0593901,96.6181031,41.1988576731284,control (non-VVP),True,-0.2788035489585935,0.22187500006923108,24,4
74,Paya,Anjaw,Unknown,Arunachal Pradesh,True,28.0083682,96.4228615,41.3081896196448,control (non-VVP),True,-0.24769806893843435,0.21409191413971274,24,4
75,Supnung,Anjaw,Unknown,Arunachal Pradesh,True,28.0571961,96.6182474,41.42029518150113,control (non-VVP),True,-0.2673602548161953,0.2199889258424837,24,4
76,Bruini,Dibang Valley,Unknown,Arunachal Pradesh,True,29.1545325,96.1488625,4.739801400488968,control (non-VVP),True,-0.2815660038846483,0.2515614566689763,94,4
77,Andrala Omkar,Dibang Valley,Unknown,Arunachal Pradesh,True,29.0623725,95.6169709,12.5097504539976,control (non-VVP),True,-0.324553694443731,0.2654263491547385,23,4
78,阿进,Dibang Valley,Unknown,Arunachal Pradesh,True,29.0685,96.0265797,14.471694450516267,control (non-VVP),True,-0.22888543924264443,0.1928248942751716,96,4
79,Mawu,Dibang Valley,Unknown,Arunachal Pradesh,True,29.0571162,96.0144078,15.67462930303044,control (non-VVP),True,-0.21665723380400062,0.23733279084492667,96,4
80,阿普衣,Dibang Valley,Unknown,Arunachal Pradesh,True,29.0043871,95.9701987,20.09789314478475,control (non-VVP),True,-0.2309736578178103,0.20244786200552167,96,4
81,Dambuen,Dibang Valley,Unknown,Arunachal Pradesh,True,28.931081,95.9752764,21.21593602485472,control (non-VVP),True,-0.22697568446914757,0.22445128708744103,94,4
82,Basam,Dibang Valley,Unknown,Arunachal Pradesh,True,29.0406371,95.8135986,21.81207441458054,control (non-VVP),True,-0.24720679594536876,0.23653825187431995,48,4
83,Rilley,Dibang Valley,Unknown,Arunachal Pradesh,True,28.8599437,95.9809166,22.764206356793835,control (non-VVP),True,-0.24327541598238075,0.19141280623132295,188,4
84,dian,Dibang Valley,Unknown,Arunachal Pradesh,True,28.9488654,95.6849583,23.39036782499988,control (non-VVP),True,-0.26010402933365967,0.2090711127535379,47,4
85,埃巴尼,Dibang Valley,Unknown,Arunachal Pradesh,True,29.0173756,95.8081057,23.9627626264192,control (non-VVP),True,-0.2609835808799289,0.20495609240657545,48,4
86,Atalin,Dibang Valley,Unknown,Arunachal Pradesh,True,28.8368966,95.9659782,25.176539267310137,control (non-VVP),True,-0.20196817577606022,0.2234475117362007,188,4
87,Ahunli,Dibang Valley,Unknown,Arunachal Pradesh,True,28.8345474,95.9597204,25.83864178208416,control (non-VVP),True,-0.18688474005439712,0.175500001695902,188,4
88,Abali,Dibang Valley,Unknown,Arunachal Pradesh,True,28.99724,95.8076255,26.034179785880767,control (non-VVP),True,-0.26274223733300356,0.23357854429137914,48,4
89,Beyanli,Dibang Valley,Unknown,Arunachal Pradesh,True,28.9959135,95.8079275,26.18250955105191,control (non-VVP),True,-0.2668955626434309,0.23455866813463597,48,4
90,Awalin,Dibang Valley,Unknown,Arunachal Pradesh,True,28.7056681,96.1699665,26.211338075489483,control (non-VVP),True,-0.21230311775162822,0.23101759915894798,48,4
91,Singo,Dibang Valley,Unknown,Arunachal Pradesh,True,28.8257925,95.9457494,27.496207989464107,control (non-VVP),True,-0.21506948467469922,0.2291336654141398,188,4
92,Mihundo,Dibang Valley,Unknown,Arunachal Pradesh,True,28.829056,95.9393137,27.89030060387755,control (non-VVP),True,-0.2450608149043699,0.1968204426501996,188,4
93,Akolin,Dibang Valley,Unknown,Arunachal Pradesh,True,28.8236778,95.9416852,27.95640540054999,control (non-VVP),True,-0.20542887567582357,0.21846090299836346,188,4
94,Ayongo,Dibang Valley,Unknown,Arunachal Pradesh,True,28.8230669,95.9418373,27.97493894289717,control (non-VVP),True,-0.20003343875478866,0.2218489010091666,188,4
95,Ahunli,Dibang Valley,Unknown,Arunachal Pradesh,True,28.8140704,95.9419262,28.44828524069856,control (non-VVP),True,-0.2136905746439458,0.22295329295671903,188,4
96,Angulin,Dibang Valley,Unknown,Arunachal Pradesh,True,28.9748478,95.8112262,28.49318519693004,control (non-VVP),True,-0.2670009065490439,0.30783239704603593,48,4
97,Makuni,Dibang Valley,Unknown,Arunachal Pradesh,True,28.8221427,95.9310087,28.9594463116276,control (non-VVP),True,-0.24709995420742148,0.20064815137991063,188,4
98,Etabe,Dibang Valley,Unknown,Arunachal Pradesh,True,28.8079186,95.9351971,29.358010050916832,control (non-VVP),True,-0.23794104150687795,0.2452915210371101,188,4
99,Baro,Dibang Valley,Unknown,Arunachal Pradesh,True,28.7934003,95.9284162,30.75864356991968,control (non-VVP),True,-0.2449418387964051,0.21995021539649606,94,4
100,Apanli,Dibang Valley,Unknown,Arunachal Pradesh,True,28.6700204,96.1056557,31.29422934107572,control (non-VVP),True,-0.28702561510029,0.21253363210123213,94,4
101,Larango,Dibang Valley,Unknown,Arunachal Pradesh,True,28.7880718,95.918821,31.86607740091618,control (non-VVP),True,-0.23196570069935163,0.24341060002447487,47,4
102,Amuli,Dibang Valley,Unknown,Arunachal Pradesh,True,28.7875753,95.9141519,32.28166853802251,control (non-VVP),True,-0.2007146941909031,0.3019472038981938,47,4
103,Brango,Dibang Valley,Unknown,Arunachal Pradesh,True,28.9405604,95.8173923,32.29183869008044,control (non-VVP),True,-0.2188741690783954,0.27645278053151234,47,4
104,Akunli,Dibang Valley,Unknown,Arunachal Pradesh,True,28.8111887,95.8962517,32.5355921450053,control (non-VVP),True,-0.2473131596696577,0.3697966943402867,94,4
105,Karu,Dibang Valley,Unknown,Arunachal Pradesh,True,28.8049354,95.8992688,32.587821958149284,control (non-VVP),True,-0.21660418015349583,0.27169602961661016,94,4
106,Tanga II,Dibang Valley,Unknown,Arunachal Pradesh,True,28.8136293,95.893295,32.67631994699575,control (non-VVP),True,-0.27387306329973876,0.32046183028909486,94,4
107,Akhunli,Dibang Valley,Unknown,Arunachal Pradesh,True,28.6685127,96.059513,32.993165287526374,control (non-VVP),True,-0.26285649242450654,0.2549089448604626,94,4
108,Maro,Dibang Valley,Unknown,Arunachal Pradesh,True,28.8314281,95.8735957,33.65500502664909,control (non-VVP),True,-0.2458996993432392,0.23989023085025216,94,4
109,Tapo,Dibang Valley,Unknown,Arunachal Pradesh,True,28.8150846,95.8784431,33.92158477451002,control (non-VVP),True,-0.28336388641133997,0.22135038647649052,94,4
110,Amboli,Dibang Valley,Unknown,Arunachal Pradesh,True,28.7782095,95.9006268,33.951810510469485,control (non-VVP),True,-0.2049890711925445,0.23683774775556116,47,4
111,Charkilo,Dibang Valley,Unknown,Arunachal Pradesh,True,28.8156575,95.8773093,33.996313730005284,control (non-VVP),True,-0.27236880492925786,0.21910616219437162,94,4
112,Maroli,Dibang Valley,Unknown,Arunachal Pradesh,True,28.8551403,95.8604802,34.02008814842359,control (non-VVP),True,-0.2607671252461009,0.24529460993172836,94,4
113,Angulin,Dibang Valley,Unknown,Arunachal Pradesh,True,28.7972034,95.8857247,34.1570920023645,control (non-VVP),True,-0.2359605084290358,0.30845709533581245,47,4
114,Athunli,Dibang Valley,Unknown,Arunachal Pradesh,True,28.6575175,96.0218393,35.703524383599735,control (non-VVP),True,-0.24301293909508145,0.1970524861503042,94,4
115,Anose,Dibang Valley,Unknown,Arunachal Pradesh,True,28.6322763,96.0147489,35.94683270524162,control (non-VVP),True,-0.3114516265400881,0.20595171905384216,94,4
116,恰帕,Dibang Valley,Unknown,Arunachal Pradesh,True,28.6587596,96.0107761,36.10892685686056,control (non-VVP),True,-0.27405098934350913,0.1285274350663182,94,4
117,Ilupu,Dibang Valley,Unknown,Arunachal Pradesh,True,28.7766747,95.8707591,36.53752328568139,control (non-VVP),True,-0.20481245701168516,0.8317524997344342,47,4
118,Alombro,Dibang Valley,Unknown,Arunachal Pradesh,True,28.8912928,95.8139536,37.44827678081757,control (non-VVP),True,-0.23940811810262738,0.20892538543466999,94,4
119,岷东,Dibang Valley,Unknown,Arunachal Pradesh,True,28.7733786,95.8573956,37.85177130688197,control (non-VVP),True,-0.2481085350771415,0.21549331048792156,47,4
120,昂里,Dibang Valley,Unknown,Arunachal Pradesh,True,28.6444365,95.9929441,38.360632618269065,control (non-VVP),True,-0.2723995374414182,0.1828827071065157,94,4
121,Aruko,Dibang Valley,Unknown,Arunachal Pradesh,True,28.6365123,96.0073067,38.42709422070483,control (non-VVP),True,-0.2948937540837743,0.1967182324242197,94,4
122,阿米里,Dibang Valley,Unknown,Arunachal Pradesh,True,28.3999197,95.9040857,39.043917134710846,control (non-VVP),True,-0.18380598416595015,0.3594685003111145,47,4
123,Ashambra,Dibang Valley,Unknown,Arunachal Pradesh,True,28.4083935,95.8960457,39.78552162439113,control (non-VVP),True,-0.15199128824835642,0.2956025761806912,47,4
124,Immli,Dibang Valley,Unknown,Arunachal Pradesh,True,28.7250516,95.8683257,39.89816301809222,control (non-VVP),True,-0.21307254957873956,0.21310750175630394,47,4
125,Koronli,Dibang Valley,Unknown,Arunachal Pradesh,True,28.4146922,95.8929454,40.07023852433401,control (non-VVP),True,-0.17537418880781133,0.23126803093758325,47,4
126,柯委,Dibang Valley,Unknown,Arunachal Pradesh,True,28.7183921,95.8681743,40.35795197178727,control (non-VVP),True,-0.187169527207745,0.2500139188295218,47,4
127,鲁波,Dibang Valley,Unknown,Arunachal Pradesh,True,28.4499048,95.8843525,41.02762145083768,control (non-VVP),True,-0.27098487153322304,0.3084389045166328,47,4
128,Ichigo,Dibang Valley,Unknown,Arunachal Pradesh,True,28.5155155,95.8937841,41.32167078574314,control (non-VVP),True,-0.27338771959857344,0.19605116723509336,47,4
129,Arope,Dibang Valley,Unknown,Arunachal Pradesh,True,28.6313227,95.9389968,42.48747530154613,control (non-VVP),True,-0.27597977689360365,0.2573433944942967,94,4
130,Waing,East Kameng,Unknown,Arunachal Pradesh,True,27.7737215,92.9303658,28.808420130737865,control (non-VVP),True,-0.2779343738866152,0.2870222209890683,48,4
131,Saria Takhong,East Kameng,Unknown,Arunachal Pradesh,True,27.7461293,92.9324466,30.596867243551923,control (non-VVP),True,-0.24960886066424828,0.25904550910260643,48,4
132,Takung Sullung,East Kameng,Unknown,Arunachal Pradesh,True,27.737803,92.9545701,32.951598760424496,control (non-VVP),True,-0.2524279006017633,0.2952055540349749,48,4
133,Weigung Sullung,East Kameng,Unknown,Arunachal Pradesh,True,27.7282868,92.9780365,35.489345723754084,control (non-VVP),True,-0.25375281104145603,0.28711067690401104,48,4
134,Mechar,East Kameng,Unknown,Arunachal Pradesh,True,27.7792152,93.0216134,36.19220014344069,control (non-VVP),True,-0.223251868733669,0.2869076667492329,96,4
135,Mechi,East Kameng,Unknown,Arunachal Pradesh,True,27.7740086,93.0208212,36.435710208882135,control (non-VVP),True,-0.22800258651050326,0.2540955045752311,96,4
136,Yakli,East Kameng,Unknown,Arunachal Pradesh,True,27.7643991,93.0211222,37.03298419591293,control (non-VVP),True,-0.221314029653654,0.2560678010101372,96,4
137,Venia,East Kameng,Unknown,Arunachal Pradesh,True,27.7340861,93.0020799,37.180052358596086,control (non-VVP),True,-0.2129037521934314,0.24684106556875668,96,4
138,Veo,East Kameng,Unknown,Arunachal Pradesh,True,27.7219814,93.017386,39.18026752602492,control (non-VVP),True,-0.2655371873694676,0.2731381795977911,96,4
139,Kapa,East Kameng,Unknown,Arunachal Pradesh,True,27.6655139,92.9735655,39.40773498381321,control (non-VVP),True,-0.23826786973039188,0.23723817599920538,48,4
140,Chaling,East Kameng,Unknown,Arunachal Pradesh,True,27.66365,92.9723051,39.46081918358346,control (non-VVP),True,-0.2281495991505741,0.23635277920299108,48,4
141,Lamniya,East Kameng,Unknown,Arunachal Pradesh,True,27.7095829,93.0130663,39.54090859836912,control (non-VVP),True,-0.21796694414921514,0.3080790677752951,96,4
142,Parte,East Kameng,Unknown,Arunachal Pradesh,True,27.689839,93.0024418,39.80447048442179,control (non-VVP),True,-0.23847945732670736,0.2911491058265682,96,4
143,Tabey,East Kameng,Unknown,Arunachal Pradesh,True,27.6122188,92.9122259,39.99774466973592,control (non-VVP),True,-0.25408897243616774,0.2819535677592319,48,4
144,Yacho,East Kameng,Unknown,Arunachal Pradesh,True,27.6396662,92.9601837,40.53666042307762,control (non-VVP),True,-0.21654725206523812,0.24763157388063986,48,4
145,Wagyang,East Kameng,Unknown,Arunachal Pradesh,True,27.6713461,93.0008935,40.980446902147314,control (non-VVP),True,-0.2635269726309628,0.24073103002072976,96,4
146,Nampe,East Kameng,Unknown,Arunachal Pradesh,True,27.6900524,93.018259,41.12206662038251,control (non-VVP),True,-0.24459962065682647,0.22848611008789804,96,4
147,Jomoh,East Kameng,Unknown,Arunachal Pradesh,True,27.6573981,92.9985809,41.82844426537984,control (non-VVP),True,-0.20392195644713407,0.26977475320669647,96,4
148,Hanche,East Kameng,Unknown,Arunachal Pradesh,True,27.7421636,93.0637776,41.93292929038523,control (non-VVP),True,-0.23403330731124272,0.24528055724170472,96,4
149,Byale,East Kameng,Unknown,Arunachal Pradesh,True,27.7356495,93.0675738,42.63914939786015,control (non-VVP),True,-0.24809617838258533,0.1913926135373595,96,4
150,Waii,East Kameng,Unknown,Arunachal Pradesh,True,27.5965694,92.9464187,43.36805820629529,control (non-VVP),True,-0.22706465851908753,0.3026298014426069,48,4
151,Namta Yangfo,East Kameng,Unknown,Arunachal Pradesh,True,27.7018661,93.0532147,43.38193597017538,control (non-VVP),True,-0.24472965529894627,0.2506944437159432,96,4
152,Lapung,East Kameng,Unknown,Arunachal Pradesh,True,27.5627371,92.8898001,43.56340878215714,control (non-VVP),True,-0.22552679361436967,0.250145900747859,49,4
153,Bodo,East Kameng,Unknown,Arunachal Pradesh,True,27.680324,93.0406964,43.58582808883735,control (non-VVP),True,-0.21983005706972483,0.2039121947599204,96,4
154,Jokhio,East Kameng,Unknown,Arunachal Pradesh,True,27.6531478,93.0282798,44.345881287237766,control (non-VVP),True,-0.22047369100010156,0.24594944087641957,96,4
155,Sawa,East Kameng,Unknown,Arunachal Pradesh,True,27.6833826,93.0522114,44.37900635323837,control (non-VVP),True,-0.22034702651748833,0.19200445540697378,96,4
156,Tungi,East Kameng,Unknown,Arunachal Pradesh,True,27.674452,93.0461713,44.39177806986576,control (non-VVP),True,-0.2328432809513652,0.21050838050562576,96,4
157,Bengde,East Kameng,Unknown,Arunachal Pradesh,True,27.6619285,93.0379357,44.46874619346225,control (non-VVP),True,-0.22377581340439706,0.22297830655922218,96,4
158,Pangia,East Kameng,Unknown,Arunachal Pradesh,True,27.633391,93.0158758,44.88700945558452,control (non-VVP),True,-0.24032289215073419,0.23383779280560474,96,4
159,Kapak Leyak Docha,East Kameng,Unknown,Arunachal Pradesh,True,27.5303152,92.8464486,45.07935601529687,control (non-VVP),True,-0.22426887549687072,0.2991855208555498,49,4
160,Jattom Sollung,East Kameng,Unknown,Arunachal Pradesh,True,27.7610472,93.1233315,45.52894522093924,control (non-VVP),True,-0.2695577754073264,0.17023984387382426,48,4
161,Krema Pao,East Kameng,Unknown,Arunachal Pradesh,True,27.6579303,93.0508089,45.750519494240194,control (non-VVP),True,-0.22668789071085738,0.23372777173916498,96,4
162,Khenawa,East Kameng,Unknown,Arunachal Pradesh,True,27.6180869,93.016777,46.12843128494904,control (non-VVP),True,-0.21788682124264389,0.1997469414991054,96,4
163,Tagampu Sollung,East Kameng,Unknown,Arunachal Pradesh,True,27.7343114,93.1143115,46.50540156670997,control (non-VVP),True,-0.26408844234355,0.2611234647711869,48,4
164,Norang,East Kameng,Unknown,Arunachal Pradesh,True,27.5824001,92.9783276,46.53440226970117,control (non-VVP),True,-0.2687495257217299,0.27476966283964305,48,4
165,Margingia Camp,East Kameng,Unknown,Arunachal Pradesh,True,27.631307,93.0389871,46.72768006177675,control (non-VVP),True,-0.17808114305088651,0.28960646012226293,96,4
166,Tarawa Yangfo,East Kameng,Unknown,Arunachal Pradesh,True,27.7267073,93.1157187,47.12625814259949,control (non-VVP),True,-0.2563803125174984,0.25865579087232715,48,4
167,Pordung,East Kameng,Unknown,Arunachal Pradesh,True,27.6065455,93.0184293,47.150571405851686,control (non-VVP),True,-0.2432034753838817,0.23079213305805507,96,4
168,Keyang,East Kameng,Unknown,Arunachal Pradesh,True,27.7303152,93.1297477,47.99146668996831,control (non-VVP),True,-0.2662579455912466,0.27371659061823755,48,4
169,Kamke,East Kameng,Unknown,Arunachal Pradesh,True,27.6740303,93.089903,48.10858079900222,control (non-VVP),True,-0.21567527964750288,0.17980530454396665,96,4
170,Bameng,East Kameng,Unknown,Arunachal Pradesh,True,27.5435197,92.9483413,48.31642452509473,control (non-VVP),True,-0.18683133020456427,0.33730534096978804,49,4
171,Killo,East Kameng,Unknown,Arunachal Pradesh,True,27.685517,93.1001025,48.35318148630564,control (non-VVP),True,-0.2385527150537705,0.21681590759515496,96,4
172,Mangfi Mangam,East Kameng,Unknown,Arunachal Pradesh,True,27.6440742,93.0724919,48.392638431502654,control (non-VVP),True,-0.22246328210549765,0.24433184654051582,96,4
173,Nari Camp,East Kameng,Unknown,Arunachal Pradesh,True,27.6463432,93.0774393,48.677497437885805,control (non-VVP),True,-0.21044532175473404,0.2458556274174315,96,4
174,Yangfo,East Kameng,Unknown,Arunachal Pradesh,True,27.7351995,93.144567,48.866778809306034,control (non-VVP),True,-0.23064632281277136,0.25661664286529223,48,4
175,Rebe,East Kameng,Unknown,Arunachal Pradesh,True,27.6978845,93.1212163,49.3862257923554,control (non-VVP),True,-0.2415371655701694,0.28378056284454134,48,4
176,Bosu Camp,East Kameng,Unknown,Arunachal Pradesh,True,27.655767,93.0931091,49.44864618048417,control (non-VVP),True,-0.23737362347719673,0.2280533977921998,96,4
177,Domdila Tajo,East Kameng,Unknown,Arunachal Pradesh,True,27.6694255,93.1075453,49.86757546501422,control (non-VVP),True,-0.2510162342966224,0.21352858575804354,48,4
178,Chome,Kra daadi,Unknown,Arunachal Pradesh,True,28.1503359,93.5386063,38.70554999309764,control (non-VVP),True,-0.2806391942652435,0.2523920316236756,23,4
179,Raha,Kra daadi,Unknown,Arunachal Pradesh,True,28.1361584,93.5375846,39.50271163222105,control (non-VVP),True,-0.27437355372076844,0.26302851638204566,23,4
180,Nikbia,Kra daadi,Unknown,Arunachal Pradesh,True,28.1267124,93.561505,42.03044209811645,control (non-VVP),True,-0.2880509589394316,0.28097007081672515,23,4
181,Biya,Kra daadi,Unknown,Arunachal Pradesh,True,28.1035778,93.5745502,44.55838696481046,control (non-VVP),True,-0.3068520539831727,0.25111672666872925,23,4
182,海马西,Kra daadi,Unknown,Arunachal Pradesh,True,28.2122563,93.6474944,45.41824863990996,control (non-VVP),True,-0.2833370316187081,0.25879977402829485,23,4
183,Neorum,Kra daadi,Unknown,Arunachal Pradesh,True,28.1946749,93.6465911,45.98565409524642,control (non-VVP),True,-0.2799892970338926,0.1941657460020017,23,4
184,Korapu,Kra daadi,Unknown,Arunachal Pradesh,True,28.1693463,93.6556686,47.866969739768685,control (non-VVP),True,-0.2820987939107184,0.2071440489144293,23,4
185,Dongmar Langpu,Kra daadi,Unknown,Arunachal Pradesh,True,28.1625815,93.6543169,48.049304595056384,control (non-VVP),True,-0.30366647187608226,0.2554208523154658,23,4
186,Raba Karsang,Kra daadi,Unknown,Arunachal Pradesh,True,28.1380163,93.6578323,49.54112017283783,control (non-VVP),True,-0.2894721867268688,0.18818784538882874,23,4
187,Pipsorang,Kra daadi,Unknown,Arunachal Pradesh,True,28.1542122,93.6754322,50.32113443595387,control (non-VVP),True,-0.2634946350090181,0.27121950983340354,23,4
188,Samba Karsang,Kra daadi,Unknown,Arunachal Pradesh,True,28.1421137,93.6699491,50.403600823355866,control (non-VVP),True,-0.29576557962117966,0.19113055313626925,23,4
189,Lungba,Kra daadi,Unknown,Arunachal Pradesh,True,28.0563852,93.6123875,50.68892085304349,control (non-VVP),True,-0.3129863925874028,0.3121428526225589,23,4
190,Barbia,Kra daadi,Unknown,Arunachal Pradesh,True,28.0190623,93.587875,51.595167768399534,control (non-VVP),True,-0.2702277268762537,0.15228381116942663,46,4
191,Sangyo,Kra daadi,Unknown,Arunachal Pradesh,True,28.0739291,93.639461,51.65878822091823,control (non-VVP),True,-0.2969708169792523,0.24657982095514325,23,4
192,Yame,Kra daadi,Unknown,Arunachal Pradesh,True,28.0522324,93.6242896,51.89243002350344,control (non-VVP),True,-0.2979081326528225,0.2187610851588376,23,4
193,Furak,Kurung Kumey,Unknown,Arunachal Pradesh,True,28.1295763,93.2446185,23.644251699452592,control (non-VVP),True,-0.24625524113688763,0.3606782949974107,48,4
194,Terreline,Kurung Kumey,Unknown,Arunachal Pradesh,True,28.1411574,93.3572171,26.51802186153796,control (non-VVP),True,-0.2621871873020677,0.23414421332404273,48,4
195,Terik,Kurung Kumey,Unknown,Arunachal Pradesh,True,28.1291371,93.339988,26.77954567696128,control (non-VVP),True,-0.25648003252158985,0.2391638965206685,48,4
196,Tikla,Kurung Kumey,Unknown,Arunachal Pradesh,True,28.1115397,93.3098102,27.28139338097069,control (non-VVP),True,-0.2612582333480927,0.3297972161902323,48,4
197,Nayapuk,Kurung Kumey,Unknown,Arunachal Pradesh,True,28.1297215,93.3536247,27.39755940715146,control (non-VVP),True,-0.2604293029807193,0.17604606164480816,48,4
198,帕普,Kurung Kumey,Unknown,Arunachal Pradesh,True,28.1632499,93.405407,27.60392116681208,control (non-VVP),True,-0.3302717160231488,0.26546234882551173,48,4
199,Sayang,Kurung Kumey,Unknown,Arunachal Pradesh,True,28.1575101,93.4060193,28.10214916095901,control (non-VVP),True,-0.33035739367159256,0.25557262153265864,48,4
200,Hagra,Kurung Kumey,Unknown,Arunachal Pradesh,True,28.0961261,93.2908666,28.286611791674424,control (non-VVP),True,-0.24749035814870923,0.34544742967458375,48,4
201,哈德,Kurung Kumey,Unknown,Arunachal Pradesh,True,28.1661506,93.419094,28.34298124436513,control (non-VVP),True,-0.3107166419584979,0.29399170892014687,48,4
202,Putong,Kurung Kumey,Unknown,Arunachal Pradesh,True,28.1031564,93.3259013,28.747518787759585,control (non-VVP),True,-0.26967557499451533,0.2329761885758386,48,4
203,Tarla,Kurung Kumey,Unknown,Arunachal Pradesh,True,28.1131762,93.3533548,28.96445497287652,control (non-VVP),True,-0.2770128686813761,0.2038433652624505,48,4
204,Kelong,Kurung Kumey,Unknown,Arunachal Pradesh,True,28.1556657,93.4203969,29.23949044212164,control (non-VVP),True,-0.30962121165589074,0.33369955062999856,48,4
205,Sareng,Kurung Kumey,Unknown,Arunachal Pradesh,True,28.1433941,93.4071107,29.32352059865547,control (non-VVP),True,-0.29086995215480826,0.3004954884516764,48,4
206,Chera,Kurung Kumey,Unknown,Arunachal Pradesh,True,28.105217,93.352456,29.69292920662148,control (non-VVP),True,-0.28006683293191076,0.11595372616841076,48,4
207,Nayap,Kurung Kumey,Unknown,Arunachal Pradesh,True,28.1058646,93.3579216,29.890658452078466,control (non-VVP),True,-0.2884497466603778,0.20004464608583863,48,4
208,Sitam,Kurung Kumey,Unknown,Arunachal Pradesh,True,28.0986373,93.3539313,30.40360630101741,control (non-VVP),True,-0.2913896641378751,0.14634423490671522,48,4
209,Hiniyum,Kurung Kumey,Unknown,Arunachal Pradesh,True,28.127374,93.403807,30.464343482992355,control (non-VVP),True,-0.30191415148661427,0.2734679203249712,48,4
210,Cheya,Kurung Kumey,Unknown,Arunachal Pradesh,True,28.0965707,93.3537616,30.597999096369417,control (non-VVP),True,-0.30349915337702355,0.1592766083281347,48,4
211,Lubupa,Kurung Kumey,Unknown,Arunachal Pradesh,True,28.0922288,93.3535062,31.012561168714097,control (non-VVP),True,-0.30521632186213726,0.17578282993282665,48,4
212,Bamo,Kurung Kumey,Unknown,Arunachal Pradesh,True,28.0971546,93.3686732,31.254154202601,control (non-VVP),True,-0.30840003523907744,0.1697810375588035,48,4
213,Dania,Kurung Kumey,Unknown,Arunachal Pradesh,True,28.1225512,93.411611,31.36375991835551,control (non-VVP),True,-0.28073421138083055,0.3365937099278843,48,4
214,Hala,Kurung Kumey,Unknown,Arunachal Pradesh,True,28.1166163,93.416693,32.188850811278364,control (non-VVP),True,-0.29642396135113497,0.2823029952361501,48,4
215,Pilpu,Kurung Kumey,Unknown,Arunachal Pradesh,True,28.0798871,93.3655125,32.77271304001295,control (non-VVP),True,-0.28073302637724484,0.21669854010854447,48,4
216,Goa,Kurung Kumey,Unknown,Arunachal Pradesh,True,28.0881033,93.3835385,32.86599086613841,control (non-VVP),True,-0.3061799134913773,0.22894518372756437,48,4
217,Omla,Kurung Kumey,Unknown,Arunachal Pradesh,True,28.0789469,93.3730704,33.22055553315639,control (non-VVP),True,-0.2831076495979772,0.22392140382043224,48,4
218,Meruk,Kurung Kumey,Unknown,Arunachal Pradesh,True,28.0723991,93.3604476,33.279858619395576,control (non-VVP),True,-0.27948322453573515,0.2326049674775719,48,4
219,Nampe,Kurung Kumey,Unknown,Arunachal Pradesh,True,28.0957497,93.4106276,33.64910123388011,control (non-VVP),True,-0.2788658821586426,0.2400837997983954,48,4
220,Dogwa,Kurung Kumey,Unknown,Arunachal Pradesh,True,28.0967706,93.4122381,33.6519244414456,control (non-VVP),True,-0.28129899148495774,0.2471331837786778,48,4
221,Mariangha,Kurung Kumey,Unknown,Arunachal Pradesh,True,28.0768186,93.3779326,33.66090017580559,control (non-VVP),True,-0.28889624852878404,0.23746401079799379,48,4
222,Vitalin,Kurung Kumey,Unknown,Arunachal Pradesh,True,27.8829315,93.061541,33.975486802444344,control (non-VVP),True,-0.28343075478541313,0.22855056353499376,100,4
223,Hirik,Kurung Kumey,Unknown,Arunachal Pradesh,True,28.0857154,93.4141714,34.7540263686586,control (non-VVP),True,-0.3059955754095914,0.23918514576494826,48,4
224,Subuk,Kurung Kumey,Unknown,Arunachal Pradesh,True,28.0825535,93.4104364,34.82883747652445,control (non-VVP),True,-0.29341541832188317,0.23630543414941116,48,4
225,Jali,Kurung Kumey,Unknown,Arunachal Pradesh,True,28.0713102,93.3941648,34.998439529192474,control (non-VVP),True,-0.27617018564914386,0.25211517365931935,48,4
226,Peni,Kurung Kumey,Unknown,Arunachal Pradesh,True,28.0675109,93.390127,35.154770319287536,control (non-VVP),True,-0.2804059211889975,0.19459452388403933,48,4
227,Kodela,Kurung Kumey,Unknown,Arunachal Pradesh,True,28.0167667,93.2132294,35.25202747790925,control (non-VVP),True,-0.2906088352818344,0.27262734922921805,96,4
228,Retung,Kurung Kumey,Unknown,Arunachal Pradesh,True,28.0126009,93.220157,35.844726407084124,control (non-VVP),True,-0.2514585636598209,0.2570084259918567,96,4
229,Furang,Kurung Kumey,Unknown,Arunachal Pradesh,True,28.0069345,93.2141257,36.33741974223333,control (non-VVP),True,-0.2879544532455856,0.24910451431395647,96,4
230,Taba,Kurung Kumey,Unknown,Arunachal Pradesh,True,28.0616364,93.4126933,36.876981618513945,control (non-VVP),True,-0.26274205149333746,0.22364317510818668,48,4
231,Sejik,Kurung Kumey,Unknown,Arunachal Pradesh,True,28.0651757,93.4212354,37.01681620549449,control (non-VVP),True,-0.24817326031018122,0.2346913256124076,48,4
232,Gone,Kurung Kumey,Unknown,Arunachal Pradesh,True,27.9567194,93.1119431,37.800271257200585,control (non-VVP),True,-0.2826438522750224,0.2703409134317396,98,4
233,Kaney,Kurung Kumey,Unknown,Arunachal Pradesh,True,27.9880893,93.1999363,37.82599979539341,control (non-VVP),True,-0.3011967829352187,0.23753321816028816,96,4
234,Hanglik,Kurung Kumey,Unknown,Arunachal Pradesh,True,28.0712841,93.4547212,38.44375648651784,control (non-VVP),True,-0.2870699812987719,0.29452381511595294,26,4
235,Upper Lichila,Kurung Kumey,Unknown,Arunachal Pradesh,True,27.9798598,93.2015731,38.745249754930015,control (non-VVP),True,-0.29374035612116134,0.23452115755835198,96,4
236,Palo,Kurung Kumey,Unknown,Arunachal Pradesh,True,27.9441662,93.1157356,39.226567277213874,control (non-VVP),True,-0.27365733658309865,0.2406019042647566,98,4
237,Nade,Kurung Kumey,Unknown,Arunachal Pradesh,True,27.9617646,93.1869151,40.214666278583984,control (non-VVP),True,-0.28381174620312627,0.26420177352468077,98,4
238,Lamnia,Kurung Kumey,Unknown,Arunachal Pradesh,True,28.0504537,93.4555379,40.311592515249735,control (non-VVP),True,-0.27995222488227733,0.2702187181905258,23,4
239,Lee,Kurung Kumey,Unknown,Arunachal Pradesh,True,27.9633075,93.202655,40.5273712000208,control (non-VVP),True,-0.27032447313393265,0.27230490925187123,98,4
240,Chotte,Kurung Kumey,Unknown,Arunachal Pradesh,True,28.0474404,93.455651,40.58526244923831,control (non-VVP),True,-0.26475293791737686,0.2515106526257746,23,4
241,Mala,Kurung Kumey,Unknown,Arunachal Pradesh,True,28.0438593,93.4527315,40.733939823600245,control (non-VVP),True,-0.2327945151022365,0.260968371365761,23,4
242,Pachik,Kurung Kumey,Unknown,Arunachal Pradesh,True,28.0431644,93.4563404,41.00603214290621,control (non-VVP),True,-0.23765926178123395,0.2600609756956607,23,4
243,Lower Lichila,Kurung Kumey,Unknown,Arunachal Pradesh,True,27.9634244,93.228221,41.34605860852293,control (non-VVP),True,-0.27539199984089013,0.272660396927226,96,4
244,Baribayang,Kurung Kumey,Unknown,Arunachal Pradesh,True,27.9405099,93.1576514,41.57653710677136,control (non-VVP),True,-0.26715252063557604,0.20148776464984727,98,4
245,Sipe,Kurung Kumey,Unknown,Arunachal Pradesh,True,27.9473278,93.1919733,41.89340447326483,control (non-VVP),True,-0.2680222567768038,0.3108519517842618,98,4
246,Kodela,Kurung Kumey,Unknown,Arunachal Pradesh,True,27.9589181,93.2421602,42.11795642501733,control (non-VVP),True,-0.2759484599741883,0.24070519785833563,96,4
247,Haleba,Kurung Kumey,Unknown,Arunachal Pradesh,True,27.9535172,93.2212596,42.28019632157901,control (non-VVP),True,-0.270197276256216,0.27198768524747147,98,4
248,Sewaring,Kurung Kumey,Unknown,Arunachal Pradesh,True,27.9487419,93.2097591,42.281563352875466,control (non-VVP),True,-0.2569861601905742,0.2729328468723117,98,4
249,Kelin,Kurung Kumey,Unknown,Arunachal Pradesh,True,28.0334539,93.4679615,42.55146449585489,control (non-VVP),True,-0.20256876419786213,0.2514118276469941,23,4
250,Tai,Kurung Kumey,Unknown,Arunachal Pradesh,True,27.9557116,93.2503551,42.63224130132467,control (non-VVP),True,-0.28051961909742956,0.31977222426070107,96,4
251,Mangio,Kurung Kumey,Unknown,Arunachal Pradesh,True,28.0318367,93.4689617,42.75388023518099,control (non-VVP),True,-0.1964257107761465,0.25628888534175026,23,4
252,Hashi,Kurung Kumey,Unknown,Arunachal Pradesh,True,28.029797,93.4690502,42.94030383895248,control (non-VVP),True,-0.20434578943052936,0.2602558356437322,23,4
253,Ruktepu,Kurung Kumey,Unknown,Arunachal Pradesh,True,27.945805,93.2387355,43.47181854815469,control (non-VVP),True,-0.2675994403098545,0.26086138595234265,98,4
254,Rilong,Kurung Kumey,Unknown,Arunachal Pradesh,True,27.9510659,93.2673215,43.48068010680575,control (non-VVP),True,-0.28185263732392046,0.232425168173144,96,4
255,Fua,Kurung Kumey,Unknown,Arunachal Pradesh,True,27.9448103,93.2637154,44.0865288735071,control (non-VVP),True,-0.2667598389488026,0.20549444770647418,98,4
256,Dome,Kurung Kumey,Unknown,Arunachal Pradesh,True,27.9445671,93.2883561,44.5896695685161,control (non-VVP),True,-0.26605269813446986,0.28508998436855376,96,4
257,Solung,Kurung Kumey,Unknown,Arunachal Pradesh,True,28.016221,93.4805766,44.82397118514112,control (non-VVP),True,-0.23096102026262355,0.17725332564531832,46,4
258,Pariuk,Kurung Kumey,Unknown,Arunachal Pradesh,True,27.9393093,93.2903924,45.19870782941564,control (non-VVP),True,-0.2659313278954709,0.30831298792732675,98,4
259,Rakte,Kurung Kumey,Unknown,Arunachal Pradesh,True,27.926534,93.2636139,46.06823846479028,control (non-VVP),True,-0.2737172743635359,0.27150669091913315,50,4
260,Patuk,Kurung Kumey,Unknown,Arunachal Pradesh,True,28.0084129,93.4938419,46.299794565268975,control (non-VVP),True,-0.2299276628330039,0.2415742824254702,46,4
261,Sebi,Kurung Kumey,Unknown,Arunachal Pradesh,True,27.9282641,93.3018993,46.61433157331805,control (non-VVP),True,-0.263879935980046,0.2114725617185018,50,4
262,Joku,Kurung Kumey,Unknown,Arunachal Pradesh,True,28.0070922,93.4973613,46.62628909613486,control (non-VVP),True,-0.23579024246677482,0.2421742787870904,46,4
263,Digging,Kurung Kumey,Unknown,Arunachal Pradesh,True,27.9235664,93.283198,46.78763481249497,control (non-VVP),True,-0.2631931935705447,0.1872339245187998,50,4
264,Mangdo,Kurung Kumey,Unknown,Arunachal Pradesh,True,28.0051556,93.4984123,46.859501027541725,control (non-VVP),True,-0.24319933530634716,0.25804749034636515,46,4
265,Relung,Kurung Kumey,Unknown,Arunachal Pradesh,True,27.9267335,93.3063161,46.86825949798589,control (non-VVP),True,-0.26536805136721997,0.2532323265885129,50,4
266,Lungte Tacha,Kurung Kumey,Unknown,Arunachal Pradesh,True,28.0384138,93.5537004,47.69094966353208,control (non-VVP),True,-0.30358118045872273,0.29665916566438433,23,4
267,Toba,Kurung Kumey,Unknown,Arunachal Pradesh,True,27.9156223,93.2907437,47.78939326062448,control (non-VVP),True,-0.2601620591742259,0.2697253141564614,50,4
268,Kanchangjana,Kurung Kumey,Unknown,Arunachal Pradesh,True,27.9125039,93.3209425,48.71997667860336,control (non-VVP),True,-0.26457255083225834,0.1785658496332222,50,4
269,Mara,Kurung Kumey,Unknown,Arunachal Pradesh,True,27.9118254,93.3236314,48.85404267322851,control (non-VVP),True,-0.25825545659468774,0.2329535419780728,50,4
270,Jeevandept,Kurung Kumey,Unknown,Arunachal Pradesh,True,27.9115014,93.3332283,49.11695225445854,control (non-VVP),True,-0.2457096808981544,0.3176581938387984,50,4
271,Parsi-Parlo,Kurung Kumey,Unknown,Arunachal Pradesh,True,27.9895698,93.5138011,49.151363014137466,control (non-VVP),True,-0.17878510803399833,0.26059121391861834,46,4
272,Nikja,Kurung Kumey,Unknown,Arunachal Pradesh,True,27.9157176,93.3536671,49.21145406736955,control (non-VVP),True,-0.26525822356263457,0.4204761872391896,50,4
273,Tumbia,Kurung Kumey,Unknown,Arunachal Pradesh,True,28.0021269,93.5328877,49.2503520875537,control (non-VVP),True,-0.2551020962241961,0.12493070804755595,46,4
274,Satum,Kurung Kumey,Unknown,Arunachal Pradesh,True,27.9120184,93.3437143,49.33027572220367,control (non-VVP),True,-0.23553429242887847,0.4185287468261353,50,4
275,Labia,Kurung Kumey,Unknown,Arunachal Pradesh,True,27.9932164,93.5228247,49.38217287727649,control (non-VVP),True,-0.23902011481113672,0.20797065073667576,46,4
276,Papin,Kurung Kumey,Unknown,Arunachal Pradesh,True,27.9124359,93.3585619,49.70071264139772,control (non-VVP),True,-0.2563110855015631,0.5094361062182321,50,4
277,Taipa,Kurung Kumey,Unknown,Arunachal Pradesh,True,27.9074231,93.3503798,50.000254036204005,control (non-VVP),True,-0.16994987274128426,0.7020077795221226,50,4
278,Manghe 2,Kurung Kumey,Unknown,Arunachal Pradesh,True,27.9065246,93.3469471,50.00261881257338,control (non-VVP),True,-0.19165730553089977,0.907774656008712,50,4
279,Chingkongne,Kurung Kumey,Unknown,Arunachal Pradesh,True,27.9172781,93.3867833,50.09319948839584,control (non-VVP),True,-0.2720905733785827,0.24174917286243267,49,4
280,Leya,Kurung Kumey,Unknown,Arunachal Pradesh,True,27.9788093,93.5157141,50.2141330349661,control (non-VVP),True,-0.26876626426445205,0.2452106683106905,46,4
281,Jog,Kurung Kumey,Unknown,Arunachal Pradesh,True,27.9050355,93.3500017,50.24400761445297,control (non-VVP),True,-0.14918959333801382,0.9251301150649355,50,4
282,Furek,Kurung Kumey,Unknown,Arunachal Pradesh,True,27.9140344,93.3859036,50.39997565229497,control (non-VVP),True,-0.28437612721156175,0.260814865452223,50,4
283,Boa,Kurung Kumey,Unknown,Arunachal Pradesh,True,27.9822237,93.5256281,50.50814300303482,control (non-VVP),True,-0.2719099698094665,0.2826862297195344,46,4
284,Renchiporing II,Kurung Kumey,Unknown,Arunachal Pradesh,True,27.9814404,93.5279667,50.71855795214688,control (non-VVP),True,-0.2640876615264818,0.2634118586745601,46,4
285,Radang,Kurung Kumey,Unknown,Arunachal Pradesh,True,27.9076277,93.3755482,50.7270090896494,control (non-VVP),True,-0.26250203414835216,0.3132789692808994,50,4
286,Pinging,Kurung Kumey,Unknown,Arunachal Pradesh,True,27.8985446,93.3430694,50.75289219387971,control (non-VVP),True,-0.1924120286352914,0.48693694355520034,50,4
287,Sangkun,Kurung Kumey,Unknown,Arunachal Pradesh,True,27.9292256,93.435367,50.76845974976534,control (non-VVP),True,-0.2460088708080656,0.23150776465425474,23,4
288,Harrang,Kurung Kumey,Unknown,Arunachal Pradesh,True,27.9315942,93.4420695,50.82750254588048,control (non-VVP),True,-0.25901003782784704,0.22144134264418533,23,4
289,Rambo,Kurung Kumey,Unknown,Arunachal Pradesh,True,27.8974975,93.3425604,50.85186545393655,control (non-VVP),True,-0.20387969501054337,0.36507874707135096,50,4
290,马拉,Kurung Kumey,Unknown,Arunachal Pradesh,True,27.8886329,93.2980263,50.85905616580256,control (non-VVP),True,-0.23940950718417606,0.2769048986697489,50,4
291,Nyobia,Kurung Kumey,Unknown,Arunachal Pradesh,True,27.8863971,93.2907263,50.97484316509296,control (non-VVP),True,-0.23169189683957442,0.287349660970055,50,4
292,Yerik,Kurung Kumey,Unknown,Arunachal Pradesh,True,28.0082819,93.5670426,50.99247097556977,control (non-VVP),True,-0.24585297856277946,0.1371448401208723,46,4
293,Deyang,Kurung Kumey,Unknown,Arunachal Pradesh,True,27.8852661,93.2892168,51.06698450676937,control (non-VVP),True,-0.23109345983375792,0.26882516300691534,50,4
294,Konkup,Kurung Kumey,Unknown,Arunachal Pradesh,True,28.0111367,93.5726645,51.14934662725592,control (non-VVP),True,-0.24867222170185194,0.15352272415769075,46,4
295,Renchiporing,Kurung Kumey,Unknown,Arunachal Pradesh,True,27.9775535,93.5336956,51.4060132841194,control (non-VVP),True,-0.2761414688192844,0.21622228088836185,46,4
296,Johak,Kurung Kumey,Unknown,Arunachal Pradesh,True,27.8807287,93.2817346,51.40770745829745,control (non-VVP),True,-0.23715211810401665,0.21040503001412864,50,4
297,Sullung Tapin,Kurung Kumey,Unknown,Arunachal Pradesh,True,27.8941928,93.3556556,51.55323025971673,control (non-VVP),True,-0.23082462373385212,0.5264457438216114,50,4
298,Yapak 2,Kurung Kumey,Unknown,Arunachal Pradesh,True,27.900174,93.3802795,51.65969396405898,control (non-VVP),True,-0.21548030207186022,0.3808752724388302,50,4
299,Tapone,Kurung Kumey,Unknown,Arunachal Pradesh,True,27.905549,93.4006325,51.79468143929064,control (non-VVP),True,-0.2642924165283455,0.3190133062474214,39,4
300,Sangsar,Kurung Kumey,Unknown,Arunachal Pradesh,True,27.9123798,93.4211037,51.870012288391685,control (non-VVP),True,-0.28309567092031557,0.24088691705280293,23,4
301,Jiri,Kurung Kumey,Unknown,Arunachal Pradesh,True,27.9024698,93.394667,51.902330560889375,control (non-VVP),True,-0.2594672282227684,0.3023284560381629,50,4
302,Rate,Kurung Kumey,Unknown,Arunachal Pradesh,True,27.9025231,93.4035863,52.21322105588406,control (non-VVP),True,-0.2552501352325581,0.3307485879141059,31,4
303,Molo,Kurung Kumey,Unknown,Arunachal Pradesh,True,27.9634667,93.5271662,52.25035030613911,control (non-VVP),True,-0.2664390284521334,0.2475332635766651,46,4
304,Kokpunayer,Kurung Kumey,Unknown,Arunachal Pradesh,True,27.8696105,93.2638666,52.25205034776048,control (non-VVP),True,-0.23811741696559147,0.2487986679867457,50,4
305,Rite,Kurung Kumey,Unknown,Arunachal Pradesh,True,27.9046219,93.4117605,52.29938591724223,control (non-VVP),True,-0.2811845488613308,0.26377505293003967,24,4
306,Yarpu,Kurung Kumey,Unknown,Arunachal Pradesh,True,27.9101363,93.4264549,52.31129939409694,control (non-VVP),True,-0.28438531489243074,0.26886363629821664,23,4
307,Manghe 1,Kurung Kumey,Unknown,Arunachal Pradesh,True,27.8964882,93.3905192,52.38200201966226,control (non-VVP),True,-0.26076249776654425,0.31210701847023253,50,4
308,Najibibuk,Kurung Kumey,Unknown,Arunachal Pradesh,True,27.8683639,93.2642347,52.3948285914516,control (non-VVP),True,-0.23579080296755767,0.22073908490603344,50,4
309,Taram,Kurung Kumey,Unknown,Arunachal Pradesh,True,27.9628134,93.5366038,52.86940455626912,control (non-VVP),True,-0.2983316903715569,0.2637111121912798,46,4
310,Tabumna,Kurung Kumey,Unknown,Arunachal Pradesh,True,27.8598023,93.2528662,53.09351796866028,control (non-VVP),True,-0.24179862933884058,0.21229143376885293,50,4
311,Yarpu,Kurung Kumey,Unknown,Arunachal Pradesh,True,27.894643,93.4225849,53.73157852709238,control (non-VVP),True,-0.2252196887267245,0.28542185906375656,23,4
312,Langbang,Kurung Kumey,Unknown,Arunachal Pradesh,True,27.9544909,93.540336,53.82502054267635,control (non-VVP),True,-0.25918285813873393,0.24751664762623965,46,4
313,Made,Kurung Kumey,Unknown,Arunachal Pradesh,True,27.9780177,93.5788669,54.24125028274002,control (non-VVP),True,-0.24031698964068063,0.17787098538043886,46,4
314,Kele,Kurung Kumey,Unknown,Arunachal Pradesh,True,27.9032308,93.4632364,54.57472977853739,control (non-VVP),True,-0.2979222570480537,0.19773636943970424,23,4
315,Sera,Kurung Kumey,Unknown,Arunachal Pradesh,True,27.9554003,93.5546431,54.61031844795788,control (non-VVP),True,-0.2616172874781295,0.1251452487940229,46,4
316,Byate,Kurung Kumey,Unknown,Arunachal Pradesh,True,27.8878009,93.4444302,55.29752731979862,control (non-VVP),True,-0.2660701830100065,0.3248021222210781,23,4
317,Keya,Kurung Kumey,Unknown,Arunachal Pradesh,True,27.8850396,93.4612545,56.28702084330097,control (non-VVP),True,-0.27429350163994154,0.2865252761693483,23,4
318,Panyi,Kurung Kumey,Unknown,Arunachal Pradesh,True,27.8742022,93.4525059,56.99915437798174,control (non-VVP),True,-0.2692291309881672,0.32131798176733684,23,4
319,Kush Lami,Kurung Kumey,Unknown,Arunachal Pradesh,True,27.8754594,93.4559652,57.017342103096205,control (non-VVP),True,-0.26114613029074446,0.33412849706644454,23,4
320,Pari,Kurung Kumey,Unknown,Arunachal Pradesh,True,27.8773703,93.4806463,57.90796227435106,control (non-VVP),True,-0.26545870810524097,0.2118260611090351,23,4
321,Nibi,Kurung Kumey,Unknown,Arunachal Pradesh,True,27.8906614,93.5152047,58.290531000282,control (non-VVP),True,-0.2048458652488364,0.17565242049396373,23,4
322,Leba,Kurung Kumey,Unknown,Arunachal Pradesh,True,27.889732,93.5177222,58.507068066069465,control (non-VVP),True,-0.20682838517514296,0.18679966604603185,23,4
323,Sara,Kurung Kumey,Unknown,Arunachal Pradesh,True,27.8764655,93.5162563,59.69502349076612,control (non-VVP),True,-0.23286097681200976,0.17949279429114315,23,4
324,Hiba,Kurung Kumey,Unknown,Arunachal Pradesh,True,27.8672206,93.4999319,59.79411601184075,control (non-VVP),True,-0.24899886353526662,0.3098290383214373,23,4
325,Langria,Kurung Kumey,Unknown,Arunachal Pradesh,True,27.7303718,93.2723198,59.90006834905566,control (non-VVP),True,-0.2619133946323757,0.21129454698886532,48,4
326,Dengba,Kurung Kumey,Unknown,Arunachal Pradesh,True,27.8559794,93.479899,59.98757661935535,control (non-VVP),True,-0.25785195744459616,0.28287120114831743,23,4
327,Payu,Kurung Kumey,Unknown,Arunachal Pradesh,True,27.7289942,93.2749594,60.20162200196997,control (non-VVP),True,-0.2683122304817613,0.20268644426165325,48,4
328,Sangme,Kurung Kumey,Unknown,Arunachal Pradesh,True,27.8554992,93.4857201,60.29218859321547,control (non-VVP),True,-0.24362074715632115,0.20476004278420337,23,4
329,Cheki,Kurung Kumey,Unknown,Arunachal Pradesh,True,27.8689915,93.5175395,60.47393621617884,control (non-VVP),True,-0.25960647880128246,0.255595767269023,23,4
330,Palang,Kurung Kumey,Unknown,Arunachal Pradesh,True,27.7081538,93.27106,61.00002383100187,control (non-VVP),True,-0.2910234771358395,0.20592489003333275,48,4
331,Phassang,Kurung Kumey,Unknown,Arunachal Pradesh,True,27.7243116,93.2813307,61.00114956989782,control (non-VVP),True,-0.22431568422918693,0.1973444489141305,48,4
332,Leel,Kurung Kumey,Unknown,Arunachal Pradesh,True,27.8437826,93.4758359,61.027728437158686,control (non-VVP),True,-0.21522708698547266,0.2684156500075951,23,4
333,Dara,Kurung Kumey,Unknown,Arunachal Pradesh,True,27.8616633,93.5158884,61.097009884854096,control (non-VVP),True,-0.2508284660681071,0.27727120002132977,23,4
334,Sangripo,Kurung Kumey,Unknown,Arunachal Pradesh,True,27.7227416,93.282713,61.20402338700937,control (non-VVP),True,-0.22235279009501735,0.19202740735455645,48,4
335,Sangte,Kurung Kumey,Unknown,Arunachal Pradesh,True,27.7291192,93.288153,61.34319384028954,control (non-VVP),True,-0.23095893231785117,0.19058790948129317,48,4
336,Mujariang,Kurung Kumey,Unknown,Arunachal Pradesh,True,27.7257548,93.2911669,61.78015811059391,control (non-VVP),True,-0.21739897352052268,0.19272727393006905,48,4
337,Leya,Kurung Kumey,Unknown,Arunachal Pradesh,True,27.7282734,93.2932093,61.82821044976273,control (non-VVP),True,-0.21828177033592738,0.20332686010992093,48,4
338,Leel Camp,Kurung Kumey,Unknown,Arunachal Pradesh,True,27.8432284,93.497014,62.00909168626551,control (non-VVP),True,-0.2352459316565364,0.3027249922686153,23,4
339,Saleriang,Kurung Kumey,Unknown,Arunachal Pradesh,True,27.7854605,93.3201249,62.49683818805669,control (non-VVP),True,-0.2699037015040706,0.27462264276900383,50,4
340,Yaki,Kurung Kumey,Unknown,Arunachal Pradesh,True,27.836181,93.4940102,62.57138583180046,control (non-VVP),True,-0.25255411984494713,0.2782707380907686,23,4
341,恰吐姆,Kurung Kumey,Unknown,Arunachal Pradesh,True,27.8448117,93.5145294,62.66270137690602,control (non-VVP),True,-0.25452845574147653,0.27779296457967056,23,4
342,Tumlang,Kurung Kumey,Unknown,Arunachal Pradesh,True,27.8281634,93.4904133,63.21063792357364,control (non-VVP),True,-0.24756974518425984,0.2650277741253376,23,4
343,Tagum,Kurung Kumey,Unknown,Arunachal Pradesh,True,27.8357436,93.5079409,63.24155626114598,control (non-VVP),True,-0.24597765543322075,0.29740146805976975,23,4
344,6 Mile Camp,Kurung Kumey,Unknown,Arunachal Pradesh,True,27.8329405,93.5083348,63.53466159203505,control (non-VVP),True,-0.2528375338697515,0.2919297755099415,23,4
345,Kamayer,Kurung Kumey,Unknown,Arunachal Pradesh,True,27.7905642,93.3910095,63.553019802162574,control (non-VVP),True,-0.2921048057138455,0.18871951294844014,23,4
346,Rowa,Kurung Kumey,Unknown,Arunachal Pradesh,True,27.8428454,93.5296997,63.58239405799619,control (non-VVP),True,-0.22651201555011363,0.2863070086987318,23,4
347,Pagrang,Kurung Kumey,Unknown,Arunachal Pradesh,True,27.8509062,93.5452982,63.59431330152693,control (non-VVP),True,-0.21155972316162236,0.1898959496962609,23,4
348,Pinchi,Kurung Kumey,Unknown,Arunachal Pradesh,True,27.7735733,93.316873,63.73939593102888,control (non-VVP),True,-0.213999903432187,0.2777308126014385,50,4
349,Pagga,Kurung Kumey,Unknown,Arunachal Pradesh,True,27.8504991,93.5494243,63.84511944565142,control (non-VVP),True,-0.23116666906613723,0.20674833029774092,23,4
350,Powak Korar,Kurung Kumey,Unknown,Arunachal Pradesh,True,27.8375593,93.5258798,63.90711936348984,control (non-VVP),True,-0.22207101441602897,0.28487208478973225,23,4
351,Reyup,Kurung Kumey,Unknown,Arunachal Pradesh,True,27.8567715,93.5619177,63.9144594974527,control (non-VVP),True,-0.25762610350284937,0.2149362559296075,23,4
352,Yarte,Kurung Kumey,Unknown,Arunachal Pradesh,True,27.831632,93.5141164,63.928763556397165,control (non-VVP),True,-0.23639126924473305,0.3072380082330842,23,4
353,Lengro,Kurung Kumey,Unknown,Arunachal Pradesh,True,27.8547999,93.559177,63.95219245497713,control (non-VVP),True,-0.24749625994889374,0.21463801202730895,23,4
354,Jugriang,Kurung Kumey,Unknown,Arunachal Pradesh,True,27.7707148,93.3182278,64.07412331265515,control (non-VVP),True,-0.22816909438497285,0.2601644397280288,50,4
355,Dangu,Kurung Kumey,Unknown,Arunachal Pradesh,True,27.835467,93.5289814,64.25878085878584,control (non-VVP),True,-0.2147859781334511,0.2728440670604579,23,4
356,Raris,Kurung Kumey,Unknown,Arunachal Pradesh,True,27.7680851,93.3146271,64.30181164190407,control (non-VVP),True,-0.23331255651725574,0.2360488347188217,50,4
357,Kaung,Kurung Kumey,Unknown,Arunachal Pradesh,True,27.8225472,93.5040159,64.36416345609699,control (non-VVP),True,-0.2757474607306978,0.2646892287258832,23,4
358,Nyori,Kurung Kumey,Unknown,Arunachal Pradesh,True,27.8475995,93.5552271,64.41930892283993,control (non-VVP),True,-0.23969813669211423,0.24869540649125182,23,4
359,Kaglang,Kurung Kumey,Unknown,Arunachal Pradesh,True,27.8501585,93.5616729,64.5179983500826,control (non-VVP),True,-0.2716497664634574,0.2326336290131433,23,4
360,Tachak,Kurung Kumey,Unknown,Arunachal Pradesh,True,27.841908,93.5484681,64.60881049685287,control (non-VVP),True,-0.23779375664514402,0.21531567288291759,23,4
361,Regba,Kurung Kumey,Unknown,Arunachal Pradesh,True,27.8236364,93.5159119,64.79457267348194,control (non-VVP),True,-0.276942119919874,0.3056944370932049,23,4
362,Miba,Kurung Kumey,Unknown,Arunachal Pradesh,True,27.824202,93.5173691,64.80624403518753,control (non-VVP),True,-0.2734508970913967,0.3041759116469689,23,4
363,Byasi,Kurung Kumey,Unknown,Arunachal Pradesh,True,27.8372182,93.5436135,64.80999552177649,control (non-VVP),True,-0.2463482119270887,0.2461206876031549,23,4
364,Kamrung,Kurung Kumey,Unknown,Arunachal Pradesh,True,27.8336301,93.5467063,65.30729308696289,control (non-VVP),True,-0.26784728507698236,0.2588168169249405,23,4
365,Dilanggang,Kurung Kumey,Unknown,Arunachal Pradesh,True,27.7796166,93.41419,65.38837481129138,control (non-VVP),True,-0.22893481236294194,0.3149268866188749,23,4
366,Lower Happa,Kurung Kumey,Unknown,Arunachal Pradesh,True,27.825885,93.5332832,65.39224214605467,control (non-VVP),True,-0.24532151401155114,0.2978935723426337,23,4
367,Paching,Kurung Kumey,Unknown,Arunachal Pradesh,True,27.8225097,93.5290614,65.51800095183597,control (non-VVP),True,-0.260464896505267,0.3359628230432559,23,4
368,Longlefoth,Kurung Kumey,Unknown,Arunachal Pradesh,True,27.776484,93.4150439,65.74452729572074,control (non-VVP),True,-0.22575771570713657,0.2987180911211274,23,4
369,Lumte,Kurung Kumey,Unknown,Arunachal Pradesh,True,27.7863252,93.446526,65.74813459784494,control (non-VVP),True,-0.23510265367637473,0.22910754369185854,23,4
370,Rangdo,Kurung Kumey,Unknown,Arunachal Pradesh,True,27.7820948,93.4575729,66.57919253927102,control (non-VVP),True,-0.2160429357908394,0.27907222068972054,23,4
371,Rayer Sollung,Kurung Kumey,Unknown,Arunachal Pradesh,True,27.7426766,93.3108399,66.98295878047651,control (non-VVP),True,-0.249193979243508,0.1932683795657349,48,4
372,Gangnee,Kurung Kumey,Unknown,Arunachal Pradesh,True,27.7541489,93.3737844,67.00109804923758,control (non-VVP),True,-0.22930089183750363,0.2846965510522602,23,4
373,Dolo,Kurung Kumey,Unknown,Arunachal Pradesh,True,27.7568896,93.4009912,67.41071862560815,control (non-VVP),True,-0.26197115008132343,0.3253912377635329,23,4
374,Hiya,Kurung Kumey,Unknown,Arunachal Pradesh,True,27.7752174,93.4614457,67.4283307908398,control (non-VVP),True,-0.227421617451265,0.27790691267487194,23,4
375,Pinchi Sollung,Kurung Kumey,Unknown,Arunachal Pradesh,True,27.7385004,93.3140943,67.50228529054776,control (non-VVP),True,-0.24460600198861293,0.15991011623586163,48,4
376,Raluguha,Kurung Kumey,Unknown,Arunachal Pradesh,True,27.7354085,93.2990876,67.53347139988598,control (non-VVP),True,-0.2581541802301764,0.1894098003882342,48,4
377,Guha,Kurung Kumey,Unknown,Arunachal Pradesh,True,27.7590364,93.4164824,67.62875159555058,control (non-VVP),True,-0.2615155872032772,0.264877640929185,23,4
378,Diba Koyar,Kurung Kumey,Unknown,Arunachal Pradesh,True,27.7381059,93.3187116,67.63877302643341,control (non-VVP),True,-0.23836501050174153,0.13502802693957439,48,4
379,Sulo,Kurung Kumey,Unknown,Arunachal Pradesh,True,27.7369819,93.3154143,67.69388921371875,control (non-VVP),True,-0.2385035007642219,0.1527438361548522,48,4
380,Delung,Kurung Kumey,Unknown,Arunachal Pradesh,True,27.7778716,93.4788091,67.80729335239351,control (non-VVP),True,-0.2461069897061762,0.2995112983857171,23,4
381,Nyapin,Kurung Kumey,Unknown,Arunachal Pradesh,True,27.7515445,93.3946648,67.80823653295108,control (non-VVP),True,-0.21290380416129873,0.5241638428724563,23,4
382,Sona,Kurung Kumey,Unknown,Arunachal Pradesh,True,27.810017,93.5520226,67.8322265029122,control (non-VVP),True,-0.21416808285681602,0.35124442390432314,23,4
383,Tumrung,Kurung Kumey,Unknown,Arunachal Pradesh,True,27.8072923,93.5473433,67.86695827647416,control (non-VVP),True,-0.2358850115204742,0.3584017813139565,23,4
384,Takyo,Kurung Kumey,Unknown,Arunachal Pradesh,True,27.7755045,93.474237,67.87400271627023,control (non-VVP),True,-0.24806033596826296,0.2801648022575751,23,4
385,Kaberiang,Kurung Kumey,Unknown,Arunachal Pradesh,True,27.7579212,93.4227791,67.93657565114344,control (non-VVP),True,-0.2197330019855363,0.2768819289831259,23,4
386,Sango,Kurung Kumey,Unknown,Arunachal Pradesh,True,27.7353472,93.3216355,67.99462871072794,control (non-VVP),True,-0.2515525932894344,0.15929408381426974,48,4
387,Pitak,Kurung Kumey,Unknown,Arunachal Pradesh,True,27.7803185,93.4909939,68.03914430272035,control (non-VVP),True,-0.23704536687827346,0.37347222559981874,23,4
388,Kampu,Kurung Kumey,Unknown,Arunachal Pradesh,True,27.7422153,93.363991,68.06100190171477,control (non-VVP),True,-0.246181738570844,0.2721757253759981,27,4
389,Lower Guha,Kurung Kumey,Unknown,Arunachal Pradesh,True,27.7568463,93.4246871,68.10831490512865,control (non-VVP),True,-0.2126006579050179,0.26646944337420997,23,4
390,Gida Lower,Kurung Kumey,Unknown,Arunachal Pradesh,True,27.812502,93.5626447,68.12205948065873,control (non-VVP),True,-0.271248422342154,0.33064309598873876,23,4
391,Yorung,Kurung Kumey,Unknown,Arunachal Pradesh,True,27.7375945,93.3427203,68.12211382853434,control (non-VVP),True,-0.2639628525306581,0.2086328113468231,50,4
392,Yuba,Kurung Kumey,Unknown,Arunachal Pradesh,True,27.7589677,93.4327095,68.13685629560878,control (non-VVP),True,-0.22376927192253798,0.24510555419656968,23,4
393,Lower Lorio,Kurung Kumey,Unknown,Arunachal Pradesh,True,27.7523573,93.4107096,68.16634041229064,control (non-VVP),True,-0.2188602962182521,0.2818083291252454,23,4
394,Kish,Kurung Kumey,Unknown,Arunachal Pradesh,True,27.7567747,93.4282494,68.22629173018069,control (non-VVP),True,-0.2138594982878278,0.25584166478779585,23,4
395,Sikey,Kurung Kumey,Unknown,Arunachal Pradesh,True,27.7436405,93.3784517,68.24267311258743,control (non-VVP),True,-0.20239577395014002,0.31976270870973833,23,4
396,Takapop,Kurung Kumey,Unknown,Arunachal Pradesh,True,27.7756383,93.4844687,68.25483530538766,control (non-VVP),True,-0.21550656347134162,0.3543030434954516,23,4
397,Bik,Kurung Kumey,Unknown,Arunachal Pradesh,True,27.7507883,93.4085147,68.26997555031484,control (non-VVP),True,-0.20822643165738572,0.32278985393087206,23,4
398,Kampong,Kurung Kumey,Unknown,Arunachal Pradesh,True,27.7748258,93.4827864,68.27181680211848,control (non-VVP),True,-0.21809586389623817,0.32224999803635807,23,4
399,Naiayahutung,Kurung Kumey,Unknown,Arunachal Pradesh,True,27.7764281,93.4870179,68.27488938090762,control (non-VVP),True,-0.22107421061773544,0.3833333290285535,23,4
400,Chebang,Kurung Kumey,Unknown,Arunachal Pradesh,True,27.7364834,93.3455625,68.29776819030579,control (non-VVP),True,-0.24874279521319098,0.22138517028511967,49,4
401,Pagba,Kurung Kumey,Unknown,Arunachal Pradesh,True,27.7763826,93.4887431,68.34786080412654,control (non-VVP),True,-0.22890026762033866,0.38503618890166547,23,4
402,Ralung,Kurung Kumey,Unknown,Arunachal Pradesh,True,27.7371862,93.353664,68.38401997207357,control (non-VVP),True,-0.2391017957055517,0.248740263457293,39,4
403,买翁里,Lower Dibang,Unknown,Arunachal Pradesh,True,28.2822374,96.0953096,25.407835270210374,control (non-VVP),True,-0.20196425849896596,0.23443181675646105,48,4
404,Runli,Lower Dibang,Unknown,Arunachal Pradesh,True,28.2991992,96.0743049,26.056838914762896,control (non-VVP),True,-0.22037276154184554,0.2152737838306786,48,4
405,阿蒙岗,Lower Dibang,Unknown,Arunachal Pradesh,True,28.2700017,96.0942481,26.3303897145259,control (non-VVP),True,-0.2237368180340245,0.26335083043707014,48,4
406,西登,Upper Siang,Unknown,Arunachal Pradesh,True,29.1329116,94.9651923,2.505001083633425,control (non-VVP),True,-0.2666991489349736,0.15138034975620318,23,4
407,Norbuling,Upper Siang,Unknown,Arunachal Pradesh,True,29.1263536,94.9733788,3.1696388194268548,control (non-VVP),True,-0.2898678693040548,0.2679690977858655,23,4
408,Tuting Panikheti,Upper Siang,Unknown,Arunachal Pradesh,True,28.973338,94.8719848,20.82893586119011,control (non-VVP),True,-0.30115101329468313,0.2888217397017721,23,4
409,Payendum,Upper Siang,Unknown,Arunachal Pradesh,True,28.926458,95.0315768,21.777163753897447,control (non-VVP),True,-0.2582494530945213,0.24017108225204026,23,4
410,Nyereng,Upper Siang,Unknown,Arunachal Pradesh,True,28.9574,94.9011,22.37714039025296,control (non-VVP),True,-0.30102763734511895,0.09374722876811108,23,4
411,Nyokong,Upper Siang,Unknown,Arunachal Pradesh,True,28.919363,95.0271109,22.65893213504973,control (non-VVP),True,-0.2891646169408325,0.16754444147977568,23,4
412,Ninging,Upper Siang,Unknown,Arunachal Pradesh,True,28.953851,94.8333181,23.61479779607889,control (non-VVP),True,-0.24186731412276874,0.10214835338212631,23,4
413,Devkota,Upper Siang,Unknown,Arunachal Pradesh,True,28.8829865,95.0820892,24.04487877231385,control (non-VVP),True,-0.28537691486734146,0.24141003834556524,92,4
414,Yortung,Upper Siang,Unknown,Arunachal Pradesh,True,28.8942055,95.0642733,24.25512447047973,control (non-VVP),True,-0.29762269938758373,0.19965546026973768,92,4
415,Silipu,Upper Siang,Unknown,Arunachal Pradesh,True,28.8527517,95.1306768,24.67380216696391,control (non-VVP),True,-0.3373642586385139,0.17925274786385856,92,4
416,Simuge,Upper Siang,Unknown,Arunachal Pradesh,True,28.8399841,95.1568258,25.20475166338972,control (non-VVP),True,-0.31951495469216856,0.1850303174905241,46,4
417,Singa Old,Upper Siang,Unknown,Arunachal Pradesh,True,28.8313255,95.1691884,25.85196385039524,control (non-VVP),True,-0.3208025482464496,0.20958149559500458,46,4
418,Silage,Upper Siang,Unknown,Arunachal Pradesh,True,28.8331926,95.1580815,25.900649272498462,control (non-VVP),True,-0.30941621152376125,0.1937499979203874,46,4
419,Tamid Arung,Upper Siang,Unknown,Arunachal Pradesh,True,28.8998406,94.5747584,26.11436496765807,control (non-VVP),True,-0.2700305927792247,0.22437018123265803,46,4
420,Angachi,Upper Siang,Unknown,Arunachal Pradesh,True,28.8255056,95.1704914,26.4572050125452,control (non-VVP),True,-0.30464904561887957,0.18462807557626856,46,4
421,Simuling,Upper Siang,Unknown,Arunachal Pradesh,True,28.8155203,95.2010538,27.10770570136025,control (non-VVP),True,-0.3397352055025886,0.15952275198916352,23,4
422,Singing,Upper Siang,Unknown,Arunachal Pradesh,True,28.8977681,94.7841203,29.794800301747745,control (non-VVP),True,-0.28575939328547095,0.17095539634349852,46,4
423,Migging,Upper Siang,Unknown,Arunachal Pradesh,True,28.8529247,94.7729372,34.7789608532419,control (non-VVP),True,-0.266267169211315,0.1329009910855871,46,4
424,Palling,Upper Siang,Unknown,Arunachal Pradesh,True,28.836535,94.8097586,36.58065758723632,control (non-VVP),True,-0.2683702439343851,0.21895055625137394,46,4
425,Likor,Upper Siang,Unknown,Arunachal Pradesh,True,28.8267883,94.8955464,36.85504783931048,control (non-VVP),True,-0.253477642068263,0.205651935605713,46,4
426,Mosing,Upper Siang,Unknown,Arunachal Pradesh,True,28.8091508,94.7915356,39.60618311251698,control (non-VVP),True,-0.2930050769194396,0.2034966818914065,23,4
427,Pugging,Upper Siang,Unknown,Arunachal Pradesh,True,28.7438597,94.9345829,44.02389953987662,control (non-VVP),True,-0.25089665462688504,0.21622246710608187,23,4
428,Gujinboluo,Upper Siang,Unknown,Arunachal Pradesh,True,28.7553138,94.9111952,44.64011679191498,control (non-VVP),True,-0.3035315912582646,0.22500000592379493,23,4
429,Gette,Upper Siang,Unknown,Arunachal Pradesh,True,28.6863056,95.0089723,46.40504836633465,control (non-VVP),True,-0.2252914122957662,0.2725588586264929,23,4
430,Dojubing,Upper Subansiri,Unknown,Arunachal Pradesh,True,28.4315441,93.1898276,0.249045833450518,control (non-VVP),True,-0.29053934215146554,0.2922200601539697,49,4
431,Ishneya,Upper Subansiri,Unknown,Arunachal Pradesh,True,28.4397601,93.1851781,0.7217224156134714,control (non-VVP),True,-0.28240317268419973,0.3110078330937051,49,4
432,Juga,Upper Subansiri,Unknown,Arunachal Pradesh,True,28.4467134,93.1498404,3.925174649555216,control (non-VVP),True,-0.3109819717433081,0.3136877012279211,49,4
433,Yorlung,Upper Subansiri,Unknown,Arunachal Pradesh,True,28.6720499,93.9704579,4.196776668375604,control (non-VVP),True,-0.26462768625780597,0.23768447505285561,23,4
434,Gelemo,Upper Subansiri,Unknown,Arunachal Pradesh,True,28.472442,93.4628099,18.05313388179516,control (non-VVP),True,-0.3155534579063007,0.27830078391291735,48,4
435,Gelemo Camp,Upper Subansiri,Unknown,Arunachal Pradesh,True,28.4568913,93.4620422,18.606676953286467,control (non-VVP),True,-0.28092667623943907,0.2947987853955013,48,4
436,Dojbung,Upper Subansiri,Unknown,Arunachal Pradesh,True,28.3729191,93.4561501,23.285044542759053,control (non-VVP),True,-0.301568725259639,0.2331396636017208,49,4
437,Gelinceniak,Upper Subansiri,Unknown,Arunachal Pradesh,True,28.3631529,93.4766991,25.48664596200368,control (non-VVP),True,-0.25368200945692104,0.31768211528297025,49,4
438,Chingring,Upper Subansiri,Unknown,Arunachal Pradesh,True,28.4192393,93.8246305,29.258085111764327,control (non-VVP),True,-0.2611316714577494,0.23129844677078634,23,4
439,Poba,Upper Subansiri,Unknown,Arunachal Pradesh,True,28.414467,93.8159723,29.67407778677813,control (non-VVP),True,-0.2733432717533574,0.22509776320537375,23,4
440,贾德普,Upper Subansiri,Unknown,Arunachal Pradesh,True,28.4082012,93.7972842,30.217130636717734,control (non-VVP),True,-0.27697398383809413,0.2761587420132308,23,4
441,嘎如,Upper Subansiri,Unknown,Arunachal Pradesh,True,28.4068583,93.7942953,30.352527848657463,control (non-VVP),True,-0.26883242338855035,0.26050941603194305,23,4
442,阿赖根布,Upper Subansiri,Unknown,Arunachal Pradesh,True,28.4059921,93.808704,30.537852652997465,control (non-VVP),True,-0.26825863211361295,0.30339245835191136,23,4
443,Orak Camp,Upper Subansiri,Unknown,Arunachal Pradesh,True,28.3665963,93.5461814,30.58926154225035,control (non-VVP),True,-0.2290595497539024,0.2680650455620481,23,4
444,Ketha,Upper Subansiri,Unknown,Arunachal Pradesh,True,28.4307648,94.061466,30.83898483127514,control (non-VVP),True,-0.24933623446345604,0.15162011369147113,46,4
445,Raba,Upper Subansiri,Unknown,Arunachal Pradesh,True,28.4054645,93.8353976,30.93107120811105,control (non-VVP),True,-0.26901743715348664,0.3036664766829901,23,4
446,AkI,Upper Subansiri,Unknown,Arunachal Pradesh,True,28.4045203,93.7242887,31.0993071581252,control (non-VVP),True,-0.2566292942094766,0.26059151959738563,23,4
447,Mojang,Upper Subansiri,Unknown,Arunachal Pradesh,True,28.4013177,93.8229042,31.20281418527646,control (non-VVP),True,-0.26596735387760406,0.2778697596908142,23,4
448,Ngoju,Upper Subansiri,Unknown,Arunachal Pradesh,True,28.399193,93.7068591,31.30343407328185,control (non-VVP),True,-0.25928366036957307,0.305941989803841,23,4
449,Keojariang,Upper Subansiri,Unknown,Arunachal Pradesh,True,28.4009028,93.8320953,31.37704816497124,control (non-VVP),True,-0.239991766856035,0.2976797590015736,23,4
450,Bogun,Upper Subansiri,Unknown,Arunachal Pradesh,True,28.3958767,93.6960267,31.409263037611804,control (non-VVP),True,-0.24964983493492918,0.32027408942695734,23,4
451,Nava,Upper Subansiri,Unknown,Arunachal Pradesh,True,28.3909608,93.6799521,31.63847804253896,control (non-VVP),True,-0.2691023009973019,0.32913483079899564,23,4
452,Nilo,Upper Subansiri,Unknown,Arunachal Pradesh,True,28.3872503,93.6546784,31.726628462853856,control (non-VVP),True,-0.26755919885965046,0.23697789802077066,23,4
453,Myabe,Upper Subansiri,Unknown,Arunachal Pradesh,True,28.3992853,93.8502203,31.879304201323723,control (non-VVP),True,-0.2706200862398291,0.2413515055570772,23,4
454,贡岗,West Kameng,Unknown,Arunachal Pradesh,True,26.8952222,92.1170503,4.154187721357816,control (non-VVP),True,-0.13981643657907644,0.5518899083002201,25,4
455,Balem,West Kameng,Unknown,Arunachal Pradesh,True,26.9649897,92.1516917,7.302075731076228,control (non-VVP),True,-0.23290508266041207,0.305138570640017,25,4
456,Rongthangjurpam,West Kameng,Unknown,Arunachal Pradesh,True,27.0382758,92.1315055,7.891072038314255,control (non-VVP),True,-0.24821847493381852,0.2790733383257205,50,4
457,若波朗钦,West Kameng,Unknown,Arunachal Pradesh,True,27.0752385,92.1082163,7.903609763820291,control (non-VVP),True,-0.22472207833567032,0.24547990582816837,50,4
458,Yukmadung,West Kameng,Unknown,Arunachal Pradesh,True,27.4213253,92.1244746,8.333393795069465,control (non-VVP),True,-0.20526748080132667,0.3035322311439665,25,4
459,Warrangpam,West Kameng,Unknown,Arunachal Pradesh,True,27.1186044,92.0745879,8.98308426545462,control (non-VVP),True,-0.28029074004551924,0.23476150140216456,100,4
460,Ghāstoli,Chamoli,Unknown,Uttarakhand,True,30.8592089,79.4699913,11.914449524802585,control (non-VVP),True,0.08696760113182374,0.24670466793606,24,4
461,Niti,Chamoli,Unknown,Uttarakhand,True,30.7776642,79.8411215,13.810147936633122,control (non-VVP),True,-0.014721090370065385,0.3228296684039818,24,4
462,MAHAR GAON,Chamoli,Unknown,Uttarakhand,True,30.7109424,79.8743727,18.82830218116584,control (non-VVP),True,-0.0022277682723026693,0.3143387997410988,48,4
463,Pharkia,Chamoli,Unknown,Uttarakhand,True,30.7318289,79.8262831,18.89002530397776,control (non-VVP),True,-0.048474064307491196,0.2971216269119366,48,4
464,Kurkuti,Chamoli,Unknown,Uttarakhand,True,30.7065954,79.8754333,19.257221680206065,control (non-VVP),True,-0.03440926124070739,0.3211096098111462,48,4
465,Ryal Bagar,Chamoli,Unknown,Uttarakhand,True,30.7110763,79.8435457,19.93625372763593,control (non-VVP),True,-0.1251099530126253,0.3236594645719271,48,4
466,Kosa,Chamoli,Unknown,Uttarakhand,True,30.67793,79.8609495,22.70652399985677,control (non-VVP),True,-0.03451333844883707,0.3014853931157104,48,4
467,Ghangaria,Chamoli,Unknown,Uttarakhand,True,30.7014544,79.5938002,26.31062216633642,control (non-VVP),True,-0.21867456411359637,0.26542391934148646,48,4
468,Kajila,Chamoli,Unknown,Uttarakhand,True,30.6972318,79.5898879,26.75920046410928,control (non-VVP),True,-0.2245675882450227,0.2179378412543116,48,4
469,SINGLA,Chamoli,Unknown,Uttarakhand,True,30.6462444,79.8258027,27.175157144580066,control (non-VVP),True,-0.02139152053508961,0.3030409870577641,48,4
470,Jelam,Chamoli,Unknown,Uttarakhand,True,30.6441526,79.8259171,27.38526145533936,control (non-VVP),True,-0.031200184785075108,0.322112448188155,48,4
471,Hanumanchatti,Chamoli,Unknown,Uttarakhand,True,30.6955217,79.5141532,27.604198128101256,control (non-VVP),True,-0.18535430000509961,0.2856796166207541,48,4
472,DRONAGIRI,Chamoli,Unknown,Uttarakhand,True,30.5991704,79.8680413,27.76162744355928,control (non-VVP),True,-0.15403115717704258,0.2417508221254914,24,4
473,Lambagad,Chamoli,Unknown,Uttarakhand,True,30.692639,79.5132394,27.935227028140023,control (non-VVP),True,-0.198665611948003,0.3221467189096967,48,4
474,GARPAK,Chamoli,Unknown,Uttarakhand,True,30.6269079,79.854244,28.23676669151424,control (non-VVP),True,-0.12225627558907051,0.2486594627998971,24,4
475,Bhyudar,Chamoli,Unknown,Uttarakhand,True,30.674709,79.5913479,29.259897647969115,control (non-VVP),True,-0.20685835229478397,0.3056788840812856,48,4
476,Khirao,Chamoli,Unknown,Uttarakhand,True,30.6849562,79.4763374,29.81393619398809,control (non-VVP),True,-0.11897139769047875,0.2704438980920382,48,4
477,KAGA,Chamoli,Unknown,Uttarakhand,True,30.6124584,79.8238599,30.73137382810968,control (non-VVP),True,-0.20766507713789006,0.28051351221832066,24,4
478,Jumma,Chamoli,Unknown,Uttarakhand,True,30.60791,79.80606,31.82623184079268,control (non-VVP),True,0.0011369473549106154,0.3005426567265076,24,4
479,Sal,Chamoli,Unknown,Uttarakhand,True,30.6497801,79.5825101,31.99807128252253,control (non-VVP),True,-0.14113802850665325,0.31514433198375114,48,4
480,Lambagarh,Chamoli,Unknown,Uttarakhand,True,30.6541078,79.5165784,32.0553341957228,control (non-VVP),True,-0.15206080252700957,0.9605394120675973,48,4
481,Nayachutti,Chamoli,Unknown,Uttarakhand,True,30.6485378,79.5332429,32.41449625832039,control (non-VVP),True,-0.17871179358835654,0.5074146497945429,48,4
482,Pulna,Chamoli,Unknown,Uttarakhand,True,30.6357595,79.5716275,33.554494849387154,control (non-VVP),True,-0.08282352589267125,0.3124918442705403,48,4
483,Will Pulna,Chamoli,Unknown,Uttarakhand,True,30.635211,79.5724562,33.61399138587271,control (non-VVP),True,-0.0932166765104843,0.3129048883752979,48,4
484,Sumla,Uttarkashi,Unknown,Uttarakhand,True,31.3643581,79.1315444,5.627779859426751,control (non-VVP),True,0.08156087456639613,0.2569144815855816,48,4
485,波林三多,Uttarkashi,Unknown,Uttarakhand,True,31.3063902,79.1304897,8.97346728316324,control (non-VVP),True,0.043869943962257164,0.2798579948188663,49,4
486,Tirpani,Uttarkashi,Unknown,Uttarakhand,True,31.2764904,79.1066801,12.781892511914991,control (non-VVP),True,0.03692424980746093,0.22998392181061725,49,4
487,Nilapani,Uttarkashi,Unknown,Uttarakhand,True,31.1133518,79.1553581,15.061773828748594,control (non-VVP),True,0.11703818054328191,0.23920195548917522,48,4
488,桑村,Uttarkashi,Unknown,Uttarakhand,True,31.1815194,79.044165,15.272434644969527,control (non-VVP),True,-0.015618807295840474,0.2470496224225404,49,4
489,葱莎,Uttarkashi,Unknown,Uttarakhand,True,31.1126554,79.0053748,19.17764189917796,control (non-VVP),True,0.10022286664401013,0.25584945596994896,98,4
490,Hindoligad,Uttarkashi,Unknown,Uttarakhand,True,31.0767806,78.9614641,21.732777927080967,control (non-VVP),True,0.03388852430656141,0.2939789985980968,98,4
491,Karchha,Uttarkashi,Unknown,Uttarakhand,True,31.04462,78.92578,24.95764711311822,control (non-VVP),True,-0.009215151477013435,0.25512930455392807,98,4
492,Mukhba,Uttarkashi,Unknown,Uttarakhand,True,31.0449555,78.7799246,26.980573712116133,control (non-VVP),True,-0.15792559336959294,0.5595874271757617,49,4
493,Lanka,Uttarkashi,Unknown,Uttarakhand,True,31.0302365,78.8679805,27.02544209422259,control (non-VVP),True,-0.17086017192897554,0.26489945177150814,49,4
494,Bhaironghati,Uttarkashi,Unknown,Uttarakhand,True,31.0267173,78.8678798,27.410613091794325,control (non-VVP),True,-0.2006616411944069,0.27859795435188395,49,4
495,Harsil,Uttarkashi,Unknown,Uttarakhand,True,31.0369099,78.7506484,28.055064151573287,control (non-VVP),True,-0.1746202819816955,0.6237998998923852,49,4
496,Halunga,Uttarkashi,Unknown,Uttarakhand,True,31.0334361,78.7436711,28.520791760275166,control (non-VVP),True,-0.25602031650411605,0.4090887120654506,49,4
497,Dhakroliya,Uttarkashi,Unknown,Uttarakhand,True,31.0349208,78.7312391,28.54448149749177,control (non-VVP),True,-0.20642133907505936,0.29581887383264466,49,4
498,Sunagar,Uttarkashi,Unknown,Uttarakhand,True,31.01578,78.71155,31.0016111786727,control (non-VVP),True,-0.1652000689766489,0.35208014963497386,49,4
499,Suki,Uttarkashi,Unknown,Uttarakhand,True,31.0029571,78.7013016,32.61251940187505,control (non-VVP),True,-0.21027548644109614,0.32425406120918887,49,4
500,Bhojwasa,Uttarkashi,Unknown,Uttarakhand,True,30.9504464,79.051513,33.50614382681282,control (non-VVP),True,-0.008249658067828803,0.2709870607528872,49,4
501,Cherbasa,Uttarkashi,Unknown,Uttarakhand,True,30.9798732,79.0239489,33.59856849202152,control (non-VVP),True,-0.02146235926737595,0.25199891196681523,49,4
502,Bhangeli,Uttarkashi,Unknown,Uttarakhand,True,30.9173929,78.6694748,42.55822493242618,control (non-VVP),True,-0.22041000943202985,0.2584989109722721,48,4
503,Gangnani (village),Uttarkashi,Unknown,Uttarakhand,True,30.9124564,78.67581,42.93741159736116,control (non-VVP),True,-0.1772774440857644,0.29567634161696377,48,4
504,Seema,Uttarkashi,Unknown,Uttarakhand,True,31.1170286,78.3499378,43.2062044546696,control (non-VVP),True,-0.21614490938434192,0.2604327947382004,25,4
505,Yamunotri,Uttarkashi,Unknown,Uttarakhand,True,30.999214,78.4626951,43.56636837738584,control (non-VVP),True,-0.23782199935422835,0.27064117297915546,24,4
506,Osla,Uttarkashi,Unknown,Uttarakhand,True,31.1188962,78.3427722,43.702470708703984,control (non-VVP),True,-0.14061492651461674,0.26442618419191444,25,4
507,Hurri,Uttarkashi,Unknown,Uttarakhand,True,30.900444,78.694016,43.85649707889107,control (non-VVP),True,-0.28570445639185027,0.2738939669019311,48,4
508,Gangnani,Uttarkashi,Unknown,Uttarakhand,True,30.9029774,78.6797824,43.870251674210536,control (non-VVP),True,-0.2123665220405272,0.3001847766339779,48,4
509,Sungar,Uttarkashi,Unknown,Uttarakhand,True,30.8932364,78.6782549,44.95526774068584,control (non-VVP),True,-0.23492362788716276,0.25308903420786905,48,4
510,Panwani,Uttarkashi,Unknown,Uttarakhand,True,31.1162624,78.3290382,44.99273687783485,control (non-VVP),True,-0.11246819815227639,0.27375136566618097,25,4
511,Gangwar,Uttarkashi,Unknown,Uttarakhand,True,31.1081301,78.3128214,46.782319991467176,control (non-VVP),True,-0.1256343974744482,0.2642516096965949,25,4
512,Janki Chatti,Uttarkashi,Unknown,Uttarakhand,True,30.9764513,78.4383369,46.98872281721196,control (non-VVP),True,-0.15487654713255533,0.8058725322884073,24,4
513,Kharsālī,Uttarkashi,Unknown,Uttarakhand,True,30.9727889,78.4382202,47.31439009250329,control (non-VVP),True,-0.11820018273687315,0.8681189421047049,24,4
514,Buri,Tawang,Unknown,Arunachal Pradesh,True,27.5138525,91.6470731,1.3784428309811594,control (non-VVP),True,-0.2270054744652677,0.33784877409094144,25,4
515,Dudunghar,Tawang,Unknown,Arunachal Pradesh,True,27.5069344,91.6530079,1.5845961590826654,control (non-VVP),True,-0.21117728046010972,0.3192455449985767,25,4
516,Blaiteng,Tawang,Unknown,Arunachal Pradesh,True,27.505442,91.6575862,1.9598216987706023,control (non-VVP),True,-0.19661385082228577,0.3110834345438446,25,4
517,Dongmareng,Tawang,Unknown,Arunachal Pradesh,True,27.5064997,91.6610772,2.297958008278038,control (non-VVP),True,-0.2186462445668275,0.30473831737360074,25,4
518,Kaben,Tawang,Unknown,Arunachal Pradesh,True,27.489457,91.7279816,3.0298278851124576,control (non-VVP),True,-0.1820698297447319,0.28798882108826884,25,4
519,Marmey,Tawang,Unknown,Arunachal Pradesh,True,27.5382332,91.6496721,3.3525511690259813,control (non-VVP),True,-0.2593674590704999,0.3562022545029609,25,4
520,Hatung La,Tawang,Unknown,Arunachal Pradesh,True,27.7767145,91.7101807,3.605519688388505,control (non-VVP),True,-0.26423914566942563,0.23418926717871325,26,4
521,Chelengdung,Tawang,Unknown,Arunachal Pradesh,True,27.5402668,91.6598059,4.1381078596207095,control (non-VVP),True,-0.21945855488602714,0.3461911428402358,25,4
522,Dungjee,Tawang,Unknown,Arunachal Pradesh,True,27.4989655,92.0097869,4.297136495986306,control (non-VVP),True,-0.2533735331080982,0.24055710778658226,50,4
523,Benig,Tawang,Unknown,Arunachal Pradesh,True,27.499111,91.7352285,4.302094159838689,control (non-VVP),True,-0.24292784925851077,0.32255846303462454,25,4
524,User,Tawang,Unknown,Arunachal Pradesh,True,27.5441215,91.6573264,4.332662551885869,control (non-VVP),True,-0.23157378541296042,0.34087973514484676,25,4
525,Phomang,Tawang,Unknown,Arunachal Pradesh,True,27.5125531,91.694958,4.594783190459134,control (non-VVP),True,-0.22473501406865543,0.24329342724618513,25,4
526,Sanghar,Tawang,Unknown,Arunachal Pradesh,True,27.5320099,91.6739901,4.655048653488116,control (non-VVP),True,-0.18114457863866068,0.3250366783370821,25,4
527,Tsechu,Tawang,Unknown,Arunachal Pradesh,True,27.7228408,92.0148221,4.839255499380271,control (non-VVP),True,-0.18287275460967262,0.2792488673106342,52,4
528,Dormeleng,Tawang,Unknown,Arunachal Pradesh,True,27.536051,91.6739209,4.872489192383831,control (non-VVP),True,-0.18077253494857626,0.33943917361154624,25,4
529,Bagajang Gompa,Tawang,Unknown,Arunachal Pradesh,True,27.5002605,92.0203955,4.958258166043775,control (non-VVP),True,-0.071074232437292,0.21662583306664082,50,4
530,Hoongla,Tawang,Unknown,Arunachal Pradesh,True,27.5133024,91.7221181,5.219682444374062,control (non-VVP),True,-0.2284273574419148,0.32300335812221975,25,4
531,Kharung,Tawang,Unknown,Arunachal Pradesh,True,27.5083212,91.7443344,5.472869874542752,control (non-VVP),True,-0.24395246431439246,0.3256038340905988,25,4
532,Sazo,Tawang,Unknown,Arunachal Pradesh,True,27.5211872,91.6919115,5.481263190914099,control (non-VVP),True,-0.21311885635435326,0.32474775376809006,25,4
533,Bulaisen,Tawang,Unknown,Arunachal Pradesh,True,27.7447203,91.6940265,5.82737530462685,control (non-VVP),True,-0.19815225403063114,0.23911016827586007,26,4
534,Zirkhim,Tawang,Unknown,Arunachal Pradesh,True,27.759106,91.6987037,5.859782408176547,control (non-VVP),True,-0.2262388338144351,0.22583611441983117,26,4
535,Kharteng,Tawang,Unknown,Arunachal Pradesh,True,27.5322737,91.68881,5.999022821529483,control (non-VVP),True,-0.2315484565147745,0.38606111516555147,25,4
536,Taktsang,Tawang,Unknown,Arunachal Pradesh,True,27.7202129,91.7987847,6.611126228743398,control (non-VVP),True,-0.24696030319023804,0.2841184615956265,26,4
537,Baghar,Tawang,Unknown,Arunachal Pradesh,True,27.5386646,91.692876,6.666281448423297,control (non-VVP),True,-0.22489589279154137,0.3376330801476708,25,4
538,Surbin,Tawang,Unknown,Arunachal Pradesh,True,27.6044729,91.6478797,6.702895702948471,control (non-VVP),True,-0.2670540856074605,0.26142377464827404,25,4
539,Yabab,Tawang,Unknown,Arunachal Pradesh,True,27.5495362,91.6993454,7.79234841016766,control (non-VVP),True,-0.20581466033108642,0.26053292954540147,25,4
540,Gyandong,Tawang,Unknown,Arunachal Pradesh,True,27.5360362,91.8767708,7.960987720661884,control (non-VVP),True,-0.25255509570980517,0.29960850372877157,25,4
541,Socktsen,Tawang,Unknown,Arunachal Pradesh,True,27.7317783,91.7136439,8.176378417682914,control (non-VVP),True,-0.24732454281996746,0.2578744343607812,26,4
542,乃林芒,Tawang,Unknown,Arunachal Pradesh,True,27.7304581,91.7122753,8.346887659670452,control (non-VVP),True,-0.24588729370201257,0.25825000019537075,26,4
543,Khet,Tawang,Unknown,Arunachal Pradesh,True,27.5420105,91.8651408,8.438906817105366,control (non-VVP),True,-0.1867056396002644,0.3980439708157618,25,4
544,Mangnam,Tawang,Unknown,Arunachal Pradesh,True,27.5434452,91.7277148,8.576480853707107,control (non-VVP),True,-0.24967020147342403,0.6365611031651497,25,4
545,Duola,Tawang,Unknown,Arunachal Pradesh,True,27.6806026,91.7051828,8.700719158387184,control (non-VVP),True,-0.23757261671065075,0.22046700019964435,26,4
546,Thiksi,Tawang,Unknown,Arunachal Pradesh,True,27.6742312,91.7039224,8.938675902140462,control (non-VVP),True,-0.2428607703370578,0.23584722517265214,26,4
547,Mukto,Tawang,Unknown,Arunachal Pradesh,True,27.5459298,91.925351,9.033768782544565,control (non-VVP),True,-0.26620338565008544,0.3156848843162196,25,4
548,朗楚,Tawang,Unknown,Arunachal Pradesh,True,27.6665478,92.018261,9.170429339437083,control (non-VVP),True,-0.3247683810042035,0.26594760704997394,52,4
549,Gispu,Tawang,Unknown,Arunachal Pradesh,True,27.5798,91.68915,9.375706517611604,control (non-VVP),True,-0.23346080029499053,0.2658678643313661,25,4
550,Buikung,Tawang,Unknown,Arunachal Pradesh,True,27.5418739,91.7759019,9.411678782317772,control (non-VVP),True,-0.22386001641593226,0.2888879545589487,25,4
551,Momai,Tawang,Unknown,Arunachal Pradesh,True,27.5468143,91.9076102,9.41491744136239,control (non-VVP),True,-0.26140989183741054,0.3794694466392199,25,4
552,Khangkar,Tawang,Unknown,Arunachal Pradesh,True,27.5483269,91.8982714,9.65310951987415,control (non-VVP),True,-0.264271807321385,0.39990157271128807,25,4
553,Thrillam,Tawang,Unknown,Arunachal Pradesh,True,27.5444139,91.7737903,9.676984165349417,control (non-VVP),True,-0.235052139641699,0.28387331693629514,25,4
554,Gomkelleng,Tawang,Unknown,Arunachal Pradesh,True,27.557721,91.9476161,9.843283809332174,control (non-VVP),True,-0.25237250750325096,0.30331362911441306,25,4
555,Nuranang,Tawang,Unknown,Arunachal Pradesh,True,27.5495863,92.0246679,9.896721816486076,control (non-VVP),True,-0.29025516368424703,0.35217670157734493,50,4
556,Khelengteng,Tawang,Unknown,Arunachal Pradesh,True,27.700347,91.7260819,9.96298258283976,control (non-VVP),True,-0.2619212508201695,0.2967579002170477,26,4
557,Mirba,Tawang,Unknown,Arunachal Pradesh,True,27.5628166,91.9670658,10.046901244397526,control (non-VVP),True,-0.2769218214648651,0.30867913926269464,25,4
558,Bomja,Tawang,Unknown,Arunachal Pradesh,True,27.5628997,91.9964314,10.2441602229928,control (non-VVP),True,-0.1583812453698806,0.33026212228728796,50,4
559,Ajidong,Tawang,Unknown,Arunachal Pradesh,True,27.5640002,91.954525,10.34812753629876,control (non-VVP),True,-0.3058061386635058,0.32794350096061414,25,4
560,Chakzam,Tawang,Unknown,Arunachal Pradesh,True,27.557929,91.9220578,10.39932444051828,control (non-VVP),True,-0.30153304880175336,0.3553743056411849,25,4
561,Xiongbaze,Tawang,Unknown,Arunachal Pradesh,True,27.5673678,91.9761893,10.520480542245313,control (non-VVP),True,-0.21597712377554978,0.30194978215826285,25,4
562,Kanchi Mor,Tawang,Unknown,Arunachal Pradesh,True,27.6276338,91.9591421,10.791124997082466,control (non-VVP),True,-0.30807816752640926,0.28342324743944497,26,4
563,Senu,Tawang,Unknown,Arunachal Pradesh,True,27.568186,91.8640359,11.32095577800408,control (non-VVP),True,-0.27172832981151823,0.4370684862335965,25,4
564,Kharsa,Tawang,Unknown,Arunachal Pradesh,True,27.5768922,91.9742501,11.575637862711783,control (non-VVP),True,-0.23151358514617884,0.41850623900657874,25,4
565,Tsewkhar,Tawang,Unknown,Arunachal Pradesh,True,27.5723837,91.9352289,11.769604232081706,control (non-VVP),True,-0.2702954184974141,0.50533089031596,25,4
566,Jamkhar,Tawang,Unknown,Arunachal Pradesh,True,27.5741023,91.8498361,11.97109277897478,control (non-VVP),True,-0.2901809021771857,0.3710411971699841,25,4
567,Topgye,Tawang,Unknown,Arunachal Pradesh,True,27.7071071,92.2145841,12.010850218777836,control (non-VVP),True,-0.2212873508765572,0.21850509469060908,26,4
568,Lhou,Tawang,Unknown,Arunachal Pradesh,True,27.574306,91.9287482,12.083796379688184,control (non-VVP),True,-0.253830979961665,0.6538557939247991,25,4
569,Bomdir,Tawang,Unknown,Arunachal Pradesh,True,27.5798,91.88004,12.800691542574553,control (non-VVP),True,-0.22732626626019684,1.109691710215513,25,4
570,Urgeling,Tawang,Unknown,Arunachal Pradesh,True,27.5810786,91.8710988,12.806217009504952,control (non-VVP),True,-0.234420260796282,0.8342222052812576,25,4
571,Geibi,Tawang,Unknown,Arunachal Pradesh,True,27.579271,91.8861143,12.841084848187418,control (non-VVP),True,-0.24405228233955395,1.1259385579125174,25,4
572,Sazhe,Tawang,Unknown,Arunachal Pradesh,True,27.5776458,91.7988206,13.004782979435044,control (non-VVP),True,-0.2516863899652134,0.33862570763966227,25,4
573,Aodong,Tawang,Unknown,Arunachal Pradesh,True,27.5803197,91.893275,13.071617730047157,control (non-VVP),True,-0.2587007154306813,0.8484926782925568,25,4
574,Bangde,Tawang,Unknown,Arunachal Pradesh,True,27.5840299,91.8834414,13.318371109342184,control (non-VVP),True,-0.2047632311275482,1.6458221745730246,25,4
575,Shyo,Tawang,Unknown,Arunachal Pradesh,True,27.5891423,91.8597993,13.622892569252397,control (non-VVP),True,-0.21587207724578217,0.595404490292742,25,4
576,Beghar,Tawang,Unknown,Arunachal Pradesh,True,27.5889112,91.8791928,13.783557607535824,control (non-VVP),True,-0.16407754357609622,2.3182906723500363,25,4
577,Mandreling,Tawang,Unknown,Arunachal Pradesh,True,27.5917248,91.8595869,13.908525964520482,control (non-VVP),True,-0.20891992081687497,0.6208898683676332,25,4
578,Nyuri,Tawang,Unknown,Arunachal Pradesh,True,27.6891295,92.2040611,14.228594022329878,control (non-VVP),True,-0.25846250489388234,0.233941879148677,26,4
579,Tseretse,Tawang,Unknown,Arunachal Pradesh,True,27.5930753,91.8967033,14.52226112151756,control (non-VVP),True,-0.23364347721576995,0.5328002195098718,25,4
580,楚木巴,Tawang,Unknown,Arunachal Pradesh,True,27.6549106,92.2710437,14.899982744148126,control (non-VVP),True,-0.037075842500642775,0.23779227813784035,26,4
581,Neygang,North,Unknown,Sikkim,True,26.8222735,89.2456924,0.0354397827185006,control (non-VVP),False,-0.22480467872416643,0.40848172534274185,24,4
582,Mangalbare,North,Unknown,Sikkim,True,26.9641686,88.0931146,0.0646404924804474,control (non-VVP),False,-0.24481402875716857,0.262194157901035,96,4
583,Tingtingma,North,Unknown,Sikkim,True,26.83608,89.2607505,0.1374003726741908,control (non-VVP),False,-0.19843360801749427,0.22751400554594436,24,4
584,Tading,North,Unknown,Sikkim,True,26.842835,89.2980981,0.1836409106089793,control (non-VVP),False,-0.22568540469581078,0.26657791419013194,24,4
585,Katao,North,Unknown,Sikkim,True,27.6714244,88.8140893,0.4093092829809311,control (non-VVP),False,-0.06684889183437433,0.2913864149747288,24,4
586,Kupup,North,Unknown,Sikkim,True,27.35065,88.8396693,0.4220779702879976,control (non-VVP),False,-0.1208915680878041,0.3196606341732573,24,4
587,Kumai,North,Unknown,Sikkim,True,26.9721659,88.8529694,0.4496922242930337,control (non-VVP),False,-0.15551770638235773,0.35329635164979106,24,4
588,Sherathang,North,Unknown,Sikkim,True,27.3803999,88.8152126,0.4936963693973037,control (non-VVP),False,-0.11876009592349861,0.465333326152489,24,4
589,Gidaibir,North,Unknown,Sikkim,True,26.8366987,89.2715013,0.4987423550079105,control (non-VVP),False,-0.1341351383479667,0.24827827751836748,24,4
590,Marwatraya,North,Unknown,Sikkim,True,26.8521011,89.3113536,0.537664567588106,control (non-VVP),False,-0.1701741436985045,0.33250000235644694,24,4
591,Daduwachok,North,Unknown,Sikkim,True,27.278697,88.0127539,0.6010992404530895,control (non-VVP),False,-0.18477604999591107,0.24488404833151203,98,4
592,Doomshinggang,North,Unknown,Sikkim,True,26.819084,89.1416207,0.6994205554095879,control (non-VVP),False,-0.22964197200494593,0.3775112265951177,24,4
593,Nyoenpalingmaed,North,Unknown,Sikkim,True,26.8229454,89.2250516,0.7472079788470537,control (non-VVP),False,-0.11311929622811823,1.626102618079067,24,4
594,Shri Antu,North,Unknown,Sikkim,True,26.8809868,88.1307377,0.8495012448518934,control (non-VVP),False,-0.17178185887021657,0.35753075585135946,24,4
595,Doleg,North,Unknown,Sikkim,True,26.819408,89.1716232,0.9051630724290842,control (non-VVP),False,-0.23095166766531827,0.5002661433454818,24,4
596,Rongo,North,Unknown,Sikkim,True,27.0385628,88.8358784,0.9661025806763252,control (non-VVP),False,-0.15126061233301819,0.33379785488317687,48,4
597,Todey,North,Unknown,Sikkim,True,27.1108271,88.8252278,1.0056724908623245,control (non-VVP),False,-0.1951988042948004,0.26174773614668195,49,4
598,Dugpoling,North,Unknown,Sikkim,True,26.8538049,89.2820477,1.014366765057029,control (non-VVP),False,-0.16238062889200014,0.21039875077580972,24,4
599,Hauri,North,Unknown,Sikkim,True,26.8351402,89.2827694,1.0515924551522455,control (non-VVP),False,-0.18997410314314842,0.295656848416188,24,4
600,Totopara,North,Unknown,Sikkim,True,26.8357066,89.3075323,1.1217663315424862,control (non-VVP),False,-0.25747582949915326,0.4460685978265576,24,4
601,Gorkhe Bazar,North,Unknown,Sikkim,True,26.9554832,88.0775912,1.8877153943244096,control (non-VVP),False,-0.23261526801474638,0.25818411992476875,96,4
602,Tumliṅ,North,Unknown,Sikkim,True,27.0312588,88.0689601,1.952452896070509,control (non-VVP),False,-0.18402091100405268,0.1991910924368539,192,4
603,Gariabas,North,Unknown,Sikkim,True,27.024001,88.8656552,1.9886380969430395,control (non-VVP),False,-0.18344652989669677,0.36316216620799535,48,4
604,Lachhungthang,North,Unknown,Sikkim,True,26.8295321,89.1899901,2.040227433577781,control (non-VVP),False,-0.14914415829292324,0.4918757167631055,24,4
605,Gurãse,North,Unknown,Sikkim,True,27.027135,88.0744586,2.092496369904318,control (non-VVP),False,-0.20280655377448883,0.21558690659752275,192,4
606,Gairibas,North,Unknown,Sikkim,True,27.0592783,88.0246254,2.0927719373359936,control (non-VVP),False,-0.20287869856294555,0.26790532473128403,192,4
607,Dangreyboog,North,Unknown,Sikkim,True,26.9392244,89.008113,2.139504061456761,control (non-VVP),False,-0.19039723789553462,0.3452387615870893,24,4
608,काला पोखरी,North,Unknown,Sikkim,True,27.0788791,88.0171082,2.2196151166504423,control (non-VVP),False,-0.2263662246026861,0.2376510830364586,192,4
609,Dadheli,North,Unknown,Sikkim,True,27.0860589,87.9548391,2.2898595952271785,control (non-VVP),False,-0.26917821017544447,0.2048057476142505,96,4
610,लुम्चोक,North,Unknown,Sikkim,True,27.0800523,87.9589886,2.3395745634031484,control (non-VVP),False,-0.2686190957172449,0.25570294923252535,96,4
611,Kandan,North,Unknown,Sikkim,True,27.2632886,87.9854179,2.387155050260856,control (non-VVP),False,-0.27654939764375275,0.2139269775371488,48,4
612,Magargau,North,Unknown,Sikkim,True,27.2531652,87.9799507,2.4259457880824007,control (non-VVP),False,-0.2649522094207701,0.2568519572305946,48,4
613,Changgu,North,Unknown,Sikkim,True,27.3778843,88.7709213,2.4303020148375434,control (non-VVP),False,-0.16212208391365,0.2962068028606832,24,4
614,Bikeybhanjan,North,Unknown,Sikkim,True,27.0929468,88.01296,2.4946215039078736,control (non-VVP),False,-0.1838614201899573,0.1886196150497244,192,4
615,Megma,North,Unknown,Sikkim,True,27.0239524,88.0828861,2.5710113040084863,control (non-VVP),False,-0.18742830185613354,0.19444256995779433,96,4
616,Sandakphu,North,Unknown,Sikkim,True,27.104806,88.0015441,2.579681664896949,control (non-VVP),False,-0.17649496349631943,0.24697072389493657,96,4
617,Katrepakha,North,Unknown,Sikkim,True,26.9903319,88.9319658,2.607344879343358,control (non-VVP),False,-0.07763279990529678,0.305221406300239,24,4
618,Bugkha,North,Unknown,Sikkim,True,26.869138,89.2872405,2.6784303130882674,control (non-VVP),False,-0.14041327456389777,0.24300951856915387,24,4
619,Chamurchi,North,Unknown,Sikkim,True,26.8827274,89.0903663,2.7225711132266324,control (non-VVP),False,-0.15367894666007265,0.9642283804087528,48,4
620,Jhalong,North,Unknown,Sikkim,True,27.0401327,88.8732963,2.7465010739437283,control (non-VVP),False,-0.1472341727476973,0.88743173269146,48,4
621,Khamzangling,North,Unknown,Sikkim,True,26.9747954,88.9498508,2.9095350172627934,control (non-VVP),False,-0.19226916206627914,0.31835011451169676,24,4
622,Tharphu,North,Unknown,Sikkim,True,26.9893377,88.9368045,2.9102798377936985,control (non-VVP),False,-0.14188836876695793,0.3378961995310549,24,4
623,Yugo,North,Unknown,Sikkim,True,26.8975661,89.0839157,2.916803936913932,control (non-VVP),False,-0.18009245092992576,0.8176643883560251,48,4
624,Kardo,North,Unknown,Sikkim,True,26.9492965,88.9928788,2.9572807826624348,control (non-VVP),False,-0.21630870387960752,0.296896841473617,24,4
625,Paren,North,Unknown,Sikkim,True,27.0636736,88.8734078,2.979857761316277,control (non-VVP),False,-0.16701986710916034,0.7181874909861521,48,4
626,Tonglu,North,Unknown,Sikkim,True,27.033721,88.0805457,3.013399463859864,control (non-VVP),False,-0.17387414914037516,0.22521812183744955,192,4
627,Samarjun,North,Unknown,Sikkim,True,27.2603728,87.975741,3.134339894708016,control (non-VVP),False,-0.25642773903461247,0.24636211029082672,48,4
628,Chhubakha,North,Unknown,Sikkim,True,27.8241475,88.815369,3.225655994048761,control (non-VVP),False,-0.03985401945687556,0.2309894683355767,25,4
629,Sisne,North,Unknown,Sikkim,True,27.2634845,87.9756726,3.281271091190319,control (non-VVP),False,-0.2577476994969355,0.24202193626536833,48,4
630,Sampheling,North,Unknown,Sikkim,True,27.1213407,88.8490569,3.357082188195897,control (non-VVP),False,-0.17106336822917753,0.30797819146507266,25,4
631,Rabi,North,Unknown,Sikkim,True,27.3014656,87.9929991,3.4248380521192847,control (non-VVP),False,-0.2230767569333524,0.25083239982215755,49,4
632,Samphelgang,North,Unknown,Sikkim,True,27.1264595,88.8453086,3.601970449961409,control (non-VVP),False,-0.12870947726555718,0.36786995403836126,25,4
633,Sepi,North,Unknown,Sikkim,True,27.2967297,87.9885069,3.618710893016439,control (non-VVP),False,-0.22192187667230212,0.26222189643529165,49,4
634,Depheling,North,Unknown,Sikkim,True,26.9742504,88.9581871,3.6261462396301702,control (non-VVP),False,-0.16147577383519995,0.30457446891877044,24,4
635,Nojangsa Nyipa,North,Unknown,Sikkim,True,26.8786124,89.3011236,3.641663302075516,control (non-VVP),False,-0.22043296771881893,0.2984613229274215,24,4
636,Norgeygang,North,Unknown,Sikkim,True,27.1251166,88.8483354,3.649812594241609,control (non-VVP),False,-0.1405844691894883,0.3854171329189389,25,4
637,Tsomgo,North,Unknown,Sikkim,True,27.3754372,88.7566799,3.682317154899109,control (non-VVP),False,-0.13473220037370237,0.35730359185691907,24,4
638,Ekrate,North,Unknown,Sikkim,True,27.252172,87.9651893,3.722050764424155,control (non-VVP),False,-0.251936394182656,0.2690754198828223,48,4
639,Karmaling,North,Unknown,Sikkim,True,27.1204516,88.8555324,3.729363223002584,control (non-VVP),False,-0.2088175401832174,0.30912599412388203,25,4
640,Timbure,North,Unknown,Sikkim,True,27.2927386,87.9850534,3.751930497106271,control (non-VVP),False,-0.24191432570812588,0.23452434573208622,49,4
641,Norbuling,North,Unknown,Sikkim,True,26.8925739,89.0972757,3.822535323022741,control (non-VVP),False,-0.13418775853498519,2.5437005736733567,48,4
642,Sugure,North,Unknown,Sikkim,True,27.2608375,87.9680869,3.850674336389128,control (non-VVP),False,-0.25134860417820054,0.28871040878927007,48,4
643,Kuengaling,North,Unknown,Sikkim,True,27.1353079,88.8366105,3.865136594950476,control (non-VVP),False,-0.12532386828562928,0.25320312174569287,25,4
644,Khangzhima,North,Unknown,Sikkim,True,26.9887258,88.950355,3.9124028155231376,control (non-VVP),False,-0.14768416525712602,0.3740799773392794,24,4
645,Kharsaling,North,Unknown,Sikkim,True,26.9981042,88.9418471,3.919752320650081,control (non-VVP),False,-0.07709071002447315,0.3515564959264744,24,4
646,Bindu,North,Unknown,Sikkim,True,27.0986121,88.8716429,3.9264302281607857,control (non-VVP),False,-0.1932174227346595,0.3814390470057255,49,4
647,Sagadada,North,Unknown,Sikkim,True,27.2743415,87.9725518,4.055684917075906,control (non-VVP),False,-0.23626615413389038,0.28535472175425236,49,4
648,Nagrakata,North,Unknown,Sikkim,True,26.887366,88.9115671,4.089471232915417,control (non-VVP),False,-0.10202734024436211,1.0611875212328004,24,4
649,Beteni,North,Unknown,Sikkim,True,27.2990623,87.9842607,4.109805314172164,control (non-VVP),False,-0.2190768887971448,0.24659167298852255,49,4
650,Samsing,North,Unknown,Sikkim,True,26.9891656,88.8036059,4.215283346249905,control (non-VVP),False,-0.15408404078918508,0.4185163276353934,24,4
651,राम्चे (Ramche),North,Unknown,Sikkim,True,27.5940731,88.0313801,4.2397145853402165,control (non-VVP),False,0.012999847147772643,0.2277224702020906,96,4
652,Migphelgang,North,Unknown,Sikkim,True,27.1290662,88.8545122,4.363893173569808,control (non-VVP),False,-0.18223533674692935,0.31646088796287947,25,4
653,Chamilindada,North,Unknown,Sikkim,True,27.2564045,87.9589886,4.476766394844066,control (non-VVP),False,-0.22904669835774125,0.28586149094878016,48,4
654,Patshaling,North,Unknown,Sikkim,True,27.1459569,88.8314001,4.497957969345004,control (non-VVP),False,-0.16979875458255023,0.21628068909714265,25,4
655,Sisne,North,Unknown,Sikkim,True,27.278902,87.9695767,4.532116420063161,control (non-VVP),False,-0.2409612525756274,0.27420860550614273,49,4
656,Nojangsa Dangpa,North,Unknown,Sikkim,True,26.8871962,89.2838824,4.684382905124696,control (non-VVP),False,-0.21730891408494,0.28231179360928166,24,4
657,Pangpema,North,Unknown,Sikkim,True,27.7878398,88.1100906,4.6922108464505925,control (non-VVP),False,0.12331123875990203,0.2069537344335712,96,4
658,Simana,North,Unknown,Sikkim,True,26.9846521,88.1356918,4.755966616225002,control (non-VVP),False,-0.13937163553992415,0.26578917840691,24,4
659,Gashingma,North,Unknown,Sikkim,True,26.8543744,89.1888303,4.791395856513222,control (non-VVP),False,-0.2152988618869482,0.30541336506031375,24,4
660,Perunge,North,Unknown,Sikkim,True,27.2523041,87.9531478,4.821995927290392,control (non-VVP),False,-0.2511169464089134,0.26825226823129267,48,4
661,Joenleksa,North,Unknown,Sikkim,True,26.9988785,88.9532304,4.8527674534351,control (non-VVP),False,-0.1501410106052147,0.3721843561979645,24,4
662,Phanchebun,North,Unknown,Sikkim,True,27.0558235,87.9505824,4.880443684657196,control (non-VVP),False,-0.2479514289409858,0.3427897646684538,96,4
663,Dombang,North,Unknown,Sikkim,True,27.7456823,88.777401,4.952018864728949,control (non-VVP),False,-0.18438771094038367,0.3141796407232825,24,4
664,Tserima,North,Unknown,Sikkim,True,26.8970136,89.1079938,5.0001862830661485,control (non-VVP),False,-0.1596903344509093,1.7111677670695076,48,4
665,Baichhadrangra,North,Unknown,Sikkim,True,26.8907462,89.1119796,5.051882633741652,control (non-VVP),False,-0.11648345888973476,0.7104937608071544,48,4
666,Gangawa,North,Unknown,Sikkim,True,27.2961738,87.9718593,5.105567853365814,control (non-VVP),False,-0.23901029011923983,0.24800568358464675,49,4
667,Muklabu,North,Unknown,Sikkim,True,27.2868659,87.9666335,5.15947744905538,control (non-VVP),False,-0.23146712298218702,0.2703368582810485,49,4
668,Tirsuley,North,Unknown,Sikkim,True,27.0096612,88.9474797,5.17216692808125,control (non-VVP),False,-0.1922749231797889,0.329517941504316,24,4
669,Serpe,North,Unknown,Sikkim,True,27.0734953,87.9288146,5.236702331017508,control (non-VVP),False,-0.2841578879041788,0.26699441764607773,96,4
670,Chyanthapu,North,Unknown,Sikkim,True,27.2635164,87.9541546,5.237476189395344,control (non-VVP),False,-0.22647411327192007,0.269333338602788,48,4
671,Memekha,North,Unknown,Sikkim,True,26.8941073,89.3031281,5.251209710485094,control (non-VVP),False,-0.22931708496112344,0.32531497751814004,24,4
672,Nibhare,North,Unknown,Sikkim,True,27.3091311,87.9755405,5.356886421662148,control (non-VVP),False,-0.20006296126183257,0.1924435037509196,49,4
673,Fikkal,North,Unknown,Sikkim,True,26.8952118,88.0661527,5.522309970347057,control (non-VVP),False,-0.2116626125162416,0.5250113629990003,96,4
674,Narayan Ashram,Pithoragarh,Unknown,Uttarakhand,True,29.9707,80.65476,0.0323530316101096,control (non-VVP),True,-0.15182906418030181,0.18783496342972733,24,4
675,Napalcho,Pithoragarh,Unknown,Uttarakhand,True,30.1820716,80.8515056,0.0730629720601801,control (non-VVP),True,-0.07736378222744175,0.20052357542475582,48,4
676,Bagrihat,Pithoragarh,Unknown,Uttarakhand,True,29.74274,80.36225,0.1180550634206112,control (non-VVP),True,-0.15396268935397237,0.26635768642342345,48,4
677,Titri,Pithoragarh,Unknown,Uttarakhand,True,29.73587,80.36225,0.4402156242512728,control (non-VVP),True,-0.13407847106250123,0.23935660203124598,24,4
678,Majarkana,Pithoragarh,Unknown,Uttarakhand,True,29.58069,80.36362,0.4476146132273144,control (non-VVP),True,-0.07879531619695263,0.3659872124603513,24,4
679,Chhiyalekh,Pithoragarh,Unknown,Uttarakhand,True,30.1200614,80.8384468,0.520514503646884,control (non-VVP),True,-0.20485259684227247,0.22823721290413002,48,4
680,Gullah,Pithoragarh,Unknown,Uttarakhand,True,30.02426,80.7193,0.5764591109992325,control (non-VVP),True,-0.2085413798595893,0.2507690182725808,24,4
681,Tawaghat,Pithoragarh,Unknown,Uttarakhand,True,29.9614818,80.5995242,0.6439112012307722,control (non-VVP),True,-0.09407827216581523,0.1953329711696987,24,4
682,Bachkot,Pithoragarh,Unknown,Uttarakhand,True,29.68918,80.36774,0.6834376358003158,control (non-VVP),True,-0.16719308257444682,0.3518400941725498,24,4
683,Khela,Pithoragarh,Unknown,Uttarakhand,True,29.9624674,80.5911762,0.8549461818637469,control (non-VVP),True,-0.13956907740304897,0.22879977999007806,24,4
684,Jauljibi,Pithoragarh,Unknown,Uttarakhand,True,29.7524071,80.376287,0.9286296961076403,control (non-VVP),True,-0.13794467941721458,0.42374448484786287,48,4
685,Nabhidang Camp,Pithoragarh,Unknown,Uttarakhand,True,30.2390998,80.9760112,0.951191793935628,control (non-VVP),True,0.04402093335078647,0.26271987142573217,48,4
686,Ela Gad,Pithoragarh,Unknown,Uttarakhand,True,29.92127,80.57099,1.0376171956303184,control (non-VVP),True,-0.08946793354015689,0.6963411426258813,25,4
687,Pipali,Pithoragarh,Unknown,Uttarakhand,True,29.67957,80.37598,1.0672403964005457,control (non-VVP),True,-0.12527972170862006,0.3352894193545198,24,4
688,Bhungti,Pithoragarh,Unknown,Uttarakhand,True,30.02838,80.71656,1.0844439643766843,control (non-VVP),True,-0.1764895147986001,0.25067046782998903,24,4
689,Kalika,Pithoragarh,Unknown,Uttarakhand,True,29.80866,80.49271,1.0908230484568096,control (non-VVP),True,-0.15797660973548228,0.3105613966596074,50,4
690,Guariat,Pithoragarh,Unknown,Uttarakhand,True,29.56833,80.34165,1.0940235634343112,control (non-VVP),True,-0.009092104272773157,0.4251473957094653,24,4
691,Kulagad,Pithoragarh,Unknown,Uttarakhand,True,29.90891,80.56824,1.2061540183517458,control (non-VVP),True,-0.10728756822022278,0.2568315193380999,25,4
692,Budhi,Pithoragarh,Unknown,Uttarakhand,True,30.1021621,80.8278931,1.2169752384701875,control (non-VVP),True,-0.22547212079040566,0.26504371280227207,47,4
693,Arkini,Pithoragarh,Unknown,Uttarakhand,True,29.53262,80.31143,1.3601773144358649,control (non-VVP),True,-0.05500895468754844,0.34853278264973336,25,4
694,Mangti,Pithoragarh,Unknown,Uttarakhand,True,29.9975052,80.714547,1.386471653484554,control (non-VVP),True,-0.11712287515250934,0.23675653456927387,24,4
695,Nigalpani,Pithoragarh,Unknown,Uttarakhand,True,29.82788,80.51468,1.4345252586515271,control (non-VVP),True,-0.12292940776443063,1.2189721741359134,50,4
696,Sunkholi,Pithoragarh,Unknown,Uttarakhand,True,29.6727,80.38559,1.6108121518240937,control (non-VVP),True,-0.10055004682618714,0.30400056359775834,24,4
697,Pangla,Pithoragarh,Unknown,Uttarakhand,True,29.9800668,80.6895435,1.6210846454452084,control (non-VVP),True,-0.12934299261713111,0.18777505490190322,24,4
698,Jhulāghāt,Pithoragarh,Unknown,Uttarakhand,True,29.57245,80.38422,1.669445047328484,control (non-VVP),True,-0.15335662623724067,0.3797486378521216,24,4
699,Balwakot,Pithoragarh,Unknown,Uttarakhand,True,29.80042,80.42954,1.6922467821054537,control (non-VVP),True,-0.1371962876167453,0.22541666547067804,50,4
700,Matoli,Pithoragarh,Unknown,Uttarakhand,True,29.67407,80.34714,1.7446487149080665,control (non-VVP),True,-0.12905433079255943,0.30740448061425607,24,4
701,Bagrigaon,Pithoragarh,Unknown,Uttarakhand,True,29.68506,80.38147,1.8045535437812656,control (non-VVP),True,-0.14249637298857745,0.3324419258376666,24,4
702,Dwalisera,Pithoragarh,Unknown,Uttarakhand,True,29.70017,80.37735,1.95335447596369,control (non-VVP),True,-0.14579910938360138,0.3600356685474073,24,4
703,Dobat,Pithoragarh,Unknown,Uttarakhand,True,29.87732,80.56275,2.0576548562319417,control (non-VVP),True,-0.14098989779546892,0.43726578776872754,25,4
704,Ghasku,Pithoragarh,Unknown,Uttarakhand,True,29.9704962,80.6856052,2.1159743868697984,control (non-VVP),True,-0.10641981372986312,0.2256706628700639,24,4
705,Sosa,Pithoragarh,Unknown,Uttarakhand,True,29.98306,80.63553,2.150443728067402,control (non-VVP),True,-0.2328425235091155,0.1899128537909138,24,4
706,Tapovan,Pithoragarh,Unknown,Uttarakhand,True,29.8666326,80.559451,2.4136628364519885,control (non-VVP),True,-0.11996395564478524,1.4260713762259407,25,4
707,Badari,Pithoragarh,Unknown,Uttarakhand,True,29.54361,80.2977,2.519961978082271,control (non-VVP),True,-0.05547342282181865,0.3968353655698965,25,4
708,Pangu,Pithoragarh,Unknown,Uttarakhand,True,29.98444,80.61631,2.963014823972661,control (non-VVP),True,-0.17357480082135074,0.20104395259212662,24,4
709,कालापानी,Pithoragarh,Unknown,Uttarakhand,True,30.2233426,80.9121926,3.087215901421682,control (non-VVP),True,-0.07797490605951632,0.23770606959008342,48,4
710,Bharalu,Pithoragarh,Unknown,Uttarakhand,True,29.5697,80.30457,3.208758661003287,control (non-VVP),True,-0.043524634242072764,0.4601146271981006,24,4
711,Askot,Pithoragarh,Unknown,Uttarakhand,True,29.7645899,80.3346048,3.3481721320454376,control (non-VVP),True,-0.11491208185291583,0.3713562083400152,48,4
712,Chhirkala,Pithoragarh,Unknown,Uttarakhand,True,29.98032,80.56549,3.531308933184691,control (non-VVP),True,-0.09068739968384885,0.40312432314127444,24,4
713,Chharandeo,Pithoragarh,Unknown,Uttarakhand,True,29.67545,80.32105,4.1042790874662,control (non-VVP),True,-0.12444374999872361,0.30587267048010847,24,4
714,Balmara,Pithoragarh,Unknown,Uttarakhand,True,29.79767,80.35813,4.111956217174881,control (non-VVP),True,-0.18873842577839398,0.2538016294169685,50,4
715,Imkhola,Pithoragarh,Unknown,Uttarakhand,True,29.8196229,80.3827692,4.920765939256588,control (non-VVP),True,-0.1399997291352441,0.3531971676741811,50,4
716,Barabe,Pithoragarh,Unknown,Uttarakhand,True,29.51202,80.23728,5.100446408044568,control (non-VVP),True,-0.12470040128849061,0.3187541111993633,25,4
717,Wadda,Pithoragarh,Unknown,Uttarakhand,True,29.56558,80.27848,5.11031452087313,control (non-VVP),True,0.016681388969993213,1.0373011030544892,24,4
718,Sangri,Pithoragarh,Unknown,Uttarakhand,True,29.67545,80.30731,5.37223428645033,control (non-VVP),True,-0.13802839439218303,0.37000000552079026,24,4
719,Bagour,Pithoragarh,Unknown,Uttarakhand,True,29.63562,80.32517,5.447181654842486,control (non-VVP),True,-0.14435053828514244,0.2990573291413182,24,4
720,Khanpaira,Pithoragarh,Unknown,Uttarakhand,True,29.82376,80.36499,5.991249511303318,control (non-VVP),True,-0.14396555326095284,0.3225968992327271,50,4
721,Patharkhani,Pithoragarh,Unknown,Uttarakhand,True,29.53674,80.25101,6.078954259117757,control (non-VVP),True,-0.14535887101431144,0.47856633303066093,25,4
