village_id,village,district,block,state,is_core_sample,latitude,longitude,distance_to_border_km,village_source,district_verified,vv_before,vh_before,vv_after,vh_after,sar_before_image_count,sar_after_image_count
1,Upper Traflagam 266829,Anjaw,Unknown,Arunachal Pradesh,True,28.3500638,96.6336613,10.208156031306832,control (non-VVP),True,-10.085831162742194,-16.310624308900206,-10.49841254324967,-16.944226070466033,11,14
2,Tarampa,Anjaw,Unknown,Arunachal Pradesh,True,28.3416126,96.6186283,11.259931743843367,control (non-VVP),True,-6.526923232285509,-13.125894228385755,-7.044964914181902,-13.732185768536922,11,14
3,Matkrong,Anjaw,Unknown,Arunachal Pradesh,True,27.8559038,96.9824133,12.21174958433055,control (non-VVP),True,-9.027644900194638,-15.896635001435998,-9.200342039686115,-15.914330665990663,11,15
4,Abochagan,Anjaw,Unknown,Arunachal Pradesh,True,28.3136489,96.6140466,14.385494242096671,control (non-VVP),True,-9.754058713462014,-15.730666350446821,-10.066460655794451,-16.28668830358297,11,14
5,Khalega,Anjaw,Unknown,Arunachal Pradesh,True,28.2806477,96.5718641,17.389387120162088,control (non-VVP),True,-14.871077677640994,-20.3132155961985,-15.245309325519116,-20.996388560758803,11,14
6,Shirong,Anjaw,Unknown,Arunachal Pradesh,True,27.903587,96.9409105,18.879751233480885,control (non-VVP),True,-6.389722113261102,-13.318571567795603,-6.593672106368037,-13.402934962760256,11,15
7,Khampti Pani,Anjaw,Unknown,Arunachal Pradesh,True,27.9282865,96.9573301,20.07481274759241,control (non-VVP),True,-5.292525834222294,-12.352205936259205,-5.366850600403297,-12.384371735529497,11,15
8,Xiao Madengliang,Anjaw,Unknown,Arunachal Pradesh,True,28.2208547,96.5152684,20.66721205919266,control (non-VVP),True,-3.8305126447835494,-10.680487268029381,-3.907168927599072,-10.850233866697433,11,14
9,Tilam,Anjaw,Unknown,Arunachal Pradesh,True,28.1432798,97.0060273,21.122207787766506,control (non-VVP),True,-5.368786217333245,-11.906925559788993,-5.470332651109579,-11.77153092742296,11,14
10,Minjong,Anjaw,Unknown,Arunachal Pradesh,True,27.9447015,96.9531849,21.775446122663485,control (non-VVP),True,-1.6172308103294784,-8.698839372809482,-2.0000787723482745,-8.71522255781759,11,15
11,Jiliang,Anjaw,Unknown,Arunachal Pradesh,True,28.2187403,96.536865,21.785872271677064,control (non-VVP),True,-10.633436084868476,-16.524640257439955,-10.794235087768902,-16.76971274397944,11,14
12,Walang,Anjaw,Unknown,Arunachal Pradesh,True,27.882509,96.8550641,21.853357578949343,control (non-VVP),True,-7.216228354319149,-13.813467767367396,-7.356809681932009,-14.001959097504646,11,15
13,Tinai,Anjaw,Unknown,Arunachal Pradesh,True,28.1383669,97.0271327,22.12939324344721,control (non-VVP),True,-10.090278507015572,-17.296035417097045,-9.965039803192687,-17.279824578578285,11,14
14,Kalin,Anjaw,Unknown,Arunachal Pradesh,True,27.9654847,96.9709934,22.15837709115443,control (non-VVP),True,-12.359048319548535,-18.962283922448478,-12.466393977733253,-19.065043891239227,11,15
15,Halla,Anjaw,Unknown,Arunachal Pradesh,True,27.9655372,96.962708,22.66191626116016,control (non-VVP),True,-2.2800328763138458,-9.324658126085064,-2.4450735063833826,-9.423036678459713,11,15
16,Yashong Camp,Anjaw,Unknown,Arunachal Pradesh,True,27.9752592,96.9686698,23.166499666887443,control (non-VVP),True,-2.773561175612138,-9.790200140852672,-2.8353634372887333,-9.820320733833661,11,15
17,Kaladun,Anjaw,Unknown,Arunachal Pradesh,True,27.9839219,96.9737606,23.672719201131454,control (non-VVP),True,-9.869310744663107,-16.244163068919907,-10.098668451713845,-16.453180226064827,11,15
18,Menilkrai,Anjaw,Unknown,Arunachal Pradesh,True,28.1024223,97.0047561,25.56053181319565,control (non-VVP),True,-8.901539532081122,-16.13204842213389,-9.046044997637503,-15.981840075484845,11,14
19,Sarti,Anjaw,Unknown,Arunachal Pradesh,True,28.0081411,96.9619129,26.55964309895621,control (non-VVP),True,-2.8935621487394854,-10.255779908387314,-2.9193176498825952,-10.060333099912965,11,20
20,Tarafliang,Anjaw,Unknown,Arunachal Pradesh,True,28.1541848,96.5174198,27.7622677852453,control (non-VVP),True,-5.3261726209132325,-12.595506489415797,-5.7968227020685275,-12.796770695521449,11,14
21,Chinagam,Anjaw,Unknown,Arunachal Pradesh,True,28.1625933,96.5530756,28.042568905542584,control (non-VVP),True,-11.17029294741011,-17.38151394907291,-11.52299934111626,-17.775761145914927,11,14
22,Nilang,Anjaw,Unknown,Arunachal Pradesh,True,28.1764497,96.6564414,28.486893314419977,control (non-VVP),True,-8.54536519290466,-15.436814774441315,-8.898070067137091,-15.664702325522072,11,14
23,Chipru,Anjaw,Unknown,Arunachal Pradesh,True,28.1503735,96.5374173,28.7529084694698,control (non-VVP),True,-8.957905861040079,-15.453107873803189,-9.422680500677497,-16.080678112829105,11,14
24,Jiongming,Anjaw,Unknown,Arunachal Pradesh,True,28.0367462,96.9717952,28.828837329459443,control (non-VVP),True,-6.98414620812246,-13.669599517029626,-7.12035329858619,-13.808379538720416,11,14
25,Warti,Anjaw,Unknown,Arunachal Pradesh,True,28.0392081,96.9729224,29.015113460311976,control (non-VVP),True,-9.23252247507936,-15.81665504592874,-9.216035845675135,-15.881534761387556,11,14
26,Chareimna,Anjaw,Unknown,Arunachal Pradesh,True,28.1695789,96.6589609,29.05506117418188,control (non-VVP),True,-11.802164445619335,-17.913146055911202,-12.009503260482363,-18.294818531582322,11,14
27,Bringkong,Anjaw,Unknown,Arunachal Pradesh,True,28.1715853,96.6504862,29.235932788914383,control (non-VVP),True,-2.4456471292786297,-9.803861339313038,-2.6306075818597257,-9.984431698626516,11,14
28,Baligam,Anjaw,Unknown,Arunachal Pradesh,True,28.1433091,96.5356291,29.43782006027962,control (non-VVP),True,-2.3970842036548685,-9.78641415564022,-2.8028111881063373,-10.210589366598102,11,14
29,Sethi,Anjaw,Unknown,Arunachal Pradesh,True,28.055845,96.9797354,30.465233345920453,control (non-VVP),True,-8.52395220996089,-15.422826491055295,-8.73198488581931,-15.504024228773062,11,14
30,Challang,Anjaw,Unknown,Arunachal Pradesh,True,28.1551886,96.6522501,30.782237092846348,control (non-VVP),True,-9.265651855426134,-15.83494318588623,-9.451299562658715,-16.17514711178602,11,14
31,Matiliang 266674,Anjaw,Unknown,Arunachal Pradesh,True,28.1076072,96.445203,30.920931427207496,control (non-VVP),True,-13.72037791315767,-19.805412997976436,-13.994595167996623,-19.81176794625768,11,14
32,Tololiang,Anjaw,Unknown,Arunachal Pradesh,True,28.1256641,96.547808,31.674637251537064,control (non-VVP),True,-17.09017230733093,-21.81195635015377,-17.906300619638337,-23.2479275812755,11,14
33,Chamemla,Anjaw,Unknown,Arunachal Pradesh,True,28.1286743,96.5620271,31.85281522562808,control (non-VVP),True,-12.404245568210056,-18.55036256221713,-12.74086484556976,-19.03314510167322,11,14
34,Bulimina,Anjaw,Unknown,Arunachal Pradesh,True,28.1406221,96.6583188,31.954247870225128,control (non-VVP),True,-8.240218399576072,-14.844510878093317,-8.603423976804667,-15.11830750233107,11,14
35,Hoiliang 266714,Anjaw,Unknown,Arunachal Pradesh,True,28.0981287,96.4478867,32.0053640309043,control (non-VVP),True,-10.446286884174857,-16.922955078837184,-10.66960367566059,-16.843114815203233,11,14
36,Tuboka,Anjaw,Unknown,Arunachal Pradesh,True,28.1222299,96.5542939,32.24772241518634,control (non-VVP),True,-12.53168261992803,-18.38116380645039,-13.128258763503498,-19.197095179802126,11,14
37,Tikromna,Anjaw,Unknown,Arunachal Pradesh,True,28.1182382,96.5447809,32.358005180805385,control (non-VVP),True,-11.518893895749795,-17.96805182229827,-12.074789382796896,-18.726628990148544,11,14
38,Adomla,Anjaw,Unknown,Arunachal Pradesh,True,28.1135364,96.5375112,32.63931418458326,control (non-VVP),True,-5.098391659417646,-12.29033257731064,-5.473229208612545,-12.872737816719948,11,14
39,Tafraliang,Anjaw,Unknown,Arunachal Pradesh,True,28.0886403,96.4529695,33.153023601738646,control (non-VVP),True,-7.211575435565452,-14.075398153704592,-7.657116603731112,-14.249446570039321,11,20
40,Paluliang,Anjaw,Unknown,Arunachal Pradesh,True,28.1167741,96.5706359,33.39289000170816,control (non-VVP),True,-0.7993283575379799,-8.133362062024704,-1.1962038442208685,-8.32656293553814,11,14
41,Tikromla,Anjaw,Unknown,Arunachal Pradesh,True,28.0971168,96.5348369,34.31385251032624,control (non-VVP),True,-7.314470558399939,-13.980360334687322,-7.781855017214895,-14.619612949215506,11,14
42,Champhai,Anjaw,Unknown,Arunachal Pradesh,True,28.1085212,96.57408,34.3674923444699,control (non-VVP),True,-2.118038169645049,-9.39297979226145,-2.4355375131580606,-9.565973711509665,11,14
43,Chirang 266667,Anjaw,Unknown,Arunachal Pradesh,True,28.0684239,96.4069505,34.51581155631747,control (non-VVP),True,-4.038448947300429,-10.848086735515475,-4.61745221375776,-11.321814927104743,11,15
44,Barafu,Anjaw,Unknown,Arunachal Pradesh,True,28.1017011,96.558488,34.52797727422521,control (non-VVP),True,-2.6398158757897847,-9.78455018908044,-2.991459379699764,-10.238872846259696,11,14
45,Langum,Anjaw,Unknown,Arunachal Pradesh,True,28.1218659,96.6112899,34.76622900601115,control (non-VVP),True,-7.02982624545198,-13.795394681293017,-7.503966748696165,-14.34215541207112,11,14
46,Khupa Village 266673,Anjaw,Unknown,Arunachal Pradesh,True,28.0771387,96.4736667,34.92083910596573,control (non-VVP),True,-7.928519959523148,-14.54042005361492,-8.53121449393391,-14.946215523913054,11,15
47,Hayugam,Anjaw,Unknown,Arunachal Pradesh,True,28.0893566,96.5438268,35.3843601683056,control (non-VVP),True,-11.308618167645221,-17.489273362279352,-11.594893485918163,-17.908357844696805,11,14
48,Kalamdia,Anjaw,Unknown,Arunachal Pradesh,True,28.0994655,96.5765815,35.38966199183561,control (non-VVP),True,-3.538653252122238,-10.747540199395836,-3.909934518987518,-11.054153153548224,11,14
49,Khugam,Anjaw,Unknown,Arunachal Pradesh,True,28.0970181,96.5765587,35.64039244454056,control (non-VVP),True,-5.157605395568546,-12.285265341761862,-5.506491403457666,-12.61294100062447,11,14
50,Swami Camp,Anjaw,Unknown,Arunachal Pradesh,True,28.0761921,96.5004673,35.71663701514807,control (non-VVP),True,-4.193996229372535,-11.45599902023309,-4.369295436121599,-11.67234357934628,11,15
51,Chameliang,Anjaw,Unknown,Arunachal Pradesh,True,28.081538,96.5395274,36.10070905223501,control (non-VVP),True,-8.544008146785938,-15.194826091608645,-8.815160013190798,-15.532934041860642,11,14
52,Nenuliang,Anjaw,Unknown,Arunachal Pradesh,True,28.0695914,96.5025516,36.47740878026867,control (non-VVP),True,-12.061834755941002,-18.789716470422583,-12.41297835277835,-19.469068490834445,11,15
53,Khupa Township,Anjaw,Unknown,Arunachal Pradesh,True,28.0654038,96.4926664,36.669653927690405,control (non-VVP),True,-5.002405565236195,-12.0397111265583,-5.070284191019027,-12.188407531065224,11,15
54,Amliang,Anjaw,Unknown,Arunachal Pradesh,True,28.0586788,96.4688356,36.772239821896335,control (non-VVP),True,-7.709439070255702,-14.624322835878601,-8.193539224725079,-15.134622492447903,11,15
55,Mompani,Anjaw,Unknown,Arunachal Pradesh,True,28.0513007,96.4415599,36.90022530314944,control (non-VVP),True,-2.8660314762661354,-9.89265324857721,-3.485463568702401,-10.34659428122776,11,15
56,Langjon,Anjaw,Unknown,Arunachal Pradesh,True,28.053427,96.4586965,37.07185575220221,control (non-VVP),True,-9.56039569213605,-16.276012239656527,-10.477349298340735,-16.906823144363152,11,15
57,Thamptong 266699,Anjaw,Unknown,Arunachal Pradesh,True,28.0678982,96.519264,37.09174843787751,control (non-VVP),True,-8.17874179970176,-14.90413337535616,-8.505590252478752,-15.208949771244596,11,15
58,Talang,Anjaw,Unknown,Arunachal Pradesh,True,28.0840788,96.5820921,37.17372787408739,control (non-VVP),True,-9.650863570138906,-16.199307277618313,-10.094245283535479,-16.602390977876745,11,14
59,Mahikong,Anjaw,Unknown,Arunachal Pradesh,True,28.0544424,96.4828253,37.58834433224498,control (non-VVP),True,-10.785650419670645,-17.39455563707351,-11.655284835534877,-18.020944101138753,11,15
60,Tepang,Anjaw,Unknown,Arunachal Pradesh,True,27.9688421,96.7188848,37.9259149195321,control (non-VVP),True,-12.932763648170326,-19.12043786797959,-13.455704194425989,-19.588672867017497,11,15
61,Blom,Anjaw,Unknown,Arunachal Pradesh,True,28.0783604,96.5876028,37.96428159431192,control (non-VVP),True,-11.15066971452295,-17.572360849658846,-11.541037127931256,-17.974790609035697,11,14
62,布拉母哈岗,Anjaw,Unknown,Arunachal Pradesh,True,28.0669816,96.5559722,38.103619818542384,control (non-VVP),True,-8.844047123262115,-15.882090925976925,-9.309147621721229,-16.47103611805561,11,15
63,Kamba,Anjaw,Unknown,Arunachal Pradesh,True,28.0665856,96.5608784,38.29061279666109,control (non-VVP),True,-7.597515967897016,-14.650701984039234,-7.8523174305410155,-15.025826154309247,11,15
64,Chillang,Anjaw,Unknown,Arunachal Pradesh,True,28.0356469,96.4227016,38.30913224271945,control (non-VVP),True,-3.0043543731345648,-10.216079177875827,-3.346655387365555,-10.5001420065714,22,19
65,Chingraliang 266703,Anjaw,Unknown,Arunachal Pradesh,True,28.0460551,96.4835718,38.5057562974661,control (non-VVP),True,-7.8409002612941565,-14.377081526926135,-7.998392293578816,-14.496619623499473,11,15
66,Mele 266697,Anjaw,Unknown,Arunachal Pradesh,True,28.0533163,96.5470204,39.31156367802646,control (non-VVP),True,-4.729265181942276,-11.710212899946507,-5.076983688846222,-12.120531564468655,11,15
67,Karangliang,Anjaw,Unknown,Arunachal Pradesh,True,28.0328845,96.4619146,39.35483127096242,control (non-VVP),True,-8.40118725329392,-14.945256283475212,-8.895218975582207,-15.329847238650302,22,19
68,Naraliang,Anjaw,Unknown,Arunachal Pradesh,True,28.0272329,96.4412739,39.516581462951535,control (non-VVP),True,-2.506121586248783,-10.029754883048076,-2.933558303459505,-10.229474658957665,11,15
69,Takaliang,Anjaw,Unknown,Arunachal Pradesh,True,28.0190688,96.4160791,40.05087119190448,control (non-VVP),True,-4.208313356346664,-11.467619824717696,-4.655478598556673,-11.762972860944185,11,15
70,Chiphugam 266713,Anjaw,Unknown,Arunachal Pradesh,True,28.0127703,96.4014324,40.608662519250345,control (non-VVP),True,0.4264767427430974,-6.95084446887556,-0.03858333866308583,-7.2542890742456825,11,15
71,Khorlang,Anjaw,Unknown,Arunachal Pradesh,True,28.0257952,96.487329,40.77244573605165,control (non-VVP),True,-4.671966612874088,-11.720754355614915,-4.9626034374000465,-11.965931939415567,22,19
72,Tummla,Anjaw,Unknown,Arunachal Pradesh,True,28.0474659,96.582792,40.9916149981248,control (non-VVP),True,-9.042054891900033,-16.104279340052752,-9.51282764477253,-16.764775955648865,11,15
73,Matong,Anjaw,Unknown,Arunachal Pradesh,True,28.0593901,96.6181031,41.1988576731284,control (non-VVP),True,-11.39611074837985,-17.587319535599587,-11.882259553630096,-18.190855146455313,11,20
74,Paya,Anjaw,Unknown,Arunachal Pradesh,True,28.0083682,96.4228615,41.3081896196448,control (non-VVP),True,-4.953708118188943,-12.25330128651767,-5.445492411397221,-12.576938903784711,11,15
75,Supnung,Anjaw,Unknown,Arunachal Pradesh,True,28.0571961,96.6182474,41.42029518150113,control (non-VVP),True,-12.178902553620265,-18.19294040396618,-12.502513527688436,-18.65350323964621,11,15
76,Bruini,Dibang Valley,Unknown,Arunachal Pradesh,True,29.1545325,96.1488625,4.739801400488968,control (non-VVP),True,-12.013401690690634,-17.84321432814732,-13.093629497344722,-18.98621812566073,20,13
77,Andrala Omkar,Dibang Valley,Unknown,Arunachal Pradesh,True,29.0623725,95.6169709,12.5097504539976,control (non-VVP),True,-3.9123362003214996,-10.702864888868358,-4.218365088785764,-11.041906348703979,9,10
78,阿进,Dibang Valley,Unknown,Arunachal Pradesh,True,29.0685,96.0265797,14.471694450516267,control (non-VVP),True,-9.136335566815138,-14.474548417320236,-11.291241282822913,-16.799347998165622,20,13
79,Mawu,Dibang Valley,Unknown,Arunachal Pradesh,True,29.0571162,96.0144078,15.67462930303044,control (non-VVP),True,-6.695320268087073,-12.164991826149576,-8.00171217275937,-13.430699679187729,20,13
80,阿普衣,Dibang Valley,Unknown,Arunachal Pradesh,True,29.0043871,95.9701987,20.09789314478475,control (non-VVP),True,-8.74292644410808,-15.065143653484103,-7.287755742392354,-13.928348710482283,19,19
81,Dambuen,Dibang Valley,Unknown,Arunachal Pradesh,True,28.931081,95.9752764,21.21593602485472,control (non-VVP),True,-11.37035145388627,-17.49660706420622,-11.3948605310313,-17.696629652601587,19,19
82,Basam,Dibang Valley,Unknown,Arunachal Pradesh,True,29.0406371,95.8135986,21.81207441458054,control (non-VVP),True,-2.491061317425194,-9.258261781506505,-2.6185716771697436,-9.382892989924237,9,10
83,Rilley,Dibang Valley,Unknown,Arunachal Pradesh,True,28.8599437,95.9809166,22.764206356793835,control (non-VVP),True,-9.297375047702621,-15.46991668356756,-9.400927779871664,-15.601457802354034,19,19
84,dian,Dibang Valley,Unknown,Arunachal Pradesh,True,28.9488654,95.6849583,23.39036782499988,control (non-VVP),True,-6.463694755006289,-13.563306125556172,-6.832209785732677,-13.824663567490903,8,10
85,埃巴尼,Dibang Valley,Unknown,Arunachal Pradesh,True,29.0173756,95.8081057,23.9627626264192,control (non-VVP),True,-4.323390247691485,-11.283870269440706,-4.429388970287631,-11.375343103010279,8,10
86,Atalin,Dibang Valley,Unknown,Arunachal Pradesh,True,28.8368966,95.9659782,25.176539267310137,control (non-VVP),True,-9.117459359696738,-15.49103715269329,-9.152852155635756,-15.66923163486791,19,19
87,Ahunli,Dibang Valley,Unknown,Arunachal Pradesh,True,28.8345474,95.9597204,25.83864178208416,control (non-VVP),True,-9.31569198975707,-15.697123686609672,-9.468411796855749,-15.987351200192245,19,19
88,Abali,Dibang Valley,Unknown,Arunachal Pradesh,True,28.99724,95.8076255,26.034179785880767,control (non-VVP),True,-8.90147543518277,-15.254179048464255,-8.999954054104274,-15.429946349483071,8,10
89,Beyanli,Dibang Valley,Unknown,Arunachal Pradesh,True,28.9959135,95.8079275,26.18250955105191,control (non-VVP),True,-9.360166995025471,-15.658528138898168,-9.45667049890276,-15.871072856430114,8,10
90,Awalin,Dibang Valley,Unknown,Arunachal Pradesh,True,28.7056681,96.1699665,26.211338075489483,control (non-VVP),True,-5.509980968536845,-12.191799334342429,-4.863394676140343,-11.7161933552744,19,19
91,Singo,Dibang Valley,Unknown,Arunachal Pradesh,True,28.8257925,95.9457494,27.496207989464107,control (non-VVP),True,-6.80770208165045,-13.60472010759013,-7.0195810332602395,-14.015382853381956,19,19
92,Mihundo,Dibang Valley,Unknown,Arunachal Pradesh,True,28.829056,95.9393137,27.89030060387755,control (non-VVP),True,-6.985060010406827,-13.351937971339101,-7.25420431661056,-13.809275187942935,19,19
93,Akolin,Dibang Valley,Unknown,Arunachal Pradesh,True,28.8236778,95.9416852,27.95640540054999,control (non-VVP),True,-6.726578752356463,-13.360592934868384,-6.859444714332309,-13.653037527222512,19,19
94,Ayongo,Dibang Valley,Unknown,Arunachal Pradesh,True,28.8230669,95.9418373,27.97493894289717,control (non-VVP),True,-6.844371785754836,-13.526288394044489,-6.9748926819718555,-13.830714640019535,19,19
95,Ahunli,Dibang Valley,Unknown,Arunachal Pradesh,True,28.8140704,95.9419262,28.44828524069856,control (non-VVP),True,-10.208624251213195,-16.47714019543467,-10.369039820628581,-16.789469420960334,19,19
96,Angulin,Dibang Valley,Unknown,Arunachal Pradesh,True,28.9748478,95.8112262,28.49318519693004,control (non-VVP),True,-8.862601919184184,-14.977504360026158,-9.138714782968188,-15.44204900897929,8,10
97,Makuni,Dibang Valley,Unknown,Arunachal Pradesh,True,28.8221427,95.9310087,28.9594463116276,control (non-VVP),True,-6.577985687373082,-13.192040439399575,-6.788154066394728,-13.527821615923134,19,19
98,Etabe,Dibang Valley,Unknown,Arunachal Pradesh,True,28.8079186,95.9351971,29.358010050916832,control (non-VVP),True,-9.827240102648013,-16.11703213914496,-9.945188857320879,-16.424714124854628,19,19
99,Baro,Dibang Valley,Unknown,Arunachal Pradesh,True,28.7934003,95.9284162,30.75864356991968,control (non-VVP),True,-9.89736625430375,-16.320891889782896,-9.861962423902975,-16.501267406195467,19,19
100,Apanli,Dibang Valley,Unknown,Arunachal Pradesh,True,28.6700204,96.1056557,31.29422934107572,control (non-VVP),True,-7.3833559856375315,-13.978223529791945,-7.368108112867857,-14.049444038983426,19,24
101,Larango,Dibang Valley,Unknown,Arunachal Pradesh,True,28.7880718,95.918821,31.86607740091618,control (non-VVP),True,-8.845959201309688,-15.308051264000714,-9.067677906042828,-15.652470219966787,19,19
102,Amuli,Dibang Valley,Unknown,Arunachal Pradesh,True,28.7875753,95.9141519,32.28166853802251,control (non-VVP),True,-8.205632288819373,-14.917201797358004,-8.38821339796507,-15.161148727871698,19,19
103,Brango,Dibang Valley,Unknown,Arunachal Pradesh,True,28.9405604,95.8173923,32.29183869008044,control (non-VVP),True,-5.962874630415195,-12.74961739726652,-6.036919198277244,-12.851812520234867,19,19
104,Akunli,Dibang Valley,Unknown,Arunachal Pradesh,True,28.8111887,95.8962517,32.5355921450053,control (non-VVP),True,-8.108779548217758,-14.501017305256418,-8.160951622877704,-14.760983908841537,19,19
105,Karu,Dibang Valley,Unknown,Arunachal Pradesh,True,28.8049354,95.8992688,32.587821958149284,control (non-VVP),True,-8.064327122761396,-14.711936923283103,-8.37538353857085,-15.016096217242199,19,19
106,Tanga II,Dibang Valley,Unknown,Arunachal Pradesh,True,28.8136293,95.893295,32.67631994699575,control (non-VVP),True,-5.436675995685089,-12.34333857859594,-5.641358801168793,-12.61657244062773,19,19
107,Akhunli,Dibang Valley,Unknown,Arunachal Pradesh,True,28.6685127,96.059513,32.993165287526374,control (non-VVP),True,-5.343079916117362,-12.147337207368532,-4.803465812417106,-11.772642890248905,19,24
108,Maro,Dibang Valley,Unknown,Arunachal Pradesh,True,28.8314281,95.8735957,33.65500502664909,control (non-VVP),True,-12.05586248207903,-17.516510255041773,-11.782019755361281,-17.72715825275054,19,19
109,Tapo,Dibang Valley,Unknown,Arunachal Pradesh,True,28.8150846,95.8784431,33.92158477451002,control (non-VVP),True,-12.678282062221557,-18.558597400556927,-12.692683625144896,-18.869593114974872,19,19
110,Amboli,Dibang Valley,Unknown,Arunachal Pradesh,True,28.7782095,95.9006268,33.951810510469485,control (non-VVP),True,-7.941339187515448,-14.704730696531094,-8.047672509588043,-14.825031086701658,19,19
111,Charkilo,Dibang Valley,Unknown,Arunachal Pradesh,True,28.8156575,95.8773093,33.996313730005284,control (non-VVP),True,-12.753011966003188,-18.65957284857556,-12.814835665230413,-18.995064186448083,19,19
112,Maroli,Dibang Valley,Unknown,Arunachal Pradesh,True,28.8551403,95.8604802,34.02008814842359,control (non-VVP),True,-7.983584402698926,-14.23786088411687,-7.954791475449933,-14.32303974748012,19,19
113,Angulin,Dibang Valley,Unknown,Arunachal Pradesh,True,28.7972034,95.8857247,34.1570920023645,control (non-VVP),True,-8.837904308923793,-15.25938719410804,-9.10543539510603,-15.57364493270912,19,19
114,Athunli,Dibang Valley,Unknown,Arunachal Pradesh,True,28.6575175,96.0218393,35.703524383599735,control (non-VVP),True,-7.55702437462084,-14.567550202227654,-7.864764907940093,-14.963635784633137,19,24
115,Anose,Dibang Valley,Unknown,Arunachal Pradesh,True,28.6322763,96.0147489,35.94683270524162,control (non-VVP),True,-9.71940709803415,-16.527636314883296,-10.02867087398541,-16.806196130481684,19,24
116,恰帕,Dibang Valley,Unknown,Arunachal Pradesh,True,28.6587596,96.0107761,36.10892685686056,control (non-VVP),True,-6.672696416162401,-13.71119882260395,-7.079348198564907,-14.112956439346195,19,24
117,Ilupu,Dibang Valley,Unknown,Arunachal Pradesh,True,28.7766747,95.8707591,36.53752328568139,control (non-VVP),True,-9.639891182757298,-15.970384753567027,-9.964999823410604,-16.30560584556242,19,19
118,Alombro,Dibang Valley,Unknown,Arunachal Pradesh,True,28.8912928,95.8139536,37.44827678081757,control (non-VVP),True,-7.816187656196934,-14.22994899396234,-8.23750388498323,-14.740062319473,19,19
119,岷东,Dibang Valley,Unknown,Arunachal Pradesh,True,28.7733786,95.8573956,37.85177130688197,control (non-VVP),True,-5.938498633621543,-12.630515091363682,-6.282524406681642,-12.924051895264164,19,19
120,昂里,Dibang Valley,Unknown,Arunachal Pradesh,True,28.6444365,95.9929441,38.360632618269065,control (non-VVP),True,-6.942829802545758,-13.911319981006754,-7.333508033980417,-14.122360834423665,19,24
121,Aruko,Dibang Valley,Unknown,Arunachal Pradesh,True,28.6365123,96.0073067,38.42709422070483,control (non-VVP),True,-5.125690990163158,-12.176262421497118,-5.506828499221458,-12.407596491948883,19,24
122,阿米里,Dibang Valley,Unknown,Arunachal Pradesh,True,28.3999197,95.9040857,39.043917134710846,control (non-VVP),True,-6.985846533596696,-14.044069115394786,-7.404840677651772,-14.494685520691686,19,24
123,Ashambra,Dibang Valley,Unknown,Arunachal Pradesh,True,28.4083935,95.8960457,39.78552162439113,control (non-VVP),True,-5.754197282533733,-13.06778132275806,-6.411764027418566,-13.695445555364195,19,24
124,Immli,Dibang Valley,Unknown,Arunachal Pradesh,True,28.7250516,95.8683257,39.89816301809222,control (non-VVP),True,-11.155764613113677,-17.03521184710911,-10.998827399534335,-17.486095232011092,19,19
125,Koronli,Dibang Valley,Unknown,Arunachal Pradesh,True,28.4146922,95.8929454,40.07023852433401,control (non-VVP),True,-9.173378698932035,-16.303751969349012,-9.777733096631817,-16.686688556097256,19,24
126,柯委,Dibang Valley,Unknown,Arunachal Pradesh,True,28.7183921,95.8681743,40.35795197178727,control (non-VVP),True,-8.253525476129258,-14.855990821673187,-7.402774451396832,-14.2644901704908,19,19
127,鲁波,Dibang Valley,Unknown,Arunachal Pradesh,True,28.4499048,95.8843525,41.02762145083768,control (non-VVP),True,-4.114682198651341,-11.191234265368776,-4.449402309673617,-11.494918944353493,19,24
128,Ichigo,Dibang Valley,Unknown,Arunachal Pradesh,True,28.5155155,95.8937841,41.32167078574314,control (non-VVP),True,-6.057692075904911,-12.934151778245072,-6.346688414968882,-13.263222064269259,19,24
129,Arope,Dibang Valley,Unknown,Arunachal Pradesh,True,28.6313227,95.9389968,42.48747530154613,control (non-VVP),True,-7.541880837241628,-14.548779759980382,-7.787140695540959,-14.784404970305108,19,24
130,Waing,East Kameng,Unknown,Arunachal Pradesh,True,27.7737215,92.9303658,28.808420130737865,control (non-VVP),True,-1.9344782833192204,-9.190262480742968,-2.2862595721827277,-9.46893925633674,10,13
131,Saria Takhong,East Kameng,Unknown,Arunachal Pradesh,True,27.7461293,92.9324466,30.596867243551923,control (non-VVP),True,-5.945526367871793,-13.004985997299222,-6.309542257143248,-13.292723847910022,10,13
132,Takung Sullung,East Kameng,Unknown,Arunachal Pradesh,True,27.737803,92.9545701,32.951598760424496,control (non-VVP),True,-6.646217044799323,-13.699627515021424,-6.95338772050387,-13.99187314992044,10,13
133,Weigung Sullung,East Kameng,Unknown,Arunachal Pradesh,True,27.7282868,92.9780365,35.489345723754084,control (non-VVP),True,-0.9923317510017821,-8.545904405375962,-1.3385005456554733,-8.763221653124997,10,13
134,Mechar,East Kameng,Unknown,Arunachal Pradesh,True,27.7792152,93.0216134,36.19220014344069,control (non-VVP),True,-5.011753063479784,-12.287831537466635,-5.3599156524957055,-12.472587639345761,10,13
135,Mechi,East Kameng,Unknown,Arunachal Pradesh,True,27.7740086,93.0208212,36.435710208882135,control (non-VVP),True,-5.302278874836565,-12.413717256155987,-5.636731505800464,-12.706996542779487,10,13
136,Yakli,East Kameng,Unknown,Arunachal Pradesh,True,27.7643991,93.0211222,37.03298419591293,control (non-VVP),True,-5.690653118266564,-12.747769122569819,-6.054492417489456,-13.043714712507633,10,13
137,Venia,East Kameng,Unknown,Arunachal Pradesh,True,27.7340861,93.0020799,37.180052358596086,control (non-VVP),True,-6.88502476583944,-13.987503870934313,-7.150462922229684,-14.189431603596681,10,13
138,Veo,East Kameng,Unknown,Arunachal Pradesh,True,27.7219814,93.017386,39.18026752602492,control (non-VVP),True,-6.081476890846819,-13.079164814476957,-6.426816965146775,-13.286460225729206,10,13
139,Kapa,East Kameng,Unknown,Arunachal Pradesh,True,27.6655139,92.9735655,39.40773498381321,control (non-VVP),True,-5.891708275320177,-12.951672280407058,-6.2591939680661195,-13.456831392101579,10,13
140,Chaling,East Kameng,Unknown,Arunachal Pradesh,True,27.66365,92.9723051,39.46081918358346,control (non-VVP),True,-4.4494663498394385,-11.678599580709633,-4.8672536883059,-12.268581686238932,10,13
141,Lamniya,East Kameng,Unknown,Arunachal Pradesh,True,27.7095829,93.0130663,39.54090859836912,control (non-VVP),True,-2.442296033827915,-9.855471696946683,-2.698965435020736,-9.953540496865688,10,13
142,Parte,East Kameng,Unknown,Arunachal Pradesh,True,27.689839,93.0024418,39.80447048442179,control (non-VVP),True,-3.169359022150022,-10.509975479261376,-3.5962140340598965,-10.842447099365092,10,13
143,Tabey,East Kameng,Unknown,Arunachal Pradesh,True,27.6122188,92.9122259,39.99774466973592,control (non-VVP),True,-5.606705330865081,-12.699018901328898,-5.938180480145646,-13.052915530301492,10,13
144,Yacho,East Kameng,Unknown,Arunachal Pradesh,True,27.6396662,92.9601837,40.53666042307762,control (non-VVP),True,-4.816105944488422,-12.114258571846346,-5.164868594225247,-12.327683834942363,10,13
145,Wagyang,East Kameng,Unknown,Arunachal Pradesh,True,27.6713461,93.0008935,40.980446902147314,control (non-VVP),True,-5.355972907328711,-12.415665622929087,-5.594356001752665,-12.644475756427024,10,13
146,Nampe,East Kameng,Unknown,Arunachal Pradesh,True,27.6900524,93.018259,41.12206662038251,control (non-VVP),True,-2.3145788222086443,-9.629860899025523,-2.6950131044610997,-9.855673335944253,10,13
147,Jomoh,East Kameng,Unknown,Arunachal Pradesh,True,27.6573981,92.9985809,41.82844426537984,control (non-VVP),True,-6.294809288555843,-13.494764236665215,-6.5868737253393554,-13.667126756948232,10,13
148,Hanche,East Kameng,Unknown,Arunachal Pradesh,True,27.7421636,93.0637776,41.93292929038523,control (non-VVP),True,-8.79095950007115,-15.693162552491964,-9.07253351713785,-15.8466372000824,10,13
149,Byale,East Kameng,Unknown,Arunachal Pradesh,True,27.7356495,93.0675738,42.63914939786015,control (non-VVP),True,-9.486729178190844,-16.109995283990404,-9.87078938362554,-16.42116495689523,10,13
150,Waii,East Kameng,Unknown,Arunachal Pradesh,True,27.5965694,92.9464187,43.36805820629529,control (non-VVP),True,-6.432020472460672,-13.142041671584453,-6.561921627632158,-13.387035725853213,10,13
151,Namta Yangfo,East Kameng,Unknown,Arunachal Pradesh,True,27.7018661,93.0532147,43.38193597017538,control (non-VVP),True,-8.854071214523193,-15.468505947437063,-9.21556316889971,-15.685234096647044,10,13
152,Lapung,East Kameng,Unknown,Arunachal Pradesh,True,27.5627371,92.8898001,43.56340878215714,control (non-VVP),True,-7.045582202996632,-13.683858202147169,-7.288497972095268,-13.997874776647791,10,13
153,Bodo,East Kameng,Unknown,Arunachal Pradesh,True,27.680324,93.0406964,43.58582808883735,control (non-VVP),True,-9.727467124571834,-16.293621348032765,-10.213626837963927,-16.592530263993552,10,13
154,Jokhio,East Kameng,Unknown,Arunachal Pradesh,True,27.6531478,93.0282798,44.345881287237766,control (non-VVP),True,-4.748313242869636,-12.092705371299035,-5.0311532534451695,-12.257461612496028,10,13
155,Sawa,East Kameng,Unknown,Arunachal Pradesh,True,27.6833826,93.0522114,44.37900635323837,control (non-VVP),True,-5.453649780777754,-12.397253889135127,-5.7462180423967135,-12.67984813179644,10,13
156,Tungi,East Kameng,Unknown,Arunachal Pradesh,True,27.674452,93.0461713,44.39177806986576,control (non-VVP),True,-8.046201236077083,-14.68771195997486,-8.302768482975214,-14.880275082984044,10,13
157,Bengde,East Kameng,Unknown,Arunachal Pradesh,True,27.6619285,93.0379357,44.46874619346225,control (non-VVP),True,-8.140654574889213,-14.93176342149787,-8.265182253544406,-15.050026695559676,10,13
158,Pangia,East Kameng,Unknown,Arunachal Pradesh,True,27.633391,93.0158758,44.88700945558452,control (non-VVP),True,-3.724949558037644,-10.666123332139797,-3.9672511164862194,-10.903446538897256,10,13
159,Kapak Leyak Docha,East Kameng,Unknown,Arunachal Pradesh,True,27.5303152,92.8464486,45.07935601529687,control (non-VVP),True,-4.509879957373375,-11.762189476842968,-4.95991696314901,-12.152074993971,10,13
160,Jattom Sollung,East Kameng,Unknown,Arunachal Pradesh,True,27.7610472,93.1233315,45.52894522093924,control (non-VVP),True,-2.6652279092039577,-10.283751193259226,-2.8476916071370373,-10.462494102138105,10,13
161,Krema Pao,East Kameng,Unknown,Arunachal Pradesh,True,27.6579303,93.0508089,45.750519494240194,control (non-VVP),True,-5.773406187873104,-12.611527092631766,-5.874262759184002,-12.623210345573279,10,13
162,Khenawa,East Kameng,Unknown,Arunachal Pradesh,True,27.6180869,93.016777,46.12843128494904,control (non-VVP),True,-6.651741976110942,-13.554634909166937,-6.862710224133898,-13.656525420496349,10,13
163,Tagampu Sollung,East Kameng,Unknown,Arunachal Pradesh,True,27.7343114,93.1143115,46.50540156670997,control (non-VVP),True,-4.953886241903843,-11.91978907428911,-5.330213538883488,-12.264467712280211,10,13
164,Norang,East Kameng,Unknown,Arunachal Pradesh,True,27.5824001,92.9783276,46.53440226970117,control (non-VVP),True,-2.587660919732688,-9.800760545672736,-2.7103399155337162,-9.905164409159033,10,13
165,Margingia Camp,East Kameng,Unknown,Arunachal Pradesh,True,27.631307,93.0389871,46.72768006177675,control (non-VVP),True,-7.647138871552907,-14.926756340279061,-7.80685010740748,-15.037983805936731,10,13
166,Tarawa Yangfo,East Kameng,Unknown,Arunachal Pradesh,True,27.7267073,93.1157187,47.12625814259949,control (non-VVP),True,-5.021903818238208,-12.073643077337065,-5.462012756051858,-12.43471917899803,10,13
167,Pordung,East Kameng,Unknown,Arunachal Pradesh,True,27.6065455,93.0184293,47.150571405851686,control (non-VVP),True,-3.154764296929496,-10.201026144780657,-3.547856022075294,-10.528675197245057,10,13
168,Keyang,East Kameng,Unknown,Arunachal Pradesh,True,27.7303152,93.1297477,47.99146668996831,control (non-VVP),True,-4.319862228331774,-11.400474776033075,-4.693372082063062,-11.577540769302141,10,13
169,Kamke,East Kameng,Unknown,Arunachal Pradesh,True,27.6740303,93.089903,48.10858079900222,control (non-VVP),True,-2.704658402690682,-10.053555588927669,-2.925188573434972,-10.212249387703267,10,13
170,Bameng,East Kameng,Unknown,Arunachal Pradesh,True,27.5435197,92.9483413,48.31642452509473,control (non-VVP),True,-5.262703647657011,-12.151396663424185,-5.438628557310537,-12.279460627978674,10,13
171,Killo,East Kameng,Unknown,Arunachal Pradesh,True,27.685517,93.1001025,48.35318148630564,control (non-VVP),True,-4.970058110194409,-11.994549426662985,-5.0750543221401,-12.15966233743916,10,13
172,Mangfi Mangam,East Kameng,Unknown,Arunachal Pradesh,True,27.6440742,93.0724919,48.392638431502654,control (non-VVP),True,-7.282566422984483,-14.284139487763746,-7.521492389889959,-14.44073515195493,10,13
173,Nari Camp,East Kameng,Unknown,Arunachal Pradesh,True,27.6463432,93.0774393,48.677497437885805,control (non-VVP),True,-8.202635403202123,-15.123728839609297,-8.539753342767444,-15.359961467650773,10,13
174,Yangfo,East Kameng,Unknown,Arunachal Pradesh,True,27.7351995,93.144567,48.866778809306034,control (non-VVP),True,-5.769884812187142,-12.712074706183255,-5.946712281822521,-12.979943385036744,10,13
175,Rebe,East Kameng,Unknown,Arunachal Pradesh,True,27.6978845,93.1212163,49.3862257923554,control (non-VVP),True,-5.931386007487534,-12.976931197861607,-5.928925643476324,-12.96150792783115,10,13
176,Bosu Camp,East Kameng,Unknown,Arunachal Pradesh,True,27.655767,93.0931091,49.44864618048417,control (non-VVP),True,-9.328998635246654,-16.057681411639408,-9.436332684047205,-16.205653863106864,10,13
177,Domdila Tajo,East Kameng,Unknown,Arunachal Pradesh,True,27.6694255,93.1075453,49.86757546501422,control (non-VVP),True,-7.514208997063849,-14.295036325265569,-7.703618510471573,-14.396516389862592,10,13
178,Chome,Kra daadi,Unknown,Arunachal Pradesh,True,28.1503359,93.5386063,38.70554999309764,control (non-VVP),True,-8.902623771213747,-16.070391125462958,-9.026304262900387,-16.183325982396926,10,13
179,Raha,Kra daadi,Unknown,Arunachal Pradesh,True,28.1361584,93.5375846,39.50271163222105,control (non-VVP),True,0.8077947016908013,-6.831708672586732,0.5821352366539762,-6.925448672287057,10,13
180,Nikbia,Kra daadi,Unknown,Arunachal Pradesh,True,28.1267124,93.561505,42.03044209811645,control (non-VVP),True,-6.018383400319504,-13.378081218494358,-6.155561833449339,-13.499462277634315,10,13
181,Biya,Kra daadi,Unknown,Arunachal Pradesh,True,28.1035778,93.5745502,44.55838696481046,control (non-VVP),True,-2.703073798513336,-10.334488280851836,-3.1601439990090476,-10.410409556305925,10,13
182,海马西,Kra daadi,Unknown,Arunachal Pradesh,True,28.2122563,93.6474944,45.41824863990996,control (non-VVP),True,-5.414004415868832,-12.398764139086706,-5.554073659450051,-12.449706941466854,18,23
183,Neorum,Kra daadi,Unknown,Arunachal Pradesh,True,28.1946749,93.6465911,45.98565409524642,control (non-VVP),True,-1.316351652696762,-8.743432155728303,-1.4288693071774603,-8.839536520247732,18,23
184,Korapu,Kra daadi,Unknown,Arunachal Pradesh,True,28.1693463,93.6556686,47.866969739768685,control (non-VVP),True,-6.253776237261016,-13.551134457456195,-6.301890979391911,-13.538721000706003,18,23
185,Dongmar Langpu,Kra daadi,Unknown,Arunachal Pradesh,True,28.1625815,93.6543169,48.049304595056384,control (non-VVP),True,-1.9579137331519467,-9.177715060585498,-2.092756168714163,-9.3287201874363,18,23
186,Raba Karsang,Kra daadi,Unknown,Arunachal Pradesh,True,28.1380163,93.6578323,49.54112017283783,control (non-VVP),True,-0.5022917791656583,-8.108030203720924,-0.6847514529928654,-8.224393267732781,18,23
187,Pipsorang,Kra daadi,Unknown,Arunachal Pradesh,True,28.1542122,93.6754322,50.32113443595387,control (non-VVP),True,-8.214316138642126,-15.313440229882401,-8.527345792840027,-15.495091882547586,18,23
188,Samba Karsang,Kra daadi,Unknown,Arunachal Pradesh,True,28.1421137,93.6699491,50.403600823355866,control (non-VVP),True,-7.51601167458403,-14.4891226517117,-7.656305858877283,-14.678474221790466,18,23
189,Lungba,Kra daadi,Unknown,Arunachal Pradesh,True,28.0563852,93.6123875,50.68892085304349,control (non-VVP),True,-4.035898788979852,-11.424832912754272,-4.284954528867868,-11.54323948366608,18,23
190,Barbia,Kra daadi,Unknown,Arunachal Pradesh,True,28.0190623,93.587875,51.595167768399534,control (non-VVP),True,-5.101354708026711,-12.385265370404364,-5.139618976654961,-12.285740677600145,14,22
191,Sangyo,Kra daadi,Unknown,Arunachal Pradesh,True,28.0739291,93.639461,51.65878822091823,control (non-VVP),True,-7.171734734113793,-14.009084194012823,-7.418387971227508,-14.243675668715102,18,23
192,Yame,Kra daadi,Unknown,Arunachal Pradesh,True,28.0522324,93.6242896,51.89243002350344,control (non-VVP),True,-5.839993215281099,-12.999895568700314,-6.0597220702139625,-13.239615565691084,18,23
193,Furak,Kurung Kumey,Unknown,Arunachal Pradesh,True,28.1295763,93.2446185,23.644251699452592,control (non-VVP),True,-7.517992682409618,-14.489075585774438,-7.921792472098848,-14.855400084036393,10,13
194,Terreline,Kurung Kumey,Unknown,Arunachal Pradesh,True,28.1411574,93.3572171,26.51802186153796,control (non-VVP),True,-12.564314808427048,-18.47729205410545,-12.862779648962922,-18.866769214419385,10,13
195,Terik,Kurung Kumey,Unknown,Arunachal Pradesh,True,28.1291371,93.339988,26.77954567696128,control (non-VVP),True,-0.9442490009787241,-8.000390872905761,-1.1783828088141433,-8.091648405770965,10,13
196,Tikla,Kurung Kumey,Unknown,Arunachal Pradesh,True,28.1115397,93.3098102,27.28139338097069,control (non-VVP),True,-2.8825838132264066,-9.939509400468847,-3.119671537165834,-10.137799628552235,10,13
197,Nayapuk,Kurung Kumey,Unknown,Arunachal Pradesh,True,28.1297215,93.3536247,27.39755940715146,control (non-VVP),True,-9.380970093024377,-15.446067413356726,-9.564126512005105,-15.882074062051329,10,13
198,帕普,Kurung Kumey,Unknown,Arunachal Pradesh,True,28.1632499,93.405407,27.60392116681208,control (non-VVP),True,-0.722512841640312,-8.118088887342694,-0.9168406267631651,-8.293289073473852,10,13
199,Sayang,Kurung Kumey,Unknown,Arunachal Pradesh,True,28.1575101,93.4060193,28.10214916095901,control (non-VVP),True,-2.0609859800220924,-9.49871071058946,-2.4386681889872923,-9.59308262313087,10,13
200,Hagra,Kurung Kumey,Unknown,Arunachal Pradesh,True,28.0961261,93.2908666,28.286611791674424,control (non-VVP),True,-0.1663222062700074,-7.1267879269815015,-0.7078558974085599,-7.716001299850097,10,13
201,哈德,Kurung Kumey,Unknown,Arunachal Pradesh,True,28.1661506,93.419094,28.34298124436513,control (non-VVP),True,-10.907004135628338,-17.55347384998906,-11.12558051578977,-17.77989454094713,10,13
202,Putong,Kurung Kumey,Unknown,Arunachal Pradesh,True,28.1031564,93.3259013,28.747518787759585,control (non-VVP),True,-4.507315930182377,-11.606520685863146,-4.808450810903217,-11.87988907217663,10,13
203,Tarla,Kurung Kumey,Unknown,Arunachal Pradesh,True,28.1131762,93.3533548,28.96445497287652,control (non-VVP),True,-6.636874694601254,-13.401511860350073,-6.965045396469741,-13.69053012175551,10,13
204,Kelong,Kurung Kumey,Unknown,Arunachal Pradesh,True,28.1556657,93.4203969,29.23949044212164,control (non-VVP),True,-9.094123017157052,-15.913789045102703,-9.28210890176828,-16.040569190075193,10,13
205,Sareng,Kurung Kumey,Unknown,Arunachal Pradesh,True,28.1433941,93.4071107,29.32352059865547,control (non-VVP),True,1.749319348575789,-5.744551894897728,1.583308664019478,-5.858476709554858,10,13
206,Chera,Kurung Kumey,Unknown,Arunachal Pradesh,True,28.105217,93.352456,29.69292920662148,control (non-VVP),True,-5.99895682225527,-13.354309184951509,-6.386061041914691,-13.582375583303246,10,13
207,Nayap,Kurung Kumey,Unknown,Arunachal Pradesh,True,28.1058646,93.3579216,29.890658452078466,control (non-VVP),True,-10.397050069153385,-17.067405679243375,-10.671900690775168,-17.338124123491284,10,13
208,Sitam,Kurung Kumey,Unknown,Arunachal Pradesh,True,28.0986373,93.3539313,30.40360630101741,control (non-VVP),True,-3.391564996919484,-10.729774516679019,-3.710764816442072,-10.918880501969468,10,13
209,Hiniyum,Kurung Kumey,Unknown,Arunachal Pradesh,True,28.127374,93.403807,30.464343482992355,control (non-VVP),True,-1.5474344487559064,-8.819371975963241,-1.7989750656508725,-8.781378073283694,10,13
210,Cheya,Kurung Kumey,Unknown,Arunachal Pradesh,True,28.0965707,93.3537616,30.597999096369417,control (non-VVP),True,-2.9059096814054572,-10.168097850257922,-3.2758982268004218,-10.388524124093253,10,13
211,Lubupa,Kurung Kumey,Unknown,Arunachal Pradesh,True,28.0922288,93.3535062,31.012561168714097,control (non-VVP),True,-0.9872711442106515,-8.149499898258389,-1.256239597584808,-8.381591873173889,10,13
212,Bamo,Kurung Kumey,Unknown,Arunachal Pradesh,True,28.0971546,93.3686732,31.254154202601,control (non-VVP),True,-9.737220584994985,-16.595489647390934,-10.028598413525554,-16.869021721692583,10,13
213,Dania,Kurung Kumey,Unknown,Arunachal Pradesh,True,28.1225512,93.411611,31.36375991835551,control (non-VVP),True,-4.447780836835135,-11.87272964725756,-4.53150757853386,-11.905159791182404,10,13
214,Hala,Kurung Kumey,Unknown,Arunachal Pradesh,True,28.1166163,93.416693,32.188850811278364,control (non-VVP),True,-9.439743573220609,-16.273421071439003,-9.769205407001632,-16.588252915242016,10,13
215,Pilpu,Kurung Kumey,Unknown,Arunachal Pradesh,True,28.0798871,93.3655125,32.77271304001295,control (non-VVP),True,-5.16780729796216,-12.175125665779635,-5.141179762165339,-12.212935837948544,10,13
216,Goa,Kurung Kumey,Unknown,Arunachal Pradesh,True,28.0881033,93.3835385,32.86599086613841,control (non-VVP),True,-9.44290947799248,-16.086073112150245,-9.69017010229938,-16.36320155245727,10,13
217,Omla,Kurung Kumey,Unknown,Arunachal Pradesh,True,28.0789469,93.3730704,33.22055553315639,control (non-VVP),True,-6.020506978027944,-12.931699035783351,-6.125994772872779,-13.079773405339667,10,13
218,Meruk,Kurung Kumey,Unknown,Arunachal Pradesh,True,28.0723991,93.3604476,33.279858619395576,control (non-VVP),True,-8.349037715199799,-14.923852150111488,-8.61098570705993,-15.255475840777304,10,13
219,Nampe,Kurung Kumey,Unknown,Arunachal Pradesh,True,28.0957497,93.4106276,33.64910123388011,control (non-VVP),True,-10.852133847518461,-17.370789189345373,-11.184356294717281,-17.685734219821033,10,13
220,Dogwa,Kurung Kumey,Unknown,Arunachal Pradesh,True,28.0967706,93.4122381,33.6519244414456,control (non-VVP),True,-11.07934746435285,-17.564559227598032,-11.376778104861444,-17.802592285393832,10,13
221,Mariangha,Kurung Kumey,Unknown,Arunachal Pradesh,True,28.0768186,93.3779326,33.66090017580559,control (non-VVP),True,-1.602620567336067,-8.998905257335071,-1.8049521830309498,-9.113450934526787,10,13
222,Vitalin,Kurung Kumey,Unknown,Arunachal Pradesh,True,27.8829315,93.061541,33.975486802444344,control (non-VVP),True,-8.014019105243134,-14.75299474155081,-8.384134191603072,-15.070852146279146,10,13
223,Hirik,Kurung Kumey,Unknown,Arunachal Pradesh,True,28.0857154,93.4141714,34.7540263686586,control (non-VVP),True,-9.318369958477618,-15.988247587055172,-9.742560475664304,-16.19383611538431,10,13
224,Subuk,Kurung Kumey,Unknown,Arunachal Pradesh,True,28.0825535,93.4104364,34.82883747652445,control (non-VVP),True,-9.476760601438695,-16.03623340925388,-9.72013532406547,-16.315275165243847,10,13
225,Jali,Kurung Kumey,Unknown,Arunachal Pradesh,True,28.0713102,93.3941648,34.998439529192474,control (non-VVP),True,-1.609325215759076,-8.948180580927062,-1.6641702105723257,-9.08686774040207,10,13
226,Peni,Kurung Kumey,Unknown,Arunachal Pradesh,True,28.0675109,93.390127,35.154770319287536,control (non-VVP),True,-3.3767152385777512,-10.485990890155403,-3.6171640479882226,-10.752027950770408,10,13
227,Kodela,Kurung Kumey,Unknown,Arunachal Pradesh,True,28.0167667,93.2132294,35.25202747790925,control (non-VVP),True,-5.290604155578242,-12.388164326092127,-5.378307916781064,-12.525151790274531,10,13
228,Retung,Kurung Kumey,Unknown,Arunachal Pradesh,True,28.0126009,93.220157,35.844726407084124,control (non-VVP),True,-12.174285162598618,-18.63541730687297,-12.258134187158651,-18.772554772225174,10,13
229,Furang,Kurung Kumey,Unknown,Arunachal Pradesh,True,28.0069345,93.2141257,36.33741974223333,control (non-VVP),True,-4.81482595795183,-11.989071941529271,-5.107143197629596,-12.110661316041988,10,13
230,Taba,Kurung Kumey,Unknown,Arunachal Pradesh,True,28.0616364,93.4126933,36.876981618513945,control (non-VVP),True,-7.959279414813158,-14.77789064434478,-8.021193167148985,-14.878482598664519,10,13
231,Sejik,Kurung Kumey,Unknown,Arunachal Pradesh,True,28.0651757,93.4212354,37.01681620549449,control (non-VVP),True,-5.921945801156328,-13.058129283446924,-6.019793355353994,-13.148256114919596,10,13
232,Gone,Kurung Kumey,Unknown,Arunachal Pradesh,True,27.9567194,93.1119431,37.800271257200585,control (non-VVP),True,-6.975962691245256,-13.84775685533055,-7.179364692756987,-13.972112834360022,10,13
233,Kaney,Kurung Kumey,Unknown,Arunachal Pradesh,True,27.9880893,93.1999363,37.82599979539341,control (non-VVP),True,-5.57542261806513,-12.690426723076524,-5.820600705030499,-12.960336861579215,10,13
234,Hanglik,Kurung Kumey,Unknown,Arunachal Pradesh,True,28.0712841,93.4547212,38.44375648651784,control (non-VVP),True,-8.294978054803478,-15.099195270913564,-8.353422532010482,-15.196878064209308,10,13
235,Upper Lichila,Kurung Kumey,Unknown,Arunachal Pradesh,True,27.9798598,93.2015731,38.745249754930015,control (non-VVP),True,-4.148825831554986,-11.445955120788211,-4.4283436067049955,-11.534984761688383,10,13
236,Palo,Kurung Kumey,Unknown,Arunachal Pradesh,True,27.9441662,93.1157356,39.226567277213874,control (non-VVP),True,-7.692496361825061,-14.565045669879964,-7.941614657675906,-14.694827279076282,10,13
237,Nade,Kurung Kumey,Unknown,Arunachal Pradesh,True,27.9617646,93.1869151,40.214666278583984,control (non-VVP),True,-4.96231277859512,-11.83024277712198,-5.181538375212334,-11.969681235035694,10,13
238,Lamnia,Kurung Kumey,Unknown,Arunachal Pradesh,True,28.0504537,93.4555379,40.311592515249735,control (non-VVP),True,-5.921506123461954,-12.885129047545268,-6.052027926819733,-13.040358774706956,10,13
239,Lee,Kurung Kumey,Unknown,Arunachal Pradesh,True,27.9633075,93.202655,40.5273712000208,control (non-VVP),True,-6.053045343966346,-12.795872872527633,-6.219406796240984,-12.90358457985045,10,13
240,Chotte,Kurung Kumey,Unknown,Arunachal Pradesh,True,28.0474404,93.455651,40.58526244923831,control (non-VVP),True,-7.452667757793036,-14.37815736856639,-7.646700810835138,-14.549917180994255,10,13
241,Mala,Kurung Kumey,Unknown,Arunachal Pradesh,True,28.0438593,93.4527315,40.733939823600245,control (non-VVP),True,-5.855970283493791,-12.820698244994034,-6.0090519762051615,-12.926759228659408,10,13
242,Pachik,Kurung Kumey,Unknown,Arunachal Pradesh,True,28.0431644,93.4563404,41.00603214290621,control (non-VVP),True,-7.56098592981832,-14.500033962322643,-7.706970273887015,-14.573420071893674,10,13
243,Lower Lichila,Kurung Kumey,Unknown,Arunachal Pradesh,True,27.9634244,93.228221,41.34605860852293,control (non-VVP),True,-7.818457966422924,-14.551119688397486,-7.946728930082956,-14.554128559219777,10,13
244,Baribayang,Kurung Kumey,Unknown,Arunachal Pradesh,True,27.9405099,93.1576514,41.57653710677136,control (non-VVP),True,-7.7541023964871645,-14.527168637388105,-7.987963754676573,-14.685020020870418,10,13
245,Sipe,Kurung Kumey,Unknown,Arunachal Pradesh,True,27.9473278,93.1919733,41.89340447326483,control (non-VVP),True,-8.816091621565878,-15.685807851915213,-9.089032855345977,-15.908861624221796,10,13
246,Kodela,Kurung Kumey,Unknown,Arunachal Pradesh,True,27.9589181,93.2421602,42.11795642501733,control (non-VVP),True,-8.574313363935785,-15.500417754756816,-8.74266126592304,-15.525388699222367,10,13
247,Haleba,Kurung Kumey,Unknown,Arunachal Pradesh,True,27.9535172,93.2212596,42.28019632157901,control (non-VVP),True,-7.673020783319626,-14.559283727481317,-7.791055541062051,-14.630664795837701,10,13
248,Sewaring,Kurung Kumey,Unknown,Arunachal Pradesh,True,27.9487419,93.2097591,42.281563352875466,control (non-VVP),True,-9.307481037880699,-16.08914383335548,-9.559638222619984,-16.239920587083443,10,13
249,Kelin,Kurung Kumey,Unknown,Arunachal Pradesh,True,28.0334539,93.4679615,42.55146449585489,control (non-VVP),True,-6.9975553676310085,-14.052190509247431,-6.884871018014997,-13.867455061063836,10,13
250,Tai,Kurung Kumey,Unknown,Arunachal Pradesh,True,27.9557116,93.2503551,42.63224130132467,control (non-VVP),True,-9.133434830915581,-15.779063256063033,-9.235868513618904,-15.80934852936746,10,13
251,Mangio,Kurung Kumey,Unknown,Arunachal Pradesh,True,28.0318367,93.4689617,42.75388023518099,control (non-VVP),True,-7.16540971028667,-14.205357443116254,-7.101292573840032,-14.041119300214072,10,13
252,Hashi,Kurung Kumey,Unknown,Arunachal Pradesh,True,28.029797,93.4690502,42.94030383895248,control (non-VVP),True,-5.981761631018344,-13.185407770680072,-6.035258337241694,-13.053902876871545,10,13
253,Ruktepu,Kurung Kumey,Unknown,Arunachal Pradesh,True,27.945805,93.2387355,43.47181854815469,control (non-VVP),True,-4.683678724120044,-11.723444578490309,-4.839825991657977,-11.82897383982363,10,13
254,Rilong,Kurung Kumey,Unknown,Arunachal Pradesh,True,27.9510659,93.2673215,43.48068010680575,control (non-VVP),True,-7.683192565798459,-14.65805220271057,-7.819583525191513,-14.729791186392443,10,13
255,Fua,Kurung Kumey,Unknown,Arunachal Pradesh,True,27.9448103,93.2637154,44.0865288735071,control (non-VVP),True,-6.318588506637501,-13.228844223238152,-6.44188325710024,-13.322837907435648,10,13
256,Dome,Kurung Kumey,Unknown,Arunachal Pradesh,True,27.9445671,93.2883561,44.5896695685161,control (non-VVP),True,-8.322689367026562,-15.033746084872083,-8.638397624232459,-15.207122615676838,10,13
257,Solung,Kurung Kumey,Unknown,Arunachal Pradesh,True,28.016221,93.4805766,44.82397118514112,control (non-VVP),True,-4.632717756380767,-11.937021249836487,-4.679844878381291,-11.80428753959383,10,13
258,Pariuk,Kurung Kumey,Unknown,Arunachal Pradesh,True,27.9393093,93.2903924,45.19870782941564,control (non-VVP),True,-7.822946349863538,-14.598317469658623,-8.142304494854175,-14.836825305079515,10,13
259,Rakte,Kurung Kumey,Unknown,Arunachal Pradesh,True,27.926534,93.2636139,46.06823846479028,control (non-VVP),True,-3.661599360102315,-10.727647780125292,-3.795488351227174,-10.94451842622459,10,13
260,Patuk,Kurung Kumey,Unknown,Arunachal Pradesh,True,28.0084129,93.4938419,46.299794565268975,control (non-VVP),True,-5.744849626302433,-13.00453374137029,-5.890677444932308,-12.999666373944919,10,13
261,Sebi,Kurung Kumey,Unknown,Arunachal Pradesh,True,27.9282641,93.3018993,46.61433157331805,control (non-VVP),True,-7.3149000754292635,-14.241998110364246,-7.547502771965963,-14.36279563509945,10,13
262,Joku,Kurung Kumey,Unknown,Arunachal Pradesh,True,28.0070922,93.4973613,46.62628909613486,control (non-VVP),True,-8.228606121875291,-15.326697768198349,-8.357901000077536,-15.283122318280366,10,13
263,Digging,Kurung Kumey,Unknown,Arunachal Pradesh,True,27.9235664,93.283198,46.78763481249497,control (non-VVP),True,-3.463130155447637,-10.408459070973985,-3.7342498105505704,-10.672583919232496,10,13
264,Mangdo,Kurung Kumey,Unknown,Arunachal Pradesh,True,28.0051556,93.4984123,46.859501027541725,control (non-VVP),True,-8.205745681136671,-15.352091601795852,-8.28388982651779,-15.238168196574945,10,13
265,Relung,Kurung Kumey,Unknown,Arunachal Pradesh,True,27.9267335,93.3063161,46.86825949798589,control (non-VVP),True,-7.149427050508888,-14.107219374258019,-7.372378026436968,-14.203430509685662,10,13
266,Lungte Tacha,Kurung Kumey,Unknown,Arunachal Pradesh,True,28.0384138,93.5537004,47.69094966353208,control (non-VVP),True,-4.288678450291707,-11.707711519447967,-4.486166667638957,-11.709241058872148,10,13
267,Toba,Kurung Kumey,Unknown,Arunachal Pradesh,True,27.9156223,93.2907437,47.78939326062448,control (non-VVP),True,-4.48007590954633,-11.474941837293809,-4.657235402594932,-11.542754458370782,10,13
268,Kanchangjana,Kurung Kumey,Unknown,Arunachal Pradesh,True,27.9125039,93.3209425,48.71997667860336,control (non-VVP),True,-4.262969214994362,-11.334072391338887,-4.424663406290972,-11.424730951927597,10,13
269,Mara,Kurung Kumey,Unknown,Arunachal Pradesh,True,27.9118254,93.3236314,48.85404267322851,control (non-VVP),True,-4.051952400656461,-11.256861658745986,-4.249660733135215,-11.33801152166722,10,13
270,Jeevandept,Kurung Kumey,Unknown,Arunachal Pradesh,True,27.9115014,93.3332283,49.11695225445854,control (non-VVP),True,-4.968466127012055,-12.04082603918241,-5.137273504436687,-12.15642663815634,10,13
271,Parsi-Parlo,Kurung Kumey,Unknown,Arunachal Pradesh,True,27.9895698,93.5138011,49.151363014137466,control (non-VVP),True,-6.782373638430353,-13.910580766696139,-6.948199404516531,-13.960028897547295,10,13
272,Nikja,Kurung Kumey,Unknown,Arunachal Pradesh,True,27.9157176,93.3536671,49.21145406736955,control (non-VVP),True,-7.114854647188145,-13.996539704732514,-7.315862677723261,-14.127935945349712,10,13
273,Tumbia,Kurung Kumey,Unknown,Arunachal Pradesh,True,28.0021269,93.5328877,49.2503520875537,control (non-VVP),True,-5.942728927032081,-13.093434724355964,-6.105650767194877,-13.03898731329286,10,13
274,Satum,Kurung Kumey,Unknown,Arunachal Pradesh,True,27.9120184,93.3437143,49.33027572220367,control (non-VVP),True,-6.007134508947225,-12.855367262540781,-6.179056742140029,-12.90920359423764,10,13
275,Labia,Kurung Kumey,Unknown,Arunachal Pradesh,True,27.9932164,93.5228247,49.38217287727649,control (non-VVP),True,-8.137641430901263,-15.12992963068269,-8.246215955199595,-15.190986016350116,10,13
276,Papin,Kurung Kumey,Unknown,Arunachal Pradesh,True,27.9124359,93.3585619,49.70071264139772,control (non-VVP),True,-6.337873485777719,-13.350015481480426,-6.570619237232361,-13.405284921514658,10,13
277,Taipa,Kurung Kumey,Unknown,Arunachal Pradesh,True,27.9074231,93.3503798,50.000254036204005,control (non-VVP),True,-5.975433244603148,-13.30927676233747,-6.121301908068065,-13.38949860250252,10,13
278,Manghe 2,Kurung Kumey,Unknown,Arunachal Pradesh,True,27.9065246,93.3469471,50.00261881257338,control (non-VVP),True,-5.509945449023091,-12.582287964191654,-5.5777362420971714,-12.56867429451947,10,13
279,Chingkongne,Kurung Kumey,Unknown,Arunachal Pradesh,True,27.9172781,93.3867833,50.09319948839584,control (non-VVP),True,-10.429116243498957,-16.828681171599033,-10.695730735776712,-17.07665282355171,10,13
280,Leya,Kurung Kumey,Unknown,Arunachal Pradesh,True,27.9788093,93.5157141,50.2141330349661,control (non-VVP),True,-4.873271044213897,-11.953120257949285,-5.213175047116332,-12.096555467139838,10,13
281,Jog,Kurung Kumey,Unknown,Arunachal Pradesh,True,27.9050355,93.3500017,50.24400761445297,control (non-VVP),True,-5.71532750595011,-13.144326211772217,-5.735874809904808,-13.136426426001817,10,13
282,Furek,Kurung Kumey,Unknown,Arunachal Pradesh,True,27.9140344,93.3859036,50.39997565229497,control (non-VVP),True,-9.834025548671216,-16.36336727077393,-10.155605299152056,-16.592511358058218,10,13
283,Boa,Kurung Kumey,Unknown,Arunachal Pradesh,True,27.9822237,93.5256281,50.50814300303482,control (non-VVP),True,-9.186519385575346,-15.811950626852354,-9.203705911018217,-15.907384606614642,10,13
284,Renchiporing II,Kurung Kumey,Unknown,Arunachal Pradesh,True,27.9814404,93.5279667,50.71855795214688,control (non-VVP),True,-7.916846134383023,-14.651126189108396,-8.038355304277294,-14.78735145431517,10,13
285,Radang,Kurung Kumey,Unknown,Arunachal Pradesh,True,27.9076277,93.3755482,50.7270090896494,control (non-VVP),True,-2.7462570618080657,-10.154509044639454,-2.999695677607304,-10.240059770384486,10,13
286,Pinging,Kurung Kumey,Unknown,Arunachal Pradesh,True,27.8985446,93.3430694,50.75289219387971,control (non-VVP),True,-5.681897701587763,-12.721711085751988,-5.811089628104899,-12.914220111471165,10,13
287,Sangkun,Kurung Kumey,Unknown,Arunachal Pradesh,True,27.9292256,93.435367,50.76845974976534,control (non-VVP),True,-4.158527834385363,-11.212591573432654,-4.398552363834231,-11.233447459476151,10,13
288,Harrang,Kurung Kumey,Unknown,Arunachal Pradesh,True,27.9315942,93.4420695,50.82750254588048,control (non-VVP),True,-8.623424174988548,-15.22219854986041,-8.864039117459718,-15.396784498711495,10,13
289,Rambo,Kurung Kumey,Unknown,Arunachal Pradesh,True,27.8974975,93.3425604,50.85186545393655,control (non-VVP),True,-5.263158677301821,-12.442096611566898,-5.398750535930044,-12.673447218004432,10,13
290,马拉,Kurung Kumey,Unknown,Arunachal Pradesh,True,27.8886329,93.2980263,50.85905616580256,control (non-VVP),True,-7.153075097840757,-13.903987094066176,-7.298203634195051,-14.111356163170754,10,13
291,Nyobia,Kurung Kumey,Unknown,Arunachal Pradesh,True,27.8863971,93.2907263,50.97484316509296,control (non-VVP),True,-4.307566733748812,-11.334635172429323,-4.4570391551017945,-11.41241321166147,10,13
292,Yerik,Kurung Kumey,Unknown,Arunachal Pradesh,True,28.0082819,93.5670426,50.99247097556977,control (non-VVP),True,-5.355738587299097,-12.584636890586204,-5.553119779930863,-12.744337666528525,10,13
293,Deyang,Kurung Kumey,Unknown,Arunachal Pradesh,True,27.8852661,93.2892168,51.06698450676937,control (non-VVP),True,-4.379202557382172,-11.384180088675619,-4.48782172822904,-11.371328631471487,10,13
294,Konkup,Kurung Kumey,Unknown,Arunachal Pradesh,True,28.0111367,93.5726645,51.14934662725592,control (non-VVP),True,-6.586294403241928,-13.710274382659692,-6.789751402771508,-13.751747186652615,10,13
295,Renchiporing,Kurung Kumey,Unknown,Arunachal Pradesh,True,27.9775535,93.5336956,51.4060132841194,control (non-VVP),True,-6.8599778462078635,-13.79950632907985,-7.051631425091269,-13.99500252154314,10,13
296,Johak,Kurung Kumey,Unknown,Arunachal Pradesh,True,27.8807287,93.2817346,51.40770745829745,control (non-VVP),True,-4.758091280594964,-11.72806471064549,-5.00656743455711,-11.965691012893837,10,13
297,Sullung Tapin,Kurung Kumey,Unknown,Arunachal Pradesh,True,27.8941928,93.3556556,51.55323025971673,control (non-VVP),True,-7.2038365914181295,-14.254111641164249,-7.435759832287306,-14.394453513305319,10,13
298,Yapak 2,Kurung Kumey,Unknown,Arunachal Pradesh,True,27.900174,93.3802795,51.65969396405898,control (non-VVP),True,-5.880791063067462,-12.883317082668203,-6.210076438143663,-13.169764930058804,10,13
299,Tapone,Kurung Kumey,Unknown,Arunachal Pradesh,True,27.905549,93.4006325,51.79468143929064,control (non-VVP),True,-5.575728194200533,-12.895703441956503,-6.15309131791884,-13.176366152837838,10,13
300,Sangsar,Kurung Kumey,Unknown,Arunachal Pradesh,True,27.9123798,93.4211037,51.870012288391685,control (non-VVP),True,-6.934079146803098,-13.934529138792744,-7.416153384862573,-14.259087933497591,10,13
301,Jiri,Kurung Kumey,Unknown,Arunachal Pradesh,True,27.9024698,93.394667,51.902330560889375,control (non-VVP),True,-6.159876846147499,-13.398649932059545,-6.65649339541293,-13.685090158749555,10,13
302,Rate,Kurung Kumey,Unknown,Arunachal Pradesh,True,27.9025231,93.4035863,52.21322105588406,control (non-VVP),True,-7.3450000468157555,-14.362137637406526,-7.793508761790547,-14.625287619620295,10,13
303,Molo,Kurung Kumey,Unknown,Arunachal Pradesh,True,27.9634667,93.5271662,52.25035030613911,control (non-VVP),True,-5.616624688250879,-12.744569884731787,-5.740005322801052,-12.857388679924403,10,13
304,Kokpunayer,Kurung Kumey,Unknown,Arunachal Pradesh,True,27.8696105,93.2638666,52.25205034776048,control (non-VVP),True,-2.9057691652453808,-10.005093871474301,-3.1115216449115426,-10.165030528898846,10,13
305,Rite,Kurung Kumey,Unknown,Arunachal Pradesh,True,27.9046219,93.4117605,52.29938591724223,control (non-VVP),True,-5.621218283576682,-12.65158762841467,-5.937681021977322,-12.85765514471549,10,13
306,Yarpu,Kurung Kumey,Unknown,Arunachal Pradesh,True,27.9101363,93.4264549,52.31129939409694,control (non-VVP),True,-3.5888532276396807,-10.87621594785986,-3.992500793196415,-11.195201533027866,10,13
307,Manghe 1,Kurung Kumey,Unknown,Arunachal Pradesh,True,27.8964882,93.3905192,52.38200201966226,control (non-VVP),True,-4.9807702913856815,-12.133569080413265,-5.259308069202167,-12.417189652929952,10,13
308,Najibibuk,Kurung Kumey,Unknown,Arunachal Pradesh,True,27.8683639,93.2642347,52.3948285914516,control (non-VVP),True,-4.73305553015936,-11.668493214527228,-4.870787461794374,-11.792670855717203,10,13
309,Taram,Kurung Kumey,Unknown,Arunachal Pradesh,True,27.9628134,93.5366038,52.86940455626912,control (non-VVP),True,-9.979232723988316,-16.646562861304485,-9.994615048495769,-16.739571986340884,10,13
310,Tabumna,Kurung Kumey,Unknown,Arunachal Pradesh,True,27.8598023,93.2528662,53.09351796866028,control (non-VVP),True,-5.078322951058363,-12.026885577154738,-5.2873680732813275,-12.3124814944239,10,13
311,Yarpu,Kurung Kumey,Unknown,Arunachal Pradesh,True,27.894643,93.4225849,53.73157852709238,control (non-VVP),True,-5.547212216639777,-12.838132945436508,-6.043790452692306,-13.300982630781709,10,13
312,Langbang,Kurung Kumey,Unknown,Arunachal Pradesh,True,27.9544909,93.540336,53.82502054267635,control (non-VVP),True,-5.534972965458754,-12.428300007020578,-5.452007141931851,-12.413372024878967,10,13
313,Made,Kurung Kumey,Unknown,Arunachal Pradesh,True,27.9780177,93.5788669,54.24125028274002,control (non-VVP),True,-8.404345990296399,-15.06823251569008,-8.556253013293134,-15.156271268661394,10,22
314,Kele,Kurung Kumey,Unknown,Arunachal Pradesh,True,27.9032308,93.4632364,54.57472977853739,control (non-VVP),True,-7.5940144877114,-14.618669360340052,-7.80050494343814,-14.739624106993897,10,13
315,Sera,Kurung Kumey,Unknown,Arunachal Pradesh,True,27.9554003,93.5546431,54.61031844795788,control (non-VVP),True,-6.077017550199295,-12.780719482877762,-6.081934375341449,-12.864863014346376,10,13
316,Byate,Kurung Kumey,Unknown,Arunachal Pradesh,True,27.8878009,93.4444302,55.29752731979862,control (non-VVP),True,-8.54260999870594,-15.554539087170252,-8.773855361309426,-15.662643627463863,10,13
317,Keya,Kurung Kumey,Unknown,Arunachal Pradesh,True,27.8850396,93.4612545,56.28702084330097,control (non-VVP),True,-8.094906912132958,-14.579166430921216,-8.306487302147687,-14.766023492366838,10,13
318,Panyi,Kurung Kumey,Unknown,Arunachal Pradesh,True,27.8742022,93.4525059,56.99915437798174,control (non-VVP),True,-4.455579726844234,-11.88163565129826,-4.89140895151142,-12.0421179306048,10,13
319,Kush Lami,Kurung Kumey,Unknown,Arunachal Pradesh,True,27.8754594,93.4559652,57.017342103096205,control (non-VVP),True,-7.112012617054754,-14.414009854986904,-7.50542947584412,-14.615859841916167,10,13
320,Pari,Kurung Kumey,Unknown,Arunachal Pradesh,True,27.8773703,93.4806463,57.90796227435106,control (non-VVP),True,-8.15391064142349,-14.887663304745217,-8.377253747426026,-15.036102059962555,10,13
321,Nibi,Kurung Kumey,Unknown,Arunachal Pradesh,True,27.8906614,93.5152047,58.290531000282,control (non-VVP),True,-5.67823292437315,-12.671605889025189,-5.463784933001853,-12.328901400874573,10,13
322,Leba,Kurung Kumey,Unknown,Arunachal Pradesh,True,27.889732,93.5177222,58.507068066069465,control (non-VVP),True,-7.454635845232819,-14.30361325547432,-7.277841559665156,-14.059296638935463,10,13
323,Sara,Kurung Kumey,Unknown,Arunachal Pradesh,True,27.8764655,93.5162563,59.69502349076612,control (non-VVP),True,-6.917199557615263,-13.832544506413265,-6.895122848231404,-13.786425407048064,10,13
324,Hiba,Kurung Kumey,Unknown,Arunachal Pradesh,True,27.8672206,93.4999319,59.79411601184075,control (non-VVP),True,-4.366399027774638,-11.466621814055165,-4.6090496028646974,-11.497338950822058,10,13
325,Langria,Kurung Kumey,Unknown,Arunachal Pradesh,True,27.7303718,93.2723198,59.90006834905566,control (non-VVP),True,-7.809687671684884,-14.645454615734172,-8.03197323566829,-14.709313293208929,10,13
326,Dengba,Kurung Kumey,Unknown,Arunachal Pradesh,True,27.8559794,93.479899,59.98757661935535,control (non-VVP),True,-4.150059727912567,-11.529895775788301,-4.761933785953281,-11.80197441111455,10,13
327,Payu,Kurung Kumey,Unknown,Arunachal Pradesh,True,27.7289942,93.2749594,60.20162200196997,control (non-VVP),True,-7.695870865640643,-14.475596992611084,-7.761359783912286,-14.404480432514777,10,13
328,Sangme,Kurung Kumey,Unknown,Arunachal Pradesh,True,27.8554992,93.4857201,60.29218859321547,control (non-VVP),True,-3.103263856123976,-10.556834111010588,-3.644038796080344,-10.610433998560717,10,13
329,Cheki,Kurung Kumey,Unknown,Arunachal Pradesh,True,27.8689915,93.5175395,60.47393621617884,control (non-VVP),True,-11.175631835211512,-17.71838926224295,-11.282937467945237,-17.77836834314191,10,13
330,Palang,Kurung Kumey,Unknown,Arunachal Pradesh,True,27.7081538,93.27106,61.00002383100187,control (non-VVP),True,-3.942291043996294,-10.816324103840786,-4.2127753318071015,-11.144129571031646,10,13
331,Phassang,Kurung Kumey,Unknown,Arunachal Pradesh,True,27.7243116,93.2813307,61.00114956989782,control (non-VVP),True,-5.768723810077825,-12.76041607512049,-5.884029754775379,-12.822676886341872,10,13
332,Leel,Kurung Kumey,Unknown,Arunachal Pradesh,True,27.8437826,93.4758359,61.027728437158686,control (non-VVP),True,-4.212415118692035,-11.292805818263957,-4.567348253350394,-11.273305584984932,10,13
333,Dara,Kurung Kumey,Unknown,Arunachal Pradesh,True,27.8616633,93.5158884,61.097009884854096,control (non-VVP),True,-11.132855603580898,-17.662722826061447,-11.325657413266182,-17.735762996861425,10,13
334,Sangripo,Kurung Kumey,Unknown,Arunachal Pradesh,True,27.7227416,93.282713,61.20402338700937,control (non-VVP),True,-6.659439698862085,-13.631602525437765,-6.811240124653389,-13.722981031405402,10,13
335,Sangte,Kurung Kumey,Unknown,Arunachal Pradesh,True,27.7291192,93.288153,61.34319384028954,control (non-VVP),True,-4.753654104987558,-11.838686719112502,-4.906344691216332,-11.81979049763119,10,13
336,Mujariang,Kurung Kumey,Unknown,Arunachal Pradesh,True,27.7257548,93.2911669,61.78015811059391,control (non-VVP),True,-7.864565173608969,-14.700438038678147,-7.997571312422329,-14.746259125145288,10,13
337,Leya,Kurung Kumey,Unknown,Arunachal Pradesh,True,27.7282734,93.2932093,61.82821044976273,control (non-VVP),True,-7.013282323574732,-14.219979477336128,-7.110386424132124,-14.100215605098349,10,13
338,Leel Camp,Kurung Kumey,Unknown,Arunachal Pradesh,True,27.8432284,93.497014,62.00909168626551,control (non-VVP),True,-4.870317469777191,-12.178303309339563,-5.329401471277159,-12.251236367562193,10,13
339,Saleriang,Kurung Kumey,Unknown,Arunachal Pradesh,True,27.7854605,93.3201249,62.49683818805669,control (non-VVP),True,-7.103224173901506,-13.921123955620716,-7.332768153763987,-14.131796150629166,10,13
340,Yaki,Kurung Kumey,Unknown,Arunachal Pradesh,True,27.836181,93.4940102,62.57138583180046,control (non-VVP),True,-3.8981452243496215,-11.08231954524669,-4.140310821827581,-11.028710074491332,10,13
341,恰吐姆,Kurung Kumey,Unknown,Arunachal Pradesh,True,27.8448117,93.5145294,62.66270137690602,control (non-VVP),True,-9.424828387885473,-16.052330235350183,-9.665927698287996,-16.168419511724565,10,13
342,Tumlang,Kurung Kumey,Unknown,Arunachal Pradesh,True,27.8281634,93.4904133,63.21063792357364,control (non-VVP),True,-1.5479662650023682,-9.02996566170225,-1.574661798538118,-9.043006122367164,10,13
343,Tagum,Kurung Kumey,Unknown,Arunachal Pradesh,True,27.8357436,93.5079409,63.24155626114598,control (non-VVP),True,-5.69015201795004,-13.075432900343415,-6.56640365763151,-13.576932312667838,10,13
344,6 Mile Camp,Kurung Kumey,Unknown,Arunachal Pradesh,True,27.8329405,93.5083348,63.53466159203505,control (non-VVP),True,-6.420831601152507,-13.527686451527819,-6.906519027186778,-13.761114230335236,10,13
345,Kamayer,Kurung Kumey,Unknown,Arunachal Pradesh,True,27.7905642,93.3910095,63.553019802162574,control (non-VVP),True,-4.243203861366002,-11.375868379255374,-4.411705982582205,-11.456633252064435,10,13
346,Rowa,Kurung Kumey,Unknown,Arunachal Pradesh,True,27.8428454,93.5296997,63.58239405799619,control (non-VVP),True,-0.6448225490169246,-7.911314911778171,-0.6902614221246195,-7.758526624770036,10,13
347,Pagrang,Kurung Kumey,Unknown,Arunachal Pradesh,True,27.8509062,93.5452982,63.59431330152693,control (non-VVP),True,-7.021799846453259,-13.67311166740556,-7.023220498276494,-13.633031224474486,10,13
348,Pinchi,Kurung Kumey,Unknown,Arunachal Pradesh,True,27.7735733,93.316873,63.73939593102888,control (non-VVP),True,-8.47340234665614,-15.462806085842452,-8.654852932570881,-15.455383253863305,10,13
349,Pagga,Kurung Kumey,Unknown,Arunachal Pradesh,True,27.8504991,93.5494243,63.84511944565142,control (non-VVP),True,-3.470323865878157,-10.584513629246993,-3.555779763794494,-10.46902782719066,10,13
350,Powak Korar,Kurung Kumey,Unknown,Arunachal Pradesh,True,27.8375593,93.5258798,63.90711936348984,control (non-VVP),True,-6.789480588619527,-13.766741997573138,-6.861704615359573,-13.63269489494881,10,13
351,Reyup,Kurung Kumey,Unknown,Arunachal Pradesh,True,27.8567715,93.5619177,63.9144594974527,control (non-VVP),True,-5.776079535158065,-12.432959877444777,-5.876097075257335,-12.554506975288291,18,22
352,Yarte,Kurung Kumey,Unknown,Arunachal Pradesh,True,27.831632,93.5141164,63.928763556397165,control (non-VVP),True,-4.076270876305002,-11.195272426604207,-4.243985925627579,-11.175161515891833,10,13
353,Lengro,Kurung Kumey,Unknown,Arunachal Pradesh,True,27.8547999,93.559177,63.95219245497713,control (non-VVP),True,-7.841813543723737,-14.4182248687076,-7.9533312665232785,-14.46899115157656,18,22
354,Jugriang,Kurung Kumey,Unknown,Arunachal Pradesh,True,27.7707148,93.3182278,64.07412331265515,control (non-VVP),True,-8.559366494730249,-15.49716890774731,-8.616807132834909,-15.438737009719075,10,13
355,Dangu,Kurung Kumey,Unknown,Arunachal Pradesh,True,27.835467,93.5289814,64.25878085878584,control (non-VVP),True,-4.449839661069598,-11.780305361586608,-4.615109948774469,-11.597409716956921,10,13
356,Raris,Kurung Kumey,Unknown,Arunachal Pradesh,True,27.7680851,93.3146271,64.30181164190407,control (non-VVP),True,-7.940986669906935,-14.897500851437337,-7.927223771820913,-14.86945368853989,10,13
357,Kaung,Kurung Kumey,Unknown,Arunachal Pradesh,True,27.8225472,93.5040159,64.36416345609699,control (non-VVP),True,-8.59027239886629,-15.252022947166525,-8.664876226840713,-15.243078372818088,10,13
358,Nyori,Kurung Kumey,Unknown,Arunachal Pradesh,True,27.8475995,93.5552271,64.41930892283993,control (non-VVP),True,-7.312543447973949,-14.233074343964368,-7.36698584737909,-14.093233961706504,13,22
359,Kaglang,Kurung Kumey,Unknown,Arunachal Pradesh,True,27.8501585,93.5616729,64.5179983500826,control (non-VVP),True,-7.453453648695288,-14.322182241779904,-7.565973597063494,-14.438724703694513,18,22
360,Tachak,Kurung Kumey,Unknown,Arunachal Pradesh,True,27.841908,93.5484681,64.60881049685287,control (non-VVP),True,-8.683528537201566,-15.445583811185125,-8.66145702897419,-15.283893247983979,10,13
361,Regba,Kurung Kumey,Unknown,Arunachal Pradesh,True,27.8236364,93.5159119,64.79457267348194,control (non-VVP),True,-2.502369716322063,-9.900320007823089,-2.7521436409194098,-9.868378473199911,10,13
362,Miba,Kurung Kumey,Unknown,Arunachal Pradesh,True,27.824202,93.5173691,64.80624403518753,control (non-VVP),True,-2.6844751271851472,-10.032560548085044,-2.9163721060145544,-9.979051428108043,10,13
363,Byasi,Kurung Kumey,Unknown,Arunachal Pradesh,True,27.8372182,93.5436135,64.80999552177649,control (non-VVP),True,-8.781869743732186,-15.434499254179904,-8.831478392733812,-15.356393953732969,10,13
364,Kamrung,Kurung Kumey,Unknown,Arunachal Pradesh,True,27.8336301,93.5467063,65.30729308696289,control (non-VVP),True,-9.282739194863664,-15.912630957422648,-9.53441027630815,-16.008372259602204,10,13
365,Dilanggang,Kurung Kumey,Unknown,Arunachal Pradesh,True,27.7796166,93.41419,65.38837481129138,control (non-VVP),True,-9.126376548479252,-15.828662166862742,-9.220494341998881,-15.742055391995848,10,13
366,Lower Happa,Kurung Kumey,Unknown,Arunachal Pradesh,True,27.825885,93.5332832,65.39224214605467,control (non-VVP),True,-8.205642377960839,-14.93876552768784,-8.11440362510637,-14.817050535268182,10,13
367,Paching,Kurung Kumey,Unknown,Arunachal Pradesh,True,27.8225097,93.5290614,65.51800095183597,control (non-VVP),True,-7.302701285864563,-14.124868578360127,-7.298720762331141,-14.134917235723067,10,13
368,Longlefoth,Kurung Kumey,Unknown,Arunachal Pradesh,True,27.776484,93.4150439,65.74452729572074,control (non-VVP),True,-8.109279952160573,-14.833778272897884,-8.15973559786602,-14.781867452946566,10,13
369,Lumte,Kurung Kumey,Unknown,Arunachal Pradesh,True,27.7863252,93.446526,65.74813459784494,control (non-VVP),True,-5.826235693688241,-12.644750595340934,-6.134429402465929,-12.75017610222272,10,13
370,Rangdo,Kurung Kumey,Unknown,Arunachal Pradesh,True,27.7820948,93.4575729,66.57919253927102,control (non-VVP),True,-4.23552055758303,-11.38507235848899,-4.2403110043474745,-11.171461522740842,10,13
371,Rayer Sollung,Kurung Kumey,Unknown,Arunachal Pradesh,True,27.7426766,93.3108399,66.98295878047651,control (non-VVP),True,-10.471752400986107,-16.910373878964773,-10.694061681697157,-17.13749417280296,10,13
372,Gangnee,Kurung Kumey,Unknown,Arunachal Pradesh,True,27.7541489,93.3737844,67.00109804923758,control (non-VVP),True,-4.738343524975709,-11.707808790592464,-4.9132671967235595,-11.890272488825175,10,13
373,Dolo,Kurung Kumey,Unknown,Arunachal Pradesh,True,27.7568896,93.4009912,67.41071862560815,control (non-VVP),True,-3.6431440747352983,-10.690785565795993,-3.724171119804032,-10.692474553958006,10,13
374,Hiya,Kurung Kumey,Unknown,Arunachal Pradesh,True,27.7752174,93.4614457,67.4283307908398,control (non-VVP),True,-3.435307915391098,-10.620844675281864,-3.488230158293604,-10.459520545365818,10,13
375,Pinchi Sollung,Kurung Kumey,Unknown,Arunachal Pradesh,True,27.7385004,93.3140943,67.50228529054776,control (non-VVP),True,-8.812802456926452,-15.30758309570474,-9.096571276045577,-15.517510431026208,10,13
376,Raluguha,Kurung Kumey,Unknown,Arunachal Pradesh,True,27.7354085,93.2990876,67.53347139988598,control (non-VVP),True,-4.436855511055847,-11.353915468249825,-4.663880072673206,-11.507981466709005,10,13
377,Guha,Kurung Kumey,Unknown,Arunachal Pradesh,True,27.7590364,93.4164824,67.62875159555058,control (non-VVP),True,-2.7464268520030513,-9.883047501418101,-2.819676554561107,-9.783835368933307,10,13
378,Diba Koyar,Kurung Kumey,Unknown,Arunachal Pradesh,True,27.7381059,93.3187116,67.63877302643341,control (non-VVP),True,-4.633219352417883,-11.565942021689871,-4.919222664016272,-11.732771032822763,10,13
379,Sulo,Kurung Kumey,Unknown,Arunachal Pradesh,True,27.7369819,93.3154143,67.69388921371875,control (non-VVP),True,-7.781063506448483,-14.419595195386796,-8.0623773834157,-14.626282576862097,10,13
380,Delung,Kurung Kumey,Unknown,Arunachal Pradesh,True,27.7778716,93.4788091,67.80729335239351,control (non-VVP),True,-6.1339575153654105,-13.152310573770473,-6.130947815727171,-13.001399802221213,10,13
381,Nyapin,Kurung Kumey,Unknown,Arunachal Pradesh,True,27.7515445,93.3946648,67.80823653295108,control (non-VVP),True,-4.8837846586982865,-12.356059021375785,-5.019487888137228,-12.334326585335749,10,13
382,Sona,Kurung Kumey,Unknown,Arunachal Pradesh,True,27.810017,93.5520226,67.8322265029122,control (non-VVP),True,-7.511656311847754,-14.337075294424805,-7.573372596704429,-14.313546774845534,18,22
383,Tumrung,Kurung Kumey,Unknown,Arunachal Pradesh,True,27.8072923,93.5473433,67.86695827647416,control (non-VVP),True,-3.6072490262753,-10.759283647633042,-3.6829006672860545,-10.633052260332349,12,22
384,Takyo,Kurung Kumey,Unknown,Arunachal Pradesh,True,27.7755045,93.474237,67.87400271627023,control (non-VVP),True,-7.106480245895966,-14.008609831095344,-7.152828874794997,-13.93817606275626,10,13
385,Kaberiang,Kurung Kumey,Unknown,Arunachal Pradesh,True,27.7579212,93.4227791,67.93657565114344,control (non-VVP),True,-5.3828639937211085,-12.787311859165476,-5.507389605087222,-12.610977411369127,10,13
386,Sango,Kurung Kumey,Unknown,Arunachal Pradesh,True,27.7353472,93.3216355,67.99462871072794,control (non-VVP),True,-3.8804164916787323,-10.93587274076619,-4.059610707873282,-11.008182896214256,10,13
387,Pitak,Kurung Kumey,Unknown,Arunachal Pradesh,True,27.7803185,93.4909939,68.03914430272035,control (non-VVP),True,-8.55265768148625,-15.240134929638995,-8.532601019790528,-15.123797786872078,10,13
388,Kampu,Kurung Kumey,Unknown,Arunachal Pradesh,True,27.7422153,93.363991,68.06100190171477,control (non-VVP),True,-5.979104386850709,-13.151583307109343,-6.232497180042257,-13.206383943007774,10,13
389,Lower Guha,Kurung Kumey,Unknown,Arunachal Pradesh,True,27.7568463,93.4246871,68.10831490512865,control (non-VVP),True,-6.78391680408601,-14.025173043267102,-6.865559709314591,-13.842448306254607,10,13
390,Gida Lower,Kurung Kumey,Unknown,Arunachal Pradesh,True,27.812502,93.5626447,68.12205948065873,control (non-VVP),True,-5.484752549036782,-12.446760334637139,-5.451474042849827,-12.421468455826416,18,23
391,Yorung,Kurung Kumey,Unknown,Arunachal Pradesh,True,27.7375945,93.3427203,68.12211382853434,control (non-VVP),True,-6.039216868348169,-12.87257471228372,-6.294999100373211,-13.101167038484283,10,13
392,Yuba,Kurung Kumey,Unknown,Arunachal Pradesh,True,27.7589677,93.4327095,68.13685629560878,control (non-VVP),True,-7.672863996314173,-14.490273901604601,-7.852599271276464,-14.415040199037877,10,13
393,Lower Lorio,Kurung Kumey,Unknown,Arunachal Pradesh,True,27.7523573,93.4107096,68.16634041229064,control (non-VVP),True,-5.9356784735233665,-13.430952118709714,-6.311007579700205,-13.232497731815899,10,13
394,Kish,Kurung Kumey,Unknown,Arunachal Pradesh,True,27.7567747,93.4282494,68.22629173018069,control (non-VVP),True,-7.880725586999182,-15.010477350279055,-8.015567457413022,-14.8571637718213,10,13
395,Sikey,Kurung Kumey,Unknown,Arunachal Pradesh,True,27.7436405,93.3784517,68.24267311258743,control (non-VVP),True,-6.3331019570081235,-13.49491346935021,-6.424209809559237,-13.39580361266781,10,13
396,Takapop,Kurung Kumey,Unknown,Arunachal Pradesh,True,27.7756383,93.4844687,68.25483530538766,control (non-VVP),True,-7.581295659331953,-14.353818499445111,-7.4871542087856815,-14.26823461875204,10,13
397,Bik,Kurung Kumey,Unknown,Arunachal Pradesh,True,27.7507883,93.4085147,68.26997555031484,control (non-VVP),True,-6.245997615566278,-13.85709641548032,-6.661672366442607,-13.635876853624206,10,13
398,Kampong,Kurung Kumey,Unknown,Arunachal Pradesh,True,27.7748258,93.4827864,68.27181680211848,control (non-VVP),True,-7.399107592598328,-14.234109170342888,-7.340889028614586,-14.20801711337231,10,13
399,Naiayahutung,Kurung Kumey,Unknown,Arunachal Pradesh,True,27.7764281,93.4870179,68.27488938090762,control (non-VVP),True,-7.155005772058863,-14.02008997398352,-7.122553947812865,-13.865651833901032,10,13
400,Chebang,Kurung Kumey,Unknown,Arunachal Pradesh,True,27.7364834,93.3455625,68.29776819030579,control (non-VVP),True,-5.0106196602937585,-11.807152038754566,-5.160627797495588,-11.9639122714395,10,13
401,Pagba,Kurung Kumey,Unknown,Arunachal Pradesh,True,27.7763826,93.4887431,68.34786080412654,control (non-VVP),True,-6.891911937455742,-13.827782851085203,-6.890853825170297,-13.678987915125587,10,13
402,Ralung,Kurung Kumey,Unknown,Arunachal Pradesh,True,27.7371862,93.353664,68.38401997207357,control (non-VVP),True,-2.0053981419741045,-9.403989349064451,-2.390782813757348,-9.570641255841121,10,13
403,买翁里,Lower Dibang,Unknown,Arunachal Pradesh,True,28.2822374,96.0953096,25.407835270210374,control (non-VVP),True,-6.986834553605276,-13.527982199440851,-7.214741053369644,-13.812451831384182,19,24
404,Runli,Lower Dibang,Unknown,Arunachal Pradesh,True,28.2991992,96.0743049,26.056838914762896,control (non-VVP),True,-7.689206745050802,-14.475363019325656,-8.006814384799315,-14.778452432376623,19,24
405,阿蒙岗,Lower Dibang,Unknown,Arunachal Pradesh,True,28.2700017,96.0942481,26.3303897145259,control (non-VVP),True,-8.930255763205421,-15.403515033882561,-9.165606364934536,-15.672715923437202,19,24
406,西登,Upper Siang,Unknown,Arunachal Pradesh,True,29.1329116,94.9651923,2.505001083633425,control (non-VVP),True,-5.547598027357358,-12.708113384407614,-5.758238490827792,-12.789164897688126,9,10
407,Norbuling,Upper Siang,Unknown,Arunachal Pradesh,True,29.1263536,94.9733788,3.1696388194268548,control (non-VVP),True,-7.06433549126735,-13.984317326585476,-7.421587948323419,-14.21314764515567,9,10
408,Tuting Panikheti,Upper Siang,Unknown,Arunachal Pradesh,True,28.973338,94.8719848,20.82893586119011,control (non-VVP),True,-4.443834241990518,-11.634718394874293,-4.953229979969082,-12.040714443044603,8,10
409,Payendum,Upper Siang,Unknown,Arunachal Pradesh,True,28.926458,95.0315768,21.777163753897447,control (non-VVP),True,-7.977890658022519,-14.526791660414226,-8.232767202962542,-14.76711366427451,8,10
410,Nyereng,Upper Siang,Unknown,Arunachal Pradesh,True,28.9574,94.9011,22.37714039025296,control (non-VVP),True,-9.219070966912964,-15.712600371272911,-9.585307031003266,-16.04005722492595,8,10
411,Nyokong,Upper Siang,Unknown,Arunachal Pradesh,True,28.919363,95.0271109,22.65893213504973,control (non-VVP),True,-7.558004913845465,-14.314251621164788,-7.898198629720091,-14.549896302711296,8,10
412,Ninging,Upper Siang,Unknown,Arunachal Pradesh,True,28.953851,94.8333181,23.61479779607889,control (non-VVP),True,-5.807283709741887,-12.546047693953382,-6.230501168939357,-12.890622721175996,8,10
413,Devkota,Upper Siang,Unknown,Arunachal Pradesh,True,28.8829865,95.0820892,24.04487877231385,control (non-VVP),True,-8.58386915168681,-15.505527464072175,-8.879495387543342,-15.836706746677079,8,10
414,Yortung,Upper Siang,Unknown,Arunachal Pradesh,True,28.8942055,95.0642733,24.25512447047973,control (non-VVP),True,-5.114730713702918,-11.930468805245875,-5.412260634270493,-12.146511790947885,8,10
415,Silipu,Upper Siang,Unknown,Arunachal Pradesh,True,28.8527517,95.1306768,24.67380216696391,control (non-VVP),True,-7.285996952566058,-14.067079474294498,-7.411294536683378,-14.213046866508247,8,10
416,Simuge,Upper Siang,Unknown,Arunachal Pradesh,True,28.8399841,95.1568258,25.20475166338972,control (non-VVP),True,-7.997958622429807,-14.723097923333539,-8.128452133286386,-14.794344641657823,8,10
417,Singa Old,Upper Siang,Unknown,Arunachal Pradesh,True,28.8313255,95.1691884,25.85196385039524,control (non-VVP),True,-8.391878551104067,-15.054685532907664,-8.574681479535771,-15.153645613327544,8,10
418,Silage,Upper Siang,Unknown,Arunachal Pradesh,True,28.8331926,95.1580815,25.900649272498462,control (non-VVP),True,-7.603608645522134,-14.349651866300212,-7.812680301337037,-14.463606264004556,8,10
419,Tamid Arung,Upper Siang,Unknown,Arunachal Pradesh,True,28.8998406,94.5747584,26.11436496765807,control (non-VVP),True,-8.657181062701643,-15.113798566396103,-9.012964767415191,-15.356990756725898,8,10
420,Angachi,Upper Siang,Unknown,Arunachal Pradesh,True,28.8255056,95.1704914,26.4572050125452,control (non-VVP),True,-6.698980867035705,-13.417362931497324,-6.865379902514733,-13.553635930024281,8,10
421,Simuling,Upper Siang,Unknown,Arunachal Pradesh,True,28.8155203,95.2010538,27.10770570136025,control (non-VVP),True,-7.800839097519536,-14.512229015269174,-7.993366073182459,-14.61590592201715,8,10
422,Singing,Upper Siang,Unknown,Arunachal Pradesh,True,28.8977681,94.7841203,29.794800301747745,control (non-VVP),True,-10.763293038264862,-17.3480185115408,-11.152447216116483,-17.69384911606856,8,10
423,Migging,Upper Siang,Unknown,Arunachal Pradesh,True,28.8529247,94.7729372,34.7789608532419,control (non-VVP),True,-5.73288607648321,-12.780945997056804,-6.012423982510791,-13.0956112169239,8,10
424,Palling,Upper Siang,Unknown,Arunachal Pradesh,True,28.836535,94.8097586,36.58065758723632,control (non-VVP),True,-6.417903076810294,-13.456760559876926,-6.776161961278122,-13.696105165259143,8,10
425,Likor,Upper Siang,Unknown,Arunachal Pradesh,True,28.8267883,94.8955464,36.85504783931048,control (non-VVP),True,-9.395171507908344,-16.04391888045759,-9.753516504703528,-16.339798866671142,8,10
426,Mosing,Upper Siang,Unknown,Arunachal Pradesh,True,28.8091508,94.7915356,39.60618311251698,control (non-VVP),True,-6.455501305661248,-13.291682581104325,-6.52813394254933,-13.51727727776638,8,10
427,Pugging,Upper Siang,Unknown,Arunachal Pradesh,True,28.7438597,94.9345829,44.02389953987662,control (non-VVP),True,-6.5018077766693345,-13.385137240065077,-6.845245213871294,-13.60863996629679,8,10
428,Gujinboluo,Upper Siang,Unknown,Arunachal Pradesh,True,28.7553138,94.9111952,44.64011679191498,control (non-VVP),True,-9.863697141636331,-16.910529133642818,-10.247726347077394,-17.22943872828762,8,10
429,Gette,Upper Siang,Unknown,Arunachal Pradesh,True,28.6863056,95.0089723,46.40504836633465,control (non-VVP),True,-8.899451543079763,-15.54846869334431,-9.138412068520855,-15.647314239712438,8,10
430,Dojubing,Upper Subansiri,Unknown,Arunachal Pradesh,True,28.4315441,93.1898276,0.249045833450518,control (non-VVP),True,-6.279150066780905,-13.098483737863665,-6.492981836182115,-13.384106025311404,10,13
431,Ishneya,Upper Subansiri,Unknown,Arunachal Pradesh,True,28.4397601,93.1851781,0.7217224156134714,control (non-VVP),True,-7.52174842344213,-13.875044433040365,-7.745656916674857,-14.242497289445692,10,13
432,Juga,Upper Subansiri,Unknown,Arunachal Pradesh,True,28.4467134,93.1498404,3.925174649555216,control (non-VVP),True,-1.9618314004078685,-8.718874180942233,-2.1627685277453557,-9.19199451511648,10,13
433,Yorlung,Upper Subansiri,Unknown,Arunachal Pradesh,True,28.6720499,93.9704579,4.196776668375604,control (non-VVP),True,-6.346543219967649,-13.37139499535084,-6.5900708422398475,-13.6491035718433,18,23
434,Gelemo,Upper Subansiri,Unknown,Arunachal Pradesh,True,28.472442,93.4628099,18.05313388179516,control (non-VVP),True,-1.7664646033539235,-8.73792425104068,-1.7544738183361572,-8.796983659839166,10,13
435,Gelemo Camp,Upper Subansiri,Unknown,Arunachal Pradesh,True,28.4568913,93.4620422,18.606676953286467,control (non-VVP),True,-5.815525206977015,-12.774185126436398,-5.770528559171788,-12.877699115172147,10,13
436,Dojbung,Upper Subansiri,Unknown,Arunachal Pradesh,True,28.3729191,93.4561501,23.285044542759053,control (non-VVP),True,-6.249961613933897,-13.247286619292236,-6.372871509887468,-13.179350756394962,10,13
437,Gelinceniak,Upper Subansiri,Unknown,Arunachal Pradesh,True,28.3631529,93.4766991,25.48664596200368,control (non-VVP),True,-10.022138187452864,-16.537683004273955,-9.828973754419842,-16.382011947666612,10,13
438,Chingring,Upper Subansiri,Unknown,Arunachal Pradesh,True,28.4192393,93.8246305,29.258085111764327,control (non-VVP),True,-9.66845391499073,-16.034093239643454,-9.7025085823738,-16.18339965378193,18,23
439,Poba,Upper Subansiri,Unknown,Arunachal Pradesh,True,28.414467,93.8159723,29.67407778677813,control (non-VVP),True,-3.579165968392231,-10.451890290672418,-3.7319874736274974,-10.52832290304756,18,23
440,贾德普,Upper Subansiri,Unknown,Arunachal Pradesh,True,28.4082012,93.7972842,30.217130636717734,control (non-VVP),True,-8.125743128761421,-14.945643621576401,-8.409431767740589,-15.103503127172774,18,23
441,嘎如,Upper Subansiri,Unknown,Arunachal Pradesh,True,28.4068583,93.7942953,30.352527848657463,control (non-VVP),True,-9.217273788898147,-15.94665799193497,-9.464770603897014,-16.09968946899052,18,23
442,阿赖根布,Upper Subansiri,Unknown,Arunachal Pradesh,True,28.4059921,93.808704,30.537852652997465,control (non-VVP),True,-5.947984880365237,-12.887191266919073,-6.126734915793125,-12.995866819557257,18,23
443,Orak Camp,Upper Subansiri,Unknown,Arunachal Pradesh,True,28.3665963,93.5461814,30.58926154225035,control (non-VVP),True,-2.0101021311543685,-8.897225099067448,-2.073443245968691,-8.83141013326076,20,16
444,Ketha,Upper Subansiri,Unknown,Arunachal Pradesh,True,28.4307648,94.061466,30.83898483127514,control (non-VVP),True,-12.2429798404809,-18.581727255051284,-12.326774416503058,-18.760285237195603,18,23
445,Raba,Upper Subansiri,Unknown,Arunachal Pradesh,True,28.4054645,93.8353976,30.93107120811105,control (non-VVP),True,-10.691192706715855,-16.82014416930894,-10.906505806573527,-17.114625810239403,18,23
446,AkI,Upper Subansiri,Unknown,Arunachal Pradesh,True,28.4045203,93.7242887,31.0993071581252,control (non-VVP),True,-4.967119276018862,-11.99616155985095,-5.217125696708846,-12.222772717566402,18,23
447,Mojang,Upper Subansiri,Unknown,Arunachal Pradesh,True,28.4013177,93.8229042,31.20281418527646,control (non-VVP),True,-3.2267997681541116,-10.403209419812184,-3.3095080905589165,-10.330809146516396,18,23
448,Ngoju,Upper Subansiri,Unknown,Arunachal Pradesh,True,28.399193,93.7068591,31.30343407328185,control (non-VVP),True,-7.882487462055068,-14.658942682296727,-8.10123788574073,-14.918928980523667,18,23
449,Keojariang,Upper Subansiri,Unknown,Arunachal Pradesh,True,28.4009028,93.8320953,31.37704816497124,control (non-VVP),True,-7.470913025691046,-14.306956076400034,-7.659475548585724,-14.516167365328746,18,23
450,Bogun,Upper Subansiri,Unknown,Arunachal Pradesh,True,28.3958767,93.6960267,31.409263037611804,control (non-VVP),True,-8.327370198211552,-15.151572844792293,-8.487100545611225,-15.362765299055765,18,23
451,Nava,Upper Subansiri,Unknown,Arunachal Pradesh,True,28.3909608,93.6799521,31.63847804253896,control (non-VVP),True,-8.383197434887636,-15.304618115446734,-8.621161130365586,-15.447930077646204,18,23
452,Nilo,Upper Subansiri,Unknown,Arunachal Pradesh,True,28.3872503,93.6546784,31.726628462853856,control (non-VVP),True,-5.117623335346064,-12.33139773630213,-5.33492748653356,-12.412751033282163,10,21
453,Myabe,Upper Subansiri,Unknown,Arunachal Pradesh,True,28.3992853,93.8502203,31.879304201323723,control (non-VVP),True,-9.673321426075482,-16.1488587969859,-9.880199153213885,-16.260446499282626,18,23
454,贡岗,West Kameng,Unknown,Arunachal Pradesh,True,26.8952222,92.1170503,4.154187721357816,control (non-VVP),True,-9.240639243418446,-15.409209237206834,-9.26906338119205,-15.529655099036052,10,9
455,Balem,West Kameng,Unknown,Arunachal Pradesh,True,26.9649897,92.1516917,7.302075731076228,control (non-VVP),True,-7.292581760871188,-14.135745775249578,-7.321809445091488,-14.233547826463887,10,9
456,Rongthangjurpam,West Kameng,Unknown,Arunachal Pradesh,True,27.0382758,92.1315055,7.891072038314255,control (non-VVP),True,-5.180127206074124,-12.055724417407403,-5.412663104032613,-12.295021302210948,20,12
457,若波朗钦,West Kameng,Unknown,Arunachal Pradesh,True,27.0752385,92.1082163,7.903609763820291,control (non-VVP),True,-4.970032680864637,-11.527789217823385,-5.075230962443077,-11.804993981626888,10,9
458,Yukmadung,West Kameng,Unknown,Arunachal Pradesh,True,27.4213253,92.1244746,8.333393795069465,control (non-VVP),True,-8.312505353563079,-14.933016503896939,-8.310738445726894,-14.879548573858683,10,9
459,Warrangpam,West Kameng,Unknown,Arunachal Pradesh,True,27.1186044,92.0745879,8.98308426545462,control (non-VVP),True,-3.7930488604132955,-10.747752510030203,-3.8975577742613647,-10.929337704390267,10,9
460,Ghāstoli,Chamoli,Unknown,Uttarakhand,True,30.8592089,79.4699913,11.914449524802585,control (non-VVP),True,-9.535277656530162,-18.506349669192765,-9.52187360447953,-18.69716583044097,10,11
461,Niti,Chamoli,Unknown,Uttarakhand,True,30.7776642,79.8411215,13.810147936633122,control (non-VVP),True,-9.664583569857012,-16.138622163574116,-9.541189431965453,-16.05775440773399,20,21
462,MAHAR GAON,Chamoli,Unknown,Uttarakhand,True,30.7109424,79.8743727,18.82830218116584,control (non-VVP),True,-5.657775785741942,-13.276225810259431,-4.958461072889616,-12.831899420685392,20,21
463,Pharkia,Chamoli,Unknown,Uttarakhand,True,30.7318289,79.8262831,18.89002530397776,control (non-VVP),True,-2.4166244176242024,-11.115281100676981,-1.158656693486192,-10.38326607774529,20,21
464,Kurkuti,Chamoli,Unknown,Uttarakhand,True,30.7065954,79.8754333,19.257221680206065,control (non-VVP),True,-6.954974321310241,-14.171778671174234,-6.696509239723185,-13.872734538862584,20,21
465,Ryal Bagar,Chamoli,Unknown,Uttarakhand,True,30.7110763,79.8435457,19.93625372763593,control (non-VVP),True,-10.61568189976554,-16.839968459456053,-10.500676015254875,-16.736108432088983,20,21
466,Kosa,Chamoli,Unknown,Uttarakhand,True,30.67793,79.8609495,22.70652399985677,control (non-VVP),True,-5.657414214916404,-12.920897471467805,-5.30418248146947,-12.81834203784629,20,21
467,Ghangaria,Chamoli,Unknown,Uttarakhand,True,30.7014544,79.5938002,26.31062216633642,control (non-VVP),True,-5.787696563701762,-13.373706940252616,-5.698925676841376,-13.321878574380403,10,11
468,Kajila,Chamoli,Unknown,Uttarakhand,True,30.6972318,79.5898879,26.75920046410928,control (non-VVP),True,-4.2942565115328675,-11.625725101180134,-4.118296182916637,-11.517959852692412,10,11
469,SINGLA,Chamoli,Unknown,Uttarakhand,True,30.6462444,79.8258027,27.175157144580066,control (non-VVP),True,0.11393332267742734,-8.583933845950192,0.4825332084008031,-8.520435058706155,20,21
470,Jelam,Chamoli,Unknown,Uttarakhand,True,30.6441526,79.8259171,27.38526145533936,control (non-VVP),True,-0.12246757741180317,-8.601249931014708,0.10583736676065146,-8.553478512359082,20,21
471,Hanumanchatti,Chamoli,Unknown,Uttarakhand,True,30.6955217,79.5141532,27.604198128101256,control (non-VVP),True,-9.07713512313438,-15.528746276261604,-9.027880991588104,-15.60927930987923,10,11
472,DRONAGIRI,Chamoli,Unknown,Uttarakhand,True,30.5991704,79.8680413,27.76162744355928,control (non-VVP),True,-10.70611039317976,-17.605503463633685,-10.91862512310357,-17.71704502498067,20,21
473,Lambagad,Chamoli,Unknown,Uttarakhand,True,30.692639,79.5132394,27.935227028140023,control (non-VVP),True,-8.189715045171393,-14.9185206057488,-8.092979518522975,-15.12600315851619,10,11
474,GARPAK,Chamoli,Unknown,Uttarakhand,True,30.6269079,79.854244,28.23676669151424,control (non-VVP),True,-10.605408523631338,-17.910982598140315,-10.271909496677225,-17.946961748659255,20,21
475,Bhyudar,Chamoli,Unknown,Uttarakhand,True,30.674709,79.5913479,29.259897647969115,control (non-VVP),True,-0.9761163254132961,-8.536723882188758,-1.01884157732119,-8.518153329385198,10,11
476,Khirao,Chamoli,Unknown,Uttarakhand,True,30.6849562,79.4763374,29.81393619398809,control (non-VVP),True,-5.896144586767884,-13.106506473337008,-5.837409379282107,-12.888449512197148,10,11
477,KAGA,Chamoli,Unknown,Uttarakhand,True,30.6124584,79.8238599,30.73137382810968,control (non-VVP),True,-14.996239850959405,-20.189866908971805,-14.983376680305783,-20.23888194949937,20,21
478,Jumma,Chamoli,Unknown,Uttarakhand,True,30.60791,79.80606,31.82623184079268,control (non-VVP),True,-6.758403074101122,-13.80341364649494,-6.544432057667524,-13.82091719211304,20,21
479,Sal,Chamoli,Unknown,Uttarakhand,True,30.6497801,79.5825101,31.99807128252253,control (non-VVP),True,-3.1272541468589763,-10.914972296734232,-3.1476174033593955,-10.959630507394925,10,11
480,Lambagarh,Chamoli,Unknown,Uttarakhand,True,30.6541078,79.5165784,32.0553341957228,control (non-VVP),True,0.11514948807653058,-7.260525218771052,0.1688426351315176,-7.231898760781317,10,11
481,Nayachutti,Chamoli,Unknown,Uttarakhand,True,30.6485378,79.5332429,32.41449625832039,control (non-VVP),True,-9.88688113367596,-16.1437720694041,-10.001703029264487,-16.35159420949044,10,11
482,Pulna,Chamoli,Unknown,Uttarakhand,True,30.6357595,79.5716275,33.554494849387154,control (non-VVP),True,-2.6062817320702383,-10.02992945840825,-2.567279539518353,-10.117490243181512,10,11
483,Will Pulna,Chamoli,Unknown,Uttarakhand,True,30.635211,79.5724562,33.61399138587271,control (non-VVP),True,-4.635985079469814,-11.825606585297379,-4.657070150949059,-11.98423224162783,10,11
484,Sumla,Uttarkashi,Unknown,Uttarakhand,True,31.3643581,79.1315444,5.627779859426751,control (non-VVP),True,-7.3252835299375025,-14.662918249631769,-6.866038746123314,-14.479058370472135,10,11
485,波林三多,Uttarkashi,Unknown,Uttarakhand,True,31.3063902,79.1304897,8.97346728316324,control (non-VVP),True,-8.50763108479396,-15.928710614787905,-8.30144863249312,-15.784957221805152,10,11
486,Tirpani,Uttarkashi,Unknown,Uttarakhand,True,31.2764904,79.1066801,12.781892511914991,control (non-VVP),True,-6.919851935053267,-15.055130728615822,-6.802581296219794,-14.867664955960405,10,11
487,Nilapani,Uttarkashi,Unknown,Uttarakhand,True,31.1133518,79.1553581,15.061773828748594,control (non-VVP),True,-6.702928835607446,-16.22662262763001,-6.577965291051415,-15.945981081010475,10,11
488,桑村,Uttarkashi,Unknown,Uttarakhand,True,31.1815194,79.044165,15.272434644969527,control (non-VVP),True,-6.752131164012438,-15.778182857611313,-6.369898829234435,-15.37284111630865,10,11
489,葱莎,Uttarkashi,Unknown,Uttarakhand,True,31.1126554,79.0053748,19.17764189917796,control (non-VVP),True,-8.492937883624455,-15.885105487508753,-8.19896222423079,-15.37875068134423,10,11
490,Hindoligad,Uttarkashi,Unknown,Uttarakhand,True,31.0767806,78.9614641,21.732777927080967,control (non-VVP),True,-12.666997885369703,-19.10225382487587,-12.740086080520689,-18.97510146002945,10,11
491,Karchha,Uttarkashi,Unknown,Uttarakhand,True,31.04462,78.92578,24.95764711311822,control (non-VVP),True,-10.992601675350581,-17.380913795992143,-10.971638293406551,-17.30080344583549,10,11
492,Mukhba,Uttarkashi,Unknown,Uttarakhand,True,31.0449555,78.7799246,26.980573712116133,control (non-VVP),True,-8.040022104547601,-14.701378276568468,-8.49560388237128,-15.216336404267906,10,11
493,Lanka,Uttarkashi,Unknown,Uttarakhand,True,31.0302365,78.8679805,27.02544209422259,control (non-VVP),True,-11.179446566167872,-16.36487370432172,-11.359596553121452,-16.76520818990645,10,11
494,Bhaironghati,Uttarkashi,Unknown,Uttarakhand,True,31.0267173,78.8678798,27.410613091794325,control (non-VVP),True,-10.931714973883789,-16.20326911112014,-11.198058346259739,-16.7042667290984,10,11
495,Harsil,Uttarkashi,Unknown,Uttarakhand,True,31.0369099,78.7506484,28.055064151573287,control (non-VVP),True,-9.214724371793771,-15.186774553481454,-9.27177244404101,-15.340971217262245,10,11
496,Halunga,Uttarkashi,Unknown,Uttarakhand,True,31.0334361,78.7436711,28.520791760275166,control (non-VVP),True,-9.246807157909432,-14.94896071254969,-9.448363130292597,-15.175266243705694,10,11
497,Dhakroliya,Uttarkashi,Unknown,Uttarakhand,True,31.0349208,78.7312391,28.54448149749177,control (non-VVP),True,-11.839500930263855,-17.888963903397126,-12.039330287620595,-18.15515010019361,10,11
498,Sunagar,Uttarkashi,Unknown,Uttarakhand,True,31.01578,78.71155,31.0016111786727,control (non-VVP),True,-8.773610026482604,-15.72153560784017,-8.817918054649201,-15.884588242983149,10,11
499,Suki,Uttarkashi,Unknown,Uttarakhand,True,31.0029571,78.7013016,32.61251940187505,control (non-VVP),True,-5.602764583960976,-12.4575435416891,-5.657593929987801,-12.454992467235517,10,11
500,Bhojwasa,Uttarkashi,Unknown,Uttarakhand,True,30.9504464,79.051513,33.50614382681282,control (non-VVP),True,-10.063781101673543,-17.529359008561666,-10.056489534980251,-17.34772194343594,10,11
501,Cherbasa,Uttarkashi,Unknown,Uttarakhand,True,30.9798732,79.0239489,33.59856849202152,control (non-VVP),True,-11.265053149216948,-18.19590032184628,-11.080259633007119,-17.86905173052081,10,11
502,Bhangeli,Uttarkashi,Unknown,Uttarakhand,True,30.9173929,78.6694748,42.55822493242618,control (non-VVP),True,-3.1800919891990005,-10.44373651374544,-2.9783716175687966,-10.133733190368755,10,11
503,Gangnani (village),Uttarkashi,Unknown,Uttarakhand,True,30.9124564,78.67581,42.93741159736116,control (non-VVP),True,-1.8038599007233784,-9.165782978749963,-1.8514675978001003,-9.137584696000252,10,11
504,Seema,Uttarkashi,Unknown,Uttarakhand,True,31.1170286,78.3499378,43.2062044546696,control (non-VVP),True,-10.04611935672195,-16.44124271162751,-10.034629347295986,-16.254213661647068,20,22
505,Yamunotri,Uttarkashi,Unknown,Uttarakhand,True,30.999214,78.4626951,43.56636837738584,control (non-VVP),True,-7.0311643747374095,-13.551940252653951,-6.799227532160826,-13.27851536172772,10,11
506,Osla,Uttarkashi,Unknown,Uttarakhand,True,31.1188962,78.3427722,43.702470708703984,control (non-VVP),True,-7.009071859508906,-13.917621863030295,-6.934205316158621,-13.640196011109127,20,22
507,Hurri,Uttarkashi,Unknown,Uttarakhand,True,30.900444,78.694016,43.85649707889107,control (non-VVP),True,-14.123681534712942,-19.8100621833985,-13.886973759764311,-19.731442679826316,10,11
508,Gangnani,Uttarkashi,Unknown,Uttarakhand,True,30.9029774,78.6797824,43.870251674210536,control (non-VVP),True,-9.072190518743927,-15.863509114155631,-9.061701763947172,-15.974800746538337,10,11
509,Sungar,Uttarkashi,Unknown,Uttarakhand,True,30.8932364,78.6782549,44.95526774068584,control (non-VVP),True,-11.557424621875176,-18.041558578071278,-11.60319799711812,-18.174402123453905,10,11
510,Panwani,Uttarkashi,Unknown,Uttarakhand,True,31.1162624,78.3290382,44.99273687783485,control (non-VVP),True,-5.872722317260898,-12.92659317244089,-5.634035779610877,-12.57665862634663,20,22
511,Gangwar,Uttarkashi,Unknown,Uttarakhand,True,31.1081301,78.3128214,46.782319991467176,control (non-VVP),True,-8.523630822916704,-15.592684091373092,-8.410218966866726,-15.319435601450676,20,22
512,Janki Chatti,Uttarkashi,Unknown,Uttarakhand,True,30.9764513,78.4383369,46.98872281721196,control (non-VVP),True,-7.669122810556263,-14.678124800356553,-7.304777158542355,-14.031798787145046,10,11
513,Kharsālī,Uttarkashi,Unknown,Uttarakhand,True,30.9727889,78.4382202,47.31439009250329,control (non-VVP),True,-9.74738466371234,-16.808776344857023,-9.340817429526421,-16.247552907096956,10,11
514,Buri,Tawang,Unknown,Arunachal Pradesh,True,27.5138525,91.6470731,1.3784428309811594,control (non-VVP),True,-4.121659734145822,-11.38922695247053,-4.623730670398571,-11.6844127909647,20,17
515,Dudunghar,Tawang,Unknown,Arunachal Pradesh,True,27.5069344,91.6530079,1.5845961590826654,control (non-VVP),True,-6.296978862399489,-12.882932284602582,-6.758211160981103,-13.169851137480823,20,17
516,Blaiteng,Tawang,Unknown,Arunachal Pradesh,True,27.505442,91.6575862,1.9598216987706023,control (non-VVP),True,-3.362020412995802,-10.408534765538553,-3.9816745134033984,-10.680493442888377,20,17
517,Dongmareng,Tawang,Unknown,Arunachal Pradesh,True,27.5064997,91.6610772,2.297958008278038,control (non-VVP),True,-2.429753933894529,-9.528405613785099,-3.1811958067404658,-9.944400361111798,20,17
518,Kaben,Tawang,Unknown,Arunachal Pradesh,True,27.489457,91.7279816,3.0298278851124576,control (non-VVP),True,-10.441136410029682,-17.247505395836267,-10.59878196279602,-17.323154555773087,20,17
519,Marmey,Tawang,Unknown,Arunachal Pradesh,True,27.5382332,91.6496721,3.3525511690259813,control (non-VVP),True,-4.465899042625704,-11.407214083179452,-5.210921419017112,-11.971855791460762,20,21
520,Hatung La,Tawang,Unknown,Arunachal Pradesh,True,27.7767145,91.7101807,3.605519688388505,control (non-VVP),True,-5.056973645297408,-11.581172979597405,-6.318142035385373,-12.791177610701302,20,21
521,Chelengdung,Tawang,Unknown,Arunachal Pradesh,True,27.5402668,91.6598059,4.1381078596207095,control (non-VVP),True,-3.8856852717704107,-10.504988678192642,-4.563940568558745,-10.997778106834398,20,21
522,Dungjee,Tawang,Unknown,Arunachal Pradesh,True,27.4989655,92.0097869,4.297136495986306,control (non-VVP),True,-9.981277936872752,-16.456337721013053,-10.01710166162993,-16.457054452309496,10,13
523,Benig,Tawang,Unknown,Arunachal Pradesh,True,27.499111,91.7352285,4.302094159838689,control (non-VVP),True,-11.5318079273188,-17.9511907117983,-11.58195113859237,-17.96445496281734,20,17
524,User,Tawang,Unknown,Arunachal Pradesh,True,27.5441215,91.6573264,4.332662551885869,control (non-VVP),True,-3.9577621726911434,-10.778447472883652,-4.492895794097912,-11.233301817754276,20,21
525,Phomang,Tawang,Unknown,Arunachal Pradesh,True,27.5125531,91.694958,4.594783190459134,control (non-VVP),True,-5.886689218401881,-12.431501383396663,-6.502754260089524,-12.903307683364964,20,21
526,Sanghar,Tawang,Unknown,Arunachal Pradesh,True,27.5320099,91.6739901,4.655048653488116,control (non-VVP),True,-9.280040015741106,-15.896776276401933,-9.81853540761059,-16.224666589262657,20,21
527,Tsechu,Tawang,Unknown,Arunachal Pradesh,True,27.7228408,92.0148221,4.839255499380271,control (non-VVP),True,-8.693478469820532,-15.375465627028026,-8.66795799522518,-15.393317692996092,10,13
528,Dormeleng,Tawang,Unknown,Arunachal Pradesh,True,27.536051,91.6739209,4.872489192383831,control (non-VVP),True,-6.4600837244735665,-13.180893381595952,-7.041689561069063,-13.486979136177242,20,21
529,Bagajang Gompa,Tawang,Unknown,Arunachal Pradesh,True,27.5002605,92.0203955,4.958258166043775,control (non-VVP),True,-9.66287896361225,-17.50518936423764,-9.429267304691686,-17.264108583874904,10,13
530,Hoongla,Tawang,Unknown,Arunachal Pradesh,True,27.5133024,91.7221181,5.219682444374062,control (non-VVP),True,-6.08166909265411,-12.654146790775247,-7.062275297161861,-13.383332962333487,20,21
531,Kharung,Tawang,Unknown,Arunachal Pradesh,True,27.5083212,91.7443344,5.472869874542752,control (non-VVP),True,-11.989526492624936,-18.414966975536085,-12.434695031255014,-18.88124955584738,20,21
532,Sazo,Tawang,Unknown,Arunachal Pradesh,True,27.5211872,91.6919115,5.481263190914099,control (non-VVP),True,-5.666524830793193,-12.134674599943027,-6.499803569376459,-12.664498750722046,20,21
533,Bulaisen,Tawang,Unknown,Arunachal Pradesh,True,27.7447203,91.6940265,5.82737530462685,control (non-VVP),True,-0.20483314358222054,-7.648602668627316,-1.5109782711777533,-8.63030092880401,20,21
534,Zirkhim,Tawang,Unknown,Arunachal Pradesh,True,27.759106,91.6987037,5.859782408176547,control (non-VVP),True,-3.731536071382511,-10.519808946543117,-5.07373628475876,-11.632513068412074,20,21
535,Kharteng,Tawang,Unknown,Arunachal Pradesh,True,27.5322737,91.68881,5.999022821529483,control (non-VVP),True,-10.898830992020171,-17.05399379501979,-11.152496733438815,-17.20722208204308,20,21
536,Taktsang,Tawang,Unknown,Arunachal Pradesh,True,27.7202129,91.7987847,6.611126228743398,control (non-VVP),True,-6.96022356683872,-13.50901583363844,-7.656868803230845,-14.171790293284591,20,26
537,Baghar,Tawang,Unknown,Arunachal Pradesh,True,27.5386646,91.692876,6.666281448423297,control (non-VVP),True,-12.173496379886211,-18.334501819742755,-12.42790724557018,-18.51734077979976,20,21
538,Surbin,Tawang,Unknown,Arunachal Pradesh,True,27.6044729,91.6478797,6.702895702948471,control (non-VVP),True,-1.2962181172425538,-8.523046382968346,-2.6151215845752938,-9.695759554183805,20,21
539,Yabab,Tawang,Unknown,Arunachal Pradesh,True,27.5495362,91.6993454,7.79234841016766,control (non-VVP),True,-9.351080238339682,-15.373118236227118,-9.89376937487329,-15.763375447082346,20,21
540,Gyandong,Tawang,Unknown,Arunachal Pradesh,True,27.5360362,91.8767708,7.960987720661884,control (non-VVP),True,-9.262968816570016,-15.913575295421058,-9.43080672939297,-16.068614182636864,20,21
541,Socktsen,Tawang,Unknown,Arunachal Pradesh,True,27.7317783,91.7136439,8.176378417682914,control (non-VVP),True,-7.175197064491541,-13.829294226346176,-7.932641302868084,-14.461098547411684,20,26
542,乃林芒,Tawang,Unknown,Arunachal Pradesh,True,27.7304581,91.7122753,8.346887659670452,control (non-VVP),True,-5.52066608568827,-12.348212944781805,-6.4150888239087305,-13.09037918822404,20,26
543,Khet,Tawang,Unknown,Arunachal Pradesh,True,27.5420105,91.8651408,8.438906817105366,control (non-VVP),True,-7.026473894371368,-13.767987594632668,-7.5568337231671,-13.99937892380003,20,21
544,Mangnam,Tawang,Unknown,Arunachal Pradesh,True,27.5434452,91.7277148,8.576480853707107,control (non-VVP),True,-7.894827534086341,-14.725693487951663,-8.832839946947653,-15.412962718126266,20,21
545,Duola,Tawang,Unknown,Arunachal Pradesh,True,27.6806026,91.7051828,8.700719158387184,control (non-VVP),True,-1.615575404345013,-8.641943724802854,-2.9845892708487374,-9.6595721151108,20,21
546,Thiksi,Tawang,Unknown,Arunachal Pradesh,True,27.6742312,91.7039224,8.938675902140462,control (non-VVP),True,-5.781588336137093,-12.56859996431791,-6.794871196151422,-13.306666362427778,20,21
547,Mukto,Tawang,Unknown,Arunachal Pradesh,True,27.5459298,91.925351,9.033768782544565,control (non-VVP),True,-10.46726156230753,-16.764050163370538,-10.934132407463032,-17.01730299016571,20,21
548,朗楚,Tawang,Unknown,Arunachal Pradesh,True,27.6665478,92.018261,9.170429339437083,control (non-VVP),True,-7.470408038576249,-14.126964289450129,-7.5519634236589885,-14.089297018404205,10,13
549,Gispu,Tawang,Unknown,Arunachal Pradesh,True,27.5798,91.68915,9.375706517611604,control (non-VVP),True,-13.572949802066379,-19.17744441877562,-14.333731305400914,-19.960537771934057,20,21
550,Buikung,Tawang,Unknown,Arunachal Pradesh,True,27.5418739,91.7759019,9.411678782317772,control (non-VVP),True,-6.769162121009961,-13.48951004236896,-7.404935268973509,-13.999972004299332,20,21
551,Momai,Tawang,Unknown,Arunachal Pradesh,True,27.5468143,91.9076102,9.41491744136239,control (non-VVP),True,-11.964417091971141,-18.039184486284128,-12.37644787849777,-18.47112012031517,20,21
552,Khangkar,Tawang,Unknown,Arunachal Pradesh,True,27.5483269,91.8982714,9.65310951987415,control (non-VVP),True,-8.925178270290795,-15.098091300445358,-9.294902387734739,-15.351683990839767,20,21
553,Thrillam,Tawang,Unknown,Arunachal Pradesh,True,27.5444139,91.7737903,9.676984165349417,control (non-VVP),True,-8.425844701794674,-15.078460859710125,-9.014594594720094,-15.492361536469385,20,21
554,Gomkelleng,Tawang,Unknown,Arunachal Pradesh,True,27.557721,91.9476161,9.843283809332174,control (non-VVP),True,-12.81593919059248,-19.054450582344586,-13.152570182598312,-19.335148063510665,20,21
555,Nuranang,Tawang,Unknown,Arunachal Pradesh,True,27.5495863,92.0246679,9.896721816486076,control (non-VVP),True,-10.292827566908258,-16.61640874042328,-10.414851362649665,-16.53470279259528,10,13
556,Khelengteng,Tawang,Unknown,Arunachal Pradesh,True,27.700347,91.7260819,9.96298258283976,control (non-VVP),True,-10.504500900874717,-17.002449141606142,-10.736779640968072,-17.169464665979156,20,21
557,Mirba,Tawang,Unknown,Arunachal Pradesh,True,27.5628166,91.9670658,10.046901244397526,control (non-VVP),True,-6.412092962150998,-13.16270466700135,-6.585367677612026,-13.11934664748272,20,21
558,Bomja,Tawang,Unknown,Arunachal Pradesh,True,27.5628997,91.9964314,10.2441602229928,control (non-VVP),True,-7.976155919248783,-14.765439013594689,-7.951934424846959,-14.56836911934531,10,13
559,Ajidong,Tawang,Unknown,Arunachal Pradesh,True,27.5640002,91.954525,10.34812753629876,control (non-VVP),True,-11.164474165942012,-17.659912140005172,-11.476913351419277,-17.874842122054694,20,21
560,Chakzam,Tawang,Unknown,Arunachal Pradesh,True,27.557929,91.9220578,10.39932444051828,control (non-VVP),True,-8.133597062649073,-14.630792422715777,-8.308499338459388,-14.646010386716583,20,21
561,Xiongbaze,Tawang,Unknown,Arunachal Pradesh,True,27.5673678,91.9761893,10.520480542245313,control (non-VVP),True,-13.951558509174037,-20.39421981790198,-14.033934568458598,-20.252442325265783,20,21
562,Kanchi Mor,Tawang,Unknown,Arunachal Pradesh,True,27.6276338,91.9591421,10.791124997082466,control (non-VVP),True,-11.188878150953181,-16.861020455344793,-11.510151716813464,-17.06075215952537,20,21
563,Senu,Tawang,Unknown,Arunachal Pradesh,True,27.568186,91.8640359,11.32095577800408,control (non-VVP),True,-8.086228755430566,-14.929527043306406,-8.572974061382014,-15.094282055238095,20,21
564,Kharsa,Tawang,Unknown,Arunachal Pradesh,True,27.5768922,91.9742501,11.575637862711783,control (non-VVP),True,-10.860786369410707,-17.331087024111564,-11.043017074007661,-17.382992892457803,20,21
565,Tsewkhar,Tawang,Unknown,Arunachal Pradesh,True,27.5723837,91.9352289,11.769604232081706,control (non-VVP),True,-4.7188390761389245,-11.549034995145378,-5.139641298234897,-11.816579706304235,20,21
566,Jamkhar,Tawang,Unknown,Arunachal Pradesh,True,27.5741023,91.8498361,11.97109277897478,control (non-VVP),True,-5.642054335723406,-12.43624461278145,-6.365202372907885,-12.966277331027428,20,21
567,Topgye,Tawang,Unknown,Arunachal Pradesh,True,27.7071071,92.2145841,12.010850218777836,control (non-VVP),True,-9.629939543028375,-15.992247010510274,-9.630628211934892,-15.95620634967348,10,13
568,Lhou,Tawang,Unknown,Arunachal Pradesh,True,27.574306,91.9287482,12.083796379688184,control (non-VVP),True,-6.088123197762616,-12.660692114272404,-6.57239472734862,-12.991612452580735,20,21
569,Bomdir,Tawang,Unknown,Arunachal Pradesh,True,27.5798,91.88004,12.800691542574553,control (non-VVP),True,-5.739103505316329,-12.51149286973716,-6.018601894123831,-12.728598220057995,20,21
570,Urgeling,Tawang,Unknown,Arunachal Pradesh,True,27.5810786,91.8710988,12.806217009504952,control (non-VVP),True,-6.918275373691952,-13.69827647718183,-7.211847563638658,-13.874617243256615,20,21
571,Geibi,Tawang,Unknown,Arunachal Pradesh,True,27.579271,91.8861143,12.841084848187418,control (non-VVP),True,-5.18292328887486,-12.089172807368117,-5.5575281833235985,-12.422543961862212,20,21
572,Sazhe,Tawang,Unknown,Arunachal Pradesh,True,27.5776458,91.7988206,13.004782979435044,control (non-VVP),True,-10.807686417349906,-17.064151861203758,-11.273215329708123,-17.4587982362622,20,21
573,Aodong,Tawang,Unknown,Arunachal Pradesh,True,27.5803197,91.893275,13.071617730047157,control (non-VVP),True,-4.318938542204465,-11.0563382617772,-4.892060543933316,-11.399752029127907,20,21
574,Bangde,Tawang,Unknown,Arunachal Pradesh,True,27.5840299,91.8834414,13.318371109342184,control (non-VVP),True,-4.810332201173251,-11.62029970133241,-5.147209317409271,-11.926009045280109,20,21
575,Shyo,Tawang,Unknown,Arunachal Pradesh,True,27.5891423,91.8597993,13.622892569252397,control (non-VVP),True,-7.865553212177779,-14.75997039553276,-8.25355241485709,-15.09006833362713,20,21
576,Beghar,Tawang,Unknown,Arunachal Pradesh,True,27.5889112,91.8791928,13.783557607535824,control (non-VVP),True,-5.13349686233797,-12.151505920719135,-5.398163307597099,-12.220109701024716,20,21
577,Mandreling,Tawang,Unknown,Arunachal Pradesh,True,27.5917248,91.8595869,13.908525964520482,control (non-VVP),True,-7.960599358931106,-14.80680270863171,-8.398875650822541,-15.071667579038783,20,21
578,Nyuri,Tawang,Unknown,Arunachal Pradesh,True,27.6891295,92.2040611,14.228594022329878,control (non-VVP),True,-5.483067479584447,-12.616800641880053,-5.53363403437907,-12.531768219304547,10,13
579,Tseretse,Tawang,Unknown,Arunachal Pradesh,True,27.5930753,91.8967033,14.52226112151756,control (non-VVP),True,-7.80386056941902,-14.57086733633975,-8.157364032693039,-14.823777314889982,20,21
580,楚木巴,Tawang,Unknown,Arunachal Pradesh,True,27.6549106,92.2710437,14.899982744148126,control (non-VVP),True,-11.947301935087323,-19.795928865562956,-11.922068949816627,-20.053654166666842,10,13
581,Neygang,North,Unknown,Sikkim,True,26.8222735,89.2456924,0.0354397827185006,control (non-VVP),False,-4.30285068972617,-11.298850102240337,-4.441782839180938,-11.33736793484483,10,14
582,Mangalbare,North,Unknown,Sikkim,True,26.9641686,88.0931146,0.0646404924804474,control (non-VVP),False,-6.575065270643063,-13.213147052943985,-6.844227864830898,-13.387125055633302,10,10
583,Tingtingma,North,Unknown,Sikkim,True,26.83608,89.2607505,0.1374003726741908,control (non-VVP),False,-8.859320074759546,-15.571095996395693,-9.217448079211605,-15.935906974938982,20,18
584,Tading,North,Unknown,Sikkim,True,26.842835,89.2980981,0.1836409106089793,control (non-VVP),False,-4.85452888989965,-11.792761902795815,-4.977489180476344,-11.883239834675228,20,18
585,Katao,North,Unknown,Sikkim,True,27.6714244,88.8140893,0.4093092829809311,control (non-VVP),False,-9.10130683132474,-16.924826004038607,-9.170231440972076,-16.87937528387969,10,10
586,Kupup,North,Unknown,Sikkim,True,27.35065,88.8396693,0.4220779702879976,control (non-VVP),False,-8.857154659690227,-17.132901494479203,-8.784845667603957,-17.046805587918943,10,10
587,Kumai,North,Unknown,Sikkim,True,26.9721659,88.8529694,0.4496922242930337,control (non-VVP),False,-8.119428125273158,-14.906388535216895,-8.213647315606588,-14.824952848976208,10,10
588,Sherathang,North,Unknown,Sikkim,True,27.3803999,88.8152126,0.4936963693973037,control (non-VVP),False,-9.990575368334488,-17.368503532418025,-9.997153384806293,-17.605715894146122,10,10
589,Gidaibir,North,Unknown,Sikkim,True,26.8366987,89.2715013,0.4987423550079105,control (non-VVP),False,-4.73441297294355,-11.387554167438365,-4.513792562311911,-11.222020011258774,20,18
590,Marwatraya,North,Unknown,Sikkim,True,26.8521011,89.3113536,0.537664567588106,control (non-VVP),False,-6.544021836692851,-13.77645973515279,-6.818418297920734,-14.039705271925492,20,18
591,Daduwachok,North,Unknown,Sikkim,True,27.278697,88.0127539,0.6010992404530895,control (non-VVP),False,-9.708393496768693,-16.28270278393573,-9.973336450875074,-16.525740001782992,10,10
592,Doomshinggang,North,Unknown,Sikkim,True,26.819084,89.1416207,0.6994205554095879,control (non-VVP),False,-6.163676366525491,-12.997026151704828,-6.3876146830676905,-13.214437403700552,10,10
593,Nyoenpalingmaed,North,Unknown,Sikkim,True,26.8229454,89.2250516,0.7472079788470537,control (non-VVP),False,-8.14020950072449,-15.406600041784897,-8.227844354004167,-15.439764985798762,10,10
594,Shri Antu,North,Unknown,Sikkim,True,26.8809868,88.1307377,0.8495012448518934,control (non-VVP),False,-7.555425277216515,-14.138524709124756,-7.590625032511655,-14.293241577812612,10,10
595,Doleg,North,Unknown,Sikkim,True,26.819408,89.1716232,0.9051630724290842,control (non-VVP),False,-5.744957359489986,-12.912077134696677,-6.023107283775507,-13.068688446076576,10,10
596,Rongo,North,Unknown,Sikkim,True,27.0385628,88.8358784,0.9661025806763252,control (non-VVP),False,-3.024080975132351,-10.512336952559755,-3.0808862189727213,-10.33242589599503,10,10
597,Todey,North,Unknown,Sikkim,True,27.1108271,88.8252278,1.0056724908623245,control (non-VVP),False,-3.8616989535447006,-10.905437889109924,-4.022027468846606,-10.896940813548571,10,10
598,Dugpoling,North,Unknown,Sikkim,True,26.8538049,89.2820477,1.014366765057029,control (non-VVP),False,-3.243065058421689,-10.252193947145399,-2.9556845027969283,-10.094463842538106,20,18
599,Hauri,North,Unknown,Sikkim,True,26.8351402,89.2827694,1.0515924551522455,control (non-VVP),False,-3.998834948536227,-11.15348432344109,-3.911814354127756,-10.949838769022962,20,18
600,Totopara,North,Unknown,Sikkim,True,26.8357066,89.3075323,1.1217663315424862,control (non-VVP),False,-5.956701632915752,-12.907425678163957,-6.07421130008646,-13.077237088489335,20,18
601,Gorkhe Bazar,North,Unknown,Sikkim,True,26.9554832,88.0775912,1.8877153943244096,control (non-VVP),False,-7.237978825002396,-13.875348939950744,-7.592924416218831,-14.112038555689137,10,10
602,Tumliṅ,North,Unknown,Sikkim,True,27.0312588,88.0689601,1.952452896070509,control (non-VVP),False,-10.2496923742781,-17.084932611512478,-10.599972243729816,-17.476484920077354,10,10
603,Gariabas,North,Unknown,Sikkim,True,27.024001,88.8656552,1.9886380969430395,control (non-VVP),False,-4.228090657041957,-11.213857953970736,-4.087377727361704,-11.113535602526559,10,10
604,Lachhungthang,North,Unknown,Sikkim,True,26.8295321,89.1899901,2.040227433577781,control (non-VVP),False,-7.266838098856671,-15.219485440326125,-7.464227603016352,-15.386534895871685,10,10
605,Gurãse,North,Unknown,Sikkim,True,27.027135,88.0744586,2.092496369904318,control (non-VVP),False,-10.31390081239228,-16.83563139265223,-10.726023469852027,-17.236265692745917,10,10
606,Gairibas,North,Unknown,Sikkim,True,27.0592783,88.0246254,2.0927719373359936,control (non-VVP),False,-7.851404647245707,-14.548170282679296,-8.11957137753404,-14.869275339361083,10,10
607,Dangreyboog,North,Unknown,Sikkim,True,26.9392244,89.008113,2.139504061456761,control (non-VVP),False,-7.3376374764296095,-13.743380553695566,-7.429629956754036,-13.713015573655106,10,10
608,काला पोखरी,North,Unknown,Sikkim,True,27.0788791,88.0171082,2.2196151166504423,control (non-VVP),False,-8.886291856647555,-15.37462150664329,-9.147866853812552,-15.695245369806097,10,10
609,Dadheli,North,Unknown,Sikkim,True,27.0860589,87.9548391,2.2898595952271785,control (non-VVP),False,-6.75349842931472,-13.38047527585872,-7.053552870855003,-14.008150416910238,10,10
610,लुम्चोक,North,Unknown,Sikkim,True,27.0800523,87.9589886,2.3395745634031484,control (non-VVP),False,-11.878577498444548,-17.913594432588056,-12.149508094707492,-18.455047133883028,10,10
611,Kandan,North,Unknown,Sikkim,True,27.2632886,87.9854179,2.387155050260856,control (non-VVP),False,-9.597555038881106,-15.99073150472995,-9.747177300269461,-16.16826611055834,10,10
612,Magargau,North,Unknown,Sikkim,True,27.2531652,87.9799507,2.4259457880824007,control (non-VVP),False,-12.61022377752943,-18.66140837249773,-12.810407168958532,-19.012812703809512,10,10
613,Changgu,North,Unknown,Sikkim,True,27.3778843,88.7709213,2.4303020148375434,control (non-VVP),False,-9.001364471366891,-16.62619799306021,-8.822061068321844,-16.281876928440322,10,10
614,Bikeybhanjan,North,Unknown,Sikkim,True,27.0929468,88.01296,2.4946215039078736,control (non-VVP),False,-7.918253897147813,-14.33676638141079,-7.9848982616725515,-14.50375776377667,10,11
615,Megma,North,Unknown,Sikkim,True,27.0239524,88.0828861,2.5710113040084863,control (non-VVP),False,-9.071591992188678,-15.423443923353132,-9.377117399126918,-15.677013546715676,10,10
616,Sandakphu,North,Unknown,Sikkim,True,27.104806,88.0015441,2.579681664896949,control (non-VVP),False,-6.521215155213476,-12.763475655096775,-6.862441047446609,-12.996609109878774,10,10
617,Katrepakha,North,Unknown,Sikkim,True,26.9903319,88.9319658,2.607344879343358,control (non-VVP),False,-8.799925816354268,-15.74612908842577,-8.844911463529463,-15.546997877655523,10,10
618,Bugkha,North,Unknown,Sikkim,True,26.869138,89.2872405,2.6784303130882674,control (non-VVP),False,-6.5617737408785635,-13.245096527559255,-6.312049433898172,-13.110462061857021,20,18
619,Chamurchi,North,Unknown,Sikkim,True,26.8827274,89.0903663,2.7225711132266324,control (non-VVP),False,-6.8276879216878905,-14.415778444854725,-6.83839449859034,-14.350250690620896,10,10
620,Jhalong,North,Unknown,Sikkim,True,27.0401327,88.8732963,2.7465010739437283,control (non-VVP),False,-4.990277972310838,-12.189192069880477,-5.080085614338967,-12.127630258865057,10,10
621,Khamzangling,North,Unknown,Sikkim,True,26.9747954,88.9498508,2.9095350172627934,control (non-VVP),False,-5.331531466776171,-12.252823216273393,-5.471458017382058,-12.36902892568581,10,10
622,Tharphu,North,Unknown,Sikkim,True,26.9893377,88.9368045,2.9102798377936985,control (non-VVP),False,-8.886021512770446,-15.453584898785694,-8.924606657387523,-15.427571258513597,10,10
623,Yugo,North,Unknown,Sikkim,True,26.8975661,89.0839157,2.916803936913932,control (non-VVP),False,-7.573105272465068,-14.373316479293965,-7.729140464060567,-14.379594399522846,10,10
624,Kardo,North,Unknown,Sikkim,True,26.9492965,88.9928788,2.9572807826624348,control (non-VVP),False,-7.4037482630964995,-14.1323051333714,-7.478474360704087,-14.244731531072416,10,10
625,Paren,North,Unknown,Sikkim,True,27.0636736,88.8734078,2.979857761316277,control (non-VVP),False,-3.9489988861019296,-11.238924574585743,-3.9674025145095975,-11.161753148517265,10,10
626,Tonglu,North,Unknown,Sikkim,True,27.033721,88.0805457,3.013399463859864,control (non-VVP),False,-7.7429445135627954,-14.52672527851098,-8.093978826223493,-14.701606638851583,10,10
627,Samarjun,North,Unknown,Sikkim,True,27.2603728,87.975741,3.134339894708016,control (non-VVP),False,-11.126176337747353,-17.44706328044374,-11.154148648275411,-17.423551466768274,10,10
628,Chhubakha,North,Unknown,Sikkim,True,27.8241475,88.815369,3.225655994048761,control (non-VVP),False,-10.150454403955905,-18.384395617562667,-10.411180454528946,-18.65553719171187,10,10
629,Sisne,North,Unknown,Sikkim,True,27.2634845,87.9756726,3.281271091190319,control (non-VVP),False,-10.157057518436023,-16.61505501818784,-10.286284703955555,-16.637113853372043,10,10
630,Sampheling,North,Unknown,Sikkim,True,27.1213407,88.8490569,3.357082188195897,control (non-VVP),False,-4.448821730460779,-11.502994435157191,-4.586113898786339,-11.403960806083001,10,10
631,Rabi,North,Unknown,Sikkim,True,27.3014656,87.9929991,3.4248380521192847,control (non-VVP),False,-12.415857205932559,-18.648866871194805,-12.387170340213016,-18.667987884318862,10,10
632,Samphelgang,North,Unknown,Sikkim,True,27.1264595,88.8453086,3.601970449961409,control (non-VVP),False,-4.462223842719014,-11.51727793961925,-4.68369845904381,-11.559749406177698,10,10
633,Sepi,North,Unknown,Sikkim,True,27.2967297,87.9885069,3.618710893016439,control (non-VVP),False,-8.180556716345038,-14.651684037360994,-8.166491604415329,-14.60002120709216,10,10
634,Depheling,North,Unknown,Sikkim,True,26.9742504,88.9581871,3.6261462396301702,control (non-VVP),False,-7.228827474587593,-14.348691903260733,-7.349173214744174,-14.324493745029022,10,10
635,Nojangsa Nyipa,North,Unknown,Sikkim,True,26.8786124,89.3011236,3.641663302075516,control (non-VVP),False,-6.581222852426998,-13.283093337344534,-6.730906403221675,-13.45656854523154,20,19
636,Norgeygang,North,Unknown,Sikkim,True,27.1251166,88.8483354,3.649812594241609,control (non-VVP),False,-4.820811732431342,-11.940952247213609,-4.9921855542961415,-11.919310177857254,10,10
637,Tsomgo,North,Unknown,Sikkim,True,27.3754372,88.7566799,3.682317154899109,control (non-VVP),False,-9.065746974614077,-15.873693514033947,-8.964271052536478,-15.791262231257557,10,10
638,Ekrate,North,Unknown,Sikkim,True,27.252172,87.9651893,3.722050764424155,control (non-VVP),False,-10.657335206211044,-16.863077629120458,-10.698512810045592,-17.126907935651783,10,10
639,Karmaling,North,Unknown,Sikkim,True,27.1204516,88.8555324,3.729363223002584,control (non-VVP),False,-2.59036623038662,-9.979793974560243,-2.8753691370962944,-9.961186785657782,10,10
640,Timbure,North,Unknown,Sikkim,True,27.2927386,87.9850534,3.751930497106271,control (non-VVP),False,-8.705467430342633,-15.138528452260951,-8.625019444608034,-15.0455742450741,10,10
641,Norbuling,North,Unknown,Sikkim,True,26.8925739,89.0972757,3.822535323022741,control (non-VVP),False,-7.233558666463452,-14.661036592920157,-7.411782870470772,-14.703276124765251,10,10
642,Sugure,North,Unknown,Sikkim,True,27.2608375,87.9680869,3.850674336389128,control (non-VVP),False,-10.728368792696212,-17.263307149921665,-10.9902953540462,-17.483405054473288,10,10
643,Kuengaling,North,Unknown,Sikkim,True,27.1353079,88.8366105,3.865136594950476,control (non-VVP),False,-2.9883950945442153,-10.301284638938887,-3.1265402029999354,-10.240157861320643,10,15
644,Khangzhima,North,Unknown,Sikkim,True,26.9887258,88.950355,3.9124028155231376,control (non-VVP),False,-7.524311196981206,-14.42877891631533,-7.769296153124159,-14.509615940364366,10,10
645,Kharsaling,North,Unknown,Sikkim,True,26.9981042,88.9418471,3.919752320650081,control (non-VVP),False,-8.848295912089545,-16.114415675320338,-8.781648311430972,-15.784507267516252,10,10
646,Bindu,North,Unknown,Sikkim,True,27.0986121,88.8716429,3.9264302281607857,control (non-VVP),False,-5.751334008871342,-12.83059037727798,-5.805447752474766,-12.768522006791121,10,10
647,Sagadada,North,Unknown,Sikkim,True,27.2743415,87.9725518,4.055684917075906,control (non-VVP),False,-8.79464150103726,-15.186004663534206,-8.842002956527454,-15.35327585997518,10,15
648,Nagrakata,North,Unknown,Sikkim,True,26.887366,88.9115671,4.089471232915417,control (non-VVP),False,-5.984701117070102,-13.517313294046481,-5.880631021049553,-13.445155671615582,10,10
649,Beteni,North,Unknown,Sikkim,True,27.2990623,87.9842607,4.109805314172164,control (non-VVP),False,-8.420277461005695,-14.84838020363039,-8.293146105632513,-14.739245690642655,10,10
650,Samsing,North,Unknown,Sikkim,True,26.9891656,88.8036059,4.215283346249905,control (non-VVP),False,-5.868246455501675,-12.676171633790322,-5.666018455375855,-12.600618791026696,10,10
651,राम्चे (Ramche),North,Unknown,Sikkim,True,27.5940731,88.0313801,4.2397145853402165,control (non-VVP),False,-11.038007796807333,-18.642674829273382,-11.247116823798592,-19.12368880409043,10,10
652,Migphelgang,North,Unknown,Sikkim,True,27.1290662,88.8545122,4.363893173569808,control (non-VVP),False,-3.4512140338513992,-10.79883481854866,-3.754216741768086,-10.775480475184036,10,10
653,Chamilindada,North,Unknown,Sikkim,True,27.2564045,87.9589886,4.476766394844066,control (non-VVP),False,-8.98117448848585,-15.78759796036746,-9.227274246946246,-16.10393885091814,10,10
654,Patshaling,North,Unknown,Sikkim,True,27.1459569,88.8314001,4.497957969345004,control (non-VVP),False,-1.3440333097731545,-8.881725414993072,-1.3428716566179848,-8.803231963416401,10,10
655,Sisne,North,Unknown,Sikkim,True,27.278902,87.9695767,4.532116420063161,control (non-VVP),False,-11.994633382588905,-18.1392310998689,-11.96666158389868,-18.24327119464962,10,15
656,Nojangsa Dangpa,North,Unknown,Sikkim,True,26.8871962,89.2838824,4.684382905124696,control (non-VVP),False,-8.888897021778476,-15.426908767920496,-9.077892111861702,-15.548285663727116,20,18
657,Pangpema,North,Unknown,Sikkim,True,27.7878398,88.1100906,4.6922108464505925,control (non-VVP),False,-10.391446120191155,-19.39402870876074,-10.697178403751622,-19.553517802404667,10,10
658,Simana,North,Unknown,Sikkim,True,26.9846521,88.1356918,4.755966616225002,control (non-VVP),False,-8.762263996365137,-14.769513263649895,-8.717484689811617,-14.945909435149657,10,10
659,Gashingma,North,Unknown,Sikkim,True,26.8543744,89.1888303,4.791395856513222,control (non-VVP),False,-5.894455958211362,-12.690484468703911,-6.034361384489429,-12.692153570125443,10,10
660,Perunge,North,Unknown,Sikkim,True,27.2523041,87.9531478,4.821995927290392,control (non-VVP),False,-8.079225726256405,-14.487044966850181,-8.208030957540325,-14.641971548322683,10,10
661,Joenleksa,North,Unknown,Sikkim,True,26.9988785,88.9532304,4.8527674534351,control (non-VVP),False,-7.446116820643484,-14.264886465008773,-7.587905085569925,-14.243327717538806,10,10
662,Phanchebun,North,Unknown,Sikkim,True,27.0558235,87.9505824,4.880443684657196,control (non-VVP),False,-10.817915574415995,-16.961358441322346,-11.067943806002553,-17.357291720888835,10,10
663,Dombang,North,Unknown,Sikkim,True,27.7456823,88.777401,4.952018864728949,control (non-VVP),False,-6.363122421573156,-12.86860908600865,-6.604874466345036,-13.033437781210974,10,10
664,Tserima,North,Unknown,Sikkim,True,26.8970136,89.1079938,5.0001862830661485,control (non-VVP),False,-9.037437106740674,-15.672431858637333,-9.239619840409148,-15.852832924505943,10,10
665,Baichhadrangra,North,Unknown,Sikkim,True,26.8907462,89.1119796,5.051882633741652,control (non-VVP),False,-8.025648718396244,-14.659955444275884,-8.332677994743834,-15.023856323184754,10,10
666,Gangawa,North,Unknown,Sikkim,True,27.2961738,87.9718593,5.105567853365814,control (non-VVP),False,-12.76169490973135,-19.072742780656434,-12.950961290174916,-19.3457115072343,10,10
667,Muklabu,North,Unknown,Sikkim,True,27.2868659,87.9666335,5.15947744905538,control (non-VVP),False,-12.84287791273872,-19.048707337712976,-12.765841006944527,-18.991028346244573,10,10
668,Tirsuley,North,Unknown,Sikkim,True,27.0096612,88.9474797,5.17216692808125,control (non-VVP),False,-6.077334103051111,-12.972022604588243,-6.06695100691734,-12.941634670151993,10,10
669,Serpe,North,Unknown,Sikkim,True,27.0734953,87.9288146,5.236702331017508,control (non-VVP),False,-1.9781333385119078,-9.044643717223702,-2.0382482076915327,-9.421246754955428,10,10
670,Chyanthapu,North,Unknown,Sikkim,True,27.2635164,87.9541546,5.237476189395344,control (non-VVP),False,-10.534296697662112,-17.19188371653098,-10.938091579535575,-17.524574681557677,10,10
671,Memekha,North,Unknown,Sikkim,True,26.8941073,89.3031281,5.251209710485094,control (non-VVP),False,-8.59246058166814,-14.974192751533778,-8.688817770990235,-15.125637550313455,20,18
672,Nibhare,North,Unknown,Sikkim,True,27.3091311,87.9755405,5.356886421662148,control (non-VVP),False,-4.477934901570029,-11.466688161116222,-4.846021988090389,-11.687386127293912,10,10
673,Fikkal,North,Unknown,Sikkim,True,26.8952118,88.0661527,5.522309970347057,control (non-VVP),False,-7.276581139900095,-14.132351245095641,-7.454262011245151,-14.201236805530588,10,10
674,Narayan Ashram,Pithoragarh,Unknown,Uttarakhand,True,29.9707,80.65476,0.0323530316101096,control (non-VVP),True,-8.39639434204822,-14.677159784578704,-8.519110752676315,-14.898222050552373,10,10
675,Napalcho,Pithoragarh,Unknown,Uttarakhand,True,30.1820716,80.8515056,0.0730629720601801,control (non-VVP),True,-8.305045727370238,-15.549309146627342,-8.50486573377405,-15.439330470291106,10,10
676,Bagrihat,Pithoragarh,Unknown,Uttarakhand,True,29.74274,80.36225,0.1180550634206112,control (non-VVP),True,-8.51423412319063,-15.393073399016032,-8.50234770010251,-15.154487044687361,10,10
677,Titri,Pithoragarh,Unknown,Uttarakhand,True,29.73587,80.36225,0.4402156242512728,control (non-VVP),True,-9.189239394162929,-15.741826949642267,-9.082489153512949,-15.469961453855026,10,10
678,Majarkana,Pithoragarh,Unknown,Uttarakhand,True,29.58069,80.36362,0.4476146132273144,control (non-VVP),True,-8.543531436354792,-14.96490173107028,-8.678300887175677,-15.032592082828565,10,10
679,Chhiyalekh,Pithoragarh,Unknown,Uttarakhand,True,30.1200614,80.8384468,0.520514503646884,control (non-VVP),True,-3.4257128480262145,-10.484898012298823,-3.835256890536002,-10.86405175743945,10,20
680,Gullah,Pithoragarh,Unknown,Uttarakhand,True,30.02426,80.7193,0.5764591109992325,control (non-VVP),True,-12.428810535713051,-18.421267301929998,-12.508541310166555,-18.56271780690363,10,10
681,Tawaghat,Pithoragarh,Unknown,Uttarakhand,True,29.9614818,80.5995242,0.6439112012307722,control (non-VVP),True,-7.110888573365079,-13.938006557073441,-7.26725912095372,-14.251267331867183,10,10
682,Bachkot,Pithoragarh,Unknown,Uttarakhand,True,29.68918,80.36774,0.6834376358003158,control (non-VVP),True,-9.60440945793288,-15.924556779227682,-9.44807746875753,-15.745477684125524,10,10
683,Khela,Pithoragarh,Unknown,Uttarakhand,True,29.9624674,80.5911762,0.8549461818637469,control (non-VVP),True,-0.43918801140322006,-8.25123194013637,-0.6954690160336909,-8.472933361042228,10,10
684,Jauljibi,Pithoragarh,Unknown,Uttarakhand,True,29.7524071,80.376287,0.9286296961076403,control (non-VVP),True,-9.380680556409777,-16.153146261304332,-9.170590775080763,-15.8795665571284,10,10
685,Nabhidang Camp,Pithoragarh,Unknown,Uttarakhand,True,30.2390998,80.9760112,0.951191793935628,control (non-VVP),True,-9.645403421403142,-17.295960521320456,-9.594103809781656,-16.87457322052263,10,10
686,Ela Gad,Pithoragarh,Unknown,Uttarakhand,True,29.92127,80.57099,1.0376171956303184,control (non-VVP),True,-5.110498080320644,-12.426750730608488,-5.427148228851052,-12.670973657318948,10,10
687,Pipali,Pithoragarh,Unknown,Uttarakhand,True,29.67957,80.37598,1.0672403964005457,control (non-VVP),True,-5.068146867838089,-11.961072482665436,-4.936742943173998,-11.700827274610015,10,10
688,Bhungti,Pithoragarh,Unknown,Uttarakhand,True,30.02838,80.71656,1.0844439643766843,control (non-VVP),True,-11.040821266570932,-17.023252301598877,-11.12558998902879,-17.119250335209912,10,10
689,Kalika,Pithoragarh,Unknown,Uttarakhand,True,29.80866,80.49271,1.0908230484568096,control (non-VVP),True,-5.274607190706663,-12.049680391268978,-5.408208210207207,-12.318130423511045,10,10
690,Guariat,Pithoragarh,Unknown,Uttarakhand,True,29.56833,80.34165,1.0940235634343112,control (non-VVP),True,-6.664428603612999,-13.291409548713,-6.670752756530614,-13.30081518703183,10,10
691,Kulagad,Pithoragarh,Unknown,Uttarakhand,True,29.90891,80.56824,1.2061540183517458,control (non-VVP),True,-6.198418028295517,-13.103896864717525,-6.402581443952386,-13.519591937579536,10,10
692,Budhi,Pithoragarh,Unknown,Uttarakhand,True,30.1021621,80.8278931,1.2169752384701875,control (non-VVP),True,-9.868516265774913,-16.174252192138656,-10.080111005023257,-16.42348664906199,10,10
693,Arkini,Pithoragarh,Unknown,Uttarakhand,True,29.53262,80.31143,1.3601773144358649,control (non-VVP),True,-6.297390949467586,-12.851490173382532,-6.281711821272185,-12.6950584205862,10,10
694,Mangti,Pithoragarh,Unknown,Uttarakhand,True,29.9975052,80.714547,1.386471653484554,control (non-VVP),True,-3.79202266792636,-10.812213553004835,-4.173177705761909,-11.078880679039049,10,10
695,Nigalpani,Pithoragarh,Unknown,Uttarakhand,True,29.82788,80.51468,1.4345252586515271,control (non-VVP),True,-4.8512291591499315,-11.522264707474779,-4.905417332263447,-11.667014916119106,10,10
696,Sunkholi,Pithoragarh,Unknown,Uttarakhand,True,29.6727,80.38559,1.6108121518240937,control (non-VVP),True,-8.606881106563321,-15.70040195137293,-8.478837198632569,-15.525406115260179,10,10
697,Pangla,Pithoragarh,Unknown,Uttarakhand,True,29.9800668,80.6895435,1.6210846454452084,control (non-VVP),True,-5.645979767679756,-12.002191768147581,-5.811503484141334,-12.083908907459852,10,10
698,Jhulāghāt,Pithoragarh,Unknown,Uttarakhand,True,29.57245,80.38422,1.669445047328484,control (non-VVP),True,-9.492122603506242,-16.130330101567935,-9.356788262457883,-16.077666792644838,10,10
699,Balwakot,Pithoragarh,Unknown,Uttarakhand,True,29.80042,80.42954,1.6922467821054537,control (non-VVP),True,-8.079261037892287,-14.98667835092225,-8.199768181945359,-15.04261609531688,10,10
700,Matoli,Pithoragarh,Unknown,Uttarakhand,True,29.67407,80.34714,1.7446487149080665,control (non-VVP),True,-10.787184985958385,-16.986781049457004,-10.558680799819403,-16.71612736930688,10,10
701,Bagrigaon,Pithoragarh,Unknown,Uttarakhand,True,29.68506,80.38147,1.8045535437812656,control (non-VVP),True,-7.655333245368839,-14.71561401845506,-7.573963340430017,-14.633239260958904,10,10
702,Dwalisera,Pithoragarh,Unknown,Uttarakhand,True,29.70017,80.37735,1.95335447596369,control (non-VVP),True,-9.449714982699732,-16.297975102567115,-9.313076652899554,-16.300348313361493,10,10
703,Dobat,Pithoragarh,Unknown,Uttarakhand,True,29.87732,80.56275,2.0576548562319417,control (non-VVP),True,-6.648018175660569,-13.289568297558382,-6.786392169104689,-13.482041938337675,10,10
704,Ghasku,Pithoragarh,Unknown,Uttarakhand,True,29.9704962,80.6856052,2.1159743868697984,control (non-VVP),True,-4.951503688552555,-11.70305525410856,-5.203421458963165,-11.831708958597476,10,10
705,Sosa,Pithoragarh,Unknown,Uttarakhand,True,29.98306,80.63553,2.150443728067402,control (non-VVP),True,-10.597735247100776,-16.69931897200234,-10.735023237177618,-16.800907883180013,10,10
706,Tapovan,Pithoragarh,Unknown,Uttarakhand,True,29.8666326,80.559451,2.4136628364519885,control (non-VVP),True,-11.418675018544516,-17.257814164745234,-11.412317432087859,-17.878849150167536,10,10
707,Badari,Pithoragarh,Unknown,Uttarakhand,True,29.54361,80.2977,2.519961978082271,control (non-VVP),True,-8.584837314132262,-15.078661510878426,-8.55682235949759,-15.010844862213371,10,10
708,Pangu,Pithoragarh,Unknown,Uttarakhand,True,29.98444,80.61631,2.963014823972661,control (non-VVP),True,-2.913493872751274,-9.635894037782375,-2.9927583839109313,-9.76025211881321,10,10
709,कालापानी,Pithoragarh,Unknown,Uttarakhand,True,30.2233426,80.9121926,3.087215901421682,control (non-VVP),True,-9.858266000622447,-16.45414033664568,-9.876893695052852,-16.466549349760864,10,10
710,Bharalu,Pithoragarh,Unknown,Uttarakhand,True,29.5697,80.30457,3.208758661003287,control (non-VVP),True,-8.347337923309695,-14.944099800385752,-8.233008733429616,-14.579187909531703,10,10
711,Askot,Pithoragarh,Unknown,Uttarakhand,True,29.7645899,80.3346048,3.3481721320454376,control (non-VVP),True,-8.87252483248736,-15.206739552887592,-8.586179203636867,-14.917581823487906,10,10
712,Chhirkala,Pithoragarh,Unknown,Uttarakhand,True,29.98032,80.56549,3.531308933184691,control (non-VVP),True,-7.374796478367247,-14.056523730623839,-7.654808589945817,-14.290109405747197,10,10
713,Chharandeo,Pithoragarh,Unknown,Uttarakhand,True,29.67545,80.32105,4.1042790874662,control (non-VVP),True,-8.5255810600355,-14.948521166967744,-8.291815183366042,-14.659251075629175,10,10
714,Balmara,Pithoragarh,Unknown,Uttarakhand,True,29.79767,80.35813,4.111956217174881,control (non-VVP),True,-9.476979273772672,-15.968287522075762,-9.311660815957328,-15.796656739100207,10,10
715,Imkhola,Pithoragarh,Unknown,Uttarakhand,True,29.8196229,80.3827692,4.920765939256588,control (non-VVP),True,-12.347705531643337,-18.077896979400222,-12.232218675959336,-18.075414339949965,10,10
716,Barabe,Pithoragarh,Unknown,Uttarakhand,True,29.51202,80.23728,5.100446408044568,control (non-VVP),True,-8.083958440900906,-14.615536683652598,-8.221688314869196,-14.753823317553621,10,10
717,Wadda,Pithoragarh,Unknown,Uttarakhand,True,29.56558,80.27848,5.11031452087313,control (non-VVP),True,-8.676036642698874,-15.361662533628078,-8.243469553846984,-15.075975956228515,10,10
718,Sangri,Pithoragarh,Unknown,Uttarakhand,True,29.67545,80.30731,5.37223428645033,control (non-VVP),True,-7.054022698588125,-13.32231791310182,-6.90316620218781,-13.249710811213882,10,10
719,Bagour,Pithoragarh,Unknown,Uttarakhand,True,29.63562,80.32517,5.447181654842486,control (non-VVP),True,-8.51191635520746,-14.789657357945536,-8.399829089961365,-14.72055277383891,10,10
720,Khanpaira,Pithoragarh,Unknown,Uttarakhand,True,29.82376,80.36499,5.991249511303318,control (non-VVP),True,-9.343296884017315,-15.927491181783823,-9.248951312533565,-15.728526083966786,10,10
721,Patharkhani,Pithoragarh,Unknown,Uttarakhand,True,29.53674,80.25101,6.078954259117757,control (non-VVP),True,-7.380634876530522,-13.827316754749486,-7.325096751978114,-13.999333413486749,10,10
