village_id,district,state,treatment,ndbi,lights,post,did_term
1,Anjaw,Arunachal Pradesh,1,-0.1941878228486902,0.3171513160643117,0,0
2,Anjaw,Arunachal Pradesh,1,-0.2514870278823652,0.2843248211715647,0,0
3,Anjaw,Arunachal Pradesh,1,-0.2570213166212297,0.2618782229014316,0,0
4,Anjaw,Arunachal Pradesh,1,-0.2476676977224571,0.2794422734478664,0,0
5,Anjaw,Arunachal Pradesh,1,-0.2468598951800469,0.2745833312001851,0,0
6,Anjaw,Arunachal Pradesh,1,-0.0371167802125853,0.6249926276834665,0,0
7,Anjaw,Arunachal Pradesh,1,-0.299797643702915,0.2533564568227456,0,0
8,Anjaw,Arunachal Pradesh,1,-0.2930998175433155,0.3531148599510171,0,0
9,Anjaw,Arunachal Pradesh,1,-0.2486078956087995,0.2799887616312905,0,0
10,Anjaw,Arunachal Pradesh,1,-0.1920887248066699,0.3280410668693821,0,0
11,Anjaw,Arunachal Pradesh,1,-0.2711492835588326,0.2029231366125284,0,0
12,Anjaw,Arunachal Pradesh,1,-0.0539727871521701,0.3086188080702018,0,0
13,Anjaw,Arunachal Pradesh,1,-0.2990014919779357,0.2896354753247659,0,0
14,Anjaw,Arunachal Pradesh,1,-0.0778167596263822,0.2483259508116037,0,0
15,Anjaw,Arunachal Pradesh,1,-0.2315894878356167,0.2522687780341086,0,0
16,Anjaw,Arunachal Pradesh,1,-0.0303671022755143,0.5142115603392372,0,0
17,Anjaw,Arunachal Pradesh,1,-0.2067960485665349,0.224190661826007,0,0
18,Anjaw,Arunachal Pradesh,1,-0.0814070117332514,0.4187981717781854,0,0
19,Anjaw,Arunachal Pradesh,1,-0.0940588334530224,1.5644773170681652,0,0
20,Anjaw,Arunachal Pradesh,1,-0.0542149762774296,0.2797277482600665,0,0
21,Anjaw,Arunachal Pradesh,1,0.0659925352340783,0.3174935438859779,0,0
22,Anjaw,Arunachal Pradesh,1,-0.018270349957515,0.3090242248991882,0,0
23,Anjaw,Arunachal Pradesh,1,-0.0495171793581775,0.3111794088303977,0,0
24,Anjaw,Arunachal Pradesh,1,0.0153094987114086,0.892017216052649,0,0
25,Anjaw,Arunachal Pradesh,1,-0.0309351667068806,0.3163307531265458,0,0
26,Dibang Valley,Arunachal Pradesh,1,-0.0693429832699671,0.3113683784168038,0,0
27,Dibang Valley,Arunachal Pradesh,1,-0.0264769770575022,0.3116750666101996,0,0
28,Dibang Valley,Arunachal Pradesh,1,-0.0394871614695594,0.2927457906567213,0,0
29,Dibang Valley,Arunachal Pradesh,1,-0.0255506547539508,0.3429258617739015,0,0
30,Dibang Valley,Arunachal Pradesh,1,-0.0721780235816802,0.3289624564595275,0,0
31,Dibang Valley,Arunachal Pradesh,1,-0.0322607952431937,0.3020067862158168,0,0
32,Dibang Valley,Arunachal Pradesh,1,-0.0248276649800442,0.3378056473822365,0,0
33,Dibang Valley,Arunachal Pradesh,1,-0.0187728722744951,0.2791986801098259,0,0
34,Dibang Valley,Arunachal Pradesh,1,-0.0906093259063893,0.3124724670850757,0,0
35,Dibang Valley,Arunachal Pradesh,1,-0.1403388533946266,0.3062628456083688,0,0
36,Dibang Valley,Arunachal Pradesh,1,-0.0751775958284372,0.3267843884740178,0,0
37,Dibang Valley,Arunachal Pradesh,1,-0.1821117468368002,0.2788846116870346,0,0
38,Dibang Valley,Arunachal Pradesh,1,-0.0866512397941604,0.3101698224887019,0,0
39,Dibang Valley,Arunachal Pradesh,1,-0.1040630508312082,0.3085821423716393,0,0
40,Dibang Valley,Arunachal Pradesh,1,-0.2320525895030616,0.321628445080196,0,0
41,Dibang Valley,Arunachal Pradesh,1,-0.0557623781250994,0.6398566117499793,0,0
42,Dibang Valley,Arunachal Pradesh,1,-0.2190300637031145,0.3134596827237502,0,0
43,Dibang Valley,Arunachal Pradesh,1,-0.2864718086761545,0.3304934886247752,0,0
44,East Kameng,Arunachal Pradesh,1,-0.2260844779044077,0.3480157832013445,0,0
45,East Kameng,Arunachal Pradesh,1,-0.2166289141329388,0.3101845586659925,0,0
46,East Kameng,Arunachal Pradesh,1,-0.2854143712276628,0.305490194229651,0,0
47,East Kameng,Arunachal Pradesh,1,-0.2780701094633058,0.3169110007376442,0,0
48,East Kameng,Arunachal Pradesh,1,-0.2666276667937984,0.276846293773916,0,0
49,East Kameng,Arunachal Pradesh,1,-0.2603887662259797,0.3144410130013241,0,0
50,East Kameng,Arunachal Pradesh,1,-0.2968380851776648,0.3466972887250522,0,0
51,East Kameng,Arunachal Pradesh,1,-0.2821040783584643,0.3363132438888506,0,0
52,East Kameng,Arunachal Pradesh,1,-0.2705112462380742,0.350594046828467,0,0
53,East Kameng,Arunachal Pradesh,1,-0.2308393105867792,0.333282461937736,0,0
54,East Kameng,Arunachal Pradesh,1,-0.2848924114175341,0.338889203783133,0,0
55,East Kameng,Arunachal Pradesh,1,-0.2978652528757993,0.3409214914840686,0,0
56,East Kameng,Arunachal Pradesh,1,-0.3223239146464075,0.3194357850702939,0,0
57,East Kameng,Arunachal Pradesh,1,-0.2102375640235611,0.3223363103877221,0,0
58,East Kameng,Arunachal Pradesh,1,-0.2609748001213012,0.331798499586892,0,0
59,East Kameng,Arunachal Pradesh,1,-0.2965583315768013,0.2810124362298268,0,0
60,Kurung Kumey,Arunachal Pradesh,1,-0.3410025123468583,0.2997521489825179,0,0
61,Kurung Kumey,Arunachal Pradesh,1,-0.3184598430199732,0.317717026494939,0,0
62,Kurung Kumey,Arunachal Pradesh,1,-0.2609824169467073,0.3345424962335812,0,0
63,Kurung Kumey,Arunachal Pradesh,1,-0.306036017254939,0.3024667340543477,0,0
64,Kurung Kumey,Arunachal Pradesh,1,-0.3601819320011926,0.2913440874341598,0,0
65,Kurung Kumey,Arunachal Pradesh,1,-0.3392218373559768,0.3263191350238739,0,0
66,Kurung Kumey,Arunachal Pradesh,1,-0.2845250339275264,0.3186487288903714,0,0
67,Kurung Kumey,Arunachal Pradesh,1,-0.2899996159634861,0.3309190618451191,0,0
68,Kurung Kumey,Arunachal Pradesh,1,-0.2663701023881273,0.3117375056148909,0,0
69,Kurung Kumey,Arunachal Pradesh,1,-0.3138728869704436,0.3141732141960885,0,0
70,Kurung Kumey,Arunachal Pradesh,1,-0.3609192801197929,0.3028135447867306,0,0
71,Kurung Kumey,Arunachal Pradesh,1,-0.2788695804102017,0.315631932965139,0,0
72,Kurung Kumey,Arunachal Pradesh,1,-0.3576344147523167,0.2986376304406833,0,0
73,Kurung Kumey,Arunachal Pradesh,1,-0.3174226484658499,0.3037658099949892,0,0
74,Kurung Kumey,Arunachal Pradesh,1,-0.3123033025634583,0.3295232690535151,0,0
75,Kurung Kumey,Arunachal Pradesh,1,-0.2949124986238178,0.327017442520318,0,0
76,Kurung Kumey,Arunachal Pradesh,1,-0.3118243178172515,0.330159216486542,0,0
77,Kurung Kumey,Arunachal Pradesh,1,-0.3042020792605554,0.3273470572157617,0,0
78,Kurung Kumey,Arunachal Pradesh,1,-0.3156505834759012,0.3376801807332684,0,0
79,Kurung Kumey,Arunachal Pradesh,1,-0.3248084741261078,0.3037629055634009,0,0
80,Kurung Kumey,Arunachal Pradesh,1,-0.3034300749868769,0.3117955124484286,0,0
81,Kurung Kumey,Arunachal Pradesh,1,-0.3152058115784589,0.3107197882087382,0,0
82,Kurung Kumey,Arunachal Pradesh,1,-0.3004945967693064,0.3395111103852589,0,0
83,Kurung Kumey,Arunachal Pradesh,1,-0.3004945967693064,0.3395111103852589,0,0
84,Kurung Kumey,Arunachal Pradesh,1,-0.2489601062014181,0.3176821952191627,0,0
85,Kurung Kumey,Arunachal Pradesh,1,-0.2835875394230813,0.2840097828428874,0,0
86,Kurung Kumey,Arunachal Pradesh,1,-0.2990209106799572,0.2772256069529611,0,0
87,Kurung Kumey,Arunachal Pradesh,1,-0.2815324904697195,0.2825009351170907,0,0
88,Kurung Kumey,Arunachal Pradesh,1,-0.2788387303463316,0.347712098035068,0,0
89,Kurung Kumey,Arunachal Pradesh,1,-0.2430903606077143,0.3540208159946944,0,0
90,Kurung Kumey,Arunachal Pradesh,1,-0.2974452780017756,0.3564483462900355,0,0
91,Kurung Kumey,Arunachal Pradesh,1,-0.311015468869015,0.3386751657182519,0,0
92,Kurung Kumey,Arunachal Pradesh,1,-0.2754246008178453,0.3671008963344367,0,0
93,Kurung Kumey,Arunachal Pradesh,1,-0.2728924109681369,0.3311811726473804,0,0
94,Kurung Kumey,Arunachal Pradesh,1,-0.3223464424804784,0.3211391382827991,0,0
95,Kurung Kumey,Arunachal Pradesh,1,-0.2341564571259693,0.3717935259143511,0,0
96,Kurung Kumey,Arunachal Pradesh,1,-0.2375395741857347,0.3177164937187016,0,0
97,Kurung Kumey,Arunachal Pradesh,1,-0.2780821205008876,0.29506779289515,0,0
98,Kurung Kumey,Arunachal Pradesh,1,-0.2450263702194048,0.3220572953245469,0,0
99,Kurung Kumey,Arunachal Pradesh,1,-0.2651020101110452,0.3002892865779552,0,0
100,Kurung Kumey,Arunachal Pradesh,1,-0.1887461972088348,0.3424616120169672,0,0
101,Kurung Kumey,Arunachal Pradesh,1,-0.2165885788036362,0.2977280257740063,0,0
102,Kurung Kumey,Arunachal Pradesh,1,-0.2116747887594899,0.3208926593236318,0,0
103,Kurung Kumey,Arunachal Pradesh,1,-0.2299696543078345,0.3005363159339522,0,0
104,Kurung Kumey,Arunachal Pradesh,1,-0.3089843998349652,0.308922104958284,0,0
105,Kurung Kumey,Arunachal Pradesh,1,-0.2551583219081641,0.3071365087860564,0,0
106,Kurung Kumey,Arunachal Pradesh,1,-0.3031961143531275,0.2957865654686351,0,0
107,Kurung Kumey,Arunachal Pradesh,1,-0.2963142375697617,0.2998275817832904,0,0
108,Kurung Kumey,Arunachal Pradesh,1,-0.2393011710849376,0.2896794816015532,0,0
109,Kurung Kumey,Arunachal Pradesh,1,-0.3093311248755809,0.3066732572296918,0,0
110,Kurung Kumey,Arunachal Pradesh,1,-0.2722070769858263,0.2971216324357891,0,0
111,Kurung Kumey,Arunachal Pradesh,1,-0.3331836321683574,0.3124120323856672,0,0
112,Kurung Kumey,Arunachal Pradesh,1,-0.3014537397652365,0.3491038445160288,0,0
113,Kurung Kumey,Arunachal Pradesh,1,-0.2878831079949584,0.2586422490326069,0,0
114,Kurung Kumey,Arunachal Pradesh,1,-0.2622360711242803,0.2960067535881518,0,0
115,Kurung Kumey,Arunachal Pradesh,1,-0.332344744635357,0.3006703960162967,0,0
116,Kurung Kumey,Arunachal Pradesh,1,-0.2152575194753106,0.2838742502133942,0,0
117,Kurung Kumey,Arunachal Pradesh,1,-0.3306041171605578,0.3296775638462434,0,0
118,Kurung Kumey,Arunachal Pradesh,1,-0.3143574197739771,0.3031416046365208,0,0
119,Kurung Kumey,Arunachal Pradesh,1,-0.3093008338913558,0.2873235689560036,0,0
120,Kurung Kumey,Arunachal Pradesh,1,-0.2662348894520134,0.2878796320491367,0,0
121,Kurung Kumey,Arunachal Pradesh,1,-0.3439516799868156,0.3492948008506787,0,0
122,Kurung Kumey,Arunachal Pradesh,1,-0.2755625225201671,0.3691220203348036,0,0
123,Kurung Kumey,Arunachal Pradesh,1,-0.2885300742372975,0.2583119646296187,0,0
124,Kurung Kumey,Arunachal Pradesh,1,-0.2972480389954759,0.2920314788487222,0,0
125,Kurung Kumey,Arunachal Pradesh,1,-0.2067595483350186,0.4925895840897406,0,0
126,Kurung Kumey,Arunachal Pradesh,1,-0.2203867225732382,0.4528480047372508,0,0
127,Kurung Kumey,Arunachal Pradesh,1,-0.2985951229133035,0.2837779017697487,0,0
128,Kurung Kumey,Arunachal Pradesh,1,-0.2985951229133035,0.2837779017697487,0,0
129,Kurung Kumey,Arunachal Pradesh,1,-0.2740769476844548,0.2651690820786466,0,0
130,Lower Dibang,Arunachal Pradesh,1,-0.2348090481759946,0.2816047672752266,0,0
131,Tawang,Arunachal Pradesh,1,-0.0590072238055179,0.3608065135735651,0,0
132,Tawang,Arunachal Pradesh,1,0.2154251058111171,0.3028233486872453,0,0
133,Tawang,Arunachal Pradesh,1,0.0404382755186536,0.3194250052836206,0,0
134,Tawang,Arunachal Pradesh,1,-0.0324879745207282,0.3469955163084872,0,0
135,Tawang,Arunachal Pradesh,1,-0.0221593736296778,0.334834444003978,0,0
136,Tawang,Arunachal Pradesh,1,-0.0030965660690475,0.8847767963473286,0,0
137,Tawang,Arunachal Pradesh,1,-0.0030965660690475,0.8847767963473286,0,0
138,Tawang,Arunachal Pradesh,1,-0.0104110517712083,0.5528899583760208,0,0
139,Tawang,Arunachal Pradesh,1,-0.0093909473735211,0.421729982465339,0,0
140,Tawang,Arunachal Pradesh,1,-0.0224132092719345,0.3922099878559005,0,0
141,Tawang,Arunachal Pradesh,1,0.1075398535075263,2.0589435930882165,0,0
142,Tawang,Arunachal Pradesh,1,-0.0542397053802184,0.3670777031765864,0,0
143,Tawang,Arunachal Pradesh,1,-0.0158357224864358,0.5441935635887435,0,0
144,Tawang,Arunachal Pradesh,1,0.1075398535075263,2.0589435930882165,0,0
145,Tawang,Arunachal Pradesh,1,-0.0568506457796584,0.7321441877247098,0,0
146,Tawang,Arunachal Pradesh,1,-0.0987736059837669,0.3805788859268323,0,0
147,Tawang,Arunachal Pradesh,1,-0.0276572089319052,0.336713475859567,0,0
148,Tawang,Arunachal Pradesh,1,-0.0656733252148854,0.3939444424377548,0,0
149,Tawang,Arunachal Pradesh,1,0.1027995272454369,0.3464382956558692,0,0
150,Tawang,Arunachal Pradesh,1,-0.0562289322125455,0.3590465578619994,0,0
151,Tawang,Arunachal Pradesh,1,-0.0825591279699687,0.3050965129798133,0,0
152,Tawang,Arunachal Pradesh,1,-0.0393783747597631,0.3550668117861971,0,0
153,Tawang,Arunachal Pradesh,1,-0.1018208880564776,0.3851008964159564,0,0
154,Tawang,Arunachal Pradesh,1,-0.1222044175327923,0.3532239515272211,0,0
155,Tawang,Arunachal Pradesh,1,-0.0880767065477497,0.3175777768426471,0,0
156,Tawang,Arunachal Pradesh,1,-0.1217966384207548,0.3366936445901436,0,0
157,Upper Siang,Arunachal Pradesh,1,-0.3313810687722822,0.3078090175820352,0,0
158,Upper Siang,Arunachal Pradesh,1,-0.2750570824222493,0.3312706719948411,0,0
159,Upper Siang,Arunachal Pradesh,1,-0.3040008941431302,0.2503258910758535,0,0
160,Upper Siang,Arunachal Pradesh,1,-0.3496453769048926,0.3002689312959476,0,0
161,Upper Siang,Arunachal Pradesh,1,-0.3521239314100819,0.2220117167536435,0,0
162,Upper Siang,Arunachal Pradesh,1,-0.1493472210283597,0.3502424446354924,0,0
163,Upper Siang,Arunachal Pradesh,1,-0.1476733659910978,0.4707912581223425,0,0
164,Upper Siang,Arunachal Pradesh,1,-0.2391508690768666,0.289104553596329,0,0
165,Upper Siang,Arunachal Pradesh,1,-0.3734105347038766,0.2518185107078817,0,0
166,Upper Siang,Arunachal Pradesh,1,-0.2900040934172367,0.3387238755740217,0,0
167,Upper Siang,Arunachal Pradesh,1,-0.1730089869606337,0.3522089867131938,0,0
168,Upper Siang,Arunachal Pradesh,1,-0.1730089869606337,0.3522089867131938,0,0
169,Upper Siang,Arunachal Pradesh,1,-0.2366208112743336,0.2684561746119142,0,0
170,Upper Siang,Arunachal Pradesh,1,-0.1322808893269617,0.461296819009558,0,0
171,Upper Siang,Arunachal Pradesh,1,-0.2464508200259416,0.3194002942336316,0,0
172,Upper Subansiri,Arunachal Pradesh,1,-0.2216586972954796,0.3138664801805716,0,0
173,Upper Subansiri,Arunachal Pradesh,1,0.0417477259516728,0.3245414357817634,0,0
174,Upper Subansiri,Arunachal Pradesh,1,0.0015265104559098,0.3461837784672941,0,0
175,Upper Subansiri,Arunachal Pradesh,1,-0.2267970021222134,0.3082265217330574,0,0
176,Upper Subansiri,Arunachal Pradesh,1,-0.2267970021222134,0.3082265217330574,0,0
177,Upper Subansiri,Arunachal Pradesh,1,0.0417477259516728,0.3245414357817634,0,0
178,Upper Subansiri,Arunachal Pradesh,1,0.0319955928749391,0.3405261687220868,0,0
179,Upper Subansiri,Arunachal Pradesh,1,-0.3271265954595955,0.3127046291033426,0,0
180,West Kameng,Arunachal Pradesh,1,0.0098980704352361,0.4953869047042514,0,0
181,West Kameng,Arunachal Pradesh,1,-0.3128598029847961,0.3000765237602649,0,0
182,Kra daadi,Arunachal Pradesh,1,-0.3518814316042731,0.3173361380783359,0,0
183,Kra daadi,Arunachal Pradesh,1,-0.3291880140558603,0.2870968431067866,0,0
184,Kra daadi,Arunachal Pradesh,1,-0.349824326656065,0.3004199552361296,0,0
185,Kra daadi,Arunachal Pradesh,1,-0.3095820105740143,0.2921400450346039,0,0
186,Kra daadi,Arunachal Pradesh,1,-0.323257622295115,0.3056797789053971,0,0
187,North,Sikkim,1,-0.0952839026013121,1.0351106918283872,0,0
188,North,Sikkim,1,-0.2127791428279866,0.3675817576140465,0,0
189,North,Sikkim,1,-0.2240494989232847,0.4049126295521939,0,0
190,North,Sikkim,1,-0.20384717892979,0.3511868972157051,0,0
191,North,Sikkim,1,-0.2044922568057432,0.4081425925095876,0,0
192,North,Sikkim,1,-0.2084651981646377,0.3533810782298613,0,0
193,North,Sikkim,1,-0.2443884718872748,0.6528037040252387,0,0
194,North,Sikkim,1,-0.2383595999072507,0.4429693329011344,0,0
195,North,Sikkim,1,-0.2560696007061122,0.4369217791703825,0,0
196,North,Sikkim,1,-0.2119091241770904,0.5131067261602101,0,0
197,North,Sikkim,1,-0.2205306465338769,0.5232134883323412,0,0
198,North,Sikkim,1,-0.2304544420337327,0.498046871740371,0,0
199,North,Sikkim,1,-0.2158355262494111,0.4635785880894166,0,0
200,North,Sikkim,1,0.0293353351348267,1.216574595210009,0,0
201,North,Sikkim,1,-0.2084659525721097,0.3661538481446545,0,0
202,North,Sikkim,1,-0.2850982541788867,0.3608437296079129,0,0
203,North,Sikkim,1,-0.2351825720471733,0.3823133488923177,0,0
204,North,Sikkim,1,-0.2901480079386859,0.3942998203818358,0,0
205,North,Sikkim,1,-0.2088746464292089,0.3240089570020908,0,0
206,North,Sikkim,1,-0.1909405703836172,0.410595101589537,0,0
207,North,Sikkim,1,-0.2058728374747398,0.416055307801367,0,0
208,North,Sikkim,1,-0.2275682687167482,0.3423516905480152,0,0
209,North,Sikkim,1,-0.299772809107052,0.3653029470102365,0,0
210,North,Sikkim,1,-0.2265796484316486,0.409230476496993,0,0
211,North,Sikkim,1,-0.1843197089474949,0.3334268719430954,0,0
212,North,Sikkim,1,-0.2760242126668413,0.4571935146715906,0,0
213,North,Sikkim,1,-0.2414737713789778,0.427768087259696,0,0
214,North,Sikkim,1,-0.1943669563417083,0.470827745159245,0,0
215,North,Sikkim,1,-0.2111379103931328,0.3855753298533165,0,0
216,North,Sikkim,1,-0.2405658337129312,0.3804677065735671,0,0
217,North,Sikkim,1,-0.1836280722628187,0.5537121205618887,0,0
218,Chamoli,Uttarakhand,1,0.0034610800556523,0.3824560014402557,0,0
219,Chamoli,Uttarakhand,1,0.1009882719187524,0.4055165516184422,0,0
220,Chamoli,Uttarakhand,1,0.0445948906739306,0.3708005504529984,0,0
221,Chamoli,Uttarakhand,1,0.0094701775197099,10.475582501391887,0,0
222,Chamoli,Uttarakhand,1,0.0384231932357383,0.3491447350304378,0,0
223,Chamoli,Uttarakhand,1,-0.0883032134652612,1.0263455284995282,0,0
224,Chamoli,Uttarakhand,1,0.0267597804968839,0.4318977463583759,0,0
225,Chamoli,Uttarakhand,1,-0.728737560550908,0.398117146784574,0,0
226,Pithoragarh,Uttarakhand,1,-0.0200644332278833,0.3606911221276159,0,0
227,Pithoragarh,Uttarakhand,1,-0.0231109296935945,0.3420915760836758,0,0
228,Pithoragarh,Uttarakhand,1,-0.0850857820509217,0.3522380453994475,0,0
229,Pithoragarh,Uttarakhand,1,-0.0873554321878159,0.3704980037204572,0,0
230,Pithoragarh,Uttarakhand,1,-0.0941200414922951,0.344724632508081,0,0
231,Pithoragarh,Uttarakhand,1,-0.2094636987339151,0.3768138303012786,0,0
232,Pithoragarh,Uttarakhand,1,0.0486495594066682,0.3658324172546521,0,0
233,Pithoragarh,Uttarakhand,1,-0.0152626892217232,0.3353878491927187,0,0
234,Pithoragarh,Uttarakhand,1,0.0960132772490741,0.3313349662846281,0,0
235,Pithoragarh,Uttarakhand,1,0.0136301092660854,0.3464293494608421,0,0
236,Pithoragarh,Uttarakhand,1,-0.1475890885279693,0.3849654612390399,0,0
237,Pithoragarh,Uttarakhand,1,0.0751587476652494,0.3495227635103701,0,0
238,Pithoragarh,Uttarakhand,1,-0.1398326065947999,0.3435425855842982,0,0
239,Pithoragarh,Uttarakhand,1,0.0905034181504164,0.3374286414697587,0,0
240,Pithoragarh,Uttarakhand,1,-0.1357183172691059,0.4171210508999181,0,0
241,Pithoragarh,Uttarakhand,1,-0.0947454856132364,0.5523153189163021,0,0
242,Uttarkashi,Uttarakhand,1,-0.1716764626215,0.439026720022716,0,0
243,Uttarkashi,Uttarakhand,1,-0.011231132347743,0.6082065744564628,0,0
244,Uttarkashi,Uttarakhand,1,-0.1579854616334252,0.6565877306640983,0,0
245,Uttarkashi,Uttarakhand,1,-0.694768807980327,0.3678464045714102,0,0
246,Uttarkashi,Uttarakhand,1,-0.3099348201757984,1.338164663288734,0,0
247,Uttarkashi,Uttarakhand,1,0.0762953403933953,0.5426675583543003,0,0
248,Uttarkashi,Uttarakhand,1,0.0295094245014481,0.3535463702089677,0,0
249,Uttarkashi,Uttarakhand,1,0.0933621751609103,0.342766631451191,0,0
250,Uttarkashi,Uttarakhand,1,0.073157038089002,0.4952801681531442,0,0
251,Uttarkashi,Uttarakhand,1,-0.0155506815590085,0.6155503963539175,0,0
1,Anjaw,Arunachal Pradesh,0,-0.2585418753187579,0.2638277470233054,0,0
2,Anjaw,Arunachal Pradesh,0,-0.2454712680071725,0.3374832192856727,0,0
3,Anjaw,Arunachal Pradesh,0,-0.2775573443268355,0.3053878821508531,0,0
4,Anjaw,Arunachal Pradesh,0,-0.1717211126753784,0.361806329228108,0,0
5,Anjaw,Arunachal Pradesh,0,-0.2394871529351927,0.2732974667817551,0,0
6,Anjaw,Arunachal Pradesh,0,-0.2060558718762493,0.2262935886501059,0,0
7,Anjaw,Arunachal Pradesh,0,-0.1511304980950154,0.2569591244106486,0,0
8,Anjaw,Arunachal Pradesh,0,-0.2377469037997845,0.2688113936087948,0,0
9,Anjaw,Arunachal Pradesh,0,-0.1826439970785776,0.2938448718216802,0,0
10,Anjaw,Arunachal Pradesh,0,-0.1797280153124788,0.2095599773719974,0,0
11,Anjaw,Arunachal Pradesh,0,-0.2123879257517708,0.3188032993551621,0,0
12,Anjaw,Arunachal Pradesh,0,-0.2417670705177642,0.3292955124338423,0,0
13,Anjaw,Arunachal Pradesh,0,0.009016976095004,0.3701676101497049,0,0
14,Anjaw,Arunachal Pradesh,0,-0.1484571223143104,0.3176295692621995,0,0
15,Anjaw,Arunachal Pradesh,0,-0.1496024183924945,0.2529264187135027,0,0
16,Anjaw,Arunachal Pradesh,0,-0.1699187797745447,0.243467292556345,0,0
17,Anjaw,Arunachal Pradesh,0,-0.161191113086088,0.2322313021679472,0,0
18,Anjaw,Arunachal Pradesh,0,-0.0123627542392609,0.3103932047279568,0,0
19,Anjaw,Arunachal Pradesh,0,-0.167298734639734,0.247612781539326,0,0
20,Anjaw,Arunachal Pradesh,0,-0.1592418835259904,0.2989448694914646,0,0
21,Anjaw,Arunachal Pradesh,0,-0.2618213332282547,0.2402240710291597,0,0
22,Anjaw,Arunachal Pradesh,0,-0.2642673337911145,0.2870085905953373,0,0
23,Anjaw,Arunachal Pradesh,0,-0.1826707866187471,0.3044035801647511,0,0
24,Anjaw,Arunachal Pradesh,0,-0.1521923530516239,0.3130009357179149,0,0
25,Anjaw,Arunachal Pradesh,0,-0.1454295311518482,0.3099160182845685,0,0
26,Anjaw,Arunachal Pradesh,0,-0.2419437091892058,0.3426873403728205,0,0
27,Anjaw,Arunachal Pradesh,0,-0.2776708204856731,0.2725157760631268,0,0
28,Anjaw,Arunachal Pradesh,0,-0.2787028636253511,0.2507436476614443,0,0
29,Anjaw,Arunachal Pradesh,0,-0.1418295077661571,0.3205022420546021,0,0
30,Anjaw,Arunachal Pradesh,0,-0.247759917268113,0.2415419913350663,0,0
31,Anjaw,Arunachal Pradesh,0,-0.1671926451871271,0.2959916625420252,0,0
32,Anjaw,Arunachal Pradesh,0,-0.2949585837416594,0.2160375270063251,0,0
33,Anjaw,Arunachal Pradesh,0,-0.3030928868659954,0.288075706289549,0,0
34,Anjaw,Arunachal Pradesh,0,-0.2370720680880886,0.301248600988677,0,0
35,Anjaw,Arunachal Pradesh,0,-0.1907411102120081,0.3059571293862061,0,0
36,Anjaw,Arunachal Pradesh,0,-0.2958449352183275,0.2489350328215728,0,0
37,Anjaw,Arunachal Pradesh,0,-0.2260308268413088,0.2240081570039734,0,0
38,Anjaw,Arunachal Pradesh,0,-0.2064447242109888,0.2111176380208408,0,0
39,Anjaw,Arunachal Pradesh,0,-0.2185430570044038,0.2882437165785259,0,0
40,Anjaw,Arunachal Pradesh,0,-0.2377014293413209,0.2386221874294883,0,0
41,Anjaw,Arunachal Pradesh,0,-0.2615483798398083,0.2881775458499921,0,0
42,Anjaw,Arunachal Pradesh,0,-0.2711439765791142,0.2233791597664156,0,0
43,Anjaw,Arunachal Pradesh,0,-0.2737832002906517,0.2308397798477549,0,0
44,Anjaw,Arunachal Pradesh,0,-0.2577909914074071,0.2816536717266176,0,0
45,Anjaw,Arunachal Pradesh,0,-0.2925362209126222,0.2537032921491531,0,0
46,Anjaw,Arunachal Pradesh,0,-0.2523844632416107,0.3752743315199451,0,0
47,Anjaw,Arunachal Pradesh,0,-0.294323292899727,0.3378576743297087,0,0
48,Anjaw,Arunachal Pradesh,0,-0.2592550485552431,0.2610706292813824,0,0
49,Anjaw,Arunachal Pradesh,0,-0.245911327946845,0.2591048299870222,0,0
50,Anjaw,Arunachal Pradesh,0,-0.1387993699253006,0.5386330005728311,0,0
51,Anjaw,Arunachal Pradesh,0,-0.1794233276211403,0.5216666703056169,0,0
52,Anjaw,Arunachal Pradesh,0,-0.1511735142370653,0.470691989008709,0,0
53,Anjaw,Arunachal Pradesh,0,-0.1554890381196299,0.7830670829110616,0,0
54,Anjaw,Arunachal Pradesh,0,-0.1633144318564299,0.3478500920301043,0,0
55,Anjaw,Arunachal Pradesh,0,-0.258184147351068,0.2416347261043653,0,0
56,Anjaw,Arunachal Pradesh,0,-0.1629613669511023,0.2555007433213518,0,0
57,Anjaw,Arunachal Pradesh,0,-0.2765497662072914,0.3214620211021562,0,0
58,Anjaw,Arunachal Pradesh,0,-0.302899604619027,0.2985291964397198,0,0
59,Anjaw,Arunachal Pradesh,0,-0.2131025406216897,0.3142311923799262,0,0
60,Anjaw,Arunachal Pradesh,0,-0.2454701786037478,0.2134137657856701,0,0
61,Anjaw,Arunachal Pradesh,0,-0.2890290863016592,0.3191536425147205,0,0
62,Anjaw,Arunachal Pradesh,0,-0.0835215581683618,1.3972159732380385,0,0
63,Anjaw,Arunachal Pradesh,0,-0.147709614194965,0.9455908698714032,0,0
64,Anjaw,Arunachal Pradesh,0,-0.3161548361981635,0.2566311683489068,0,0
65,Anjaw,Arunachal Pradesh,0,-0.2752359131700933,0.2607334388976092,0,0
66,Anjaw,Arunachal Pradesh,0,-0.2649759320473698,0.2747745799053535,0,0
67,Anjaw,Arunachal Pradesh,0,-0.2985443256898997,0.2232766600788769,0,0
68,Anjaw,Arunachal Pradesh,0,-0.2497395712527581,0.2511055195324906,0,0
69,Anjaw,Arunachal Pradesh,0,-0.3261856098357035,0.2893495860028425,0,0
70,Anjaw,Arunachal Pradesh,0,-0.3237956726026479,0.2594521438368408,0,0
71,Anjaw,Arunachal Pradesh,0,-0.2821150169466516,0.284049599241894,0,0
72,Anjaw,Arunachal Pradesh,0,-0.1732189799905616,0.2379054817177305,0,0
73,Anjaw,Arunachal Pradesh,0,-0.265189131460544,0.3119588865511186,0,0
74,Anjaw,Arunachal Pradesh,0,-0.276861470038916,0.2871917650549119,0,0
75,Anjaw,Arunachal Pradesh,0,-0.242472525781508,0.3051541166778154,0,0
76,Dibang Valley,Arunachal Pradesh,0,-0.1554537094764159,0.2675465563156085,0,0
77,Dibang Valley,Arunachal Pradesh,0,-0.234118621720563,0.2582244353568963,0,0
78,Dibang Valley,Arunachal Pradesh,0,-0.1687340277630113,0.3005460690099762,0,0
79,Dibang Valley,Arunachal Pradesh,0,-0.1677251176960939,0.3297121736564133,0,0
80,Dibang Valley,Arunachal Pradesh,0,-0.1691396267945887,0.3450686054878779,0,0
81,Dibang Valley,Arunachal Pradesh,0,-0.1122708069279377,0.2808930545144225,0,0
82,Dibang Valley,Arunachal Pradesh,0,-0.2133562450761832,0.3178159642444217,0,0
83,Dibang Valley,Arunachal Pradesh,0,-0.171443787689832,0.3519058171289645,0,0
84,Dibang Valley,Arunachal Pradesh,0,-0.2293471503671973,0.2873033811199625,0,0
85,Dibang Valley,Arunachal Pradesh,0,-0.1884006461114221,0.2941236752775445,0,0
86,Dibang Valley,Arunachal Pradesh,0,-0.1009395260881801,0.3315405162987788,0,0
87,Dibang Valley,Arunachal Pradesh,0,-0.0778708819321001,0.3341750447976523,0,0
88,Dibang Valley,Arunachal Pradesh,0,-0.205009012803396,0.2771561617213013,0,0
89,Dibang Valley,Arunachal Pradesh,0,-0.206306189507039,0.2757849105094608,0,0
90,Dibang Valley,Arunachal Pradesh,0,-0.2146309999590596,0.2858736722251632,0,0
91,Dibang Valley,Arunachal Pradesh,0,-0.0956314373283469,0.3123239816481,0,0
92,Dibang Valley,Arunachal Pradesh,0,-0.1156335159497964,0.3120377501071488,0,0
93,Dibang Valley,Arunachal Pradesh,0,-0.0745955129876062,0.3089537463983775,0,0
94,Dibang Valley,Arunachal Pradesh,0,-0.0742152169314855,0.3076877314965803,0,0
95,Dibang Valley,Arunachal Pradesh,0,-0.1405471895769192,0.3293031177350453,0,0
96,Dibang Valley,Arunachal Pradesh,0,-0.1297821558358749,0.3340474913906119,0,0
97,Dibang Valley,Arunachal Pradesh,0,-0.2055287122795039,0.3089319100283612,0,0
98,Dibang Valley,Arunachal Pradesh,0,-0.1651164302695774,0.3363723904058354,0,0
99,Dibang Valley,Arunachal Pradesh,0,-0.2042216888402595,0.3705844385302173,0,0
100,Dibang Valley,Arunachal Pradesh,0,-0.2352247803054561,0.3115134519512343,0,0
101,Dibang Valley,Arunachal Pradesh,0,-0.1307023821067915,0.3998316777068258,0,0
102,Dibang Valley,Arunachal Pradesh,0,-0.1153558414206782,0.4363384657304803,0,0
103,Dibang Valley,Arunachal Pradesh,0,-0.1215624229635585,0.2821249958872795,0,0
104,Dibang Valley,Arunachal Pradesh,0,-0.1024014105658513,3.5068791919357176,0,0
105,Dibang Valley,Arunachal Pradesh,0,-0.0529959295269902,1.2788977740488392,0,0
106,Dibang Valley,Arunachal Pradesh,0,-0.113902790077079,4.69610991150932,0,0
107,Dibang Valley,Arunachal Pradesh,0,-0.2768445955601276,0.3180868290118035,0,0
108,Dibang Valley,Arunachal Pradesh,0,-0.136346897872535,0.3038986435509671,0,0
109,Dibang Valley,Arunachal Pradesh,0,-0.2704834073472274,3.903708321295425,0,0
110,Dibang Valley,Arunachal Pradesh,0,-0.2035105483223895,0.3376315326222256,0,0
111,Dibang Valley,Arunachal Pradesh,0,-0.2757735562077415,3.351836295247209,0,0
112,Dibang Valley,Arunachal Pradesh,0,-0.2126495431460316,0.2793419642562645,0,0
113,Dibang Valley,Arunachal Pradesh,0,-0.1152709023928,0.9514952379353632,0,0
114,Dibang Valley,Arunachal Pradesh,0,-0.2159696201923673,0.3020488061628288,0,0
115,Dibang Valley,Arunachal Pradesh,0,-0.3260406636501555,0.3250434684105109,0,0
116,Dibang Valley,Arunachal Pradesh,0,-0.2546738819751271,0.3073198947500675,0,0
117,Dibang Valley,Arunachal Pradesh,0,-0.1517816878607894,0.7953340724227408,0,0
118,Dibang Valley,Arunachal Pradesh,0,-0.1914783422490405,0.3009465460256904,0,0
119,Dibang Valley,Arunachal Pradesh,0,-0.1850601980802796,0.3017251894392962,0,0
120,Dibang Valley,Arunachal Pradesh,0,-0.2673604703290206,0.3150211075722908,0,0
121,Dibang Valley,Arunachal Pradesh,0,-0.3076885053388914,0.2989640883648593,0,0
122,Dibang Valley,Arunachal Pradesh,0,-0.1316111410840132,0.3273181493223316,0,0
123,Dibang Valley,Arunachal Pradesh,0,-0.1157289186672988,0.2812303798482022,0,0
124,Dibang Valley,Arunachal Pradesh,0,-0.1991160350658673,0.4671705864111227,0,0
125,Dibang Valley,Arunachal Pradesh,0,-0.0872775051292232,0.3135349596049492,0,0
126,Dibang Valley,Arunachal Pradesh,0,-0.2079626953891442,0.3556189696679934,0,0
127,Dibang Valley,Arunachal Pradesh,0,-0.322164610479706,0.2950373669844037,0,0
128,Dibang Valley,Arunachal Pradesh,0,-0.3152051295816584,0.3420532103441449,0,0
129,Dibang Valley,Arunachal Pradesh,0,-0.2981501294703621,0.3118754615653014,0,0
130,East Kameng,Arunachal Pradesh,0,-0.2896100636254081,0.2771935146715906,0,0
131,East Kameng,Arunachal Pradesh,0,-0.2591607462186151,0.3175527203360884,0,0
132,East Kameng,Arunachal Pradesh,0,-0.2663762411362536,0.2942592593365245,0,0
133,East Kameng,Arunachal Pradesh,0,-0.2701715299901032,0.3146208813776561,0,0
134,East Kameng,Arunachal Pradesh,0,-0.2529766863583694,0.3347821653021854,0,0
135,East Kameng,Arunachal Pradesh,0,-0.2480149859891349,0.35387265551626,0,0
136,East Kameng,Arunachal Pradesh,0,-0.2388889384836852,0.3325677976096416,0,0
137,East Kameng,Arunachal Pradesh,0,-0.2124508299778477,0.3347549032234497,0,0
138,East Kameng,Arunachal Pradesh,0,-0.29992024908145,0.3375952615258961,0,0
139,East Kameng,Arunachal Pradesh,0,-0.2718967481136303,0.321003195502468,0,0
140,East Kameng,Arunachal Pradesh,0,-0.2637761845746784,0.2998037087917328,0,0
141,East Kameng,Arunachal Pradesh,0,-0.2636537892455816,0.3192306963067278,0,0
142,East Kameng,Arunachal Pradesh,0,-0.3088636267608674,0.3214928983906994,0,0
143,East Kameng,Arunachal Pradesh,0,-0.280326484930365,0.3428416383765966,0,0
144,East Kameng,Arunachal Pradesh,0,-0.2767560917976286,0.2808575902180068,0,0
145,East Kameng,Arunachal Pradesh,0,-0.3119260056415917,0.3610481798449265,0,0
146,East Kameng,Arunachal Pradesh,0,-0.2804062766824179,0.2922935199406412,0,0
147,East Kameng,Arunachal Pradesh,0,-0.2007266279428618,0.3211197599486859,0,0
148,East Kameng,Arunachal Pradesh,0,-0.2976600132229822,0.3302046199308502,0,0
149,East Kameng,Arunachal Pradesh,0,-0.2698379587496218,0.3477759125248697,0,0
150,East Kameng,Arunachal Pradesh,0,-0.2571407017279344,0.3382185781647874,0,0
151,East Kameng,Arunachal Pradesh,0,-0.2741282248099351,0.3189962906307643,0,0
152,East Kameng,Arunachal Pradesh,0,-0.2337146501585599,0.2955574168166193,0,0
153,East Kameng,Arunachal Pradesh,0,-0.2394920707076838,0.3117822529352217,0,0
154,East Kameng,Arunachal Pradesh,0,-0.2316798334762168,0.297181652804439,0,0
155,East Kameng,Arunachal Pradesh,0,-0.2213425806265822,0.3059567602015285,0,0
156,East Kameng,Arunachal Pradesh,0,-0.2383773992795768,0.3072262620126735,0,0
157,East Kameng,Arunachal Pradesh,0,-0.2223838680812913,0.2995958497646256,0,0
158,East Kameng,Arunachal Pradesh,0,-0.2513482469568618,0.3317326363446056,0,0
159,East Kameng,Arunachal Pradesh,0,-0.2170591434009043,0.3188442686294538,0,0
160,East Kameng,Arunachal Pradesh,0,-0.3163834959004142,0.2715914246056472,0,0
161,East Kameng,Arunachal Pradesh,0,-0.1996840058311036,0.3217620362838109,0,0
162,East Kameng,Arunachal Pradesh,0,-0.213785894256378,0.4960743451741699,0,0
163,East Kameng,Arunachal Pradesh,0,-0.3055444795814857,0.2820819421061154,0,0
164,East Kameng,Arunachal Pradesh,0,-0.2891112469904439,0.3237059935090247,0,0
165,East Kameng,Arunachal Pradesh,0,-0.1700799455395127,0.3097734994350986,0,0
166,East Kameng,Arunachal Pradesh,0,-0.3076733690172583,0.2743803890269036,0,0
167,East Kameng,Arunachal Pradesh,0,-0.2359309243306415,0.3281161040737387,0,0
168,East Kameng,Arunachal Pradesh,0,-0.2880970745302592,0.2968132830409536,0,0
169,East Kameng,Arunachal Pradesh,0,-0.2176180590378609,0.3341045867037827,0,0
170,East Kameng,Arunachal Pradesh,0,-0.1817163186095718,0.739271417077842,0,0
171,East Kameng,Arunachal Pradesh,0,-0.2372055323247047,0.34191694792704,0,0
172,East Kameng,Arunachal Pradesh,0,-0.2039757091603859,0.3526187845420732,0,0
173,East Kameng,Arunachal Pradesh,0,-0.1929607094418202,0.3427508347475675,0,0
174,East Kameng,Arunachal Pradesh,0,-0.2548819289814665,0.3503718463575313,0,0
175,East Kameng,Arunachal Pradesh,0,-0.2170123864614886,0.3170583294166459,0,0
176,East Kameng,Arunachal Pradesh,0,-0.2631903135664554,0.3017982956896369,0,0
177,East Kameng,Arunachal Pradesh,0,-0.2195228712734943,0.3411388233170382,0,0
178,Kra daadi,Arunachal Pradesh,0,-0.316783139019182,0.3221779231019194,0,0
179,Kra daadi,Arunachal Pradesh,0,-0.2790199466071027,0.3062500036936211,0,0
180,Kra daadi,Arunachal Pradesh,0,-0.2852833449084869,0.2878492227414759,0,0
181,Kra daadi,Arunachal Pradesh,0,-0.2945617082401608,0.2974261144797007,0,0
182,Kra daadi,Arunachal Pradesh,0,-0.2950292055600541,0.3345529126514375,0,0
183,Kra daadi,Arunachal Pradesh,0,-0.2912097321868277,0.3085596854499068,0,0
184,Kra daadi,Arunachal Pradesh,0,-0.2728298040093025,0.3066555460846596,0,0
185,Kra daadi,Arunachal Pradesh,0,-0.3054685542266805,0.3195401277297582,0,0
186,Kra daadi,Arunachal Pradesh,0,-0.3001070100053335,0.2826961233800287,0,0
187,Kra daadi,Arunachal Pradesh,0,-0.2925903011155568,0.3122209906578064,0,0
188,Kra daadi,Arunachal Pradesh,0,-0.3120206428247824,0.2940407367216217,0,0
189,Kra daadi,Arunachal Pradesh,0,-0.294863246945591,0.2965551185996781,0,0
190,Kra daadi,Arunachal Pradesh,0,-0.261169931305838,0.3259636014369534,0,0
191,Kra daadi,Arunachal Pradesh,0,-0.2795378843775111,0.3044484466182155,0,0
192,Kra daadi,Arunachal Pradesh,0,-0.2979411443286088,0.2922745743175832,0,0
193,Kurung Kumey,Arunachal Pradesh,0,-0.2763994874139182,0.3431515301250804,0,0
194,Kurung Kumey,Arunachal Pradesh,0,-0.2937936230472761,0.3165647185812093,0,0
195,Kurung Kumey,Arunachal Pradesh,0,-0.2977903570392382,0.2950932090134584,0,0
196,Kurung Kumey,Arunachal Pradesh,0,-0.2445393101743403,0.3179398138655557,0,0
197,Kurung Kumey,Arunachal Pradesh,0,-0.3044976326473331,0.2847715511703068,0,0
198,Kurung Kumey,Arunachal Pradesh,0,-0.3386405866534034,0.3201328978057979,0,0
199,Kurung Kumey,Arunachal Pradesh,0,-0.347796735237545,0.3330558696938627,0,0
200,Kurung Kumey,Arunachal Pradesh,0,-0.2593497878105513,0.327700405079513,0,0
201,Kurung Kumey,Arunachal Pradesh,0,-0.3163411674566181,0.3346952060638871,0,0
202,Kurung Kumey,Arunachal Pradesh,0,-0.284398639333046,0.3162356972826411,0,0
203,Kurung Kumey,Arunachal Pradesh,0,-0.2874527104582207,0.3098216282085432,0,0
204,Kurung Kumey,Arunachal Pradesh,0,-0.3354227652326287,0.3312920326609248,0,0
205,Kurung Kumey,Arunachal Pradesh,0,-0.3336716141475515,0.2917558148771793,0,0
206,Kurung Kumey,Arunachal Pradesh,0,-0.240944773765154,0.2903273186686345,0,0
207,Kurung Kumey,Arunachal Pradesh,0,-0.2804464454040093,0.3164099751239908,0,0
208,Kurung Kumey,Arunachal Pradesh,0,-0.2935122472715247,0.3146008961811298,0,0
209,Kurung Kumey,Arunachal Pradesh,0,-0.3031379949282878,0.316284108082805,0,0
210,Kurung Kumey,Arunachal Pradesh,0,-0.3032187168135999,0.3153187440266365,0,0
211,Kurung Kumey,Arunachal Pradesh,0,-0.2967380499584811,0.3134025487166597,0,0
212,Kurung Kumey,Arunachal Pradesh,0,-0.3174872240999593,0.3249621207592492,0,0
213,Kurung Kumey,Arunachal Pradesh,0,-0.2981394737172158,0.3137654381502089,0,0
214,Kurung Kumey,Arunachal Pradesh,0,-0.3152476663189454,0.2935442126022194,0,0
215,Kurung Kumey,Arunachal Pradesh,0,-0.3120496858297226,0.3305971148110617,0,0
216,Kurung Kumey,Arunachal Pradesh,0,-0.3135667718949538,0.3006026191040791,0,0
217,Kurung Kumey,Arunachal Pradesh,0,-0.3017239078775321,0.3090570426837788,0,0
218,Kurung Kumey,Arunachal Pradesh,0,-0.3000466460115051,0.306815841217726,0,0
219,Kurung Kumey,Arunachal Pradesh,0,-0.2858835221062912,0.2958584729519636,0,0
220,Kurung Kumey,Arunachal Pradesh,0,-0.2780653138738142,0.3030060216885388,0,0
221,Kurung Kumey,Arunachal Pradesh,0,-0.2956878680048106,0.3050664455391639,0,0
222,Kurung Kumey,Arunachal Pradesh,0,-0.2895331227675651,0.2835065549679016,0,0
223,Kurung Kumey,Arunachal Pradesh,0,-0.295367133099165,0.3283397960755354,0,0
224,Kurung Kumey,Arunachal Pradesh,0,-0.3041590585374152,0.3266666744342136,0,0
225,Kurung Kumey,Arunachal Pradesh,0,-0.2978485178055319,0.308406236625853,0,0
226,Kurung Kumey,Arunachal Pradesh,0,-0.3113636423117103,0.3100988088504847,0,0
227,Kurung Kumey,Arunachal Pradesh,0,-0.3105822683398446,0.295860103528497,0,0
228,Kurung Kumey,Arunachal Pradesh,0,-0.2744468216453752,0.2842303365803836,0,0
229,Kurung Kumey,Arunachal Pradesh,0,-0.3031829717792259,0.3101450126386632,0,0
230,Kurung Kumey,Arunachal Pradesh,0,-0.2885391294217074,0.3007491715872591,0,0
231,Kurung Kumey,Arunachal Pradesh,0,-0.2652870252864389,0.3131979994301801,0,0
232,Kurung Kumey,Arunachal Pradesh,0,-0.2925693632843453,0.2865169971124032,0,0
233,Kurung Kumey,Arunachal Pradesh,0,-0.3004861923707342,0.3178829778138454,0,0
234,Kurung Kumey,Arunachal Pradesh,0,-0.2978741590307395,0.2979521970878276,0,0
235,Kurung Kumey,Arunachal Pradesh,0,-0.3138552598076824,0.3062787739630532,0,0
236,Kurung Kumey,Arunachal Pradesh,0,-0.263476473390517,0.2913288554178774,0,0
237,Kurung Kumey,Arunachal Pradesh,0,-0.283925593444847,0.2958721331839022,0,0
238,Kurung Kumey,Arunachal Pradesh,0,-0.2435253098954944,0.3195671792970279,0,0
239,Kurung Kumey,Arunachal Pradesh,0,-0.271900993052021,0.3353948342295129,0,0
240,Kurung Kumey,Arunachal Pradesh,0,-0.213255378248329,0.3294189065828451,0,0
241,Kurung Kumey,Arunachal Pradesh,0,-0.1952077079992521,0.3435747391574258,0,0
242,Kurung Kumey,Arunachal Pradesh,0,-0.1921260253510803,0.3266066155518238,0,0
243,Kurung Kumey,Arunachal Pradesh,0,-0.29016093135071,0.2942219781071212,0,0
244,Kurung Kumey,Arunachal Pradesh,0,-0.2961075184101774,0.3082304335011788,0,0
245,Kurung Kumey,Arunachal Pradesh,0,-0.2893432188760587,0.3367160147128824,0,0
246,Kurung Kumey,Arunachal Pradesh,0,-0.265638795018249,0.3465210208257215,0,0
247,Kurung Kumey,Arunachal Pradesh,0,-0.2933350445893158,0.3106308344497125,0,0
248,Kurung Kumey,Arunachal Pradesh,0,-0.2674085839508835,0.3210978520564841,0,0
249,Kurung Kumey,Arunachal Pradesh,0,-0.197198398841929,0.3124302456022373,0,0
250,Kurung Kumey,Arunachal Pradesh,0,-0.2864582051152815,0.3276768535706731,0,0
251,Kurung Kumey,Arunachal Pradesh,0,-0.1963817481463149,0.3132129653957154,0,0
252,Kurung Kumey,Arunachal Pradesh,0,-0.1959844497237581,0.3191481323807073,0,0
253,Kurung Kumey,Arunachal Pradesh,0,-0.2648106032660193,0.3142255896537259,0,0
254,Kurung Kumey,Arunachal Pradesh,0,-0.2914229985002128,0.3222939784735639,0,0
255,Kurung Kumey,Arunachal Pradesh,0,-0.2922538535192221,0.2894861119654443,0,0
256,Kurung Kumey,Arunachal Pradesh,0,-0.2930403224009303,0.3267144712339772,0,0
257,Kurung Kumey,Arunachal Pradesh,0,-0.213800247774245,0.32068273765417,0,0
258,Kurung Kumey,Arunachal Pradesh,0,-0.2924321005517703,0.3148566413005105,0,0
259,Kurung Kumey,Arunachal Pradesh,0,-0.3026263868809828,0.3234774907053048,0,0
260,Kurung Kumey,Arunachal Pradesh,0,-0.1933521176889747,0.3095260507648112,0,0
261,Kurung Kumey,Arunachal Pradesh,0,-0.2879225107536762,0.3534201192028178,0,0
262,Kurung Kumey,Arunachal Pradesh,0,-0.1930893826005978,0.3164699334145123,0,0
263,Kurung Kumey,Arunachal Pradesh,0,-0.2791826106146002,0.3549168546355748,0,0
264,Kurung Kumey,Arunachal Pradesh,0,-0.2001470467287466,0.3281154536335162,0,0
265,Kurung Kumey,Arunachal Pradesh,0,-0.2891088987603846,0.3521296285954121,0,0
266,Kurung Kumey,Arunachal Pradesh,0,-0.2937011945307992,0.3345022452628519,0,0
267,Kurung Kumey,Arunachal Pradesh,0,-0.274509737723321,0.3165362491525635,0,0
268,Kurung Kumey,Arunachal Pradesh,0,-0.2952746402408995,0.3686188600092594,0,0
269,Kurung Kumey,Arunachal Pradesh,0,-0.2867446615409724,0.3535628696920069,0,0
270,Kurung Kumey,Arunachal Pradesh,0,-0.2653303347273429,0.3465244786887519,0,0
271,Kurung Kumey,Arunachal Pradesh,0,-0.1576095679134622,0.3650713223661926,0,0
272,Kurung Kumey,Arunachal Pradesh,0,-0.2769758747908503,0.3960704981686665,0,0
273,Kurung Kumey,Arunachal Pradesh,0,-0.2270796739029386,0.3021230625934452,0,0
274,Kurung Kumey,Arunachal Pradesh,0,-0.2586770536204623,0.4565933863165144,0,0
275,Kurung Kumey,Arunachal Pradesh,0,-0.2139924935800767,0.3174270894440306,0,0
276,Kurung Kumey,Arunachal Pradesh,0,-0.2640272432478509,0.5001212916771571,0,0
277,Kurung Kumey,Arunachal Pradesh,0,-0.1290399078637726,0.78954023659826,0,0
278,Kurung Kumey,Arunachal Pradesh,0,-0.149295205216654,0.6958370774048861,0,0
279,Kurung Kumey,Arunachal Pradesh,0,-0.2903568695256889,0.3595179833877868,0,0
280,Kurung Kumey,Arunachal Pradesh,0,-0.2365276564736155,0.2940739664636301,0,0
281,Kurung Kumey,Arunachal Pradesh,0,-0.0845409514457743,0.8763833597780989,0,0
282,Kurung Kumey,Arunachal Pradesh,0,-0.3027758052489709,0.3678372163333808,0,0
283,Kurung Kumey,Arunachal Pradesh,0,-0.2354504701936012,0.3175601960910362,0,0
284,Kurung Kumey,Arunachal Pradesh,0,-0.226906239411446,0.3214514074132606,0,0
285,Kurung Kumey,Arunachal Pradesh,0,-0.2857075001825674,0.3959233228146561,0,0
286,Kurung Kumey,Arunachal Pradesh,0,-0.1763529864986701,0.4909375034406915,0,0
287,Kurung Kumey,Arunachal Pradesh,0,-0.2381011107979326,0.2968292741844237,0,0
288,Kurung Kumey,Arunachal Pradesh,0,-0.2775385554451343,0.290256046549568,0,0
289,Kurung Kumey,Arunachal Pradesh,0,-0.2083175517065548,0.4622994045841144,0,0
290,Kurung Kumey,Arunachal Pradesh,0,-0.2631024241477812,0.3546950250234169,0,0
291,Kurung Kumey,Arunachal Pradesh,0,-0.2561872323954682,0.3219617569698788,0,0
292,Kurung Kumey,Arunachal Pradesh,0,-0.2097124636978115,0.3026470495646324,0,0
293,Kurung Kumey,Arunachal Pradesh,0,-0.2601290928888807,0.3138799084918801,0,0
294,Kurung Kumey,Arunachal Pradesh,0,-0.2285158870704865,0.2903390605407385,0,0
295,Kurung Kumey,Arunachal Pradesh,0,-0.2200395023590867,0.321104031708711,0,0
296,Kurung Kumey,Arunachal Pradesh,0,-0.2684528362940386,0.3274515819283171,0,0
297,Kurung Kumey,Arunachal Pradesh,0,-0.2862519939548396,0.5231273326297734,0,0
298,Kurung Kumey,Arunachal Pradesh,0,-0.202258097658283,0.3910430646782754,0,0
299,Kurung Kumey,Arunachal Pradesh,0,-0.2448873618330697,0.3538968981039233,0,0
300,Kurung Kumey,Arunachal Pradesh,0,-0.2823258355227156,0.3099066840108905,0,0
301,Kurung Kumey,Arunachal Pradesh,0,-0.2474048751623746,0.367822458894234,0,0
302,Kurung Kumey,Arunachal Pradesh,0,-0.2220828724710112,0.3457843748526384,0,0
303,Kurung Kumey,Arunachal Pradesh,0,-0.2547595627011942,0.3271249103506494,0,0
304,Kurung Kumey,Arunachal Pradesh,0,-0.2781246788313601,0.3126538776449685,0,0
305,Kurung Kumey,Arunachal Pradesh,0,-0.2744073438028814,0.3395582779014031,0,0
306,Kurung Kumey,Arunachal Pradesh,0,-0.2977507912430072,0.3366685067602906,0,0
307,Kurung Kumey,Arunachal Pradesh,0,-0.295267489107763,0.3679319947725421,0,0
308,Kurung Kumey,Arunachal Pradesh,0,-0.2759863455748518,0.3172611075913386,0,0
309,Kurung Kumey,Arunachal Pradesh,0,-0.2625845455337172,0.3340435155232748,0,0
310,Kurung Kumey,Arunachal Pradesh,0,-0.2815925285022606,0.346990790482707,0,0
311,Kurung Kumey,Arunachal Pradesh,0,-0.2390940192467709,0.329378064835733,0,0
312,Kurung Kumey,Arunachal Pradesh,0,-0.2457742380623884,0.3211875706745703,0,0
313,Kurung Kumey,Arunachal Pradesh,0,-0.2320865499994572,0.2797000741509768,0,0
314,Kurung Kumey,Arunachal Pradesh,0,-0.3013595604979719,0.3261707391966967,0,0
315,Kurung Kumey,Arunachal Pradesh,0,-0.2506950090494209,0.3166862240716732,0,0
316,Kurung Kumey,Arunachal Pradesh,0,-0.2359442627038535,0.3559550325341581,0,0
317,Kurung Kumey,Arunachal Pradesh,0,-0.2370796357804982,0.3682687271846814,0,0
318,Kurung Kumey,Arunachal Pradesh,0,-0.2204348803287031,0.3541315197283102,0,0
319,Kurung Kumey,Arunachal Pradesh,0,-0.2380468825197391,0.3612467460459171,0,0
320,Kurung Kumey,Arunachal Pradesh,0,-0.2783411793562234,0.3619602923958627,0,0
321,Kurung Kumey,Arunachal Pradesh,0,-0.1486260184336398,0.3043363322959574,0,0
322,Kurung Kumey,Arunachal Pradesh,0,-0.1750086563936543,0.3048353792567337,0,0
323,Kurung Kumey,Arunachal Pradesh,0,-0.2430228203478,0.3612675509207,0,0
324,Kurung Kumey,Arunachal Pradesh,0,-0.2689074538035355,0.3368572449403493,0,0
325,Kurung Kumey,Arunachal Pradesh,0,-0.2450962962228214,0.3092269879207844,0,0
326,Kurung Kumey,Arunachal Pradesh,0,-0.2536111882277057,0.3582283395213673,0,0
327,Kurung Kumey,Arunachal Pradesh,0,-0.2543586178632535,0.3043352153004899,0,0
328,Kurung Kumey,Arunachal Pradesh,0,-0.1905739752356924,0.3718108246102929,0,0
329,Kurung Kumey,Arunachal Pradesh,0,-0.264809837613266,0.3513372360266131,0,0
330,Kurung Kumey,Arunachal Pradesh,0,-0.2952854022684674,0.3313882584462251,0,0
331,Kurung Kumey,Arunachal Pradesh,0,-0.2271750512470592,0.3149222209718492,0,0
332,Kurung Kumey,Arunachal Pradesh,0,-0.2058482825325001,0.3490094320557093,0,0
333,Kurung Kumey,Arunachal Pradesh,0,-0.2515012739439316,0.3717512948372002,0,0
334,Kurung Kumey,Arunachal Pradesh,0,-0.2364863912131008,0.3310756874697854,0,0
335,Kurung Kumey,Arunachal Pradesh,0,-0.2347794533957419,0.305596302064242,0,0
336,Kurung Kumey,Arunachal Pradesh,0,-0.2184435642516058,0.3069547286004195,0,0
337,Kurung Kumey,Arunachal Pradesh,0,-0.1883599814228831,0.3225721431426811,0,0
338,Kurung Kumey,Arunachal Pradesh,0,-0.1786329401162106,0.4260305512944858,0,0
339,Kurung Kumey,Arunachal Pradesh,0,-0.2841073107644895,0.3210580814361042,0,0
340,Kurung Kumey,Arunachal Pradesh,0,-0.2555580090345119,0.3751961929982553,0,0
341,Kurung Kumey,Arunachal Pradesh,0,-0.260495094535739,0.3589155484722661,0,0
342,Kurung Kumey,Arunachal Pradesh,0,-0.235271725818603,0.3264657395746973,0,0
343,Kurung Kumey,Arunachal Pradesh,0,-0.206767371106108,0.4475178289990705,0,0
344,Kurung Kumey,Arunachal Pradesh,0,-0.2192057069602322,0.455810857890697,0,0
345,Kurung Kumey,Arunachal Pradesh,0,-0.3164621200100345,0.3271627799832901,0,0
346,Kurung Kumey,Arunachal Pradesh,0,-0.2290923436788621,0.3780728582877073,0,0
347,Kurung Kumey,Arunachal Pradesh,0,-0.146453788535848,0.4268803896531212,0,0
348,Kurung Kumey,Arunachal Pradesh,0,-0.2196103177117843,0.294342787731211,0,0
349,Kurung Kumey,Arunachal Pradesh,0,-0.1882904020482555,0.3937035950693097,0,0
350,Kurung Kumey,Arunachal Pradesh,0,-0.1888840253159507,0.3959408634828115,0,0
351,Kurung Kumey,Arunachal Pradesh,0,-0.2337203254647901,0.3697690295670883,0,0
352,Kurung Kumey,Arunachal Pradesh,0,-0.2257709845560125,0.4253381600348048,0,0
353,Kurung Kumey,Arunachal Pradesh,0,-0.2304951719302674,0.3699679462348713,0,0
354,Kurung Kumey,Arunachal Pradesh,0,-0.232918666173027,0.2938814535321732,0,0
355,Kurung Kumey,Arunachal Pradesh,0,-0.1645060623720015,0.3931733299704159,0,0
356,Kurung Kumey,Arunachal Pradesh,0,-0.1976888390922068,0.3179587436370659,0,0
357,Kurung Kumey,Arunachal Pradesh,0,-0.2622647248144524,0.3521651820787181,0,0
358,Kurung Kumey,Arunachal Pradesh,0,-0.2226323448714041,0.3797676331652506,0,0
359,Kurung Kumey,Arunachal Pradesh,0,-0.2727197768537338,0.3530948393395324,0,0
360,Kurung Kumey,Arunachal Pradesh,0,-0.242311586011018,0.4073233649789816,0,0
361,Kurung Kumey,Arunachal Pradesh,0,-0.2137955837861704,0.3960305519236458,0,0
362,Kurung Kumey,Arunachal Pradesh,0,-0.2044630146592595,0.40032555872407,0,0
363,Kurung Kumey,Arunachal Pradesh,0,-0.230288826378351,0.399860947031333,0,0
364,Kurung Kumey,Arunachal Pradesh,0,-0.2361090560915674,0.3875900065580296,0,0
365,Kurung Kumey,Arunachal Pradesh,0,-0.1909234261409986,0.3737701598651229,0,0
366,Kurung Kumey,Arunachal Pradesh,0,-0.2305105718931771,0.4102817781418231,0,0
367,Kurung Kumey,Arunachal Pradesh,0,-0.243149224237099,0.430279320471824,0,0
368,Kurung Kumey,Arunachal Pradesh,0,-0.1948763007993522,0.3935506899203365,0,0
369,Kurung Kumey,Arunachal Pradesh,0,-0.2551111486313931,0.3407441884077884,0,0
370,Kurung Kumey,Arunachal Pradesh,0,-0.1697650773941866,0.3603064862887064,0,0
371,Kurung Kumey,Arunachal Pradesh,0,-0.2879612361406126,0.3090803592003268,0,0
372,Kurung Kumey,Arunachal Pradesh,0,-0.2442435413859608,0.3389736464068725,0,0
373,Kurung Kumey,Arunachal Pradesh,0,-0.2697998519185215,0.521230107704622,0,0
374,Kurung Kumey,Arunachal Pradesh,0,-0.2006525672044497,0.3813684491010813,0,0
375,Kurung Kumey,Arunachal Pradesh,0,-0.2778565515568836,0.3090187260608995,0,0
376,Kurung Kumey,Arunachal Pradesh,0,-0.2575125732839116,0.3073246153133749,0,0
377,Kurung Kumey,Arunachal Pradesh,0,-0.2113517705960505,0.3701668582914668,0,0
378,Kurung Kumey,Arunachal Pradesh,0,-0.2655631425753229,0.3061042569009712,0,0
379,Kurung Kumey,Arunachal Pradesh,0,-0.2684160362475975,0.3128690226128818,0,0
380,Kurung Kumey,Arunachal Pradesh,0,-0.2032189208817611,0.3441544251590124,0,0
381,Kurung Kumey,Arunachal Pradesh,0,-0.1588576898931769,0.7729410641902201,0,0
382,Kurung Kumey,Arunachal Pradesh,0,-0.1805961410515968,0.4796158865293753,0,0
383,Kurung Kumey,Arunachal Pradesh,0,-0.2352831108443865,0.5364280379440359,0,0
384,Kurung Kumey,Arunachal Pradesh,0,-0.2273860475514554,0.3364115444308553,0,0
385,Kurung Kumey,Arunachal Pradesh,0,-0.1579863508879189,0.3515946112094064,0,0
386,Kurung Kumey,Arunachal Pradesh,0,-0.2632877822781362,0.310258551400953,0,0
387,Kurung Kumey,Arunachal Pradesh,0,-0.1884291184852353,0.3417611115839746,0,0
388,Kurung Kumey,Arunachal Pradesh,0,-0.2214231736783236,0.3140890612504435,0,0
389,Kurung Kumey,Arunachal Pradesh,0,-0.1595417932092116,0.3444842635591824,0,0
390,Kurung Kumey,Arunachal Pradesh,0,-0.2235017798023727,0.4400705273671776,0,0
391,Kurung Kumey,Arunachal Pradesh,0,-0.2542044599386974,0.3232217270082662,0,0
392,Kurung Kumey,Arunachal Pradesh,0,-0.1999607346407151,0.344666674733162,0,0
393,Kurung Kumey,Arunachal Pradesh,0,-0.110599295415141,0.517790732185046,0,0
394,Kurung Kumey,Arunachal Pradesh,0,-0.1648186024672132,0.3368546353114976,0,0
395,Kurung Kumey,Arunachal Pradesh,0,-0.1485936695586728,0.3253653512836176,0,0
396,Kurung Kumey,Arunachal Pradesh,0,-0.1681736139608683,0.3654768604524517,0,0
397,Kurung Kumey,Arunachal Pradesh,0,-0.107674095855712,0.5672138553598653,0,0
398,Kurung Kumey,Arunachal Pradesh,0,-0.1707553902649967,0.347837961713473,0,0
399,Kurung Kumey,Arunachal Pradesh,0,-0.1677475565115859,0.3854027763009071,0,0
400,Kurung Kumey,Arunachal Pradesh,0,-0.2206653952204667,0.3300771076676572,0,0
401,Kurung Kumey,Arunachal Pradesh,0,-0.1744482521676004,0.3853498516409327,0,0
402,Kurung Kumey,Arunachal Pradesh,0,-0.2199643255403181,0.3679829384050062,0,0
403,Lower Dibang,Arunachal Pradesh,0,-0.2813934411714706,0.269960278550167,0,0
404,Lower Dibang,Arunachal Pradesh,0,-0.316491854622031,0.2754074404988669,0,0
405,Lower Dibang,Arunachal Pradesh,0,-0.3212230856229832,0.2765884045079268,0,0
406,Upper Siang,Arunachal Pradesh,0,-0.2539126545729082,0.31706550269174,0,0
407,Upper Siang,Arunachal Pradesh,0,-0.3141350921740893,0.3577087982732465,0,0
408,Upper Siang,Arunachal Pradesh,0,-0.3399775234515579,0.3339146429602936,0,0
409,Upper Siang,Arunachal Pradesh,0,-0.2477149892542462,0.3040995185343634,0,0
410,Upper Siang,Arunachal Pradesh,0,-0.346549695423309,0.3192424263367367,0,0
411,Upper Siang,Arunachal Pradesh,0,-0.3336330316001402,0.2596694441470835,0,0
412,Upper Siang,Arunachal Pradesh,0,-0.292326891915297,0.3328269222935477,0,0
413,Upper Siang,Arunachal Pradesh,0,-0.3027089981033019,0.2612656349641071,0,0
414,Upper Siang,Arunachal Pradesh,0,-0.3327515943368292,0.2296866970722047,0,0
415,Upper Siang,Arunachal Pradesh,0,-0.3542130779682422,0.2836501851514145,0,0
416,Upper Siang,Arunachal Pradesh,0,-0.302391637419598,0.2534500182890708,0,0
417,Upper Siang,Arunachal Pradesh,0,-0.3012684397655352,0.2555956280244605,0,0
418,Upper Siang,Arunachal Pradesh,0,-0.315803720333824,0.2601272813566438,0,0
419,Upper Siang,Arunachal Pradesh,0,-0.2883264351059449,0.3195819668840654,0,0
420,Upper Siang,Arunachal Pradesh,0,-0.2834475985938864,0.2718959768413164,0,0
421,Upper Siang,Arunachal Pradesh,0,-0.288083511248044,0.3067563808586171,0,0
422,Upper Siang,Arunachal Pradesh,0,-0.29496728271835,0.3182011772816926,0,0
423,Upper Siang,Arunachal Pradesh,0,-0.2935479293919045,0.2822676967598695,0,0
424,Upper Siang,Arunachal Pradesh,0,-0.316319276110419,0.3007948730673109,0,0
425,Upper Siang,Arunachal Pradesh,0,-0.2964337235547444,0.318559853938403,0,0
426,Upper Siang,Arunachal Pradesh,0,-0.3155285132977938,0.3233739457455188,0,0
427,Upper Siang,Arunachal Pradesh,0,-0.2735598939468455,0.2586334409758383,0,0
428,Upper Siang,Arunachal Pradesh,0,-0.2613261349624038,0.3358976558950923,0,0
429,Upper Siang,Arunachal Pradesh,0,-0.2929341258528071,0.2471889000001776,0,0
430,Upper Subansiri,Arunachal Pradesh,0,-0.0961951429073512,0.3478150420270843,0,0
431,Upper Subansiri,Arunachal Pradesh,0,-0.1063252400492541,0.295106382946685,0,0
432,Upper Subansiri,Arunachal Pradesh,0,-0.1758591498405277,0.3125470659199479,0,0
433,Upper Subansiri,Arunachal Pradesh,0,-0.1877548850483339,0.3268860045836885,0,0
434,Upper Subansiri,Arunachal Pradesh,0,-0.2533688524066497,0.2942373505793513,0,0
435,Upper Subansiri,Arunachal Pradesh,0,-0.211728775760806,0.3326185265804467,0,0
436,Upper Subansiri,Arunachal Pradesh,0,-0.2788607638474157,0.3099134122526178,0,0
437,Upper Subansiri,Arunachal Pradesh,0,-0.2201364378547234,0.321441323255861,0,0
438,Upper Subansiri,Arunachal Pradesh,0,-0.2662427999490552,0.3180306342947126,0,0
439,Upper Subansiri,Arunachal Pradesh,0,-0.2866552102643318,0.3135493439669049,0,0
440,Upper Subansiri,Arunachal Pradesh,0,-0.29056987938461,0.3120971600961896,0,0
441,Upper Subansiri,Arunachal Pradesh,0,-0.2815935305498306,0.3091482043860362,0,0
442,Upper Subansiri,Arunachal Pradesh,0,-0.2773627657331722,0.3233582846605593,0,0
443,Upper Subansiri,Arunachal Pradesh,0,-0.1971162838055378,0.3105264607048875,0,0
444,Upper Subansiri,Arunachal Pradesh,0,-0.2956079428792433,0.3026322152361523,0,0
445,Upper Subansiri,Arunachal Pradesh,0,-0.2736812151022632,0.3352338589047536,0,0
446,Upper Subansiri,Arunachal Pradesh,0,-0.2559941584630814,0.3193080324480044,0,0
447,Upper Subansiri,Arunachal Pradesh,0,-0.2768015148362727,0.3323666253034642,0,0
448,Upper Subansiri,Arunachal Pradesh,0,-0.2691545161754808,0.3145156533019977,0,0
449,Upper Subansiri,Arunachal Pradesh,0,-0.2152286134726044,0.3447280571326218,0,0
450,Upper Subansiri,Arunachal Pradesh,0,-0.2587159997159604,0.2820681047069933,0,0
451,Upper Subansiri,Arunachal Pradesh,0,-0.2368064053899408,0.3049016861433393,0,0
452,Upper Subansiri,Arunachal Pradesh,0,-0.2538667003517784,0.2777228360676633,0,0
453,Upper Subansiri,Arunachal Pradesh,0,-0.2137860018788945,0.3555330045695299,0,0
454,West Kameng,Arunachal Pradesh,0,-0.0392738626904785,1.2276929800951524,0,0
455,West Kameng,Arunachal Pradesh,0,-0.2045516722940771,0.305253582134236,0,0
456,West Kameng,Arunachal Pradesh,0,-0.2351989913934905,0.4171845833504987,0,0
457,West Kameng,Arunachal Pradesh,0,-0.1886145522859636,0.3478710881234811,0,0
458,West Kameng,Arunachal Pradesh,0,-0.1032154679657279,0.4593759433311575,0,0
459,West Kameng,Arunachal Pradesh,0,-0.2350607784763506,0.3271193403654494,0,0
460,Chamoli,Uttarakhand,0,-0.5692363598056457,0.4007998495549771,0,0
461,Chamoli,Uttarakhand,0,0.0014097620429884,0.4033122683946902,0,0
462,Chamoli,Uttarakhand,0,0.0916468798060048,0.3446657560562175,0,0
463,Chamoli,Uttarakhand,0,0.0281935171151091,0.3741207215592668,0,0
464,Chamoli,Uttarakhand,0,0.0157348354323839,0.3748956020462847,0,0
465,Chamoli,Uttarakhand,0,-0.1780621263006327,0.3585486457476746,0,0
466,Chamoli,Uttarakhand,0,-0.0130162945459076,0.3707467520133757,0,0
467,Chamoli,Uttarakhand,0,-0.1322821520231606,0.3733704717910808,0,0
468,Chamoli,Uttarakhand,0,-0.0974071701713878,0.3705324343410697,0,0
469,Chamoli,Uttarakhand,0,0.0977500109758278,0.3719453534467625,0,0
470,Chamoli,Uttarakhand,0,0.0951337745343923,0.374019283036738,0,0
471,Chamoli,Uttarakhand,0,-0.007265483325892,0.4642053246176615,0,0
472,Chamoli,Uttarakhand,0,0.0086964580891294,0.374483166456746,0,0
473,Chamoli,Uttarakhand,0,-0.0066929966418534,0.5223633587167487,0,0
474,Chamoli,Uttarakhand,0,0.0027146695551387,0.3482684641593211,0,0
475,Chamoli,Uttarakhand,0,0.0124970045935462,0.354343576324654,0,0
476,Chamoli,Uttarakhand,0,0.0074339103733186,0.3641122086115651,0,0
477,Chamoli,Uttarakhand,0,-0.1995633968647027,0.3417639657613393,0,0
478,Chamoli,Uttarakhand,0,0.0186232243941399,0.389230563721698,0,0
479,Chamoli,Uttarakhand,0,0.0006540423777225,0.3926325305354881,0,0
480,Chamoli,Uttarakhand,0,0.0137962715485205,1.9638024860378949,0,0
481,Chamoli,Uttarakhand,0,-0.0030344502420343,0.5563784789474525,0,0
482,Chamoli,Uttarakhand,0,0.0308188218142323,0.428101441166971,0,0
483,Chamoli,Uttarakhand,0,0.0056150352825787,0.4279710057636966,0,0
484,Uttarkashi,Uttarakhand,0,-0.2208418503180379,0.4081018500857882,0,0
485,Uttarkashi,Uttarakhand,0,-0.0941420428787706,0.4206850642112802,0,0
486,Uttarkashi,Uttarakhand,0,-0.0802628417444877,0.3763040352736511,0,0
487,Uttarkashi,Uttarakhand,0,0.0486225191914989,0.380309447985907,0,0
488,Uttarkashi,Uttarakhand,0,-0.1345495391613569,0.4033638928186032,0,0
489,Uttarkashi,Uttarakhand,0,0.1032241788176903,0.4387034021398072,0,0
490,Uttarkashi,Uttarakhand,0,-0.0277847814498159,0.3604175624084371,0,0
491,Uttarkashi,Uttarakhand,0,-0.0365711439099638,0.3340517212476195,0,0
492,Uttarkashi,Uttarakhand,0,-0.0308567301739686,0.5759653870525256,0,0
493,Uttarkashi,Uttarakhand,0,-0.2198091426703912,0.3587853250620158,0,0
494,Uttarkashi,Uttarakhand,0,-0.2414454673333162,0.3667186941666803,0,0
495,Uttarkashi,Uttarakhand,0,-0.1508467262285429,0.8653470115111226,0,0
496,Uttarkashi,Uttarakhand,0,-0.2069946989760874,0.5208709640849022,0,0
497,Uttarkashi,Uttarakhand,0,-0.195292863008746,0.3633396573477867,0,0
498,Uttarkashi,Uttarakhand,0,-0.0328298559589268,0.6435959629690113,0,0
499,Uttarkashi,Uttarakhand,0,-0.0029469610973274,0.450987381290745,0,0
500,Uttarkashi,Uttarakhand,0,-0.0369303353791185,0.3774496556421443,0,0
501,Uttarkashi,Uttarakhand,0,-0.0173213148247517,0.3518064582399813,0,0
502,Uttarkashi,Uttarakhand,0,-0.0196308939052142,0.3656035091861451,0,0
503,Uttarkashi,Uttarakhand,0,-0.0322573867494384,0.3615297545869666,0,0
504,Uttarkashi,Uttarakhand,0,-0.0716113803440538,0.351449816970415,0,0
505,Uttarkashi,Uttarakhand,0,-0.1897722154227248,0.3413586588897582,0,0
506,Uttarkashi,Uttarakhand,0,0.0300981190085387,0.3585308901965617,0,0
507,Uttarkashi,Uttarakhand,0,-0.2433175695938496,0.3594797332846309,0,0
508,Uttarkashi,Uttarakhand,0,-0.0722087274281132,0.3932119612784489,0,0
509,Uttarkashi,Uttarakhand,0,-0.0835532265732748,0.3501719168420724,0,0
510,Uttarkashi,Uttarakhand,0,0.0260093755125334,0.3389599303730199,0,0
511,Uttarkashi,Uttarakhand,0,0.0012163338964828,0.3527038612846652,0,0
512,Uttarkashi,Uttarakhand,0,2.9388383617857292e-05,0.708703496197903,0,0
513,Uttarkashi,Uttarakhand,0,0.0180521168667336,0.7110683374564024,0,0
514,Tawang,Arunachal Pradesh,0,-0.060883362568476,0.3653476119903356,0,0
515,Tawang,Arunachal Pradesh,0,-0.0970827135899394,0.3645398164457746,0,0
516,Tawang,Arunachal Pradesh,0,-0.1112610342280547,0.3888277187106314,0,0
517,Tawang,Arunachal Pradesh,0,-0.0810930035039751,0.3232465064066587,0,0
518,Tawang,Arunachal Pradesh,0,-0.0599723581610804,0.3531661103733939,0,0
519,Tawang,Arunachal Pradesh,0,-0.0298087904566372,0.4231916444346942,0,0
520,Tawang,Arunachal Pradesh,0,-0.022768685566301,0.3720090834426013,0,0
521,Tawang,Arunachal Pradesh,0,-0.0946415727767973,0.3647778479066018,0,0
522,Tawang,Arunachal Pradesh,0,-0.1010229051679629,0.3623519944726612,0,0
523,Tawang,Arunachal Pradesh,0,-0.034482646937871,0.3609514495224825,0,0
524,Tawang,Arunachal Pradesh,0,-0.0953563648517745,0.3685481508572895,0,0
525,Tawang,Arunachal Pradesh,0,-0.0485061960840322,0.4123793651239908,0,0
526,Tawang,Arunachal Pradesh,0,-0.0599561622735349,0.3188096635226968,0,0
527,Tawang,Arunachal Pradesh,0,-0.0744873749986447,0.32480705221094,0,0
528,Tawang,Arunachal Pradesh,0,-0.0716444377537804,0.411564948644243,0,0
529,Tawang,Arunachal Pradesh,0,-0.0472477138724734,0.356966412279813,0,0
530,Tawang,Arunachal Pradesh,0,-0.0971558618854264,0.3965311798459969,0,0
531,Tawang,Arunachal Pradesh,0,-0.0566637634703057,0.3370814665785305,0,0
532,Tawang,Arunachal Pradesh,0,0.0535442736867023,0.3722914275402121,0,0
533,Tawang,Arunachal Pradesh,0,-0.1410094830901482,0.320027493915189,0,0
534,Tawang,Arunachal Pradesh,0,-0.1032851931959322,0.2874313215901432,0,0
535,Tawang,Arunachal Pradesh,0,-0.0448164647009213,0.4124385532720129,0,0
536,Tawang,Arunachal Pradesh,0,-0.0070334725674208,0.351884739801188,0,0
537,Tawang,Arunachal Pradesh,0,0.0456266460236673,0.3491815142084601,0,0
538,Tawang,Arunachal Pradesh,0,-0.1115157275462719,0.3376928879973594,0,0
539,Tawang,Arunachal Pradesh,0,0.0763465176955911,0.3837882183483745,0,0
540,Tawang,Arunachal Pradesh,0,-0.0354164457686655,0.4143256271598571,0,0
541,Tawang,Arunachal Pradesh,0,-0.1184989571624602,0.2881327693071742,0,0
542,Tawang,Arunachal Pradesh,0,0.0767579751805648,0.4186813295020293,0,0
543,Tawang,Arunachal Pradesh,0,0.0245185538866309,0.3227015939045908,0,0
544,Tawang,Arunachal Pradesh,0,0.0744219537825837,0.3736597104817964,0,0
545,Tawang,Arunachal Pradesh,0,0.0399324654119456,0.3246732137511285,0,0
546,Tawang,Arunachal Pradesh,0,-0.1462330322553751,0.4385820361712993,0,0
547,Tawang,Arunachal Pradesh,0,0.0381034032540006,0.4673087198287248,0,0
548,Tawang,Arunachal Pradesh,0,-0.0539390847306114,0.3665358757625246,0,0
549,Tawang,Arunachal Pradesh,0,-0.0688377165836983,0.4651700236326874,0,0
550,Tawang,Arunachal Pradesh,0,-0.0501113598655513,0.2782967780853954,0,0
551,Tawang,Arunachal Pradesh,0,-0.1053467952971048,0.4758732453951059,0,0
552,Tawang,Arunachal Pradesh,0,-0.2230730088942031,0.3607325481807799,0,0
553,Tawang,Arunachal Pradesh,0,-0.1827160926861913,0.3869886784949122,0,0
554,Tawang,Arunachal Pradesh,0,-0.0500593292549681,0.3335254323442688,0,0
555,Tawang,Arunachal Pradesh,0,0.0452775479709655,0.4063511524673029,0,0
556,Tawang,Arunachal Pradesh,0,-0.0725447226123954,0.454366999844396,0,0
557,Tawang,Arunachal Pradesh,0,-0.134377632457278,0.6126193171512895,0,0
558,Tawang,Arunachal Pradesh,0,0.041245820007205,0.3993962495640563,0,0
559,Tawang,Arunachal Pradesh,0,-0.0451574422734645,0.4652604130761963,0,0
560,Tawang,Arunachal Pradesh,0,0.060462202623097,0.3439337423689381,0,0
561,Tawang,Arunachal Pradesh,0,0.0555396196648741,0.4664171357612826,0,0
562,Tawang,Arunachal Pradesh,0,-0.0328979674854563,0.4585728919012701,0,0
563,Tawang,Arunachal Pradesh,0,-0.0115886085563614,0.3453851135111597,0,0
564,Tawang,Arunachal Pradesh,0,-0.0131812859870895,0.4439766471324959,0,0
565,Tawang,Arunachal Pradesh,0,0.0614967208982765,0.4519962712373148,0,0
566,Tawang,Arunachal Pradesh,0,-0.1295593101595102,0.4297432275846365,0,0
567,Tawang,Arunachal Pradesh,0,0.0155361974952911,0.5699336544815201,0,0
568,Tawang,Arunachal Pradesh,0,-0.0625832693732188,0.3676039303729688,0,0
569,Tawang,Arunachal Pradesh,0,-0.1385482389480511,0.3282767176495362,0,0
570,Tawang,Arunachal Pradesh,0,-0.0594899873640941,0.3187758948843358,0,0
571,Tawang,Arunachal Pradesh,0,-0.0026725071654096,0.3009962977965672,0,0
572,Tawang,Arunachal Pradesh,0,-0.1055163852150675,0.4742240760392614,0,0
573,Tawang,Arunachal Pradesh,0,0.1027013371500749,0.3281576537024208,0,0
574,Tawang,Arunachal Pradesh,0,-0.0587768847612449,0.308643046666735,0,0
575,Tawang,Arunachal Pradesh,0,-0.1654662636614104,0.2863208447193406,0,0
576,Tawang,Arunachal Pradesh,0,-0.0825489952647963,0.3732422117423902,0,0
577,Tawang,Arunachal Pradesh,0,-0.1912408574818944,0.3494636151450792,0,0
578,Tawang,Arunachal Pradesh,0,-0.0498671158317867,0.302634409457876,0,0
579,Tawang,Arunachal Pradesh,0,-0.0981973988119795,0.7291805513037576,0,0
580,Tawang,Arunachal Pradesh,0,-0.0969370379936809,0.4864297917245603,0,0
581,Tawang,Arunachal Pradesh,0,0.0777630816236756,0.3318444460961554,0,0
582,Tawang,Arunachal Pradesh,0,-0.0895776590418174,0.3727598820029005,0,0
583,Tawang,Arunachal Pradesh,0,-0.1863981217066105,0.3037182345585438,0,0
584,Tawang,Arunachal Pradesh,0,0.0409209861256633,0.3069829219566272,0,0
585,Tawang,Arunachal Pradesh,0,-0.125466590204228,0.3418614822012733,0,0
586,Tawang,Arunachal Pradesh,0,-0.0624797052112875,0.3743761619667948,0,0
587,Tawang,Arunachal Pradesh,0,-0.0860141501825549,0.407316774994667,0,0
588,Tawang,Arunachal Pradesh,0,-0.1268229058213435,0.4078104089637197,0,0
589,Tawang,Arunachal Pradesh,0,-0.0798566676733667,0.407193905662449,0,0
590,Tawang,Arunachal Pradesh,0,-0.0384495882638629,0.6078443539569787,0,0
591,Tawang,Arunachal Pradesh,0,-0.125719982804668,0.4595616935809095,0,0
592,North,Sikkim,0,-0.1897376945553178,0.5880555450644124,0,0
593,North,Sikkim,0,-0.1605045299540865,0.4017480311436551,0,0
594,North,Sikkim,0,-0.1828305794374885,0.4788032439057067,0,0
595,North,Sikkim,0,-0.1890185605331832,0.480425073026007,0,0
596,North,Sikkim,0,-0.0381144928518677,0.3889226069827387,0,0
597,North,Sikkim,0,0.1230559220292546,0.4246530994705485,0,0
598,North,Sikkim,0,-0.1006181368361751,0.4978223346402621,0,0
599,North,Sikkim,0,0.0835025221084263,0.5048700619552094,0,0
600,North,Sikkim,0,-0.1143429614193718,0.4410404896349015,0,0
601,North,Sikkim,0,-0.1082960272791059,0.5893530189720374,0,0
602,North,Sikkim,0,-0.0270074984513445,0.3059671950016626,0,0
603,North,Sikkim,0,-0.1585380234495012,0.5527471918068575,0,0
604,North,Sikkim,0,-0.0571258617713325,1.5247968466373802,0,0
605,North,Sikkim,0,-0.1768554749480765,0.6680704704600425,0,0
606,North,Sikkim,0,-0.1510688339191942,0.8824546851496194,0,0
607,North,Sikkim,0,-0.153030608628086,0.4617117045631818,0,0
608,North,Sikkim,0,-0.2110009199509022,0.4002356736908131,0,0
609,North,Sikkim,0,-0.2463975429373515,0.3965969102549876,0,0
610,North,Sikkim,0,-0.1964761955810929,0.5350868160227821,0,0
611,North,Sikkim,0,-0.2766149428192234,0.5445408138558439,0,0
612,North,Sikkim,0,-0.1839075428283293,0.3829495071156605,0,0
613,North,Sikkim,0,0.0034186899290569,0.3452095059087876,0,0
614,North,Sikkim,0,-0.1981166184183627,0.5720145934492383,0,0
615,North,Sikkim,0,-0.092612024971028,0.7878717160387289,0,0
616,North,Sikkim,0,0.0320135194696481,0.3321990175319848,0,0
617,North,Sikkim,0,-0.1362836842176465,0.2974574813564348,0,0
618,North,Sikkim,0,-0.1272549243490573,0.5282406426547618,0,0
619,North,Sikkim,0,-0.0018795897227168,0.3116723675548418,0,0
620,North,Sikkim,0,-0.1580356511157741,0.3371837447221215,0,0
621,North,Sikkim,0,-0.189588029298142,0.3327012488158111,0,0
622,North,Sikkim,0,-0.2217114104222454,0.3271321085517356,0,0
623,North,Sikkim,0,-0.1422346382428127,0.3342113599763903,0,0
624,North,Sikkim,0,0.1337778115802972,0.6345689259843283,0,0
625,North,Sikkim,0,-0.0853851878463684,0.3216241569070319,0,0
626,North,Sikkim,0,-0.0193531408707691,0.3309581378088878,0,0
627,North,Sikkim,0,-0.0562838258496111,0.3387453042239218,0,0
628,North,Sikkim,0,-0.1393219220448801,0.6710127129683046,0,0
629,North,Sikkim,0,-0.2433443308814211,0.4341097434717757,0,0
630,North,Sikkim,0,-0.0797969782698253,1.0989010524000518,0,0
631,North,Sikkim,0,-0.1253031997890924,1.205216142369076,0,0
632,North,Sikkim,0,-0.1811673312799555,0.4768521574386281,0,0
633,North,Sikkim,0,-0.1760784712231261,0.5490215777286462,0,0
634,North,Sikkim,0,-0.0761215292900436,1.2619680612265656,0,0
635,North,Sikkim,0,-0.1528905269338186,0.4135202946899439,0,0
636,North,Sikkim,0,-0.1790525413466392,0.8057490416887131,0,0
637,North,Sikkim,0,-0.0032129188086661,0.3066116693102539,0,0
638,North,Sikkim,0,-0.1708884725516264,0.3368049325429805,0,0
639,North,Sikkim,0,-0.0062787706839686,0.3516481816768645,0,0
640,North,Sikkim,0,-0.2154392130826352,0.3347478457993678,0,0
641,North,Sikkim,0,-0.1904268494001684,0.4780611460507582,0,0
642,North,Sikkim,0,-0.1825792936524159,0.3339652944447468,0,0
643,North,Sikkim,0,-0.1760241918919993,0.5150326923738681,0,0
644,North,Sikkim,0,-0.1568554780980153,0.3545147511393474,0,0
645,North,Sikkim,0,-0.0949713545173356,0.4443467656548853,0,0
646,North,Sikkim,0,-0.1879247541624098,0.4137210356480872,0,0
647,North,Sikkim,0,-0.1501899866615966,0.5688783091900731,0,0
648,North,Sikkim,0,0.1118790672124862,0.5034137610366985,0,0
649,North,Sikkim,0,-0.2252750837109857,0.3326778336277221,0,0
650,North,Sikkim,0,-0.1870669860670566,0.4979578068186016,0,0
651,North,Sikkim,0,-0.1604384387794825,0.343932611519726,0,0
652,North,Sikkim,0,-0.0571438934429124,2.774912452563054,0,0
653,North,Sikkim,0,-0.2068415648843984,0.355041482397334,0,0
654,North,Sikkim,0,-0.2265385608950105,0.3779120108312263,0,0
655,North,Sikkim,0,-0.1363767360025793,0.5051696431850159,0,0
656,North,Sikkim,0,-0.0744525789363683,0.4355122385388713,0,0
657,North,Sikkim,0,-0.171257280092268,0.7647545079345359,0,0
658,North,Sikkim,0,-0.1651643646612026,0.3380771403846977,0,0
659,North,Sikkim,0,-0.0824090087328836,1.3662840930575677,0,0
660,North,Sikkim,0,-0.1759704159908856,0.3638901386673994,0,0
661,North,Sikkim,0,-0.127033550410667,0.5192652058762471,0,0
662,North,Sikkim,0,0.1800256216389192,0.3317473139593148,0,0
663,North,Sikkim,0,-0.1388111379651949,0.5177048386475228,0,0
664,North,Sikkim,0,-0.1728041519099624,0.3475516065955162,0,0
665,North,Sikkim,0,-0.2356043723828278,0.3457561376105462,0,0
666,North,Sikkim,0,-0.2083370758773259,0.3333463791166109,0,0
667,North,Sikkim,0,-0.2055310534442694,0.4041132918904337,0,0
668,North,Sikkim,0,0.1398256934696492,0.3415310311410471,0,0
669,North,Sikkim,0,-0.1518326939543911,0.3540163463508666,0,0
670,North,Sikkim,0,-0.133533713693152,0.4706351477927016,0,0
671,North,Sikkim,0,-0.1985193834719237,0.3473567100604195,0,0
672,North,Sikkim,0,-0.1414194583997382,0.414829609580546,0,0
673,North,Sikkim,0,-0.193748319816805,0.4810643967579711,0,0
674,North,Sikkim,0,-0.075852876358287,0.4683870843241822,0,0
675,North,Sikkim,0,-0.1719323562994984,1.6730772938722926,0,0
676,North,Sikkim,0,-0.1892230252610103,0.7773486530063644,0,0
677,North,Sikkim,0,-0.2272542072658761,0.3581363572654399,0,0
678,North,Sikkim,0,-0.1679273272412111,0.3454287266213538,0,0
679,North,Sikkim,0,-0.1088174215032656,0.4076485366230588,0,0
680,North,Sikkim,0,-0.1911796646148167,0.3363649921377278,0,0
681,North,Sikkim,0,-0.134470283148811,0.3663352177304737,0,0
682,North,Sikkim,0,-0.1640107392280115,0.4044598932636988,0,0
683,North,Sikkim,0,-0.1322159934689441,0.3309284327057122,0,0
684,North,Sikkim,0,-0.1325376423451712,0.833387303250757,0,0
685,Pithoragarh,Uttarakhand,0,-0.0389273654029475,0.4568664461671975,0,0
686,Pithoragarh,Uttarakhand,0,-0.082386184665761,0.4111196498512305,0,0
687,Pithoragarh,Uttarakhand,0,-0.0258444945797524,0.3785711636600412,0,0
688,Pithoragarh,Uttarakhand,0,-0.054193044421734,0.4987766198518519,0,0
689,Pithoragarh,Uttarakhand,0,-0.0183006883842413,0.3601060026047522,0,0
690,Pithoragarh,Uttarakhand,0,-0.0836774456474334,2.3898100910165976,0,0
691,Pithoragarh,Uttarakhand,0,-0.063680473101555,0.3569346542925561,0,0
692,Pithoragarh,Uttarakhand,0,-0.1399585398146978,0.3940328205182607,0,0
693,Pithoragarh,Uttarakhand,0,-0.0521961537985716,0.4695902245967365,0,0
694,Pithoragarh,Uttarakhand,0,-0.1523415895714627,1.262846268250352,0,0
695,Pithoragarh,Uttarakhand,0,-0.1100642225299024,0.788302108037564,0,0
696,Pithoragarh,Uttarakhand,0,-0.0933921738307126,0.4394974592207822,0,0
697,Pithoragarh,Uttarakhand,0,0.0486969970156411,0.3689904042322638,0,0
698,Pithoragarh,Uttarakhand,0,-0.0601399116805035,0.3645888687960342,0,0
699,Pithoragarh,Uttarakhand,0,-0.0613788323794981,0.3949053646974027,0,0
700,Pithoragarh,Uttarakhand,0,-0.0241082730203865,1.096750275519318,0,0
701,Pithoragarh,Uttarakhand,0,-0.1001747620018832,0.3784353404748635,0,0
702,Pithoragarh,Uttarakhand,0,-0.070766541022112,0.535887095666966,0,0
703,Pithoragarh,Uttarakhand,0,0.0358731737463977,0.5515624797135069,0,0
704,Pithoragarh,Uttarakhand,0,-0.0764567422782347,0.385297494196215,0,0
705,Pithoragarh,Uttarakhand,0,-0.024571019759321,0.3411597782042652,0,0
706,Pithoragarh,Uttarakhand,0,-0.0427431415376808,0.3548033825617773,0,0
707,Pithoragarh,Uttarakhand,0,-0.2117614835464424,0.4020014530836754,0,0
708,Pithoragarh,Uttarakhand,0,-0.172293355496181,0.4853943499059625,0,0
709,Pithoragarh,Uttarakhand,0,-0.1206610811250816,0.4161594602591182,0,0
710,Pithoragarh,Uttarakhand,0,-0.0236901727439632,0.43529658169205,0,0
711,Pithoragarh,Uttarakhand,0,-0.1102068928381383,0.4897398637589333,0,0
712,Pithoragarh,Uttarakhand,0,-0.0297421770944029,0.4145750009682444,0,0
713,Pithoragarh,Uttarakhand,0,-0.049279875623014,0.3665415724579071,0,0
714,Pithoragarh,Uttarakhand,0,-0.1112649980444735,0.4974787427884776,0,0
715,Pithoragarh,Uttarakhand,0,0.0299847326578295,0.5436620985223948,0,0
716,Pithoragarh,Uttarakhand,0,-0.121496634917016,0.4183112551308098,0,0
717,Pithoragarh,Uttarakhand,0,-0.0527592799915571,0.460822377121331,0,0
718,Pithoragarh,Uttarakhand,0,-0.0211363936880175,0.4498101080215609,0,0
719,Pithoragarh,Uttarakhand,0,-0.1324909024718822,0.5113770482644358,0,0
720,Pithoragarh,Uttarakhand,0,-0.0517183627253899,0.7704579616827062,0,0
721,Pithoragarh,Uttarakhand,0,-0.0520292496904078,0.3763683915203888,0,0
722,Pithoragarh,Uttarakhand,0,-0.2018073817928772,0.6936803396282298,0,0
723,Pithoragarh,Uttarakhand,0,-0.0878350639884904,0.4503458542891317,0,0
724,Pithoragarh,Uttarakhand,0,-0.3047028798210988,0.3469752077494589,0,0
725,Pithoragarh,Uttarakhand,0,-0.1313486030231427,0.8262759622980337,0,0
726,Pithoragarh,Uttarakhand,0,0.009423294639122,0.6850625753272994,0,0
727,Pithoragarh,Uttarakhand,0,-0.1156695656905646,0.5157653445577148,0,0
728,Pithoragarh,Uttarakhand,0,0.0028955452805328,0.342648387440641,0,0
729,Pithoragarh,Uttarakhand,0,-0.1350646396824256,0.5387558950072676,0,0
730,Pithoragarh,Uttarakhand,0,-0.0878765459860399,0.5693344428673782,0,0
731,Pithoragarh,Uttarakhand,0,-0.0009875028386739,0.5592945824740859,0,0
732,Pithoragarh,Uttarakhand,0,-0.0714388114227357,0.4529752821022708,0,0
1,Anjaw,Arunachal Pradesh,1,-0.2550058867557102,0.3987717264301902,1,1
2,Anjaw,Arunachal Pradesh,1,-0.2376578061474689,0.2225397708644878,1,1
3,Anjaw,Arunachal Pradesh,1,-0.2919858849432797,0.2121661157731715,1,1
4,Anjaw,Arunachal Pradesh,1,-0.2922386546925156,0.2566918938717232,1,1
5,Anjaw,Arunachal Pradesh,1,-0.2982138599011298,0.2716788632442821,1,1
6,Anjaw,Arunachal Pradesh,1,-0.0975476712609671,0.9576133833126684,1,1
7,Anjaw,Arunachal Pradesh,1,-0.3413181438001028,0.2333758770757986,1,1
8,Anjaw,Arunachal Pradesh,1,-0.3265987311935935,0.3544985289660702,1,1
9,Anjaw,Arunachal Pradesh,1,-0.2581003183822527,0.262162920966577,1,1
10,Anjaw,Arunachal Pradesh,1,-0.2395945787916436,0.3123964142719992,1,1
11,Anjaw,Arunachal Pradesh,1,-0.307221889061293,0.273708425478766,1,1
12,Anjaw,Arunachal Pradesh,1,-0.0765308352770089,0.4047385454177857,1,1
13,Anjaw,Arunachal Pradesh,1,-0.3304414181141286,0.2745607231278488,1,1
14,Anjaw,Arunachal Pradesh,1,-0.1134441568361733,0.3103442304290146,1,1
15,Anjaw,Arunachal Pradesh,1,-0.2818752581845754,0.2640917566785801,1,1
16,Anjaw,Arunachal Pradesh,1,-0.0869845404179616,0.9338159155765364,1,1
17,Anjaw,Arunachal Pradesh,1,-0.2573203402671488,0.234538579700001,1,1
18,Anjaw,Arunachal Pradesh,1,-0.0639899775593084,0.3186606796569161,1,1
19,Anjaw,Arunachal Pradesh,1,-0.0553308508254327,0.3408812645460124,1,1
20,Anjaw,Arunachal Pradesh,1,-0.0534113406228561,0.2727115530907187,1,1
21,Anjaw,Arunachal Pradesh,1,0.0016734961058979,0.328359152198629,1,1
22,Anjaw,Arunachal Pradesh,1,-0.0458886447289244,0.2729384021773587,1,1
23,Anjaw,Arunachal Pradesh,1,-0.0637013209015172,0.4251301207745723,1,1
24,Anjaw,Arunachal Pradesh,1,-0.022571121563394,1.8005391933544888,1,1
25,Anjaw,Arunachal Pradesh,1,-0.025140298090327,0.2781884395831975,1,1
26,Dibang Valley,Arunachal Pradesh,1,-0.0863846670317103,0.307754472364782,1,1
27,Dibang Valley,Arunachal Pradesh,1,-0.0650507972378045,0.2947107102943027,1,1
28,Dibang Valley,Arunachal Pradesh,1,-0.0863898376366438,0.2381240852307854,1,1
29,Dibang Valley,Arunachal Pradesh,1,-0.0587149713762547,0.3518037108034225,1,1
30,Dibang Valley,Arunachal Pradesh,1,-0.0945192459035738,0.2416437680577184,1,1
31,Dibang Valley,Arunachal Pradesh,1,-0.0697175881609511,0.2771213734963021,1,1
32,Dibang Valley,Arunachal Pradesh,1,-0.0658462493645321,0.3519026340383084,1,1
33,Dibang Valley,Arunachal Pradesh,1,-0.0675926318182873,0.2397081958115689,1,1
34,Dibang Valley,Arunachal Pradesh,1,-0.0794964362344553,0.2801615282532139,1,1
35,Dibang Valley,Arunachal Pradesh,1,-0.1561111707769485,0.2078175462848026,1,1
36,Dibang Valley,Arunachal Pradesh,1,-0.1011070060561954,0.3202159871845542,1,1
37,Dibang Valley,Arunachal Pradesh,1,-0.192409336933448,0.1859399115763268,1,1
38,Dibang Valley,Arunachal Pradesh,1,-0.0762737371668523,0.2857015601344788,1,1
39,Dibang Valley,Arunachal Pradesh,1,-0.1402515183628613,0.2562586838046229,1,1
40,Dibang Valley,Arunachal Pradesh,1,-0.2795306086735892,0.2838329589473587,1,1
41,Dibang Valley,Arunachal Pradesh,1,-0.1018903255575,0.2216564232244171,1,1
42,Dibang Valley,Arunachal Pradesh,1,-0.178196667840172,0.2334104398454444,1,1
43,Dibang Valley,Arunachal Pradesh,1,-0.3493167887654279,0.2626424579979987,1,1
44,East Kameng,Arunachal Pradesh,1,-0.2756793175717373,0.3329866635019911,1,1
45,East Kameng,Arunachal Pradesh,1,-0.2187110726147611,0.2985878103731462,1,1
46,East Kameng,Arunachal Pradesh,1,-0.3242545230806703,0.2623723619488315,1,1
47,East Kameng,Arunachal Pradesh,1,-0.308153973246854,0.2790830482540853,1,1
48,East Kameng,Arunachal Pradesh,1,-0.2747110045703043,0.3395953679084778,1,1
49,East Kameng,Arunachal Pradesh,1,-0.288850923338637,0.2839634849784079,1,1
50,East Kameng,Arunachal Pradesh,1,-0.3355363106221335,0.2116091319407546,1,1
51,East Kameng,Arunachal Pradesh,1,-0.2713630650565846,0.3056045282366019,1,1
52,East Kameng,Arunachal Pradesh,1,-0.2782111369804151,0.3175800725734433,1,1
53,East Kameng,Arunachal Pradesh,1,-0.2494092878497464,0.2810210806878901,1,1
54,East Kameng,Arunachal Pradesh,1,-0.3332605089043837,0.2439606558108383,1,1
55,East Kameng,Arunachal Pradesh,1,-0.3359584607804913,0.3426085759311051,1,1
56,East Kameng,Arunachal Pradesh,1,-0.3308556613371741,0.3070285870529761,1,1
57,East Kameng,Arunachal Pradesh,1,-0.2561689114459539,0.3068991773096579,1,1
58,East Kameng,Arunachal Pradesh,1,-0.3012337564337287,0.261796609897398,1,1
59,East Kameng,Arunachal Pradesh,1,-0.3130213904853479,0.2814541579222095,1,1
60,Kurung Kumey,Arunachal Pradesh,1,-0.3086677363524618,0.2517012666103949,1,1
61,Kurung Kumey,Arunachal Pradesh,1,-0.3448323544809763,0.2460869967836672,1,1
62,Kurung Kumey,Arunachal Pradesh,1,-0.2262679418032296,0.5181143301433337,1,1
63,Kurung Kumey,Arunachal Pradesh,1,-0.3254359147816595,0.3288266801186517,1,1
64,Kurung Kumey,Arunachal Pradesh,1,-0.381902626393348,0.2138283255865365,1,1
65,Kurung Kumey,Arunachal Pradesh,1,-0.3014846598980231,0.1989545946097159,1,1
66,Kurung Kumey,Arunachal Pradesh,1,-0.2713559432224904,0.2689520869482635,1,1
67,Kurung Kumey,Arunachal Pradesh,1,-0.2458694481715639,0.2303687288401137,1,1
68,Kurung Kumey,Arunachal Pradesh,1,-0.2743459403109317,0.2893521634557637,1,1
69,Kurung Kumey,Arunachal Pradesh,1,-0.3182102539408525,0.2431771439802231,1,1
70,Kurung Kumey,Arunachal Pradesh,1,-0.3457386313280434,0.2263503501007745,1,1
71,Kurung Kumey,Arunachal Pradesh,1,-0.3068495843404967,0.2390521038034538,1,1
72,Kurung Kumey,Arunachal Pradesh,1,-0.3234770749888771,0.2421605579728688,1,1
73,Kurung Kumey,Arunachal Pradesh,1,-0.3413832561833969,0.2484970155471403,1,1
74,Kurung Kumey,Arunachal Pradesh,1,-0.3095639986721595,0.2183586723834008,1,1
75,Kurung Kumey,Arunachal Pradesh,1,-0.3281642373225775,0.2005363779768912,1,1
76,Kurung Kumey,Arunachal Pradesh,1,-0.3125858712606488,0.2151368730394534,1,1
77,Kurung Kumey,Arunachal Pradesh,1,-0.3099529000323773,0.2792556508132427,1,1
78,Kurung Kumey,Arunachal Pradesh,1,-0.3395523233713188,0.2148348365046151,1,1
79,Kurung Kumey,Arunachal Pradesh,1,-0.332901480724439,0.2569911570609671,1,1
80,Kurung Kumey,Arunachal Pradesh,1,-0.3178156729936152,0.2904124950142671,1,1
81,Kurung Kumey,Arunachal Pradesh,1,-0.374431213903821,0.3232160265985372,1,1
82,Kurung Kumey,Arunachal Pradesh,1,-0.2944062208005268,0.2645509265859922,1,1
83,Kurung Kumey,Arunachal Pradesh,1,-0.2944062208005268,0.2645509265859922,1,1
84,Kurung Kumey,Arunachal Pradesh,1,-0.3150948728056082,0.3425221984976537,1,1
85,Kurung Kumey,Arunachal Pradesh,1,-0.3220860145128472,0.3472895957570799,1,1
86,Kurung Kumey,Arunachal Pradesh,1,-0.3267628233909213,0.3094780150710082,1,1
87,Kurung Kumey,Arunachal Pradesh,1,-0.313214179499921,0.3544956890214549,1,1
88,Kurung Kumey,Arunachal Pradesh,1,-0.292216009571535,0.2532268127603499,1,1
89,Kurung Kumey,Arunachal Pradesh,1,-0.3158165539949311,0.2476662947581364,1,1
90,Kurung Kumey,Arunachal Pradesh,1,-0.3265006267119064,0.3600213604095654,1,1
91,Kurung Kumey,Arunachal Pradesh,1,-0.3457153822300287,0.3339255389049153,1,1
92,Kurung Kumey,Arunachal Pradesh,1,-0.3214115300363602,0.2782668198093342,1,1
93,Kurung Kumey,Arunachal Pradesh,1,-0.2939404487885872,0.3184635415340641,1,1
94,Kurung Kumey,Arunachal Pradesh,1,-0.3440028530347665,0.3228058069613979,1,1
95,Kurung Kumey,Arunachal Pradesh,1,-0.3061414659614595,0.299690734512276,1,1
96,Kurung Kumey,Arunachal Pradesh,1,-0.2735671249794709,0.3092506546923455,1,1
97,Kurung Kumey,Arunachal Pradesh,1,-0.2604427127548189,0.3253267401692558,1,1
98,Kurung Kumey,Arunachal Pradesh,1,-0.2598534574029087,0.3412527924270502,1,1
99,Kurung Kumey,Arunachal Pradesh,1,-0.2382440747482843,0.3334621113932547,1,1
100,Kurung Kumey,Arunachal Pradesh,1,-0.2257792384183928,0.3692462614747915,1,1
101,Kurung Kumey,Arunachal Pradesh,1,-0.2527688859486918,0.2984807144547994,1,1
102,Kurung Kumey,Arunachal Pradesh,1,-0.2295489040231327,0.3269206511231762,1,1
103,Kurung Kumey,Arunachal Pradesh,1,-0.3115665631086799,0.2747169411049209,1,1
104,Kurung Kumey,Arunachal Pradesh,1,-0.2863543954635738,0.3259579168337657,1,1
105,Kurung Kumey,Arunachal Pradesh,1,-0.2835087589442567,0.3457722899717972,1,1
106,Kurung Kumey,Arunachal Pradesh,1,-0.2976308895899552,0.2871801324698793,1,1
107,Kurung Kumey,Arunachal Pradesh,1,-0.2722470978982378,0.3271255055577126,1,1
108,Kurung Kumey,Arunachal Pradesh,1,-0.2983037936502095,0.3011378189085296,1,1
109,Kurung Kumey,Arunachal Pradesh,1,-0.2991206579282714,0.3002212807283563,1,1
110,Kurung Kumey,Arunachal Pradesh,1,-0.3360570974598543,0.2825627537198769,1,1
111,Kurung Kumey,Arunachal Pradesh,1,-0.3165312698470577,0.2987499965230624,1,1
112,Kurung Kumey,Arunachal Pradesh,1,-0.3443965157344723,0.2920630127191543,1,1
113,Kurung Kumey,Arunachal Pradesh,1,-0.2918023391298217,0.2975980408911434,1,1
114,Kurung Kumey,Arunachal Pradesh,1,-0.2950880416276512,0.2343494529061698,1,1
115,Kurung Kumey,Arunachal Pradesh,1,-0.3472270133234885,0.2780754154620889,1,1
116,Kurung Kumey,Arunachal Pradesh,1,-0.2332967395609566,0.3031352746713857,1,1
117,Kurung Kumey,Arunachal Pradesh,1,-0.3309482749574342,0.2605672572840608,1,1
118,Kurung Kumey,Arunachal Pradesh,1,-0.3299317325063177,0.267042650417848,1,1
119,Kurung Kumey,Arunachal Pradesh,1,-0.3223785352662183,0.2811233124418839,1,1
120,Kurung Kumey,Arunachal Pradesh,1,-0.276422196399044,0.2810768493016561,1,1
121,Kurung Kumey,Arunachal Pradesh,1,-0.3631234351346019,0.2632304521154207,1,1
122,Kurung Kumey,Arunachal Pradesh,1,-0.2729192584070015,0.3543145475975637,1,1
123,Kurung Kumey,Arunachal Pradesh,1,-0.2844171172677552,0.2670429187142596,1,1
124,Kurung Kumey,Arunachal Pradesh,1,-0.3099458862061665,0.3036268498169051,1,1
125,Kurung Kumey,Arunachal Pradesh,1,-0.2336470267916904,0.5349841442914451,1,1
126,Kurung Kumey,Arunachal Pradesh,1,-0.2306627686620204,0.4573357466002614,1,1
127,Kurung Kumey,Arunachal Pradesh,1,-0.3236996170703531,0.3076209036101188,1,1
128,Kurung Kumey,Arunachal Pradesh,1,-0.3236996170703531,0.3076209036101188,1,1
129,Kurung Kumey,Arunachal Pradesh,1,-0.2413557206393951,0.3043431781207438,1,1
130,Lower Dibang,Arunachal Pradesh,1,-0.2628157393425416,0.3135208863508939,1,1
131,Tawang,Arunachal Pradesh,1,-0.1160292710244885,0.3253385157683051,1,1
132,Tawang,Arunachal Pradesh,1,0.2363721420807781,0.3449604102321879,1,1
133,Tawang,Arunachal Pradesh,1,0.0319428703688963,0.3740740691953235,1,1
134,Tawang,Arunachal Pradesh,1,-0.0863360667661473,0.3702737302122628,1,1
135,Tawang,Arunachal Pradesh,1,-0.1134784086079056,0.3831742907475148,1,1
136,Tawang,Arunachal Pradesh,1,-0.0648292776277941,1.1792122750276963,1,1
137,Tawang,Arunachal Pradesh,1,-0.0648292776277941,1.1792122750276963,1,1
138,Tawang,Arunachal Pradesh,1,-0.1144916444402681,0.7924999988923861,1,1
139,Tawang,Arunachal Pradesh,1,-0.0733814695225646,0.4036676006610166,1,1
140,Tawang,Arunachal Pradesh,1,-0.115946373286294,0.4392099823992131,1,1
141,Tawang,Arunachal Pradesh,1,0.0658614026696629,4.404845047504344,1,1
142,Tawang,Arunachal Pradesh,1,-0.1307489458968653,0.3838044267047095,1,1
143,Tawang,Arunachal Pradesh,1,-0.1226953125161203,0.8367808195689739,1,1
144,Tawang,Arunachal Pradesh,1,0.0658614026696629,4.404845047504344,1,1
145,Tawang,Arunachal Pradesh,1,-0.1264489791117433,1.153208825367616,1,1
146,Tawang,Arunachal Pradesh,1,-0.1879031032657998,0.4192716571313163,1,1
147,Tawang,Arunachal Pradesh,1,-0.1251173189976501,0.431085204810239,1,1
148,Tawang,Arunachal Pradesh,1,-0.1374577887370329,1.7411796344651118,1,1
149,Tawang,Arunachal Pradesh,1,0.0376143384632084,0.3392328463944812,1,1
150,Tawang,Arunachal Pradesh,1,-0.1594877083395433,0.5705586666501434,1,1
151,Tawang,Arunachal Pradesh,1,-0.128931720043385,0.3190348910993351,1,1
152,Tawang,Arunachal Pradesh,1,-0.1093149023618791,0.3624916477232574,1,1
153,Tawang,Arunachal Pradesh,1,-0.1658387030635031,0.4085080364359868,1,1
154,Tawang,Arunachal Pradesh,1,-0.1642757247816831,0.3858602130174371,1,1
155,Tawang,Arunachal Pradesh,1,-0.1622682626139256,0.3229620406031608,1,1
156,Tawang,Arunachal Pradesh,1,-0.1984606649537189,0.29704613652679,1,1
157,Upper Siang,Arunachal Pradesh,1,-0.3180918805760148,0.2603489192729538,1,1
158,Upper Siang,Arunachal Pradesh,1,-0.2803367668762225,0.2593917697503784,1,1
159,Upper Siang,Arunachal Pradesh,1,-0.3161838569016577,0.2740987004348019,1,1
160,Upper Siang,Arunachal Pradesh,1,-0.3690475712167982,0.265493051231758,1,1
161,Upper Siang,Arunachal Pradesh,1,-0.3807628462994757,0.2481259262754715,1,1
162,Upper Siang,Arunachal Pradesh,1,-0.1692797012242252,0.4155217530123428,1,1
163,Upper Siang,Arunachal Pradesh,1,-0.1489951938201483,0.4983690031011856,1,1
164,Upper Siang,Arunachal Pradesh,1,-0.2344920061709976,0.2478420465057498,1,1
165,Upper Siang,Arunachal Pradesh,1,-0.358622867415818,0.2160629587372144,1,1
166,Upper Siang,Arunachal Pradesh,1,-0.2638074318786548,0.2513586337974232,1,1
167,Upper Siang,Arunachal Pradesh,1,-0.183902521176186,0.5192830704334306,1,1
168,Upper Siang,Arunachal Pradesh,1,-0.183902521176186,0.5192830704334306,1,1
169,Upper Siang,Arunachal Pradesh,1,-0.2429601153246995,0.260356623150728,1,1
170,Upper Siang,Arunachal Pradesh,1,-0.1462010759373873,0.5071700069808853,1,1
171,Upper Siang,Arunachal Pradesh,1,-0.266140560674387,0.2599117010173945,1,1
172,Upper Subansiri,Arunachal Pradesh,1,-0.2346499408950415,0.1901703535851852,1,1
173,Upper Subansiri,Arunachal Pradesh,1,0.0145810517356706,0.3106022083956892,1,1
174,Upper Subansiri,Arunachal Pradesh,1,-0.0389936812525902,0.3888815323314393,1,1
175,Upper Subansiri,Arunachal Pradesh,1,-0.2448779665081644,0.3650883986475718,1,1
176,Upper Subansiri,Arunachal Pradesh,1,-0.2448779665081644,0.3650883986475718,1,1
177,Upper Subansiri,Arunachal Pradesh,1,0.0145810517356706,0.3106022083956892,1,1
178,Upper Subansiri,Arunachal Pradesh,1,0.0126246103146316,0.2436117258229871,1,1
179,Upper Subansiri,Arunachal Pradesh,1,-0.3376275142700056,0.1982685184313191,1,1
180,West Kameng,Arunachal Pradesh,1,-0.0520544791371469,0.5382803232142968,1,1
181,West Kameng,Arunachal Pradesh,1,-0.3486181210276176,0.3504880582965902,1,1
182,Kra daadi,Arunachal Pradesh,1,-0.3586788914918684,0.2699363260456685,1,1
183,Kra daadi,Arunachal Pradesh,1,-0.3571564847980141,0.2814972054358967,1,1
184,Kra daadi,Arunachal Pradesh,1,-0.3682929467569203,0.2644889171591203,1,1
185,Kra daadi,Arunachal Pradesh,1,-0.3192139005622647,0.2614820003174287,1,1
186,Kra daadi,Arunachal Pradesh,1,-0.3624914928785459,0.2735084327084295,1,1
187,North,Sikkim,1,-0.081936056205728,1.6991583488083308,1,1
188,North,Sikkim,1,-0.1902774815519205,0.3519908902105547,1,1
189,North,Sikkim,1,-0.2514193429154625,0.3742286746706205,1,1
190,North,Sikkim,1,-0.2218379775778582,0.3593346281080841,1,1
191,North,Sikkim,1,-0.2060696969501086,0.4190462965104314,1,1
192,North,Sikkim,1,-0.2394302637764297,0.339695696415526,1,1
193,North,Sikkim,1,-0.2566262628678016,0.9851003040478924,1,1
194,North,Sikkim,1,-0.2404044425609695,0.4838083166772033,1,1
195,North,Sikkim,1,-0.2702025482333422,0.4376955354346909,1,1
196,North,Sikkim,1,-0.2156975309824854,0.4571001877945461,1,1
197,North,Sikkim,1,-0.2288074429667956,0.5703370897957448,1,1
198,North,Sikkim,1,-0.2377339650819125,0.4889415924969529,1,1
199,North,Sikkim,1,-0.2268535973730094,0.4819100721756881,1,1
200,North,Sikkim,1,0.0302360628088148,0.6587425638322852,1,1
201,North,Sikkim,1,-0.250629658583354,0.3326486454095064,1,1
202,North,Sikkim,1,-0.3041057374092077,0.3429308352894793,1,1
203,North,Sikkim,1,-0.2499578804237398,0.3712839305872831,1,1
204,North,Sikkim,1,-0.2911924620115327,0.3754096815039991,1,1
205,North,Sikkim,1,-0.2186594810247872,0.3362653943953029,1,1
206,North,Sikkim,1,-0.2279116053524439,0.4377711841615581,1,1
207,North,Sikkim,1,-0.2112743970666694,0.4279825030142781,1,1
208,North,Sikkim,1,-0.2269470320776054,0.3457962550363763,1,1
209,North,Sikkim,1,-0.3061929611668485,0.3941946349354665,1,1
210,North,Sikkim,1,-0.2339704104495627,0.4955302109052469,1,1
211,North,Sikkim,1,-0.1935375831808016,0.3177683293954584,1,1
212,North,Sikkim,1,-0.2892051815842997,0.4050675869981447,1,1
213,North,Sikkim,1,-0.2491763373989547,0.4301649770197638,1,1
214,North,Sikkim,1,-0.2099544366870027,0.4526974018725602,1,1
215,North,Sikkim,1,-0.2373767500277114,0.3894425544024861,1,1
216,North,Sikkim,1,-0.2523543862034669,0.3616147009792733,1,1
217,North,Sikkim,1,-0.195653763051907,0.7471053263153692,1,1
218,Chamoli,Uttarakhand,1,-0.0026249550360172,0.5278188010741924,1,1
219,Chamoli,Uttarakhand,1,0.0918432596272178,0.6808072245211118,1,1
220,Chamoli,Uttarakhand,1,0.0341942429090603,0.4285874308784151,1,1
221,Chamoli,Uttarakhand,1,0.0086373938138908,18.45351125764487,1,1
222,Chamoli,Uttarakhand,1,0.0405419733257959,0.4457593238013878,1,1
223,Chamoli,Uttarakhand,1,-0.1109886736315439,1.580878825362072,1,1
224,Chamoli,Uttarakhand,1,0.0130804457601452,0.6881595727658167,1,1
225,Chamoli,Uttarakhand,1,-0.4896249327708921,0.5007696400674219,1,1
226,Pithoragarh,Uttarakhand,1,0.010321054620298,0.4518514501335827,1,1
227,Pithoragarh,Uttarakhand,1,-0.0128047589851472,0.4479230744825615,1,1
228,Pithoragarh,Uttarakhand,1,0.0033722271647102,0.43709474769375,1,1
229,Pithoragarh,Uttarakhand,1,-0.0188730969662762,0.450174483699133,1,1
230,Pithoragarh,Uttarakhand,1,-0.0700350156737431,0.4281385894054951,1,1
231,Pithoragarh,Uttarakhand,1,-0.1083412023180173,0.4787296842973385,1,1
232,Pithoragarh,Uttarakhand,1,0.0057769215881526,0.4826518437210735,1,1
233,Pithoragarh,Uttarakhand,1,0.0433513169283131,0.4049926799293668,1,1
234,Pithoragarh,Uttarakhand,1,0.1016959049672826,0.431792982336999,1,1
235,Pithoragarh,Uttarakhand,1,0.0493282691845672,0.5311372806313004,1,1
236,Pithoragarh,Uttarakhand,1,0.0691752866158011,0.6818438681937357,1,1
237,Pithoragarh,Uttarakhand,1,0.1053508342126791,0.5484205226409803,1,1
238,Pithoragarh,Uttarakhand,1,-0.0601966115197815,0.5424669686918216,1,1
239,Pithoragarh,Uttarakhand,1,0.0523306657987855,0.4346386765085904,1,1
240,Pithoragarh,Uttarakhand,1,-0.0306381755628023,0.5517798003639869,1,1
241,Pithoragarh,Uttarakhand,1,-0.1449148438547874,0.542252542540496,1,1
242,Uttarkashi,Uttarakhand,1,-0.134087924299635,0.6211673848871807,1,1
243,Uttarkashi,Uttarakhand,1,0.0005321601556804,1.8021089676385813,1,1
244,Uttarkashi,Uttarakhand,1,-0.151774068191934,1.4375098561316697,1,1
245,Uttarkashi,Uttarakhand,1,-0.2098881830807576,0.4404779778259269,1,1
246,Uttarkashi,Uttarakhand,1,-0.2900005581252279,2.039976288244552,1,1
247,Uttarkashi,Uttarakhand,1,0.0683746561707125,0.9575180136835252,1,1
248,Uttarkashi,Uttarakhand,1,0.0444522490191872,0.4256802667992713,1,1
249,Uttarkashi,Uttarakhand,1,0.0993673971366525,0.3846493130974034,1,1
250,Uttarkashi,Uttarakhand,1,0.0576790890081946,0.7349828706560907,1,1
251,Uttarkashi,Uttarakhand,1,-0.0087369904362586,1.1012308842880756,1,1
1,Anjaw,Arunachal Pradesh,0,-0.2754276697908047,0.2271135936902222,1,0
2,Anjaw,Arunachal Pradesh,0,-0.2719738797979193,0.2251109262007461,1,0
3,Anjaw,Arunachal Pradesh,0,-0.3044724744135501,0.2191845973107715,1,0
4,Anjaw,Arunachal Pradesh,0,-0.1644063141622465,0.3442147619584028,1,0
5,Anjaw,Arunachal Pradesh,0,-0.2556815590897422,0.363141097111944,1,0
6,Anjaw,Arunachal Pradesh,0,-0.2420799554773439,0.2488901427411658,1,0
7,Anjaw,Arunachal Pradesh,0,-0.2025281227275447,0.2972028459955522,1,0
8,Anjaw,Arunachal Pradesh,0,-0.2698502505266958,0.254193842310471,1,0
9,Anjaw,Arunachal Pradesh,0,-0.2436261165535212,0.2787481449278338,1,0
10,Anjaw,Arunachal Pradesh,0,-0.2352610651576724,0.2244217099262727,1,0
11,Anjaw,Arunachal Pradesh,0,-0.2436884696657894,0.2941675915966044,1,0
12,Anjaw,Arunachal Pradesh,0,-0.2614955965482408,0.3934825772504519,1,0
13,Anjaw,Arunachal Pradesh,0,-0.0252482633698487,0.4376891359854279,1,0
14,Anjaw,Arunachal Pradesh,0,-0.1796721877020718,0.2312472044788218,1,0
15,Anjaw,Arunachal Pradesh,0,-0.1830344980634832,0.1961157586562593,1,0
16,Anjaw,Arunachal Pradesh,0,-0.2053955522053846,0.2085291924173974,1,0
17,Anjaw,Arunachal Pradesh,0,-0.1961382801051181,0.2178072128381911,1,0
18,Anjaw,Arunachal Pradesh,0,-0.0697760903884429,0.270565876653334,1,0
19,Anjaw,Arunachal Pradesh,0,-0.207806632584017,0.257469235183942,1,0
20,Anjaw,Arunachal Pradesh,0,-0.2173803054527661,0.2454064641405054,1,0
21,Anjaw,Arunachal Pradesh,0,-0.2844663354805949,0.2581648164821995,1,0
22,Anjaw,Arunachal Pradesh,0,-0.2944145788230608,0.2500149508929841,1,0
23,Anjaw,Arunachal Pradesh,0,-0.2081988970290097,0.3227986791129924,1,0
24,Anjaw,Arunachal Pradesh,0,-0.1721641390379434,0.3415234039338786,1,0
25,Anjaw,Arunachal Pradesh,0,-0.1692944556221133,0.3369269084560778,1,0
26,Anjaw,Arunachal Pradesh,0,-0.281544865766665,0.280382057509549,1,0
27,Anjaw,Arunachal Pradesh,0,-0.3030952011461355,0.2537871205096521,1,0
28,Anjaw,Arunachal Pradesh,0,-0.286449369063729,0.2995506338608104,1,0
29,Anjaw,Arunachal Pradesh,0,-0.1736751556335083,0.2232463511185748,1,0
30,Anjaw,Arunachal Pradesh,0,-0.2602647839062115,0.290434950466097,1,0
31,Anjaw,Arunachal Pradesh,0,-0.2846255323561538,0.2337870365712378,1,0
32,Anjaw,Arunachal Pradesh,0,-0.3039872675080246,0.2439836198032297,1,0
33,Anjaw,Arunachal Pradesh,0,-0.3068805532539101,0.2732784657273442,1,0
34,Anjaw,Arunachal Pradesh,0,-0.255675770671333,0.2916264561758566,1,0
35,Anjaw,Arunachal Pradesh,0,-0.2932123840905301,0.2771396883773698,1,0
36,Anjaw,Arunachal Pradesh,0,-0.3155073234335255,0.2525359917584711,1,0
37,Anjaw,Arunachal Pradesh,0,-0.2439838757237666,0.2539618068495901,1,0
38,Anjaw,Arunachal Pradesh,0,-0.2205865003656033,0.2583529072286565,1,0
39,Anjaw,Arunachal Pradesh,0,-0.2754705677326737,0.3107852905724371,1,0
40,Anjaw,Arunachal Pradesh,0,-0.2548840452600515,0.2867875606943734,1,0
41,Anjaw,Arunachal Pradesh,0,-0.2766144603900961,0.2734494833193258,1,0
42,Anjaw,Arunachal Pradesh,0,-0.2893498345883512,0.2798213632453304,1,0
43,Anjaw,Arunachal Pradesh,0,-0.3022348339322533,0.25491242946447,1,0
44,Anjaw,Arunachal Pradesh,0,-0.2755081180697761,0.2474647354342889,1,0
45,Anjaw,Arunachal Pradesh,0,-0.2981137750873504,0.262286351437574,1,0
46,Anjaw,Arunachal Pradesh,0,-0.2662404714551908,0.3021016517042979,1,0
47,Anjaw,Arunachal Pradesh,0,-0.3159153400254312,0.3004208497512035,1,0
48,Anjaw,Arunachal Pradesh,0,-0.2825678664575296,0.2540878700931557,1,0
49,Anjaw,Arunachal Pradesh,0,-0.2626037355874754,0.2374132510237519,1,0
50,Anjaw,Arunachal Pradesh,0,-0.1613615969360134,0.5238688347342277,1,0
51,Anjaw,Arunachal Pradesh,0,-0.2279006638958574,0.7064700009305472,1,0
52,Anjaw,Arunachal Pradesh,0,-0.1568903025252534,0.4521600046998382,1,0
53,Anjaw,Arunachal Pradesh,0,-0.1622636789021666,1.0204923147911982,1,0
54,Anjaw,Arunachal Pradesh,0,-0.1698418649177469,0.3614031626192551,1,0
55,Anjaw,Arunachal Pradesh,0,-0.2719255829438862,0.2495001894343127,1,0
56,Anjaw,Arunachal Pradesh,0,-0.1782600830519789,0.3031010810813244,1,0
57,Anjaw,Arunachal Pradesh,0,-0.2835971191083675,0.2921653732129958,1,0
58,Anjaw,Arunachal Pradesh,0,-0.2807702318690141,0.2660855470501927,1,0
59,Anjaw,Arunachal Pradesh,0,-0.208528448110725,0.2909070788759046,1,0
60,Anjaw,Arunachal Pradesh,0,-0.2468797436714517,0.2348522240699475,1,0
61,Anjaw,Arunachal Pradesh,0,-0.2786229655013788,0.2871047239750623,1,0
62,Anjaw,Arunachal Pradesh,0,-0.1191323190198702,1.1486267546700948,1,0
63,Anjaw,Arunachal Pradesh,0,-0.2062670852902107,0.7333110421397615,1,0
64,Anjaw,Arunachal Pradesh,0,-0.3467934522061648,0.2466900231558912,1,0
65,Anjaw,Arunachal Pradesh,0,-0.2844654026401999,0.2471910784399337,1,0
66,Anjaw,Arunachal Pradesh,0,-0.2778273919397658,0.2115373267500998,1,0
67,Anjaw,Arunachal Pradesh,0,-0.2957090434690287,0.2322538109328037,1,0
68,Anjaw,Arunachal Pradesh,0,-0.2634066024148229,0.2393810575707113,1,0
69,Anjaw,Arunachal Pradesh,0,-0.3505375274115168,0.2443717691857376,1,0
70,Anjaw,Arunachal Pradesh,0,-0.3411209539759414,0.2364430972550501,1,0
71,Anjaw,Arunachal Pradesh,0,-0.2883210791959608,0.2422649310819343,1,0
72,Anjaw,Arunachal Pradesh,0,-0.189721546620474,0.2702507429008249,1,0
73,Anjaw,Arunachal Pradesh,0,-0.2869485126749752,0.2633849601632199,1,0
74,Anjaw,Arunachal Pradesh,0,-0.3094031546616387,0.2675876727663929,1,0
75,Anjaw,Arunachal Pradesh,0,-0.2676556045966115,0.2571982282109699,1,0
76,Dibang Valley,Arunachal Pradesh,0,-0.2208407120171458,0.3439888230748683,1,0
77,Dibang Valley,Arunachal Pradesh,0,-0.2888417677167179,0.2939128877712642,1,0
78,Dibang Valley,Arunachal Pradesh,0,-0.2177412755871813,0.2282690898502976,1,0
79,Dibang Valley,Arunachal Pradesh,0,-0.2352345624600312,0.2494024117232152,1,0
80,Dibang Valley,Arunachal Pradesh,0,-0.2323710572516729,0.2051225761616138,1,0
81,Dibang Valley,Arunachal Pradesh,0,-0.1168846923977442,0.2395268754756196,1,0
82,Dibang Valley,Arunachal Pradesh,0,-0.2382250550501673,0.2172727310604636,1,0
83,Dibang Valley,Arunachal Pradesh,0,-0.1820261647124642,0.1858259762820292,1,0
84,Dibang Valley,Arunachal Pradesh,0,-0.2954514430538676,0.178074234474323,1,0
85,Dibang Valley,Arunachal Pradesh,0,-0.2146920265499375,0.2123024167429602,1,0
86,Dibang Valley,Arunachal Pradesh,0,-0.1377967602505891,0.3455073614146828,1,0
87,Dibang Valley,Arunachal Pradesh,0,-0.1212585502896263,0.3121945931591801,1,0
88,Dibang Valley,Arunachal Pradesh,0,-0.2196369858339504,0.2042772832565603,1,0
89,Dibang Valley,Arunachal Pradesh,0,-0.2194064155382152,0.1968695152093444,1,0
90,Dibang Valley,Arunachal Pradesh,0,-0.2311185823976733,0.2673083989664797,1,0
91,Dibang Valley,Arunachal Pradesh,0,-0.12565479132472,0.3180042125276475,1,0
92,Dibang Valley,Arunachal Pradesh,0,-0.1633838642454364,0.2765386708204259,1,0
93,Dibang Valley,Arunachal Pradesh,0,-0.116869588032868,0.2891235282308205,1,0
94,Dibang Valley,Arunachal Pradesh,0,-0.1138290388681607,0.2867426712106872,1,0
95,Dibang Valley,Arunachal Pradesh,0,-0.1831568182042773,0.2454212406670654,1,0
96,Dibang Valley,Arunachal Pradesh,0,-0.1643932732827075,0.2575791435534728,1,0
97,Dibang Valley,Arunachal Pradesh,0,-0.2379089445181126,0.220239428190805,1,0
98,Dibang Valley,Arunachal Pradesh,0,-0.1938386936415069,0.2920425411957194,1,0
99,Dibang Valley,Arunachal Pradesh,0,-0.2305538125452741,0.3288716787587752,1,0
100,Dibang Valley,Arunachal Pradesh,0,-0.2275317827152565,5.969435778567608,1,0
101,Dibang Valley,Arunachal Pradesh,0,-0.1735600682071001,0.3288125363538333,1,0
102,Dibang Valley,Arunachal Pradesh,0,-0.1704840060563789,0.3617289964646528,1,0
103,Dibang Valley,Arunachal Pradesh,0,-0.1525300965408694,0.2406861113011836,1,0
104,Dibang Valley,Arunachal Pradesh,0,-0.0968981773523514,0.8144386378945886,1,0
105,Dibang Valley,Arunachal Pradesh,0,-0.0769384839261835,0.9069199846310764,1,0
106,Dibang Valley,Arunachal Pradesh,0,-0.1246710262710937,0.4771865705868838,1,0
107,Dibang Valley,Arunachal Pradesh,0,-0.2846206542682334,0.3123960661934175,1,0
108,Dibang Valley,Arunachal Pradesh,0,-0.1717091970282609,0.215779362358848,1,0
109,Dibang Valley,Arunachal Pradesh,0,-0.290220116949935,0.2448331495322803,1,0
110,Dibang Valley,Arunachal Pradesh,0,-0.2285127317342484,0.2464183203826676,1,0
111,Dibang Valley,Arunachal Pradesh,0,-0.2915166987821979,0.2342418387319126,1,0
112,Dibang Valley,Arunachal Pradesh,0,-0.2364673108288904,0.2287600958957808,1,0
113,Dibang Valley,Arunachal Pradesh,0,-0.1317655375008237,0.7493087636558922,1,0
114,Dibang Valley,Arunachal Pradesh,0,-0.1661991999962191,0.2181850844325281,1,0
115,Dibang Valley,Arunachal Pradesh,0,-0.3405427423264198,0.2409535695061699,1,0
116,Dibang Valley,Arunachal Pradesh,0,-0.2280376840245168,0.2296192616157542,1,0
117,Dibang Valley,Arunachal Pradesh,0,-0.1855518839477223,0.2262150034859092,1,0
118,Dibang Valley,Arunachal Pradesh,0,-0.1663128270250866,0.2033379700507778,1,0
119,Dibang Valley,Arunachal Pradesh,0,-0.2154959029684009,0.2071051662382871,1,0
120,Dibang Valley,Arunachal Pradesh,0,-0.2805605948500147,0.2346154589058281,1,0
121,Dibang Valley,Arunachal Pradesh,0,-0.3194765579288555,0.2538001924094574,1,0
122,Dibang Valley,Arunachal Pradesh,0,-0.1323057682246635,0.2395397489733315,1,0
123,Dibang Valley,Arunachal Pradesh,0,-0.149538292350872,0.2421057561053289,1,0
124,Dibang Valley,Arunachal Pradesh,0,-0.1975144591995891,0.2458827879200591,1,0
125,Dibang Valley,Arunachal Pradesh,0,-0.1430865828662943,0.2282759887926057,1,0
126,Dibang Valley,Arunachal Pradesh,0,-0.2368508189844436,0.2380707139659565,1,0
127,Dibang Valley,Arunachal Pradesh,0,-0.349147792046826,0.2285743608502796,1,0
128,Dibang Valley,Arunachal Pradesh,0,-0.3373078150734306,0.1862662220094042,1,0
129,Dibang Valley,Arunachal Pradesh,0,-0.3068396876607731,0.4995814812530074,1,0
130,East Kameng,Arunachal Pradesh,0,-0.3078576464380069,0.2514120316339863,1,0
131,East Kameng,Arunachal Pradesh,0,-0.2758001205166929,0.242291895352246,1,0
132,East Kameng,Arunachal Pradesh,0,-0.2937248313125818,0.2536963001721435,1,0
133,East Kameng,Arunachal Pradesh,0,-0.2931183446474766,0.2497580633379593,1,0
134,East Kameng,Arunachal Pradesh,0,-0.2754327857649463,0.2272960726457655,1,0
135,East Kameng,Arunachal Pradesh,0,-0.2684272024085056,0.2240290268083636,1,0
136,East Kameng,Arunachal Pradesh,0,-0.2491077405532491,0.2463888918612636,1,0
137,East Kameng,Arunachal Pradesh,0,-0.2178059326560021,0.341334836346801,1,0
138,East Kameng,Arunachal Pradesh,0,-0.3249385234177279,0.294764148739149,1,0
139,East Kameng,Arunachal Pradesh,0,-0.2494477815928338,0.3362884749364745,1,0
140,East Kameng,Arunachal Pradesh,0,-0.2325462519900806,0.3448379655016793,1,0
141,East Kameng,Arunachal Pradesh,0,-0.303850289691306,0.2933286950821865,1,0
142,East Kameng,Arunachal Pradesh,0,-0.2368430376491691,0.2749056437558123,1,0
143,East Kameng,Arunachal Pradesh,0,-0.2977511653991432,0.3048537104376849,1,0
144,East Kameng,Arunachal Pradesh,0,-0.3013613879280233,0.2924552034557466,1,0
145,East Kameng,Arunachal Pradesh,0,-0.3147400964232182,0.3187844132605408,1,0
146,East Kameng,Arunachal Pradesh,0,-0.2804678051485294,0.290086112221082,1,0
147,East Kameng,Arunachal Pradesh,0,-0.2262649748007467,0.296982756876972,1,0
148,East Kameng,Arunachal Pradesh,0,-0.3279767916557891,0.2976583332485623,1,0
149,East Kameng,Arunachal Pradesh,0,-0.2848657691939106,0.2841144566167921,1,0
150,East Kameng,Arunachal Pradesh,0,-0.2790912956509874,0.3211427735286695,1,0
151,East Kameng,Arunachal Pradesh,0,-0.2794052036866624,0.3209101843502785,1,0
152,East Kameng,Arunachal Pradesh,0,-0.2698161561510443,0.3455022492860972,1,0
153,East Kameng,Arunachal Pradesh,0,-0.2592321851031464,0.3342188669064434,1,0
154,East Kameng,Arunachal Pradesh,0,-0.2675620063420011,0.3373576770672636,1,0
155,East Kameng,Arunachal Pradesh,0,-0.2262390019866878,0.3006505168692306,1,0
156,East Kameng,Arunachal Pradesh,0,-0.2835871841391005,0.3288407754964668,1,0
157,East Kameng,Arunachal Pradesh,0,-0.2694229945793617,0.336022434729225,1,0
158,East Kameng,Arunachal Pradesh,0,-0.2763824835334691,0.509723146822939,1,0
159,East Kameng,Arunachal Pradesh,0,-0.2364302522867894,0.317631032031316,1,0
160,East Kameng,Arunachal Pradesh,0,-0.3166906149281714,0.3311154947996678,1,0
161,East Kameng,Arunachal Pradesh,0,-0.2692915355670455,0.3042314785387781,1,0
162,East Kameng,Arunachal Pradesh,0,-0.2346195943650032,0.4226928057606945,1,0
163,East Kameng,Arunachal Pradesh,0,-0.3148746434064901,0.3069160115864703,1,0
164,East Kameng,Arunachal Pradesh,0,-0.2873435087650892,0.2753689117980807,1,0
165,East Kameng,Arunachal Pradesh,0,-0.1653291694867,0.3360975840016103,1,0
166,East Kameng,Arunachal Pradesh,0,-0.2983778828713063,0.2731655482600859,1,0
167,East Kameng,Arunachal Pradesh,0,-0.2710278684860502,0.2944438233804167,1,0
168,East Kameng,Arunachal Pradesh,0,-0.3003410997755821,0.2988706409997558,1,0
169,East Kameng,Arunachal Pradesh,0,-0.2584929171696887,0.3037293022225188,1,0
170,East Kameng,Arunachal Pradesh,0,-0.2068558721654122,0.6874879626463996,1,0
171,East Kameng,Arunachal Pradesh,0,-0.2590574818142999,0.3200185389089107,1,0
172,East Kameng,Arunachal Pradesh,0,-0.2024691743702839,0.3085245016157494,1,0
173,East Kameng,Arunachal Pradesh,0,-0.2014812919378424,0.3206633267261777,1,0
174,East Kameng,Arunachal Pradesh,0,-0.2698293495184754,0.2992987942250101,1,0
175,East Kameng,Arunachal Pradesh,0,-0.2638038349113684,0.3014194449451234,1,0
176,East Kameng,Arunachal Pradesh,0,-0.3006667657514291,0.3246737125850758,1,0
177,East Kameng,Arunachal Pradesh,0,-0.251499527030272,0.3275569898531575,1,0
178,Kra daadi,Arunachal Pradesh,0,-0.331097500307553,0.2289876349080572,1,0
179,Kra daadi,Arunachal Pradesh,0,-0.3131057485094914,0.2311232240174706,1,0
180,Kra daadi,Arunachal Pradesh,0,-0.3292426859965371,0.2388165184604355,1,0
181,Kra daadi,Arunachal Pradesh,0,-0.3282221731512906,0.2603039638495739,1,0
182,Kra daadi,Arunachal Pradesh,0,-0.3179388976260337,0.2095999267216013,1,0
183,Kra daadi,Arunachal Pradesh,0,-0.3388585606614357,0.2099556486120244,1,0
184,Kra daadi,Arunachal Pradesh,0,-0.3270804507289179,0.2286911369762377,1,0
185,Kra daadi,Arunachal Pradesh,0,-0.354409754402718,0.2715672599764306,1,0
186,Kra daadi,Arunachal Pradesh,0,-0.3295866675688337,0.2352651926693995,1,0
187,Kra daadi,Arunachal Pradesh,0,-0.293720057104065,0.248303773860445,1,0
188,Kra daadi,Arunachal Pradesh,0,-0.3398410398838736,0.2528462950388591,1,0
189,Kra daadi,Arunachal Pradesh,0,-0.301884684626558,0.287307831547794,1,0
190,Kra daadi,Arunachal Pradesh,0,-0.2819461789726363,0.2711705500032844,1,0
191,Kra daadi,Arunachal Pradesh,0,-0.2603722834804944,0.2808444169897198,1,0
192,Kra daadi,Arunachal Pradesh,0,-0.2910221655471839,0.2825545008953025,1,0
193,Kurung Kumey,Arunachal Pradesh,0,-0.2890384456140447,0.2134800667514569,1,0
194,Kurung Kumey,Arunachal Pradesh,0,-0.2959096178428109,0.2240114090117541,1,0
195,Kurung Kumey,Arunachal Pradesh,0,-0.2661194854097871,0.2402307049083551,1,0
196,Kurung Kumey,Arunachal Pradesh,0,-0.2648810948186484,0.2849694469571114,1,0
197,Kurung Kumey,Arunachal Pradesh,0,-0.30392551338537,0.23181834694548,1,0
198,Kurung Kumey,Arunachal Pradesh,0,-0.3307016683881271,0.1774400185839018,1,0
199,Kurung Kumey,Arunachal Pradesh,0,-0.323062967215168,0.1859301666141222,1,0
200,Kurung Kumey,Arunachal Pradesh,0,-0.2864892982354302,0.2406963107469897,1,0
201,Kurung Kumey,Arunachal Pradesh,0,-0.3143356612336717,0.2372200721699889,1,0
202,Kurung Kumey,Arunachal Pradesh,0,-0.2760082641236109,0.2813768907308842,1,0
203,Kurung Kumey,Arunachal Pradesh,0,-0.3305391710391412,0.2148132667261089,1,0
204,Kurung Kumey,Arunachal Pradesh,0,-0.3246037613616074,0.2194095652199647,1,0
205,Kurung Kumey,Arunachal Pradesh,0,-0.3368216205983296,0.1992689571972634,1,0
206,Kurung Kumey,Arunachal Pradesh,0,-0.2839907860836822,0.2789484562676055,1,0
207,Kurung Kumey,Arunachal Pradesh,0,-0.3179846785786089,0.2371391345680292,1,0
208,Kurung Kumey,Arunachal Pradesh,0,-0.3190188578105636,0.2578649325110431,1,0
209,Kurung Kumey,Arunachal Pradesh,0,-0.3306193266944736,0.2227765520688443,1,0
210,Kurung Kumey,Arunachal Pradesh,0,-0.3274116572026872,0.2622690353451706,1,0
211,Kurung Kumey,Arunachal Pradesh,0,-0.3181710722970404,0.2719032924149842,1,0
212,Kurung Kumey,Arunachal Pradesh,0,-0.3473850633436797,0.2473170756798097,1,0
213,Kurung Kumey,Arunachal Pradesh,0,-0.3252050484016091,0.25301159520275,1,0
214,Kurung Kumey,Arunachal Pradesh,0,-0.3122787905517121,0.224525526794424,1,0
215,Kurung Kumey,Arunachal Pradesh,0,-0.3530314899160894,0.2913479563121184,1,0
216,Kurung Kumey,Arunachal Pradesh,0,-0.3387655386347236,0.2758351725960359,1,0
217,Kurung Kumey,Arunachal Pradesh,0,-0.3376563122858476,0.2722054972929034,1,0
218,Kurung Kumey,Arunachal Pradesh,0,-0.2978487796836861,0.2348499093760443,1,0
219,Kurung Kumey,Arunachal Pradesh,0,-0.3324267898610807,0.2447569847273427,1,0
220,Kurung Kumey,Arunachal Pradesh,0,-0.3216145717060346,0.2408982323940936,1,0
221,Kurung Kumey,Arunachal Pradesh,0,-0.3442094064836533,0.2581681412781855,1,0
222,Kurung Kumey,Arunachal Pradesh,0,-0.2827226190708652,0.2684541219238484,1,0
223,Kurung Kumey,Arunachal Pradesh,0,-0.3166283336607308,0.287091649457515,1,0
224,Kurung Kumey,Arunachal Pradesh,0,-0.3313148725821056,0.2975415720907917,1,0
225,Kurung Kumey,Arunachal Pradesh,0,-0.3389071101387463,0.2860880370353939,1,0
226,Kurung Kumey,Arunachal Pradesh,0,-0.3320463611635887,0.2522026435440819,1,0
227,Kurung Kumey,Arunachal Pradesh,0,-0.3044617122058151,0.2201661130914656,1,0
228,Kurung Kumey,Arunachal Pradesh,0,-0.2821483928791391,0.228798688194725,1,0
229,Kurung Kumey,Arunachal Pradesh,0,-0.3022915363397747,0.230812620611514,1,0
230,Kurung Kumey,Arunachal Pradesh,0,-0.3301685085797284,0.2712994757026731,1,0
231,Kurung Kumey,Arunachal Pradesh,0,-0.3004956062234536,0.2927855025143989,1,0
232,Kurung Kumey,Arunachal Pradesh,0,-0.2999062569776196,0.2717830778291643,1,0
233,Kurung Kumey,Arunachal Pradesh,0,-0.2823914111826419,0.2601513477951981,1,0
234,Kurung Kumey,Arunachal Pradesh,0,-0.3174755349367871,0.2624603138281525,1,0
235,Kurung Kumey,Arunachal Pradesh,0,-0.2861147625839406,0.2527626196631876,1,0
236,Kurung Kumey,Arunachal Pradesh,0,-0.2907213723393669,0.292919931576607,1,0
237,Kurung Kumey,Arunachal Pradesh,0,-0.2902258649260013,0.3052817825269275,1,0
238,Kurung Kumey,Arunachal Pradesh,0,-0.256348892183225,0.3094684424194386,1,0
239,Kurung Kumey,Arunachal Pradesh,0,-0.28020726307088,0.3064511271158323,1,0
240,Kurung Kumey,Arunachal Pradesh,0,-0.2231842028213657,0.3364499254077004,1,0
241,Kurung Kumey,Arunachal Pradesh,0,-0.244577748858268,0.3263300054941273,1,0
242,Kurung Kumey,Arunachal Pradesh,0,-0.2323544181207349,0.3477771605660275,1,0
243,Kurung Kumey,Arunachal Pradesh,0,-0.3207086705631258,0.2440348445413123,1,0
244,Kurung Kumey,Arunachal Pradesh,0,-0.326729852291705,0.2572098598795817,1,0
245,Kurung Kumey,Arunachal Pradesh,0,-0.2892545057899073,0.2509590301267261,1,0
246,Kurung Kumey,Arunachal Pradesh,0,-0.2960960786748933,0.2849271689104823,1,0
247,Kurung Kumey,Arunachal Pradesh,0,-0.3059453725282964,0.2715798842012549,1,0
248,Kurung Kumey,Arunachal Pradesh,0,-0.2833715099026345,0.249544018050542,1,0
249,Kurung Kumey,Arunachal Pradesh,0,-0.212226943634245,0.3214443794651223,1,0
250,Kurung Kumey,Arunachal Pradesh,0,-0.3233559190290979,0.3324250020914607,1,0
251,Kurung Kumey,Arunachal Pradesh,0,-0.2136301692524283,0.3239611099825965,1,0
252,Kurung Kumey,Arunachal Pradesh,0,-0.2104422200704985,0.3189636636960494,1,0
253,Kurung Kumey,Arunachal Pradesh,0,-0.3020145562271892,0.283467081894912,1,0
254,Kurung Kumey,Arunachal Pradesh,0,-0.2943444635758425,0.3285929428830644,1,0
255,Kurung Kumey,Arunachal Pradesh,0,-0.2928135975343545,0.3580185194810231,1,0
256,Kurung Kumey,Arunachal Pradesh,0,-0.2563636654076487,0.27204911953888,1,0
257,Kurung Kumey,Arunachal Pradesh,0,-0.245456863270855,0.3032843593813627,1,0
258,Kurung Kumey,Arunachal Pradesh,0,-0.2778926146095024,0.2585627069153082,1,0
259,Kurung Kumey,Arunachal Pradesh,0,-0.3094966973646481,0.231191406475513,1,0
260,Kurung Kumey,Arunachal Pradesh,0,-0.2389083262199837,0.3673604998712793,1,0
261,Kurung Kumey,Arunachal Pradesh,0,-0.3236673914146862,0.2873870846872767,1,0
262,Kurung Kumey,Arunachal Pradesh,0,-0.2382210007959782,0.3565896512870002,1,0
263,Kurung Kumey,Arunachal Pradesh,0,-0.2661047362141183,0.2733240879890394,1,0
264,Kurung Kumey,Arunachal Pradesh,0,-0.243729626686748,0.3378789658320016,1,0
265,Kurung Kumey,Arunachal Pradesh,0,-0.3165054993809183,0.2729152648403454,1,0
266,Kurung Kumey,Arunachal Pradesh,0,-0.3419431623553366,0.2870050602675289,1,0
267,Kurung Kumey,Arunachal Pradesh,0,-0.26639784916817,0.3093572021456855,1,0
268,Kurung Kumey,Arunachal Pradesh,0,-0.30771517534926,0.2803162276977672,1,0
269,Kurung Kumey,Arunachal Pradesh,0,-0.2989142215824873,0.3019459848415798,1,0
270,Kurung Kumey,Arunachal Pradesh,0,-0.277512277506715,0.4537410568719529,1,0
271,Kurung Kumey,Arunachal Pradesh,0,-0.1784982249841518,0.3714001569057907,1,0
272,Kurung Kumey,Arunachal Pradesh,0,-0.300389802021366,0.3588464356637081,1,0
273,Kurung Kumey,Arunachal Pradesh,0,-0.2539533512935987,0.3026921637108479,1,0
274,Kurung Kumey,Arunachal Pradesh,0,-0.2630262771507227,0.5419851733033525,1,0
275,Kurung Kumey,Arunachal Pradesh,0,-0.2458687150887797,0.3448735665971391,1,0
276,Kurung Kumey,Arunachal Pradesh,0,-0.2886694954838046,0.7312472176882956,1,0
277,Kurung Kumey,Arunachal Pradesh,0,-0.1642325369149925,1.596492393396057,1,0
278,Kurung Kumey,Arunachal Pradesh,0,-0.197525441314704,1.3166059524221805,1,0
279,Kurung Kumey,Arunachal Pradesh,0,-0.3122168429517432,0.2764738659240777,1,0
280,Kurung Kumey,Arunachal Pradesh,0,-0.2616404178542663,0.2999166673153974,1,0
281,Kurung Kumey,Arunachal Pradesh,0,-0.1286916897637781,1.8754401831399825,1,0
282,Kurung Kumey,Arunachal Pradesh,0,-0.3208222169500572,0.2745528468601984,1,0
283,Kurung Kumey,Arunachal Pradesh,0,-0.284711729661558,0.2797121881395915,1,0
284,Kurung Kumey,Arunachal Pradesh,0,-0.2886458820308169,0.2789523282693389,1,0
285,Kurung Kumey,Arunachal Pradesh,0,-0.3252129147329201,0.4260873704042424,1,0
286,Kurung Kumey,Arunachal Pradesh,0,-0.2082187946854397,0.8173855184703258,1,0
287,Kurung Kumey,Arunachal Pradesh,0,-0.275467397079319,0.3083425689893393,1,0
288,Kurung Kumey,Arunachal Pradesh,0,-0.3010245484904141,0.2941992536270419,1,0
289,Kurung Kumey,Arunachal Pradesh,0,-0.2223155955717075,0.7199803167038478,1,0
290,Kurung Kumey,Arunachal Pradesh,0,-0.2811282744354214,0.3470578367373303,1,0
291,Kurung Kumey,Arunachal Pradesh,0,-0.2804028110947122,0.3351846693751541,1,0
292,Kurung Kumey,Arunachal Pradesh,0,-0.2286234467078791,0.2865149823330615,1,0
293,Kurung Kumey,Arunachal Pradesh,0,-0.2838379479228779,0.3458639561864474,1,0
294,Kurung Kumey,Arunachal Pradesh,0,-0.2560056838720831,0.2856642671276355,1,0
295,Kurung Kumey,Arunachal Pradesh,0,-0.2910952414272678,0.2765142277312649,1,0
296,Kurung Kumey,Arunachal Pradesh,0,-0.2964599570656101,0.3495130284205495,1,0
297,Kurung Kumey,Arunachal Pradesh,0,-0.2930843783068749,1.0522725672796536,1,0
298,Kurung Kumey,Arunachal Pradesh,0,-0.2064667318392033,0.8196196867782264,1,0
299,Kurung Kumey,Arunachal Pradesh,0,-0.276131120747651,0.3051284250623635,1,0
300,Kurung Kumey,Arunachal Pradesh,0,-0.3002509387287934,0.2382723569638713,1,0
301,Kurung Kumey,Arunachal Pradesh,0,-0.2902783379830269,0.3646784766720706,1,0
302,Kurung Kumey,Arunachal Pradesh,0,-0.2525515125914811,0.3305461376063568,1,0
303,Kurung Kumey,Arunachal Pradesh,0,-0.3152227955304421,0.2050073923431584,1,0
304,Kurung Kumey,Arunachal Pradesh,0,-0.2887069043090381,0.268570642947355,1,0
305,Kurung Kumey,Arunachal Pradesh,0,-0.2815273448088801,0.2844524873391557,1,0
306,Kurung Kumey,Arunachal Pradesh,0,-0.3067519707462425,0.2804720990541504,1,0
307,Kurung Kumey,Arunachal Pradesh,0,-0.3010257137696687,0.5061157535815585,1,0
308,Kurung Kumey,Arunachal Pradesh,0,-0.2886107749816798,0.2739921679422009,1,0
309,Kurung Kumey,Arunachal Pradesh,0,-0.3161305424715397,0.2813444446192847,1,0
310,Kurung Kumey,Arunachal Pradesh,0,-0.2825718741302022,0.248346489338622,1,0
311,Kurung Kumey,Arunachal Pradesh,0,-0.2574836114576984,0.3505539767199436,1,0
312,Kurung Kumey,Arunachal Pradesh,0,-0.2882545158431455,0.3108342620032477,1,0
313,Kurung Kumey,Arunachal Pradesh,0,-0.2862520461159586,0.2725304523575741,1,0
314,Kurung Kumey,Arunachal Pradesh,0,-0.2980399374741401,0.2612745637556867,1,0
315,Kurung Kumey,Arunachal Pradesh,0,-0.2922849011251403,0.2965772855881206,1,0
316,Kurung Kumey,Arunachal Pradesh,0,-0.2764958980961545,0.2666620198998563,1,0
317,Kurung Kumey,Arunachal Pradesh,0,-0.2792849324841515,0.3120898868930474,1,0
318,Kurung Kumey,Arunachal Pradesh,0,-0.2632566549254144,0.3134942689164232,1,0
319,Kurung Kumey,Arunachal Pradesh,0,-0.2594333526286262,0.326180635084653,1,0
320,Kurung Kumey,Arunachal Pradesh,0,-0.3120255059932935,0.3128271773957566,1,0
321,Kurung Kumey,Arunachal Pradesh,0,-0.2613175856604458,0.3211951682216271,1,0
322,Kurung Kumey,Arunachal Pradesh,0,-0.2702901785161835,0.3293759320263884,1,0
323,Kurung Kumey,Arunachal Pradesh,0,-0.3074922090412232,0.3076930851603294,1,0
324,Kurung Kumey,Arunachal Pradesh,0,-0.2931480077360348,0.3249719670468382,1,0
325,Kurung Kumey,Arunachal Pradesh,0,-0.2601762611495448,0.3021260228149078,1,0
326,Kurung Kumey,Arunachal Pradesh,0,-0.2742422399518842,0.2985479945675192,1,0
327,Kurung Kumey,Arunachal Pradesh,0,-0.2781249056474653,0.3072570646213272,1,0
328,Kurung Kumey,Arunachal Pradesh,0,-0.2409625948206882,0.3488978826041732,1,0
329,Kurung Kumey,Arunachal Pradesh,0,-0.3049956448525766,0.2911683406622744,1,0
330,Kurung Kumey,Arunachal Pradesh,0,-0.3103184585368629,0.2924841148235872,1,0
331,Kurung Kumey,Arunachal Pradesh,0,-0.254022687717619,0.3442287070883645,1,0
332,Kurung Kumey,Arunachal Pradesh,0,-0.2475497606015739,0.3580281170504736,1,0
333,Kurung Kumey,Arunachal Pradesh,0,-0.2981599734238309,0.2803469111012028,1,0
334,Kurung Kumey,Arunachal Pradesh,0,-0.2606598374705381,0.3564112639133829,1,0
335,Kurung Kumey,Arunachal Pradesh,0,-0.2613615908291237,0.3491461336746195,1,0
336,Kurung Kumey,Arunachal Pradesh,0,-0.2273569511868192,0.3925663986390689,1,0
337,Kurung Kumey,Arunachal Pradesh,0,-0.2040926079908065,0.3764974075999032,1,0
338,Kurung Kumey,Arunachal Pradesh,0,-0.2009937363174618,0.460073137945599,1,0
339,Kurung Kumey,Arunachal Pradesh,0,-0.3050782897955406,0.2838910459545952,1,0
340,Kurung Kumey,Arunachal Pradesh,0,-0.2976608765110853,0.3757838158797256,1,0
341,Kurung Kumey,Arunachal Pradesh,0,-0.3055872810733568,0.3159235501329282,1,0
342,Kurung Kumey,Arunachal Pradesh,0,-0.2975695088822625,0.2977648131052653,1,0
343,Kurung Kumey,Arunachal Pradesh,0,-0.2072917173728035,0.3829260519831567,1,0
344,Kurung Kumey,Arunachal Pradesh,0,-0.238006111208428,0.3985271523172936,1,0
345,Kurung Kumey,Arunachal Pradesh,0,-0.3411195022090552,0.2977226523562704,1,0
346,Kurung Kumey,Arunachal Pradesh,0,-0.273312879991298,0.2952623245315636,1,0
347,Kurung Kumey,Arunachal Pradesh,0,-0.2147690383330389,0.461882271568204,1,0
348,Kurung Kumey,Arunachal Pradesh,0,-0.254921260755992,0.2895216885809108,1,0
349,Kurung Kumey,Arunachal Pradesh,0,-0.2472918017223447,0.4194274385748037,1,0
350,Kurung Kumey,Arunachal Pradesh,0,-0.2528486863569466,0.3749888762085801,1,0
351,Kurung Kumey,Arunachal Pradesh,0,-0.2547618647680727,0.3393477372940786,1,0
352,Kurung Kumey,Arunachal Pradesh,0,-0.2625915618167744,0.4829468589894881,1,0
353,Kurung Kumey,Arunachal Pradesh,0,-0.2621804236613572,0.3573293681867521,1,0
354,Kurung Kumey,Arunachal Pradesh,0,-0.2662651279507007,0.3073885121871795,1,0
355,Kurung Kumey,Arunachal Pradesh,0,-0.2316656434871693,0.4385784284256143,1,0
356,Kurung Kumey,Arunachal Pradesh,0,-0.2366397597511443,0.2976174586091798,1,0
357,Kurung Kumey,Arunachal Pradesh,0,-0.3044634873215633,0.3129643026520223,1,0
358,Kurung Kumey,Arunachal Pradesh,0,-0.2702567334237008,0.3643719760527937,1,0
359,Kurung Kumey,Arunachal Pradesh,0,-0.2927237297439868,0.315616184327013,1,0
360,Kurung Kumey,Arunachal Pradesh,0,-0.2979760435939181,0.3495030060091308,1,0
361,Kurung Kumey,Arunachal Pradesh,0,-0.2498083120707178,0.3685546310411559,1,0
362,Kurung Kumey,Arunachal Pradesh,0,-0.2435161295506368,0.3890418059685651,1,0
363,Kurung Kumey,Arunachal Pradesh,0,-0.2755192758417589,0.3119753387998022,1,0
364,Kurung Kumey,Arunachal Pradesh,0,-0.2597891588592353,0.3308463222399055,1,0
365,Kurung Kumey,Arunachal Pradesh,0,-0.2477958154207867,0.3426424806981574,1,0
366,Kurung Kumey,Arunachal Pradesh,0,-0.2663501609574487,0.4005275331024585,1,0
367,Kurung Kumey,Arunachal Pradesh,0,-0.266149196180864,0.5031714615692178,1,0
368,Kurung Kumey,Arunachal Pradesh,0,-0.2475732223355819,0.352469479336458,1,0
369,Kurung Kumey,Arunachal Pradesh,0,-0.2667781366234611,0.3321227462844805,1,0
370,Kurung Kumey,Arunachal Pradesh,0,-0.2197829229914194,0.4095962935023837,1,0
371,Kurung Kumey,Arunachal Pradesh,0,-0.3182108632827212,0.319341121345161,1,0
372,Kurung Kumey,Arunachal Pradesh,0,-0.3124409943094404,0.3191184128711377,1,0
373,Kurung Kumey,Arunachal Pradesh,0,-0.3328482665688607,0.6084193340549193,1,0
374,Kurung Kumey,Arunachal Pradesh,0,-0.2514301558755272,0.5348402187311265,1,0
375,Kurung Kumey,Arunachal Pradesh,0,-0.3164646890867986,0.360128278075979,1,0
376,Kurung Kumey,Arunachal Pradesh,0,-0.2850716840572302,0.3023292534800043,1,0
377,Kurung Kumey,Arunachal Pradesh,0,-0.2903340169253725,0.3697599202759142,1,0
378,Kurung Kumey,Arunachal Pradesh,0,-0.305629783542241,0.3745076651998165,1,0
379,Kurung Kumey,Arunachal Pradesh,0,-0.3088900748771403,0.3692283304951116,1,0
380,Kurung Kumey,Arunachal Pradesh,0,-0.2601180258914344,0.3523323911394776,1,0
381,Kurung Kumey,Arunachal Pradesh,0,-0.2036614985339034,0.9274249231224662,1,0
382,Kurung Kumey,Arunachal Pradesh,0,-0.2318392306315236,0.6574004801389361,1,0
383,Kurung Kumey,Arunachal Pradesh,0,-0.2731784452592918,0.8992379039162138,1,0
384,Kurung Kumey,Arunachal Pradesh,0,-0.2869279564484482,0.378107076683524,1,0
385,Kurung Kumey,Arunachal Pradesh,0,-0.2184865553359599,0.3561585307649921,1,0
386,Kurung Kumey,Arunachal Pradesh,0,-0.3117735813376017,0.3714267130209399,1,0
387,Kurung Kumey,Arunachal Pradesh,0,-0.2493142942782547,0.4068740724523862,1,0
388,Kurung Kumey,Arunachal Pradesh,0,-0.2748447739965339,0.3148087521482201,1,0
389,Kurung Kumey,Arunachal Pradesh,0,-0.2164167343048783,0.3569675846232308,1,0
390,Kurung Kumey,Arunachal Pradesh,0,-0.3080578832627716,0.4662611304983529,1,0
391,Kurung Kumey,Arunachal Pradesh,0,-0.2956043203245349,0.3439936757287277,1,0
392,Kurung Kumey,Arunachal Pradesh,0,-0.2699287425950017,0.3536120395527946,1,0
393,Kurung Kumey,Arunachal Pradesh,0,-0.1773350183233081,0.7399388978878657,1,0
394,Kurung Kumey,Arunachal Pradesh,0,-0.2230497264214514,0.3523351786202855,1,0
395,Kurung Kumey,Arunachal Pradesh,0,-0.212739053500316,0.4151553626114365,1,0
396,Kurung Kumey,Arunachal Pradesh,0,-0.2203877028887688,0.4259574831743003,1,0
397,Kurung Kumey,Arunachal Pradesh,0,-0.1725714244815313,0.855680974464087,1,0
398,Kurung Kumey,Arunachal Pradesh,0,-0.2220026894082822,0.4074657371640205,1,0
399,Kurung Kumey,Arunachal Pradesh,0,-0.232839650184694,0.4464342554079161,1,0
400,Kurung Kumey,Arunachal Pradesh,0,-0.2542004084133563,0.3414873637616169,1,0
401,Kurung Kumey,Arunachal Pradesh,0,-0.2412076856527205,0.4534316962970657,1,0
402,Kurung Kumey,Arunachal Pradesh,0,-0.2718357331584677,0.3221653743633572,1,0
403,Lower Dibang,Arunachal Pradesh,0,-0.2865899984478435,0.2657862182566173,1,0
404,Lower Dibang,Arunachal Pradesh,0,-0.3277323239649807,0.2704858023640329,1,0
405,Lower Dibang,Arunachal Pradesh,0,-0.3222072171690029,0.2753453013975976,1,0
406,Upper Siang,Arunachal Pradesh,0,-0.27319668368612,0.2416200174425619,1,0
407,Upper Siang,Arunachal Pradesh,0,-0.3129060832415095,0.2541731017709567,1,0
408,Upper Siang,Arunachal Pradesh,0,-0.3014865686774824,0.2578430806860229,1,0
409,Upper Siang,Arunachal Pradesh,0,-0.2553680418071167,0.2266556334910013,1,0
410,Upper Siang,Arunachal Pradesh,0,-0.3295185006310047,0.2059072449043426,1,0
411,Upper Siang,Arunachal Pradesh,0,-0.3236161915028549,0.2139851871298418,1,0
412,Upper Siang,Arunachal Pradesh,0,-0.2428556131125331,0.2300393786895406,1,0
413,Upper Siang,Arunachal Pradesh,0,-0.2910758242092354,0.2238024256745184,1,0
414,Upper Siang,Arunachal Pradesh,0,-0.321183736820738,0.2220525548371353,1,0
415,Upper Siang,Arunachal Pradesh,0,-0.346491453778074,0.2953882767276449,1,0
416,Upper Siang,Arunachal Pradesh,0,-0.3001596248224121,0.2749513063698908,1,0
417,Upper Siang,Arunachal Pradesh,0,-0.315526774059747,0.2354781549702919,1,0
418,Upper Siang,Arunachal Pradesh,0,-0.3157144734027258,0.2361337036385641,1,0
419,Upper Siang,Arunachal Pradesh,0,-0.2817232336714284,0.2006288950625556,1,0
420,Upper Siang,Arunachal Pradesh,0,-0.3076442386194019,0.2366759859075481,1,0
421,Upper Siang,Arunachal Pradesh,0,-0.3082085315812772,0.2780789897656203,1,0
422,Upper Siang,Arunachal Pradesh,0,-0.2847520976158568,0.2175247803625819,1,0
423,Upper Siang,Arunachal Pradesh,0,-0.2532427419797342,0.2578318585369702,1,0
424,Upper Siang,Arunachal Pradesh,0,-0.2990331102488446,0.2172115412714717,1,0
425,Upper Siang,Arunachal Pradesh,0,-0.2736128415729048,0.2788913466324463,1,0
426,Upper Siang,Arunachal Pradesh,0,-0.3105809376314385,0.2173163546775266,1,0
427,Upper Siang,Arunachal Pradesh,0,-0.2480786680275781,0.2641409690192355,1,0
428,Upper Siang,Arunachal Pradesh,0,-0.2612864139793502,0.245073640773227,1,0
429,Upper Siang,Arunachal Pradesh,0,-0.3058001967705273,0.2418815425258848,1,0
430,Upper Subansiri,Arunachal Pradesh,0,-0.1453839818968819,0.2315733573025716,1,0
431,Upper Subansiri,Arunachal Pradesh,0,-0.173097871196233,0.2377883484555786,1,0
432,Upper Subansiri,Arunachal Pradesh,0,-0.2308758235936364,0.236448875973919,1,0
433,Upper Subansiri,Arunachal Pradesh,0,-0.2234233836492633,0.2124531957513697,1,0
434,Upper Subansiri,Arunachal Pradesh,0,-0.2653426695005779,0.2274934864503199,1,0
435,Upper Subansiri,Arunachal Pradesh,0,-0.2272179346426871,0.353108226710801,1,0
436,Upper Subansiri,Arunachal Pradesh,0,-0.2761967018720726,0.2229674092051703,1,0
437,Upper Subansiri,Arunachal Pradesh,0,-0.2445904956547613,0.2184004801557816,1,0
438,Upper Subansiri,Arunachal Pradesh,0,-0.2691523921902924,0.2087292353873236,1,0
439,Upper Subansiri,Arunachal Pradesh,0,-0.289746021615998,0.1945986967180028,1,0
440,Upper Subansiri,Arunachal Pradesh,0,-0.282728200795237,0.2036089562209306,1,0
441,Upper Subansiri,Arunachal Pradesh,0,-0.2778139442554317,0.2135908036004929,1,0
442,Upper Subansiri,Arunachal Pradesh,0,-0.2856752751148129,0.2082076832619051,1,0
443,Upper Subansiri,Arunachal Pradesh,0,-0.2019952672029819,0.1870093693445377,1,0
444,Upper Subansiri,Arunachal Pradesh,0,-0.2824845805970532,0.2160912458790081,1,0
445,Upper Subansiri,Arunachal Pradesh,0,-0.2574402529802,0.2035644006456989,1,0
446,Upper Subansiri,Arunachal Pradesh,0,-0.2475736239656333,0.1961541985427695,1,0
447,Upper Subansiri,Arunachal Pradesh,0,-0.275715872379332,0.1969444415229835,1,0
448,Upper Subansiri,Arunachal Pradesh,0,-0.2559675284577443,0.2235570864288846,1,0
449,Upper Subansiri,Arunachal Pradesh,0,-0.1973306871650292,0.2255955006663514,1,0
450,Upper Subansiri,Arunachal Pradesh,0,-0.2707976731447614,0.2125784427521632,1,0
451,Upper Subansiri,Arunachal Pradesh,0,-0.2627796917770644,0.2305121707112601,1,0
452,Upper Subansiri,Arunachal Pradesh,0,-0.2613186852870469,0.1975506446144198,1,0
453,Upper Subansiri,Arunachal Pradesh,0,-0.2646177036532243,0.2112893950985589,1,0
454,West Kameng,Arunachal Pradesh,0,-0.0813042749897803,1.839131700058936,1,0
455,West Kameng,Arunachal Pradesh,0,-0.2133053972823669,0.3936085940351313,1,0
456,West Kameng,Arunachal Pradesh,0,-0.2483773442805689,0.4536011616166469,1,0
457,West Kameng,Arunachal Pradesh,0,-0.1911544690477494,0.4427985470475895,1,0
458,West Kameng,Arunachal Pradesh,0,-0.1429086664824073,0.6804751180011224,1,0
459,West Kameng,Arunachal Pradesh,0,-0.2408930242230891,0.360072961359313,1,0
460,Chamoli,Uttarakhand,0,-0.0362964784149237,0.4849638083664525,1,0
461,Chamoli,Uttarakhand,0,-0.0162433227100624,0.5972747207342922,1,0
462,Chamoli,Uttarakhand,0,0.0651166177463526,0.5053897929321872,1,0
463,Chamoli,Uttarakhand,0,-0.0284710850325983,0.4128477380404601,1,0
464,Chamoli,Uttarakhand,0,0.0022080709666406,0.5120977286901123,1,0
465,Chamoli,Uttarakhand,0,-0.1550564429928702,0.3964414383914019,1,0
466,Chamoli,Uttarakhand,0,0.0003433166551016,0.4894886387762053,1,0
467,Chamoli,Uttarakhand,0,-0.1747200409001858,0.4808623148371344,1,0
468,Chamoli,Uttarakhand,0,-0.1397782537627756,0.4740324301655227,1,0
469,Chamoli,Uttarakhand,0,0.094964947813692,0.4695282266113927,1,0
470,Chamoli,Uttarakhand,0,0.0866034029762119,0.4817821940155008,1,0
471,Chamoli,Uttarakhand,0,-0.0231941719753939,0.5557785047039373,1,0
472,Chamoli,Uttarakhand,0,-0.0326287330945646,0.4727917960982946,1,0
473,Chamoli,Uttarakhand,0,-0.0260277163415744,0.6353317150663275,1,0
474,Chamoli,Uttarakhand,0,-0.022580838652702,0.4184018103174261,1,0
475,Chamoli,Uttarakhand,0,-0.0544396852486358,0.4649407274314555,1,0
476,Chamoli,Uttarakhand,0,-0.0143276193662462,0.4322312941088915,1,0
477,Chamoli,Uttarakhand,0,-0.1695662012062081,0.4221351232399811,1,0
478,Chamoli,Uttarakhand,0,0.0039796705599259,0.469771410425075,1,0
479,Chamoli,Uttarakhand,0,-0.0286150358161824,0.3909976400905705,1,0
480,Chamoli,Uttarakhand,0,-0.0120680864366335,2.600202609714517,1,0
481,Chamoli,Uttarakhand,0,-0.0465393461386129,0.6914592412862484,1,0
482,Chamoli,Uttarakhand,0,0.010769082923144,0.473567025039507,1,0
483,Chamoli,Uttarakhand,0,-0.0136568186228393,0.4739501772691374,1,0
484,Uttarkashi,Uttarakhand,0,0.0013286080730024,0.4723084615401453,1,0
485,Uttarkashi,Uttarakhand,0,0.0056705946297886,0.4648928208813662,1,0
486,Uttarkashi,Uttarakhand,0,-0.0324850410454868,0.4123552973439072,1,0
487,Uttarkashi,Uttarakhand,0,0.0578990623212298,0.4205175544682337,1,0
488,Uttarkashi,Uttarakhand,0,-0.0622589040546299,0.4517448608479197,1,0
489,Uttarkashi,Uttarakhand,0,0.1166910406094547,0.5249865422646205,1,0
490,Uttarkashi,Uttarakhand,0,-0.0135090091124567,0.4054463013749699,1,0
491,Uttarkashi,Uttarakhand,0,-0.0214379517673839,0.4053322557231475,1,0
492,Uttarkashi,Uttarakhand,0,-0.035962285183424,1.5239435566579058,1,0
493,Uttarkashi,Uttarakhand,0,-0.1799370797835375,0.5016485377174357,1,0
494,Uttarkashi,Uttarakhand,0,-0.2024244006296344,0.5001228761942446,1,0
495,Uttarkashi,Uttarakhand,0,-0.1405919271472722,2.1414491142655656,1,0
496,Uttarkashi,Uttarakhand,0,-0.1874701386156964,0.9971809849944168,1,0
497,Uttarkashi,Uttarakhand,0,-0.1851466819230568,0.4398345977326536,1,0
498,Uttarkashi,Uttarakhand,0,-0.0314909695854219,1.1115621423253317,1,0
499,Uttarkashi,Uttarakhand,0,0.0036548245202882,0.8639369394328144,1,0
500,Uttarkashi,Uttarakhand,0,0.0653993841371409,0.4326411398869116,1,0
501,Uttarkashi,Uttarakhand,0,0.0279901936333703,0.4254929225623997,1,0
502,Uttarkashi,Uttarakhand,0,-0.017741987959446,0.4473905170843992,1,0
503,Uttarkashi,Uttarakhand,0,-0.044973961959409,0.4320125902991697,1,0
504,Uttarkashi,Uttarakhand,0,-0.0385226963780735,0.4388646938467539,1,0
505,Uttarkashi,Uttarakhand,0,-0.1622055057781271,0.8139538422933427,1,0
506,Uttarkashi,Uttarakhand,0,0.0683701061407983,0.450488509096462,1,0
507,Uttarkashi,Uttarakhand,0,-0.2023602285393861,0.4087486580190668,1,0
508,Uttarkashi,Uttarakhand,0,-0.0809657159653967,0.5778342305318169,1,0
509,Uttarkashi,Uttarakhand,0,-0.112617740717662,0.3711038735026775,1,0
510,Uttarkashi,Uttarakhand,0,0.0646221393974693,0.3751985439511596,1,0
511,Uttarkashi,Uttarakhand,0,0.0148991578442597,0.4050634854149408,1,0
512,Uttarkashi,Uttarakhand,0,0.04331747055331,4.571371326300456,1,0
513,Uttarkashi,Uttarakhand,0,0.0501963830764937,3.6275493740008895,1,0
514,Tawang,Arunachal Pradesh,0,-0.1011440106423803,0.3776418177185122,1,0
515,Tawang,Arunachal Pradesh,0,-0.148541027187786,0.3826018539733357,1,0
516,Tawang,Arunachal Pradesh,0,-0.175321387467482,0.4960758517967181,1,0
517,Tawang,Arunachal Pradesh,0,-0.1613855329385346,0.3332370666118331,1,0
518,Tawang,Arunachal Pradesh,0,-0.1474648425980333,0.3685340084625593,1,0
519,Tawang,Arunachal Pradesh,0,-0.112368113264901,0.5808100262677643,1,0
520,Tawang,Arunachal Pradesh,0,-0.0994012984115479,0.3492517989894182,1,0
521,Tawang,Arunachal Pradesh,0,-0.1585556666662574,0.3692247856856733,1,0
522,Tawang,Arunachal Pradesh,0,-0.143331290862703,0.3793165616994529,1,0
523,Tawang,Arunachal Pradesh,0,-0.118087278951115,0.3974925620547894,1,0
524,Tawang,Arunachal Pradesh,0,-0.1234354498005349,0.3656268568833669,1,0
525,Tawang,Arunachal Pradesh,0,-0.1016759041910277,1.047565893633063,1,0
526,Tawang,Arunachal Pradesh,0,-0.1610435146148695,0.3482755499264804,1,0
527,Tawang,Arunachal Pradesh,0,-0.1678592671449805,0.3407867340833548,1,0
528,Tawang,Arunachal Pradesh,0,-0.1046050406899852,1.3283351974150903,1,0
529,Tawang,Arunachal Pradesh,0,-0.0629105192462942,0.3368401894789762,1,0
530,Tawang,Arunachal Pradesh,0,-0.1166362256937198,1.1481328871441314,1,0
531,Tawang,Arunachal Pradesh,0,-0.1477747760952249,0.4886633237069618,1,0
532,Tawang,Arunachal Pradesh,0,0.0116493784739429,0.3652472596611334,1,0
533,Tawang,Arunachal Pradesh,0,-0.1975127228650176,0.3643771333702596,1,0
534,Tawang,Arunachal Pradesh,0,-0.1960091580005152,0.3509465497161339,1,0
535,Tawang,Arunachal Pradesh,0,-0.0642986125664993,0.5240195507443818,1,0
536,Tawang,Arunachal Pradesh,0,-0.0131828508338028,0.76427523934496,1,0
537,Tawang,Arunachal Pradesh,0,-0.0419150037186175,0.3552496197959097,1,0
538,Tawang,Arunachal Pradesh,0,-0.1687246495019142,0.3563942003116179,1,0
539,Tawang,Arunachal Pradesh,0,0.063937999462101,0.6355945644805278,1,0
540,Tawang,Arunachal Pradesh,0,-0.0525738879676742,0.5496952567695226,1,0
541,Tawang,Arunachal Pradesh,0,-0.1088792588683908,0.2806261738478127,1,0
542,Tawang,Arunachal Pradesh,0,0.0593839374219007,0.7183964401151661,1,0
543,Tawang,Arunachal Pradesh,0,-0.0092834730732361,0.4981995418983425,1,0
544,Tawang,Arunachal Pradesh,0,0.0569299554244381,0.6373702133616798,1,0
545,Tawang,Arunachal Pradesh,0,0.0216821545071029,0.466429777861981,1,0
546,Tawang,Arunachal Pradesh,0,-0.1522233609730816,0.417143653256856,1,0
547,Tawang,Arunachal Pradesh,0,0.0281976125390712,0.6691032105887478,1,0
548,Tawang,Arunachal Pradesh,0,-0.0744247704022147,0.3446337799186664,1,0
549,Tawang,Arunachal Pradesh,0,-0.0931376014190414,0.5084606086131321,1,0
550,Tawang,Arunachal Pradesh,0,-0.1646305699265043,0.3166085476950397,1,0
551,Tawang,Arunachal Pradesh,0,-0.1116529454590901,0.4518531940562156,1,0
552,Tawang,Arunachal Pradesh,0,-0.1753073366933059,0.3193952957166135,1,0
553,Tawang,Arunachal Pradesh,0,-0.2089858520069255,0.4168736028976589,1,0
554,Tawang,Arunachal Pradesh,0,-0.091430213356549,0.3507841530448874,1,0
555,Tawang,Arunachal Pradesh,0,0.0269835201284509,0.4051206306054492,1,0
556,Tawang,Arunachal Pradesh,0,-0.0812108544297549,0.4160261473389296,1,0
557,Tawang,Arunachal Pradesh,0,-0.1587288401109525,1.1765100646605695,1,0
558,Tawang,Arunachal Pradesh,0,0.0579623313404884,0.5251275431069117,1,0
559,Tawang,Arunachal Pradesh,0,-0.070745117461916,0.4351990310408707,1,0
560,Tawang,Arunachal Pradesh,0,0.1210547044752005,0.3452960262386198,1,0
561,Tawang,Arunachal Pradesh,0,0.0331283786338207,0.462542373379745,1,0
562,Tawang,Arunachal Pradesh,0,-0.0659151106872316,0.4233715474872249,1,0
563,Tawang,Arunachal Pradesh,0,-0.0582722132295909,0.3188103300359572,1,0
564,Tawang,Arunachal Pradesh,0,-0.0614982356259101,0.4966017711281909,1,0
565,Tawang,Arunachal Pradesh,0,0.0413279555679336,0.4314283044311588,1,0
566,Tawang,Arunachal Pradesh,0,-0.1484213028758503,0.4041309252078592,1,0
567,Tawang,Arunachal Pradesh,0,-0.0046511579304198,0.396791852843601,1,0
568,Tawang,Arunachal Pradesh,0,-0.1171914309635048,0.3680753489844252,1,0
569,Tawang,Arunachal Pradesh,0,-0.1852966929541739,0.4053257176100809,1,0
570,Tawang,Arunachal Pradesh,0,-0.1270864647595878,0.270651599411237,1,0
571,Tawang,Arunachal Pradesh,0,-0.0433524886648151,0.3145768503348032,1,0
572,Tawang,Arunachal Pradesh,0,-0.1460715647772657,0.445534256266223,1,0
573,Tawang,Arunachal Pradesh,0,0.0802948788876558,0.4932290385513993,1,0
574,Tawang,Arunachal Pradesh,0,-0.1598960454558914,0.3712202330186431,1,0
575,Tawang,Arunachal Pradesh,0,-0.1216394869001345,0.390742912355152,1,0
576,Tawang,Arunachal Pradesh,0,-0.1686644792070394,0.5063135952504185,1,0
577,Tawang,Arunachal Pradesh,0,-0.2129749273913124,0.361043546669084,1,0
578,Tawang,Arunachal Pradesh,0,-0.0536889330795042,0.4104514257594924,1,0
579,Tawang,Arunachal Pradesh,0,-0.1385851585036383,0.9411870500445366,1,0
580,Tawang,Arunachal Pradesh,0,-0.1054793380373031,0.4194592305987499,1,0
581,Tawang,Arunachal Pradesh,0,0.069062566154624,0.486796294980579,1,0
582,Tawang,Arunachal Pradesh,0,-0.1760332269973634,0.5411487785773088,1,0
583,Tawang,Arunachal Pradesh,0,-0.2399663944779883,0.301318194132482,1,0
584,Tawang,Arunachal Pradesh,0,0.0344115101643139,0.423301426945506,1,0
585,Tawang,Arunachal Pradesh,0,-0.163082206505416,0.4599459431648788,1,0
586,Tawang,Arunachal Pradesh,0,-0.1450539513533522,0.622976053711006,1,0
587,Tawang,Arunachal Pradesh,0,-0.1046880327500036,0.4443703469753797,1,0
588,Tawang,Arunachal Pradesh,0,-0.1766286047854421,0.849998117960006,1,0
589,Tawang,Arunachal Pradesh,0,-0.1457770753466772,0.7874318644955071,1,0
590,Tawang,Arunachal Pradesh,0,-0.0950050517181991,0.4552547667688645,1,0
591,Tawang,Arunachal Pradesh,0,-0.150596786575949,0.6245899119710815,1,0
592,North,Sikkim,0,-0.2006855708258644,0.7681373639466013,1,0
593,North,Sikkim,0,-0.1981237687207845,0.4691657319949265,1,0
594,North,Sikkim,0,-0.1545353491792362,0.5239854287272612,1,0
595,North,Sikkim,0,-0.240250898292197,0.5311220056406585,1,0
596,North,Sikkim,0,-0.0375011121767502,0.453501297729318,1,0
597,North,Sikkim,0,0.1544511527337488,0.5926046506312098,1,0
598,North,Sikkim,0,-0.1192126273295159,0.5928811192241275,1,0
599,North,Sikkim,0,0.1477002175579996,0.4432467035991323,1,0
600,North,Sikkim,0,-0.0982906302161718,0.4847984244882192,1,0
601,North,Sikkim,0,-0.1345513526755586,0.7312722297789154,1,0
602,North,Sikkim,0,-0.0494842256319079,0.3457070168664013,1,0
603,North,Sikkim,0,-0.2052040040399183,0.5206376346979248,1,0
604,North,Sikkim,0,-0.0693427337136286,2.3016572355413114,1,0
605,North,Sikkim,0,-0.1813970886528357,0.928015471304823,1,0
606,North,Sikkim,0,-0.1771785201067459,0.7719224208073601,1,0
607,North,Sikkim,0,-0.1652210775949157,0.5881925715586626,1,0
608,North,Sikkim,0,-0.2078253336584963,0.4185935221443888,1,0
609,North,Sikkim,0,-0.2785952453426406,0.4059228886643686,1,0
610,North,Sikkim,0,-0.2213409012832484,0.480511516130119,1,0
611,North,Sikkim,0,-0.3018135677260947,0.6980054886027529,1,0
612,North,Sikkim,0,-0.1889244908360684,0.536805553344993,1,0
613,North,Sikkim,0,0.0177660433107415,0.3376118016619289,1,0
614,North,Sikkim,0,-0.2013978438481639,0.6917190457099484,1,0
615,North,Sikkim,0,-0.1059294576571022,0.9843794984254608,1,0
616,North,Sikkim,0,0.0274215700637701,0.354010528319307,1,0
617,North,Sikkim,0,-0.1732783064882682,0.319578603484463,1,0
618,North,Sikkim,0,-0.1398857316580062,0.7000299734345983,1,0
619,North,Sikkim,0,-0.0097959532863381,0.3997491515552712,1,0
620,North,Sikkim,0,-0.1573176144990019,0.3611608469137201,1,0
621,North,Sikkim,0,-0.19422438055857,0.3984778911686267,1,0
622,North,Sikkim,0,-0.216643077203655,0.4436371218467104,1,0
623,North,Sikkim,0,-0.1650315251352017,0.3894366829754921,1,0
624,North,Sikkim,0,0.1757027347690558,0.7294379429540772,1,0
625,North,Sikkim,0,-0.0998165171318815,0.319719391243528,1,0
626,North,Sikkim,0,-0.0408194568193834,0.364986864161921,1,0
627,North,Sikkim,0,-0.0401265587365623,0.3000046991751537,1,0
628,North,Sikkim,0,-0.1851930372374371,0.6132286962105019,1,0
629,North,Sikkim,0,-0.2725558094304913,0.4340994733845667,1,0
630,North,Sikkim,0,-0.0964128267952842,1.175491942701115,1,0
631,North,Sikkim,0,-0.1438173852198,1.1751564531602958,1,0
632,North,Sikkim,0,-0.2071239849867897,0.5202125220890813,1,0
633,North,Sikkim,0,-0.2173832694192932,0.5505152536955263,1,0
634,North,Sikkim,0,-0.1077384216278342,2.182059746210267,1,0
635,North,Sikkim,0,-0.1970908779503879,0.4892249104672918,1,0
636,North,Sikkim,0,-0.190236632426796,0.8003967944532632,1,0
637,North,Sikkim,0,0.007669199166354,0.3562500033469274,1,0
638,North,Sikkim,0,-0.2073548082669139,0.4288826596509715,1,0
639,North,Sikkim,0,0.0218765085671672,0.3788276009112926,1,0
640,North,Sikkim,0,-0.2271759783036328,0.4172328399458672,1,0
641,North,Sikkim,0,-0.1781607514359392,0.475201334062572,1,0
642,North,Sikkim,0,-0.2056539030025255,0.3945109442639723,1,0
643,North,Sikkim,0,-0.1708294510108258,0.481694692286408,1,0
644,North,Sikkim,0,-0.1969500497090089,0.3993558359673832,1,0
645,North,Sikkim,0,-0.1308197046905601,0.4853350082944248,1,0
646,North,Sikkim,0,-0.224501228097775,0.4627709255758422,1,0
647,North,Sikkim,0,-0.1516504114677384,0.5286496830947723,1,0
648,North,Sikkim,0,0.1850699643165572,0.6358931890775595,1,0
649,North,Sikkim,0,-0.2453960094515622,0.4255744867151675,1,0
650,North,Sikkim,0,-0.1876437223185412,0.4803036171245251,1,0
651,North,Sikkim,0,-0.2042513431226034,0.3910286864634953,1,0
652,North,Sikkim,0,-0.0806772014818505,4.358287128216803,1,0
653,North,Sikkim,0,-0.1956151317052741,0.4474613507746031,1,0
654,North,Sikkim,0,-0.2524609869926045,0.416186756254839,1,0
655,North,Sikkim,0,-0.1836906409873168,0.5961707677083793,1,0
656,North,Sikkim,0,-0.1387649949857028,0.4992438696198545,1,0
657,North,Sikkim,0,-0.169218585007185,0.6305812652439352,1,0
658,North,Sikkim,0,-0.201729410867192,0.4168965793004981,1,0
659,North,Sikkim,0,-0.0906616652073585,1.7465871224349196,1,0
660,North,Sikkim,0,-0.2140487583458952,0.407586232582013,1,0
661,North,Sikkim,0,-0.1372698033418035,0.6489742826502601,1,0
662,North,Sikkim,0,0.1444866051560905,0.3602159744640346,1,0
663,North,Sikkim,0,-0.1548478274559326,0.5091405939123483,1,0
664,North,Sikkim,0,-0.1620965673108774,0.4659112179735759,1,0
665,North,Sikkim,0,-0.292890301247013,0.3924795343274516,1,0
666,North,Sikkim,0,-0.2363642671864471,0.4336595780297415,1,0
667,North,Sikkim,0,-0.2357277412926105,0.4785917638727788,1,0
668,North,Sikkim,0,0.1289401884118542,0.3209940486461953,1,0
669,North,Sikkim,0,-0.1907829395197386,0.4391995547118826,1,0
670,North,Sikkim,0,-0.1510471171541572,0.4745432253872146,1,0
671,North,Sikkim,0,-0.2286041802620944,0.4123237167413418,1,0
672,North,Sikkim,0,-0.1959273282645661,0.4655959030436404,1,0
673,North,Sikkim,0,-0.1892307436212873,0.5566297235136682,1,0
674,North,Sikkim,0,-0.1230093679723595,0.6266944688207184,1,0
675,North,Sikkim,0,-0.1907892616414475,3.089608909186323,1,0
676,North,Sikkim,0,-0.185539397063254,1.2219532720076511,1,0
677,North,Sikkim,0,-0.2367141122572601,0.3644365450875326,1,0
678,North,Sikkim,0,-0.2065396953928026,0.4115469569220044,1,0
679,North,Sikkim,0,-0.1649569176368421,0.440559600968532,1,0
680,North,Sikkim,0,-0.2191286482462021,0.3589953456844031,1,0
681,North,Sikkim,0,-0.1529602560398051,0.4621073511023978,1,0
682,North,Sikkim,0,-0.1946655954334293,0.6812731609441907,1,0
683,North,Sikkim,0,-0.1350681300460591,0.3851176995005311,1,0
684,North,Sikkim,0,-0.1637072348734774,0.8814015347849239,1,0
685,Pithoragarh,Uttarakhand,0,-0.0866690912508968,0.8087532184894024,1,0
686,Pithoragarh,Uttarakhand,0,-0.0996449822075537,0.4595874516225935,1,0
687,Pithoragarh,Uttarakhand,0,-0.0556179106915858,0.49324526928349,1,0
688,Pithoragarh,Uttarakhand,0,-0.1698539767445263,0.5146879714294152,1,0
689,Pithoragarh,Uttarakhand,0,0.0153595514443146,0.6894810061182892,1,0
690,Pithoragarh,Uttarakhand,0,-0.1006337206601518,3.841922094023735,1,0
691,Pithoragarh,Uttarakhand,0,-0.0728148417186567,0.3768171822644015,1,0
692,Pithoragarh,Uttarakhand,0,-0.172874174174033,0.5265447373437409,1,0
693,Pithoragarh,Uttarakhand,0,-0.1640121408048911,0.5107818848834411,1,0
694,Pithoragarh,Uttarakhand,0,-0.1691017148568887,1.9517703094035224,1,0
695,Pithoragarh,Uttarakhand,0,-0.1216381889160387,1.2470130457767707,1,0
696,Pithoragarh,Uttarakhand,0,-0.1594511615846026,0.4911423102264966,1,0
697,Pithoragarh,Uttarakhand,0,0.0339684486840234,0.3783480964625792,1,0
698,Pithoragarh,Uttarakhand,0,-0.0670852477339593,0.3859126101684781,1,0
699,Pithoragarh,Uttarakhand,0,-0.1058644477005264,0.4935960982573992,1,0
700,Pithoragarh,Uttarakhand,0,-0.0616822970257521,1.496685758801817,1,0
701,Pithoragarh,Uttarakhand,0,-0.150708957511351,0.4819234938895115,1,0
702,Pithoragarh,Uttarakhand,0,-0.0851052608774178,0.6102697305605064,1,0
703,Pithoragarh,Uttarakhand,0,-0.0229720921997129,0.7100392849952505,1,0
704,Pithoragarh,Uttarakhand,0,-0.0904904744658218,0.4089892604855991,1,0
705,Pithoragarh,Uttarakhand,0,-0.0577036978569621,0.4249936502114733,1,0
706,Pithoragarh,Uttarakhand,0,-0.1026826996936007,0.417532152318639,1,0
707,Pithoragarh,Uttarakhand,0,-0.2525844651297885,0.4215857007552963,1,0
708,Pithoragarh,Uttarakhand,0,-0.2034215420540185,0.4454353452380237,1,0
709,Pithoragarh,Uttarakhand,0,-0.1688429656116188,0.5494863278255231,1,0
710,Pithoragarh,Uttarakhand,0,-0.0343211603874086,0.5255249202511716,1,0
711,Pithoragarh,Uttarakhand,0,-0.1344611579672164,0.4910779485044448,1,0
712,Pithoragarh,Uttarakhand,0,-0.1070628363389512,0.4372953653335572,1,0
713,Pithoragarh,Uttarakhand,0,-0.0679724715931959,0.4315010987501796,1,0
714,Pithoragarh,Uttarakhand,0,-0.1330982032107807,0.5338349835637403,1,0
715,Pithoragarh,Uttarakhand,0,0.0003485833737522,0.7356712281378242,1,0
716,Pithoragarh,Uttarakhand,0,-0.1072051316585271,0.4865802079768107,1,0
717,Pithoragarh,Uttarakhand,0,-0.0774043969409879,0.6083607037122253,1,0
718,Pithoragarh,Uttarakhand,0,-0.0377629154857676,0.5223165414238398,1,0
719,Pithoragarh,Uttarakhand,0,-0.158484279121909,0.5553123760744523,1,0
720,Pithoragarh,Uttarakhand,0,-0.0747698084027295,0.8127973560851051,1,0
721,Pithoragarh,Uttarakhand,0,-0.0743197838730914,0.4000128502034405,1,0
722,Pithoragarh,Uttarakhand,0,-0.2139428414855106,0.9370646631131406,1,0
723,Pithoragarh,Uttarakhand,0,-0.1239734957789412,0.6042075242871552,1,0
724,Pithoragarh,Uttarakhand,0,0.000617728587466,0.5224583782862374,1,0
725,Pithoragarh,Uttarakhand,0,-0.1608011041148329,1.1219134725508142,1,0
726,Pithoragarh,Uttarakhand,0,0.0050044713232017,1.6243035546843454,1,0
727,Pithoragarh,Uttarakhand,0,-0.1584000374973987,0.6151194293154642,1,0
728,Pithoragarh,Uttarakhand,0,-0.0605727174869844,0.3732817542540004,1,0
729,Pithoragarh,Uttarakhand,0,-0.1572929164620617,0.6501653981572798,1,0
730,Pithoragarh,Uttarakhand,0,-0.1253311161968273,0.7984605375512512,1,0
731,Pithoragarh,Uttarakhand,0,-0.0383789223050852,0.6062467412503065,1,0
732,Pithoragarh,Uttarakhand,0,-0.1232198649041752,0.5300254306655414,1,0
