village_id,village,district,block,state,is_core_sample,latitude,longitude,distance_to_border_km,village_source,district_verified,building_count,building_total_area_m2,building_mean_confidence
1,Upper Traflagam 266829,Anjaw,Unknown,Arunachal Pradesh,True,28.3500638,96.6336613,10.208156031306832,control (non-VVP),True,0,0.0,
2,Tarampa,Anjaw,Unknown,Arunachal Pradesh,True,28.3416126,96.6186283,11.259931743843367,control (non-VVP),True,2,31.28380012512207,0.7635999917984009
3,Matkrong,Anjaw,Unknown,Arunachal Pradesh,True,27.8559038,96.9824133,12.21174958433055,control (non-VVP),True,0,0.0,
4,Abochagan,Anjaw,Unknown,Arunachal Pradesh,True,28.3136489,96.6140466,14.385494242096671,control (non-VVP),True,52,3876.934196472168,0.8413230753861941
5,Khalega,Anjaw,Unknown,Arunachal Pradesh,True,28.2806477,96.5718641,17.389387120162088,control (non-VVP),True,34,1988.124626159668,0.8137529422255123
6,Shirong,Anjaw,Unknown,Arunachal Pradesh,True,27.903587,96.9409105,18.879751233480885,control (non-VVP),True,8,944.0500106811523,0.8553999960422516
7,Khampti Pani,Anjaw,Unknown,Arunachal Pradesh,True,27.9282865,96.9573301,20.07481274759241,control (non-VVP),True,24,2910.751979827881,0.8308833440144857
8,Xiao Madengliang,Anjaw,Unknown,Arunachal Pradesh,True,28.2208547,96.5152684,20.66721205919266,control (non-VVP),True,42,3873.748809814453,0.811976188705081
9,Tilam,Anjaw,Unknown,Arunachal Pradesh,True,28.1432798,97.0060273,21.122207787766506,control (non-VVP),True,0,0.0,
10,Minjong,Anjaw,Unknown,Arunachal Pradesh,True,27.9447015,96.9531849,21.775446122663485,control (non-VVP),True,0,0.0,
11,Jiliang,Anjaw,Unknown,Arunachal Pradesh,True,28.2187403,96.536865,21.785872271677064,control (non-VVP),True,24,3069.368793487549,0.8167166709899902
12,Walang,Anjaw,Unknown,Arunachal Pradesh,True,27.882509,96.8550641,21.853357578949343,control (non-VVP),True,12,1779.2014083862305,0.8555333316326141
13,Tinai,Anjaw,Unknown,Arunachal Pradesh,True,28.1383669,97.0271327,22.12939324344721,control (non-VVP),True,146,12096.705186843872,0.8176602737544334
14,Kalin,Anjaw,Unknown,Arunachal Pradesh,True,27.9654847,96.9709934,22.15837709115443,control (non-VVP),True,2,194.92039489746094,0.8378000259399414
15,Halla,Anjaw,Unknown,Arunachal Pradesh,True,27.9655372,96.962708,22.66191626116016,control (non-VVP),True,30,1998.352611541748,0.8129866639773051
16,Yashong Camp,Anjaw,Unknown,Arunachal Pradesh,True,27.9752592,96.9686698,23.166499666887443,control (non-VVP),True,24,2017.0704097747803,0.8295833269755045
17,Kaladun,Anjaw,Unknown,Arunachal Pradesh,True,27.9839219,96.9737606,23.672719201131454,control (non-VVP),True,2,393.5256042480469,0.8924999833106995
18,Menilkrai,Anjaw,Unknown,Arunachal Pradesh,True,28.1024223,97.0047561,25.56053181319565,control (non-VVP),True,150,19148.270721435547,0.8625520006815592
19,Sarti,Anjaw,Unknown,Arunachal Pradesh,True,28.0081411,96.9619129,26.55964309895621,control (non-VVP),True,52,4576.890802383423,0.8037346120064075
20,Tarafliang,Anjaw,Unknown,Arunachal Pradesh,True,28.1541848,96.5174198,27.7622677852453,control (non-VVP),True,82,7301.984485626221,0.8061439002432474
21,Chinagam,Anjaw,Unknown,Arunachal Pradesh,True,28.1625933,96.5530756,28.042568905542584,control (non-VVP),True,4,104.84219741821289,0.8187000155448914
22,Nilang,Anjaw,Unknown,Arunachal Pradesh,True,28.1764497,96.6564414,28.486893314419977,control (non-VVP),True,18,967.6430168151855,0.7955555518468221
23,Chipru,Anjaw,Unknown,Arunachal Pradesh,True,28.1503735,96.5374173,28.7529084694698,control (non-VVP),True,74,7759.268587112427,0.8282324365667395
24,Jiongming,Anjaw,Unknown,Arunachal Pradesh,True,28.0367462,96.9717952,28.828837329459443,control (non-VVP),True,16,1242.2506141662598,0.7976749986410141
25,Warti,Anjaw,Unknown,Arunachal Pradesh,True,28.0392081,96.9729224,29.015113460311976,control (non-VVP),True,16,1242.2506141662598,0.7976749986410141
26,Chareimna,Anjaw,Unknown,Arunachal Pradesh,True,28.1695789,96.6589609,29.05506117418188,control (non-VVP),True,18,1532.2514038085938,0.8240333331955804
27,Bringkong,Anjaw,Unknown,Arunachal Pradesh,True,28.1715853,96.6504862,29.235932788914383,control (non-VVP),True,14,512.802604675293,0.7905428494725909
28,Baligam,Anjaw,Unknown,Arunachal Pradesh,True,28.1433091,96.5356291,29.43782006027962,control (non-VVP),True,2,275.77099609375,0.7799000144004822
29,Sethi,Anjaw,Unknown,Arunachal Pradesh,True,28.055845,96.9797354,30.465233345920453,control (non-VVP),True,8,922.1562042236328,0.8117749989032745
30,Challang,Anjaw,Unknown,Arunachal Pradesh,True,28.1551886,96.6522501,30.782237092846348,control (non-VVP),True,14,944.1735916137695,0.8092428616115025
31,Matiliang 266674,Anjaw,Unknown,Arunachal Pradesh,True,28.1076072,96.445203,30.920931427207496,control (non-VVP),True,0,0.0,
32,Tololiang,Anjaw,Unknown,Arunachal Pradesh,True,28.1256641,96.547808,31.674637251537064,control (non-VVP),True,0,0.0,
33,Chamemla,Anjaw,Unknown,Arunachal Pradesh,True,28.1286743,96.5620271,31.85281522562808,control (non-VVP),True,0,0.0,
34,Bulimina,Anjaw,Unknown,Arunachal Pradesh,True,28.1406221,96.6583188,31.954247870225128,control (non-VVP),True,20,1539.6987867355347,0.8159599959850311
35,Hoiliang 266714,Anjaw,Unknown,Arunachal Pradesh,True,28.0981287,96.4478867,32.0053640309043,control (non-VVP),True,16,1602.7822341918945,0.8254749998450279
36,Tuboka,Anjaw,Unknown,Arunachal Pradesh,True,28.1222299,96.5542939,32.24772241518634,control (non-VVP),True,0,0.0,
37,Tikromna,Anjaw,Unknown,Arunachal Pradesh,True,28.1182382,96.5447809,32.358005180805385,control (non-VVP),True,4,407.93299865722656,0.8163500130176544
38,Adomla,Anjaw,Unknown,Arunachal Pradesh,True,28.1135364,96.5375112,32.63931418458326,control (non-VVP),True,14,980.1954040527344,0.8067285673958915
39,Tafraliang,Anjaw,Unknown,Arunachal Pradesh,True,28.0886403,96.4529695,33.153023601738646,control (non-VVP),True,68,7438.293897628784,0.8137676435358384
40,Paluliang,Anjaw,Unknown,Arunachal Pradesh,True,28.1167741,96.5706359,33.39289000170816,control (non-VVP),True,8,490.3654022216797,0.7815749943256378
41,Tikromla,Anjaw,Unknown,Arunachal Pradesh,True,28.0971168,96.5348369,34.31385251032624,control (non-VVP),True,16,1103.3223915100098,0.8365374952554703
42,Champhai,Anjaw,Unknown,Arunachal Pradesh,True,28.1085212,96.57408,34.3674923444699,control (non-VVP),True,0,0.0,
43,Chirang 266667,Anjaw,Unknown,Arunachal Pradesh,True,28.0684239,96.4069505,34.51581155631747,control (non-VVP),True,0,0.0,
44,Barafu,Anjaw,Unknown,Arunachal Pradesh,True,28.1017011,96.558488,34.52797727422521,control (non-VVP),True,62,6080.1531982421875,0.8254387090283055
45,Langum,Anjaw,Unknown,Arunachal Pradesh,True,28.1218659,96.6112899,34.76622900601115,control (non-VVP),True,2,438.0257873535156,0.8622000217437744
46,Khupa Village 266673,Anjaw,Unknown,Arunachal Pradesh,True,28.0771387,96.4736667,34.92083910596573,control (non-VVP),True,120,12340.449632644653,0.8261266718308131
47,Hayugam,Anjaw,Unknown,Arunachal Pradesh,True,28.0893566,96.5438268,35.3843601683056,control (non-VVP),True,14,1473.5920028686523,0.8074428524289813
48,Kalamdia,Anjaw,Unknown,Arunachal Pradesh,True,28.0994655,96.5765815,35.38966199183561,control (non-VVP),True,44,4796.394203186035,0.81744999777187
49,Khugam,Anjaw,Unknown,Arunachal Pradesh,True,28.0970181,96.5765587,35.64039244454056,control (non-VVP),True,44,4796.394203186035,0.81744999777187
50,Swami Camp,Anjaw,Unknown,Arunachal Pradesh,True,28.0761921,96.5004673,35.71663701514807,control (non-VVP),True,496,53998.916239738464,0.8230032257495388
51,Chameliang,Anjaw,Unknown,Arunachal Pradesh,True,28.081538,96.5395274,36.10070905223501,control (non-VVP),True,124,11887.827053070068,0.8210419377973003
52,Nenuliang,Anjaw,Unknown,Arunachal Pradesh,True,28.0695914,96.5025516,36.47740878026867,control (non-VVP),True,44,6849.057958602905,0.8289772759784352
53,Khupa Township,Anjaw,Unknown,Arunachal Pradesh,True,28.0654038,96.4926664,36.669653927690405,control (non-VVP),True,622,83977.61426353455,0.8337472677230835
54,Amliang,Anjaw,Unknown,Arunachal Pradesh,True,28.0586788,96.4688356,36.772239821896335,control (non-VVP),True,124,15919.352105140686,0.8221048414707184
55,Mompani,Anjaw,Unknown,Arunachal Pradesh,True,28.0513007,96.4415599,36.90022530314944,control (non-VVP),True,36,4630.7052364349365,0.8058222168021731
56,Langjon,Anjaw,Unknown,Arunachal Pradesh,True,28.053427,96.4586965,37.07185575220221,control (non-VVP),True,48,4161.262548446655,0.809529167910417
57,Thamptong 266699,Anjaw,Unknown,Arunachal Pradesh,True,28.0678982,96.519264,37.09174843787751,control (non-VVP),True,0,0.0,
58,Talang,Anjaw,Unknown,Arunachal Pradesh,True,28.0840788,96.5820921,37.17372787408739,control (non-VVP),True,2,35.053199768066406,0.7865999937057495
59,Mahikong,Anjaw,Unknown,Arunachal Pradesh,True,28.0544424,96.4828253,37.58834433224498,control (non-VVP),True,46,5026.993011474609,0.8298565252967502
60,Tepang,Anjaw,Unknown,Arunachal Pradesh,True,27.9688421,96.7188848,37.9259149195321,control (non-VVP),True,24,3010.5545959472656,0.8245416680971781
61,Blom,Anjaw,Unknown,Arunachal Pradesh,True,28.0783604,96.5876028,37.96428159431192,control (non-VVP),True,6,437.95938873291016,0.7947666645050049
62,布拉母哈岗,Anjaw,Unknown,Arunachal Pradesh,True,28.0669816,96.5559722,38.103619818542384,control (non-VVP),True,40,7177.409744262695,0.8288800090551376
63,Kamba,Anjaw,Unknown,Arunachal Pradesh,True,28.0665856,96.5608784,38.29061279666109,control (non-VVP),True,20,2706.479377746582,0.8268100023269653
64,Chillang,Anjaw,Unknown,Arunachal Pradesh,True,28.0356469,96.4227016,38.30913224271945,control (non-VVP),True,2,63.93320083618164,0.7918999791145325
65,Chingraliang 266703,Anjaw,Unknown,Arunachal Pradesh,True,28.0460551,96.4835718,38.5057562974661,control (non-VVP),True,4,382.4795913696289,0.8411999940872192
66,Mele 266697,Anjaw,Unknown,Arunachal Pradesh,True,28.0533163,96.5470204,39.31156367802646,control (non-VVP),True,0,0.0,
67,Karangliang,Anjaw,Unknown,Arunachal Pradesh,True,28.0328845,96.4619146,39.35483127096242,control (non-VVP),True,0,0.0,
68,Naraliang,Anjaw,Unknown,Arunachal Pradesh,True,28.0272329,96.4412739,39.516581462951535,control (non-VVP),True,2,182.643798828125,0.7940999865531921
69,Takaliang,Anjaw,Unknown,Arunachal Pradesh,True,28.0190688,96.4160791,40.05087119190448,control (non-VVP),True,8,938.475793838501,0.8096249997615814
70,Chiphugam 266713,Anjaw,Unknown,Arunachal Pradesh,True,28.0127703,96.4014324,40.608662519250345,control (non-VVP),True,0,0.0,
71,Khorlang,Anjaw,Unknown,Arunachal Pradesh,True,28.0257952,96.487329,40.77244573605165,control (non-VVP),True,4,207.15939712524414,0.8107500076293945
72,Tummla,Anjaw,Unknown,Arunachal Pradesh,True,28.0474659,96.582792,40.9916149981248,control (non-VVP),True,134,16184.313846588135,0.8213402993643462
73,Matong,Anjaw,Unknown,Arunachal Pradesh,True,28.0593901,96.6181031,41.1988576731284,control (non-VVP),True,0,0.0,
74,Paya,Anjaw,Unknown,Arunachal Pradesh,True,28.0083682,96.4228615,41.3081896196448,control (non-VVP),True,26,3746.3652153015137,0.8182538472689115
75,Supnung,Anjaw,Unknown,Arunachal Pradesh,True,28.0571961,96.6182474,41.42029518150113,control (non-VVP),True,10,785.3979949951172,0.7914000153541565
76,Bruini,Dibang Valley,Unknown,Arunachal Pradesh,True,29.1545325,96.1488625,4.739801400488968,control (non-VVP),True,0,0.0,
77,Andrala Omkar,Dibang Valley,Unknown,Arunachal Pradesh,True,29.0623725,95.6169709,12.5097504539976,control (non-VVP),True,0,0.0,
78,阿进,Dibang Valley,Unknown,Arunachal Pradesh,True,29.0685,96.0265797,14.471694450516267,control (non-VVP),True,0,0.0,
79,Mawu,Dibang Valley,Unknown,Arunachal Pradesh,True,29.0571162,96.0144078,15.67462930303044,control (non-VVP),True,2,58.62969970703125,0.8347000181674957
80,阿普衣,Dibang Valley,Unknown,Arunachal Pradesh,True,29.0043871,95.9701987,20.09789314478475,control (non-VVP),True,1,30.931900024414062,0.7896999716758728
81,Dambuen,Dibang Valley,Unknown,Arunachal Pradesh,True,28.931081,95.9752764,21.21593602485472,control (non-VVP),True,38,2578.9721174240112,0.8320710517858204
82,Basam,Dibang Valley,Unknown,Arunachal Pradesh,True,29.0406371,95.8135986,21.81207441458054,control (non-VVP),True,6,463.2021007537842,0.8530999918778738
83,Rilley,Dibang Valley,Unknown,Arunachal Pradesh,True,28.8599437,95.9809166,22.764206356793835,control (non-VVP),True,2,140.6493034362793,0.8574000000953674
84,dian,Dibang Valley,Unknown,Arunachal Pradesh,True,28.9488654,95.6849583,23.39036782499988,control (non-VVP),True,0,0.0,
85,埃巴尼,Dibang Valley,Unknown,Arunachal Pradesh,True,29.0173756,95.8081057,23.9627626264192,control (non-VVP),True,1,62.7318000793457,0.7638000249862671
86,Atalin,Dibang Valley,Unknown,Arunachal Pradesh,True,28.8368966,95.9659782,25.176539267310137,control (non-VVP),True,60,5772.46342086792,0.8208999981482824
87,Ahunli,Dibang Valley,Unknown,Arunachal Pradesh,True,28.8345474,95.9597204,25.83864178208416,control (non-VVP),True,111,10976.816504478455,0.8207720711424544
88,Abali,Dibang Valley,Unknown,Arunachal Pradesh,True,28.99724,95.8076255,26.034179785880767,control (non-VVP),True,2,174.40679931640625,0.7602500021457672
89,Beyanli,Dibang Valley,Unknown,Arunachal Pradesh,True,28.9959135,95.8079275,26.18250955105191,control (non-VVP),True,3,205.14799880981445,0.7660333315531412
90,Awalin,Dibang Valley,Unknown,Arunachal Pradesh,True,28.7056681,96.1699665,26.211338075489483,control (non-VVP),True,0,0.0,
91,Singo,Dibang Valley,Unknown,Arunachal Pradesh,True,28.8257925,95.9457494,27.496207989464107,control (non-VVP),True,19,1432.8299078941345,0.8102315852516576
92,Mihundo,Dibang Valley,Unknown,Arunachal Pradesh,True,28.829056,95.9393137,27.89030060387755,control (non-VVP),True,26,3249.533296585083,0.8089461532922891
93,Akolin,Dibang Valley,Unknown,Arunachal Pradesh,True,28.8236778,95.9416852,27.95640540054999,control (non-VVP),True,39,3352.8272156715393,0.8094256428571848
94,Ayongo,Dibang Valley,Unknown,Arunachal Pradesh,True,28.8230669,95.9418373,27.97493894289717,control (non-VVP),True,36,3163.2237153053284,0.8118722240130106
95,Ahunli,Dibang Valley,Unknown,Arunachal Pradesh,True,28.8140704,95.9419262,28.44828524069856,control (non-VVP),True,4,405.7697067260742,0.8153500109910965
96,Angulin,Dibang Valley,Unknown,Arunachal Pradesh,True,28.9748478,95.8112262,28.49318519693004,control (non-VVP),True,0,0.0,
97,Makuni,Dibang Valley,Unknown,Arunachal Pradesh,True,28.8221427,95.9310087,28.9594463116276,control (non-VVP),True,2,133.0733985900879,0.8689000010490417
98,Etabe,Dibang Valley,Unknown,Arunachal Pradesh,True,28.8079186,95.9351971,29.358010050916832,control (non-VVP),True,30,2934.3839960098267,0.8131666660308838
99,Baro,Dibang Valley,Unknown,Arunachal Pradesh,True,28.7934003,95.9284162,30.75864356991968,control (non-VVP),True,7,665.5352916717529,0.812328577041626
100,Apanli,Dibang Valley,Unknown,Arunachal Pradesh,True,28.6700204,96.1056557,31.29422934107572,control (non-VVP),True,2,58.716400146484375,0.807449996471405
101,Larango,Dibang Valley,Unknown,Arunachal Pradesh,True,28.7880718,95.918821,31.86607740091618,control (non-VVP),True,15,1299.5356950759888,0.8016666650772095
102,Amuli,Dibang Valley,Unknown,Arunachal Pradesh,True,28.7875753,95.9141519,32.28166853802251,control (non-VVP),True,19,1679.3890047073364,0.8036894704166212
103,Brango,Dibang Valley,Unknown,Arunachal Pradesh,True,28.9405604,95.8173923,32.29183869008044,control (non-VVP),True,14,1232.0524826049805,0.8149214259215763
104,Akunli,Dibang Valley,Unknown,Arunachal Pradesh,True,28.8111887,95.8962517,32.5355921450053,control (non-VVP),True,180,18937.93770980835,0.8465888887643814
105,Karu,Dibang Valley,Unknown,Arunachal Pradesh,True,28.8049354,95.8992688,32.587821958149284,control (non-VVP),True,46,4545.494595527649,0.8304217367068581
106,Tanga II,Dibang Valley,Unknown,Arunachal Pradesh,True,28.8136293,95.893295,32.67631994699575,control (non-VVP),True,137,15451.541198730469,0.8550416070179347
107,Akhunli,Dibang Valley,Unknown,Arunachal Pradesh,True,28.6685127,96.059513,32.993165287526374,control (non-VVP),True,1,14.85789966583252,0.8003000020980835
108,Maro,Dibang Valley,Unknown,Arunachal Pradesh,True,28.8314281,95.8735957,33.65500502664909,control (non-VVP),True,7,383.19040298461914,0.8076571311269488
109,Tapo,Dibang Valley,Unknown,Arunachal Pradesh,True,28.8150846,95.8784431,33.92158477451002,control (non-VVP),True,8,692.6387157440186,0.8078374937176704
110,Amboli,Dibang Valley,Unknown,Arunachal Pradesh,True,28.7782095,95.9006268,33.951810510469485,control (non-VVP),True,11,754.4940013885498,0.8093909133564342
111,Charkilo,Dibang Valley,Unknown,Arunachal Pradesh,True,28.8156575,95.8773093,33.996313730005284,control (non-VVP),True,8,692.6387157440186,0.8078374937176704
112,Maroli,Dibang Valley,Unknown,Arunachal Pradesh,True,28.8551403,95.8604802,34.02008814842359,control (non-VVP),True,16,1489.818992614746,0.827725000679493
113,Angulin,Dibang Valley,Unknown,Arunachal Pradesh,True,28.7972034,95.8857247,34.1570920023645,control (non-VVP),True,71,13358.180705923462,0.8332521143093915
114,Athunli,Dibang Valley,Unknown,Arunachal Pradesh,True,28.6575175,96.0218393,35.703524383599735,control (non-VVP),True,32,2917.4418992996216,0.8301750011742115
115,Anose,Dibang Valley,Unknown,Arunachal Pradesh,True,28.6322763,96.0147489,35.94683270524162,control (non-VVP),True,0,0.0,
116,恰帕,Dibang Valley,Unknown,Arunachal Pradesh,True,28.6587596,96.0107761,36.10892685686056,control (non-VVP),True,0,0.0,
117,Ilupu,Dibang Valley,Unknown,Arunachal Pradesh,True,28.7766747,95.8707591,36.53752328568139,control (non-VVP),True,39,3908.768618583679,0.8246871829032898
118,Alombro,Dibang Valley,Unknown,Arunachal Pradesh,True,28.8912928,95.8139536,37.44827678081757,control (non-VVP),True,3,209.8527946472168,0.8324666817982992
119,岷东,Dibang Valley,Unknown,Arunachal Pradesh,True,28.7733786,95.8573956,37.85177130688197,control (non-VVP),True,6,411.8514995574951,0.8116833368937174
120,昂里,Dibang Valley,Unknown,Arunachal Pradesh,True,28.6444365,95.9929441,38.360632618269065,control (non-VVP),True,15,872.1744041442871,0.8104066729545594
121,Aruko,Dibang Valley,Unknown,Arunachal Pradesh,True,28.6365123,96.0073067,38.42709422070483,control (non-VVP),True,2,142.75820350646973,0.8317500054836273
122,阿米里,Dibang Valley,Unknown,Arunachal Pradesh,True,28.3999197,95.9040857,39.043917134710846,control (non-VVP),True,104,6865.290000915527,0.8089384631468699
123,Ashambra,Dibang Valley,Unknown,Arunachal Pradesh,True,28.4083935,95.8960457,39.78552162439113,control (non-VVP),True,42,3445.15421295166,0.8140285667918977
124,Immli,Dibang Valley,Unknown,Arunachal Pradesh,True,28.7250516,95.8683257,39.89816301809222,control (non-VVP),True,2,192.4145050048828,0.8058499991893768
125,Koronli,Dibang Valley,Unknown,Arunachal Pradesh,True,28.4146922,95.8929454,40.07023852433401,control (non-VVP),True,20,1769.7800006866455,0.8248199880123138
126,柯委,Dibang Valley,Unknown,Arunachal Pradesh,True,28.7183921,95.8681743,40.35795197178727,control (non-VVP),True,4,433.72760009765625,0.812950000166893
127,鲁波,Dibang Valley,Unknown,Arunachal Pradesh,True,28.4499048,95.8843525,41.02762145083768,control (non-VVP),True,0,0.0,
128,Ichigo,Dibang Valley,Unknown,Arunachal Pradesh,True,28.5155155,95.8937841,41.32167078574314,control (non-VVP),True,2,267.8825988769531,0.798799991607666
129,Arope,Dibang Valley,Unknown,Arunachal Pradesh,True,28.6313227,95.9389968,42.48747530154613,control (non-VVP),True,21,4038.1478214263916,0.8195095232554844
130,Waing,East Kameng,Unknown,Arunachal Pradesh,True,27.7737215,92.9303658,28.808420130737865,control (non-VVP),True,2,97.48059844970703,0.7563999891281128
131,Saria Takhong,East Kameng,Unknown,Arunachal Pradesh,True,27.7461293,92.9324466,30.596867243551923,control (non-VVP),True,12,716.5784111022949,0.8163499931494395
132,Takung Sullung,East Kameng,Unknown,Arunachal Pradesh,True,27.737803,92.9545701,32.951598760424496,control (non-VVP),True,0,0.0,
133,Weigung Sullung,East Kameng,Unknown,Arunachal Pradesh,True,27.7282868,92.9780365,35.489345723754084,control (non-VVP),True,2,163.5402069091797,0.7666000127792358
134,Mechar,East Kameng,Unknown,Arunachal Pradesh,True,27.7792152,93.0216134,36.19220014344069,control (non-VVP),True,12,856.7437973022461,0.8656833271185557
135,Mechi,East Kameng,Unknown,Arunachal Pradesh,True,27.7740086,93.0208212,36.435710208882135,control (non-VVP),True,18,1155.006383895874,0.8384111126263937
136,Yakli,East Kameng,Unknown,Arunachal Pradesh,True,27.7643991,93.0211222,37.03298419591293,control (non-VVP),True,70,4681.172397613525,0.8295742937496731
137,Venia,East Kameng,Unknown,Arunachal Pradesh,True,27.7340861,93.0020799,37.180052358596086,control (non-VVP),True,22,1537.5786209106445,0.831636369228363
138,Veo,East Kameng,Unknown,Arunachal Pradesh,True,27.7219814,93.017386,39.18026752602492,control (non-VVP),True,0,0.0,
139,Kapa,East Kameng,Unknown,Arunachal Pradesh,True,27.6655139,92.9735655,39.40773498381321,control (non-VVP),True,10,441.6087951660156,0.8174199938774109
140,Chaling,East Kameng,Unknown,Arunachal Pradesh,True,27.66365,92.9723051,39.46081918358346,control (non-VVP),True,10,441.6087951660156,0.8174199938774109
141,Lamniya,East Kameng,Unknown,Arunachal Pradesh,True,27.7095829,93.0130663,39.54090859836912,control (non-VVP),True,34,2507.6961936950684,0.8244529471677893
142,Parte,East Kameng,Unknown,Arunachal Pradesh,True,27.689839,93.0024418,39.80447048442179,control (non-VVP),True,10,541.2716178894043,0.8225600004196167
143,Tabey,East Kameng,Unknown,Arunachal Pradesh,True,27.6122188,92.9122259,39.99774466973592,control (non-VVP),True,64,4596.290843963623,0.8050562478601933
144,Yacho,East Kameng,Unknown,Arunachal Pradesh,True,27.6396662,92.9601837,40.53666042307762,control (non-VVP),True,10,650.8017959594727,0.7916599988937378
145,Wagyang,East Kameng,Unknown,Arunachal Pradesh,True,27.6713461,93.0008935,40.980446902147314,control (non-VVP),True,6,472.18360137939453,0.8742000063260397
146,Nampe,East Kameng,Unknown,Arunachal Pradesh,True,27.6900524,93.018259,41.12206662038251,control (non-VVP),True,12,590.3401947021484,0.8338000078996023
147,Jomoh,East Kameng,Unknown,Arunachal Pradesh,True,27.6573981,92.9985809,41.82844426537984,control (non-VVP),True,98,7762.510185241699,0.8056367355950025
148,Hanche,East Kameng,Unknown,Arunachal Pradesh,True,27.7421636,93.0637776,41.93292929038523,control (non-VVP),True,2,100.13400268554688,0.8048999905586243
149,Byale,East Kameng,Unknown,Arunachal Pradesh,True,27.7356495,93.0675738,42.63914939786015,control (non-VVP),True,30,1723.9694023132324,0.8385466694831848
150,Waii,East Kameng,Unknown,Arunachal Pradesh,True,27.5965694,92.9464187,43.36805820629529,control (non-VVP),True,88,8464.44375038147,0.8136749985543165
151,Namta Yangfo,East Kameng,Unknown,Arunachal Pradesh,True,27.7018661,93.0532147,43.38193597017538,control (non-VVP),True,16,982.991397857666,0.8286250084638596
152,Lapung,East Kameng,Unknown,Arunachal Pradesh,True,27.5627371,92.8898001,43.56340878215714,control (non-VVP),True,16,1024.302589416504,0.8210249990224838
153,Bodo,East Kameng,Unknown,Arunachal Pradesh,True,27.680324,93.0406964,43.58582808883735,control (non-VVP),True,26,1842.120979309082,0.8370923170676599
154,Jokhio,East Kameng,Unknown,Arunachal Pradesh,True,27.6531478,93.0282798,44.345881287237766,control (non-VVP),True,80,5254.189210891724,0.8139424994587898
155,Sawa,East Kameng,Unknown,Arunachal Pradesh,True,27.6833826,93.0522114,44.37900635323837,control (non-VVP),True,242,18486.2804107666,0.8444140474658367
156,Tungi,East Kameng,Unknown,Arunachal Pradesh,True,27.674452,93.0461713,44.39177806986576,control (non-VVP),True,54,3972.337028503418,0.8342000003214236
157,Bengde,East Kameng,Unknown,Arunachal Pradesh,True,27.6619285,93.0379357,44.46874619346225,control (non-VVP),True,40,2632.8615913391113,0.8165149986743927
158,Pangia,East Kameng,Unknown,Arunachal Pradesh,True,27.633391,93.0158758,44.88700945558452,control (non-VVP),True,28,2491.39200592041,0.8236428626946041
159,Kapak Leyak Docha,East Kameng,Unknown,Arunachal Pradesh,True,27.5303152,92.8464486,45.07935601529687,control (non-VVP),True,66,5302.958980560303,0.81572727542935
160,Jattom Sollung,East Kameng,Unknown,Arunachal Pradesh,True,27.7610472,93.1233315,45.52894522093924,control (non-VVP),True,42,2873.020820617676,0.8441142837206522
161,Krema Pao,East Kameng,Unknown,Arunachal Pradesh,True,27.6579303,93.0508089,45.750519494240194,control (non-VVP),True,94,6117.877397537231,0.8248574454733666
162,Khenawa,East Kameng,Unknown,Arunachal Pradesh,True,27.6180869,93.016777,46.12843128494904,control (non-VVP),True,200,22876.944061279297,0.8186590003967286
163,Tagampu Sollung,East Kameng,Unknown,Arunachal Pradesh,True,27.7343114,93.1143115,46.50540156670997,control (non-VVP),True,8,600.0621814727783,0.8296000063419342
164,Norang,East Kameng,Unknown,Arunachal Pradesh,True,27.5824001,92.9783276,46.53440226970117,control (non-VVP),True,14,713.3458023071289,0.8063857129641941
165,Margingia Camp,East Kameng,Unknown,Arunachal Pradesh,True,27.631307,93.0389871,46.72768006177675,control (non-VVP),True,218,17671.276861190796,0.8210082546286627
166,Tarawa Yangfo,East Kameng,Unknown,Arunachal Pradesh,True,27.7267073,93.1157187,47.12625814259949,control (non-VVP),True,28,1915.5696258544922,0.8514571402754102
167,Pordung,East Kameng,Unknown,Arunachal Pradesh,True,27.6065455,93.0184293,47.150571405851686,control (non-VVP),True,30,2349.788003921509,0.8033800005912781
168,Keyang,East Kameng,Unknown,Arunachal Pradesh,True,27.7303152,93.1297477,47.99146668996831,control (non-VVP),True,38,2573.2257900238037,0.8292894708482843
169,Kamke,East Kameng,Unknown,Arunachal Pradesh,True,27.6740303,93.089903,48.10858079900222,control (non-VVP),True,44,2718.3776054382324,0.8333045460961082
170,Bameng,East Kameng,Unknown,Arunachal Pradesh,True,27.5435197,92.9483413,48.31642452509473,control (non-VVP),True,276,28016.073600769043,0.8152731885944587
171,Killo,East Kameng,Unknown,Arunachal Pradesh,True,27.685517,93.1001025,48.35318148630564,control (non-VVP),True,38,2370.219409942627,0.8221631583414579
172,Mangfi Mangam,East Kameng,Unknown,Arunachal Pradesh,True,27.6440742,93.0724919,48.392638431502654,control (non-VVP),True,136,10992.694395065308,0.8330000007853788
173,Nari Camp,East Kameng,Unknown,Arunachal Pradesh,True,27.6463432,93.0774393,48.677497437885805,control (non-VVP),True,124,13466.511751174927,0.8330000004460735
174,Yangfo,East Kameng,Unknown,Arunachal Pradesh,True,27.7351995,93.144567,48.866778809306034,control (non-VVP),True,92,7847.654895782471,0.8489282610623733
175,Rebe,East Kameng,Unknown,Arunachal Pradesh,True,27.6978845,93.1212163,49.3862257923554,control (non-VVP),True,76,5423.664365768433,0.8172552679714403
176,Bosu Camp,East Kameng,Unknown,Arunachal Pradesh,True,27.655767,93.0931091,49.44864618048417,control (non-VVP),True,24,1726.6752014160156,0.825133333603541
177,Domdila Tajo,East Kameng,Unknown,Arunachal Pradesh,True,27.6694255,93.1075453,49.86757546501422,control (non-VVP),True,88,7953.496435165405,0.8536931791088798
178,Chome,Kra daadi,Unknown,Arunachal Pradesh,True,28.1503359,93.5386063,38.70554999309764,control (non-VVP),True,8,480.0677909851074,0.8053999990224838
179,Raha,Kra daadi,Unknown,Arunachal Pradesh,True,28.1361584,93.5375846,39.50271163222105,control (non-VVP),True,48,3723.8637647628784,0.8261583348115286
180,Nikbia,Kra daadi,Unknown,Arunachal Pradesh,True,28.1267124,93.561505,42.03044209811645,control (non-VVP),True,22,1469.4441833496094,0.8084636330604553
181,Biya,Kra daadi,Unknown,Arunachal Pradesh,True,28.1035778,93.5745502,44.55838696481046,control (non-VVP),True,42,2913.9248275756836,0.8205809508051191
182,海马西,Kra daadi,Unknown,Arunachal Pradesh,True,28.2122563,93.6474944,45.41824863990996,control (non-VVP),True,22,1925.2975807189941,0.8277000026269392
183,Neorum,Kra daadi,Unknown,Arunachal Pradesh,True,28.1946749,93.6465911,45.98565409524642,control (non-VVP),True,2,249.62660217285156,0.8460000157356262
184,Korapu,Kra daadi,Unknown,Arunachal Pradesh,True,28.1693463,93.6556686,47.866969739768685,control (non-VVP),True,38,3708.672580718994,0.833852629912527
185,Dongmar Langpu,Kra daadi,Unknown,Arunachal Pradesh,True,28.1625815,93.6543169,48.049304595056384,control (non-VVP),True,18,1890.9604148864746,0.8362555371390449
186,Raba Karsang,Kra daadi,Unknown,Arunachal Pradesh,True,28.1380163,93.6578323,49.54112017283783,control (non-VVP),True,14,966.5428009033203,0.8081428578921727
187,Pipsorang,Kra daadi,Unknown,Arunachal Pradesh,True,28.1542122,93.6754322,50.32113443595387,control (non-VVP),True,142,15753.96583366394,0.8452563394962902
188,Samba Karsang,Kra daadi,Unknown,Arunachal Pradesh,True,28.1421137,93.6699491,50.403600823355866,control (non-VVP),True,12,782.8767929077148,0.8154000043869019
189,Lungba,Kra daadi,Unknown,Arunachal Pradesh,True,28.0563852,93.6123875,50.68892085304349,control (non-VVP),True,0,0.0,
190,Barbia,Kra daadi,Unknown,Arunachal Pradesh,True,28.0190623,93.587875,51.595167768399534,control (non-VVP),True,2,385.2048034667969,0.8438000082969666
191,Sangyo,Kra daadi,Unknown,Arunachal Pradesh,True,28.0739291,93.639461,51.65878822091823,control (non-VVP),True,0,0.0,
192,Yame,Kra daadi,Unknown,Arunachal Pradesh,True,28.0522324,93.6242896,51.89243002350344,control (non-VVP),True,6,665.6029968261719,0.8209999799728394
193,Furak,Kurung Kumey,Unknown,Arunachal Pradesh,True,28.1295763,93.2446185,23.644251699452592,control (non-VVP),True,6,243.2249984741211,0.8082333207130432
194,Terreline,Kurung Kumey,Unknown,Arunachal Pradesh,True,28.1411574,93.3572171,26.51802186153796,control (non-VVP),True,0,0.0,
195,Terik,Kurung Kumey,Unknown,Arunachal Pradesh,True,28.1291371,93.339988,26.77954567696128,control (non-VVP),True,6,346.4971923828125,0.7862333257993063
196,Tikla,Kurung Kumey,Unknown,Arunachal Pradesh,True,28.1115397,93.3098102,27.28139338097069,control (non-VVP),True,82,6481.6368408203125,0.8179073202900771
197,Nayapuk,Kurung Kumey,Unknown,Arunachal Pradesh,True,28.1297215,93.3536247,27.39755940715146,control (non-VVP),True,0,0.0,
198,帕普,Kurung Kumey,Unknown,Arunachal Pradesh,True,28.1632499,93.405407,27.60392116681208,control (non-VVP),True,0,0.0,
199,Sayang,Kurung Kumey,Unknown,Arunachal Pradesh,True,28.1575101,93.4060193,28.10214916095901,control (non-VVP),True,4,50.13479995727539,0.8017999827861786
200,Hagra,Kurung Kumey,Unknown,Arunachal Pradesh,True,28.0961261,93.2908666,28.286611791674424,control (non-VVP),True,4,267.9194030761719,0.8073500096797943
201,哈德,Kurung Kumey,Unknown,Arunachal Pradesh,True,28.1661506,93.419094,28.34298124436513,control (non-VVP),True,0,0.0,
202,Putong,Kurung Kumey,Unknown,Arunachal Pradesh,True,28.1031564,93.3259013,28.747518787759585,control (non-VVP),True,46,4925.372526168823,0.8461086931435958
203,Tarla,Kurung Kumey,Unknown,Arunachal Pradesh,True,28.1131762,93.3533548,28.96445497287652,control (non-VVP),True,2,50.64419937133789,0.7986999750137329
204,Kelong,Kurung Kumey,Unknown,Arunachal Pradesh,True,28.1556657,93.4203969,29.23949044212164,control (non-VVP),True,6,92.53939819335938,0.7736333211263021
205,Sareng,Kurung Kumey,Unknown,Arunachal Pradesh,True,28.1433941,93.4071107,29.32352059865547,control (non-VVP),True,10,699.7903900146484,0.8137799978256226
206,Chera,Kurung Kumey,Unknown,Arunachal Pradesh,True,28.105217,93.352456,29.69292920662148,control (non-VVP),True,4,436.5278015136719,0.8113000094890594
207,Nayap,Kurung Kumey,Unknown,Arunachal Pradesh,True,28.1058646,93.3579216,29.890658452078466,control (non-VVP),True,2,254.1208038330078,0.8385000228881836
208,Sitam,Kurung Kumey,Unknown,Arunachal Pradesh,True,28.0986373,93.3539313,30.40360630101741,control (non-VVP),True,10,771.6991920471191,0.7733999967575074
209,Hiniyum,Kurung Kumey,Unknown,Arunachal Pradesh,True,28.127374,93.403807,30.464343482992355,control (non-VVP),True,0,0.0,
210,Cheya,Kurung Kumey,Unknown,Arunachal Pradesh,True,28.0965707,93.3537616,30.597999096369417,control (non-VVP),True,16,1136.0547904968262,0.7839625030755997
211,Lubupa,Kurung Kumey,Unknown,Arunachal Pradesh,True,28.0922288,93.3535062,31.012561168714097,control (non-VVP),True,18,1441.6042022705078,0.8118555612034268
212,Bamo,Kurung Kumey,Unknown,Arunachal Pradesh,True,28.0971546,93.3686732,31.254154202601,control (non-VVP),True,0,0.0,
213,Dania,Kurung Kumey,Unknown,Arunachal Pradesh,True,28.1225512,93.411611,31.36375991835551,control (non-VVP),True,28,2078.740240097046,0.8518142827919551
214,Hala,Kurung Kumey,Unknown,Arunachal Pradesh,True,28.1166163,93.416693,32.188850811278364,control (non-VVP),True,0,0.0,
215,Pilpu,Kurung Kumey,Unknown,Arunachal Pradesh,True,28.0798871,93.3655125,32.77271304001295,control (non-VVP),True,8,578.8078079223633,0.8222000151872635
216,Goa,Kurung Kumey,Unknown,Arunachal Pradesh,True,28.0881033,93.3835385,32.86599086613841,control (non-VVP),True,4,426.4031982421875,0.7885999977588654
217,Omla,Kurung Kumey,Unknown,Arunachal Pradesh,True,28.0789469,93.3730704,33.22055553315639,control (non-VVP),True,2,202.49620056152344,0.8141000270843506
218,Meruk,Kurung Kumey,Unknown,Arunachal Pradesh,True,28.0723991,93.3604476,33.279858619395576,control (non-VVP),True,0,0.0,
219,Nampe,Kurung Kumey,Unknown,Arunachal Pradesh,True,28.0957497,93.4106276,33.64910123388011,control (non-VVP),True,16,1144.3621921539307,0.7982250079512596
220,Dogwa,Kurung Kumey,Unknown,Arunachal Pradesh,True,28.0967706,93.4122381,33.6519244414456,control (non-VVP),True,16,1144.3621921539307,0.7982250079512596
221,Mariangha,Kurung Kumey,Unknown,Arunachal Pradesh,True,28.0768186,93.3779326,33.66090017580559,control (non-VVP),True,10,872.269998550415,0.8012599945068359
222,Vitalin,Kurung Kumey,Unknown,Arunachal Pradesh,True,27.8829315,93.061541,33.975486802444344,control (non-VVP),True,10,478.56500244140625,0.8370399951934815
223,Hirik,Kurung Kumey,Unknown,Arunachal Pradesh,True,28.0857154,93.4141714,34.7540263686586,control (non-VVP),True,0,0.0,
224,Subuk,Kurung Kumey,Unknown,Arunachal Pradesh,True,28.0825535,93.4104364,34.82883747652445,control (non-VVP),True,2,70.17160034179688,0.7674000263214111
225,Jali,Kurung Kumey,Unknown,Arunachal Pradesh,True,28.0713102,93.3941648,34.998439529192474,control (non-VVP),True,12,677.9700012207031,0.8162166674931844
226,Peni,Kurung Kumey,Unknown,Arunachal Pradesh,True,28.0675109,93.390127,35.154770319287536,control (non-VVP),True,8,292.44960021972656,0.7789250016212463
227,Kodela,Kurung Kumey,Unknown,Arunachal Pradesh,True,28.0167667,93.2132294,35.25202747790925,control (non-VVP),True,16,1372.5713958740234,0.7919124960899353
228,Retung,Kurung Kumey,Unknown,Arunachal Pradesh,True,28.0126009,93.220157,35.844726407084124,control (non-VVP),True,24,1311.4973907470703,0.7880666603644689
229,Furang,Kurung Kumey,Unknown,Arunachal Pradesh,True,28.0069345,93.2141257,36.33741974223333,control (non-VVP),True,4,345.2156066894531,0.8370499908924103
230,Taba,Kurung Kumey,Unknown,Arunachal Pradesh,True,28.0616364,93.4126933,36.876981618513945,control (non-VVP),True,38,2919.9563636779785,0.8220947353463424
231,Sejik,Kurung Kumey,Unknown,Arunachal Pradesh,True,28.0651757,93.4212354,37.01681620549449,control (non-VVP),True,6,697.6259956359863,0.8119999965031942
232,Gone,Kurung Kumey,Unknown,Arunachal Pradesh,True,27.9567194,93.1119431,37.800271257200585,control (non-VVP),True,16,955.6004066467285,0.8365499973297119
233,Kaney,Kurung Kumey,Unknown,Arunachal Pradesh,True,27.9880893,93.1999363,37.82599979539341,control (non-VVP),True,20,1228.345603942871,0.8117699980735779
234,Hanglik,Kurung Kumey,Unknown,Arunachal Pradesh,True,28.0712841,93.4547212,38.44375648651784,control (non-VVP),True,12,987.0121841430664,0.7987499932448069
235,Upper Lichila,Kurung Kumey,Unknown,Arunachal Pradesh,True,27.9798598,93.2015731,38.745249754930015,control (non-VVP),True,18,2034.059799194336,0.8126777741644118
236,Palo,Kurung Kumey,Unknown,Arunachal Pradesh,True,27.9441662,93.1157356,39.226567277213874,control (non-VVP),True,22,2015.2763957977295,0.8545818112113259
237,Nade,Kurung Kumey,Unknown,Arunachal Pradesh,True,27.9617646,93.1869151,40.214666278583984,control (non-VVP),True,78,6361.345817565918,0.8200102570729378
238,Lamnia,Kurung Kumey,Unknown,Arunachal Pradesh,True,28.0504537,93.4555379,40.311592515249735,control (non-VVP),True,0,0.0,
239,Lee,Kurung Kumey,Unknown,Arunachal Pradesh,True,27.9633075,93.202655,40.5273712000208,control (non-VVP),True,58,5988.940032958984,0.8334103473301592
240,Chotte,Kurung Kumey,Unknown,Arunachal Pradesh,True,28.0474404,93.455651,40.58526244923831,control (non-VVP),True,20,2687.327194213867,0.8439299941062928
241,Mala,Kurung Kumey,Unknown,Arunachal Pradesh,True,28.0438593,93.4527315,40.733939823600245,control (non-VVP),True,46,5139.890216827393,0.8325826085132101
242,Pachik,Kurung Kumey,Unknown,Arunachal Pradesh,True,28.0431644,93.4563404,41.00603214290621,control (non-VVP),True,60,7093.935642242432,0.8332899987697602
243,Lower Lichila,Kurung Kumey,Unknown,Arunachal Pradesh,True,27.9634244,93.228221,41.34605860852293,control (non-VVP),True,30,2169.9519691467285,0.7913600047429402
244,Baribayang,Kurung Kumey,Unknown,Arunachal Pradesh,True,27.9405099,93.1576514,41.57653710677136,control (non-VVP),True,20,1848.3766136169434,0.8043400049209595
245,Sipe,Kurung Kumey,Unknown,Arunachal Pradesh,True,27.9473278,93.1919733,41.89340447326483,control (non-VVP),True,10,962.0707931518555,0.8190800070762634
246,Kodela,Kurung Kumey,Unknown,Arunachal Pradesh,True,27.9589181,93.2421602,42.11795642501733,control (non-VVP),True,20,2177.5043754577637,0.8045400023460388
247,Haleba,Kurung Kumey,Unknown,Arunachal Pradesh,True,27.9535172,93.2212596,42.28019632157901,control (non-VVP),True,8,1016.3570175170898,0.8284249901771545
248,Sewaring,Kurung Kumey,Unknown,Arunachal Pradesh,True,27.9487419,93.2097591,42.281563352875466,control (non-VVP),True,4,455.4194030761719,0.8323499858379364
249,Kelin,Kurung Kumey,Unknown,Arunachal Pradesh,True,28.0334539,93.4679615,42.55146449585489,control (non-VVP),True,40,4546.347421646118,0.8304249942302704
250,Tai,Kurung Kumey,Unknown,Arunachal Pradesh,True,27.9557116,93.2503551,42.63224130132467,control (non-VVP),True,22,2270.1495971679688,0.8301454511555758
251,Mangio,Kurung Kumey,Unknown,Arunachal Pradesh,True,28.0318367,93.4689617,42.75388023518099,control (non-VVP),True,40,4546.347421646118,0.8304249942302704
252,Hashi,Kurung Kumey,Unknown,Arunachal Pradesh,True,28.029797,93.4690502,42.94030383895248,control (non-VVP),True,42,4853.103830337524,0.8346047571727208
253,Ruktepu,Kurung Kumey,Unknown,Arunachal Pradesh,True,27.945805,93.2387355,43.47181854815469,control (non-VVP),True,22,2533.3377685546875,0.8293454538692128
254,Rilong,Kurung Kumey,Unknown,Arunachal Pradesh,True,27.9510659,93.2673215,43.48068010680575,control (non-VVP),True,18,1817.9260063171387,0.8152111106448703
255,Fua,Kurung Kumey,Unknown,Arunachal Pradesh,True,27.9448103,93.2637154,44.0865288735071,control (non-VVP),True,16,1811.4295654296875,0.802837498486042
256,Dome,Kurung Kumey,Unknown,Arunachal Pradesh,True,27.9445671,93.2883561,44.5896695685161,control (non-VVP),True,34,2456.1884384155273,0.8147882398437051
257,Solung,Kurung Kumey,Unknown,Arunachal Pradesh,True,28.016221,93.4805766,44.82397118514112,control (non-VVP),True,0,0.0,
258,Pariuk,Kurung Kumey,Unknown,Arunachal Pradesh,True,27.9393093,93.2903924,45.19870782941564,control (non-VVP),True,10,702.8666229248047,0.7958400130271912
259,Rakte,Kurung Kumey,Unknown,Arunachal Pradesh,True,27.926534,93.2636139,46.06823846479028,control (non-VVP),True,0,0.0,
260,Patuk,Kurung Kumey,Unknown,Arunachal Pradesh,True,28.0084129,93.4938419,46.299794565268975,control (non-VVP),True,158,17765.906984329224,0.8232772176778769
261,Sebi,Kurung Kumey,Unknown,Arunachal Pradesh,True,27.9282641,93.3018993,46.61433157331805,control (non-VVP),True,24,2368.3075942993164,0.8003749996423721
262,Joku,Kurung Kumey,Unknown,Arunachal Pradesh,True,28.0070922,93.4973613,46.62628909613486,control (non-VVP),True,126,13896.860986709595,0.8243984154292515
263,Digging,Kurung Kumey,Unknown,Arunachal Pradesh,True,27.9235664,93.283198,46.78763481249497,control (non-VVP),True,12,1590.9217987060547,0.818450003862381
264,Mangdo,Kurung Kumey,Unknown,Arunachal Pradesh,True,28.0051556,93.4984123,46.859501027541725,control (non-VVP),True,72,8611.68276977539,0.8284583373202218
265,Relung,Kurung Kumey,Unknown,Arunachal Pradesh,True,27.9267335,93.3063161,46.86825949798589,control (non-VVP),True,16,1643.051010131836,0.7983125001192093
266,Lungte Tacha,Kurung Kumey,Unknown,Arunachal Pradesh,True,28.0384138,93.5537004,47.69094966353208,control (non-VVP),True,8,566.7692031860352,0.8316999971866608
267,Toba,Kurung Kumey,Unknown,Arunachal Pradesh,True,27.9156223,93.2907437,47.78939326062448,control (non-VVP),True,16,2003.6918258666992,0.8198250010609627
268,Kanchangjana,Kurung Kumey,Unknown,Arunachal Pradesh,True,27.9125039,93.3209425,48.71997667860336,control (non-VVP),True,8,600.5968017578125,0.8084499835968018
269,Mara,Kurung Kumey,Unknown,Arunachal Pradesh,True,27.9118254,93.3236314,48.85404267322851,control (non-VVP),True,8,600.5968017578125,0.8084499835968018
270,Jeevandept,Kurung Kumey,Unknown,Arunachal Pradesh,True,27.9115014,93.3332283,49.11695225445854,control (non-VVP),True,52,5634.540645599365,0.8383730741647574
271,Parsi-Parlo,Kurung Kumey,Unknown,Arunachal Pradesh,True,27.9895698,93.5138011,49.151363014137466,control (non-VVP),True,404,54215.30884552002,0.8228381205313277
272,Nikja,Kurung Kumey,Unknown,Arunachal Pradesh,True,27.9157176,93.3536671,49.21145406736955,control (non-VVP),True,30,4168.701805114746,0.8310333331425984
273,Tumbia,Kurung Kumey,Unknown,Arunachal Pradesh,True,28.0021269,93.5328877,49.2503520875537,control (non-VVP),True,16,1243.8092041015625,0.7878125086426735
274,Satum,Kurung Kumey,Unknown,Arunachal Pradesh,True,27.9120184,93.3437143,49.33027572220367,control (non-VVP),True,34,3654.0488319396973,0.8267941194422105
275,Labia,Kurung Kumey,Unknown,Arunachal Pradesh,True,27.9932164,93.5228247,49.38217287727649,control (non-VVP),True,44,3862.6076126098633,0.8279090875929053
276,Papin,Kurung Kumey,Unknown,Arunachal Pradesh,True,27.9124359,93.3585619,49.70071264139772,control (non-VVP),True,6,429.59239196777344,0.8575666546821594
277,Taipa,Kurung Kumey,Unknown,Arunachal Pradesh,True,27.9074231,93.3503798,50.000254036204005,control (non-VVP),True,554,64778.17851638794,0.8092397107114
278,Manghe 2,Kurung Kumey,Unknown,Arunachal Pradesh,True,27.9065246,93.3469471,50.00261881257338,control (non-VVP),True,298,35157.76974487305,0.8138067134274732
279,Chingkongne,Kurung Kumey,Unknown,Arunachal Pradesh,True,27.9172781,93.3867833,50.09319948839584,control (non-VVP),True,6,404.6051902770996,0.7754999995231628
280,Leya,Kurung Kumey,Unknown,Arunachal Pradesh,True,27.9788093,93.5157141,50.2141330349661,control (non-VVP),True,20,1296.3250255584717,0.8188700079917908
281,Jog,Kurung Kumey,Unknown,Arunachal Pradesh,True,27.9050355,93.3500017,50.24400761445297,control (non-VVP),True,808,94588.75945281982,0.8096450494952722
282,Furek,Kurung Kumey,Unknown,Arunachal Pradesh,True,27.9140344,93.3859036,50.39997565229497,control (non-VVP),True,8,599.6049919128418,0.7905499935150146
283,Boa,Kurung Kumey,Unknown,Arunachal Pradesh,True,27.9822237,93.5256281,50.50814300303482,control (non-VVP),True,40,2708.551791191101,0.8180949985980988
284,Renchiporing II,Kurung Kumey,Unknown,Arunachal Pradesh,True,27.9814404,93.5279667,50.71855795214688,control (non-VVP),True,48,3469.584376335144,0.8175416613618532
285,Radang,Kurung Kumey,Unknown,Arunachal Pradesh,True,27.9076277,93.3755482,50.7270090896494,control (non-VVP),True,6,253.25000381469727,0.8255999883015951
286,Pinging,Kurung Kumey,Unknown,Arunachal Pradesh,True,27.8985446,93.3430694,50.75289219387971,control (non-VVP),True,158,19722.649381637573,0.8204620269280446
287,Sangkun,Kurung Kumey,Unknown,Arunachal Pradesh,True,27.9292256,93.435367,50.76845974976534,control (non-VVP),True,46,3129.9832239151,0.831599992254506
288,Harrang,Kurung Kumey,Unknown,Arunachal Pradesh,True,27.9315942,93.4420695,50.82750254588048,control (non-VVP),True,6,443.72120666503906,0.8410666584968567
289,Rambo,Kurung Kumey,Unknown,Arunachal Pradesh,True,27.8974975,93.3425604,50.85186545393655,control (non-VVP),True,100,13347.92420387268,0.8193700039386749
290,马拉,Kurung Kumey,Unknown,Arunachal Pradesh,True,27.8886329,93.2980263,50.85905616580256,control (non-VVP),True,0,0.0,
291,Nyobia,Kurung Kumey,Unknown,Arunachal Pradesh,True,27.8863971,93.2907263,50.97484316509296,control (non-VVP),True,54,5320.568206787109,0.8384925899682222
292,Yerik,Kurung Kumey,Unknown,Arunachal Pradesh,True,28.0082819,93.5670426,50.99247097556977,control (non-VVP),True,28,3085.1800117492676,0.8134928558553968
293,Deyang,Kurung Kumey,Unknown,Arunachal Pradesh,True,27.8852661,93.2892168,51.06698450676937,control (non-VVP),True,54,5320.568206787109,0.8384925899682222
294,Konkup,Kurung Kumey,Unknown,Arunachal Pradesh,True,28.0111367,93.5726645,51.14934662725592,control (non-VVP),True,8,428.9539909362793,0.8264249861240387
295,Renchiporing,Kurung Kumey,Unknown,Arunachal Pradesh,True,27.9775535,93.5336956,51.4060132841194,control (non-VVP),True,38,3643.415979385376,0.8103684249677157
296,Johak,Kurung Kumey,Unknown,Arunachal Pradesh,True,27.8807287,93.2817346,51.40770745829745,control (non-VVP),True,12,1274.4362297058105,0.817550003528595
297,Sullung Tapin,Kurung Kumey,Unknown,Arunachal Pradesh,True,27.8941928,93.3556556,51.55323025971673,control (non-VVP),True,16,723.6823997497559,0.8176499977707863
298,Yapak 2,Kurung Kumey,Unknown,Arunachal Pradesh,True,27.900174,93.3802795,51.65969396405898,control (non-VVP),True,80,8908.027165412903,0.8248024970293045
299,Tapone,Kurung Kumey,Unknown,Arunachal Pradesh,True,27.905549,93.4006325,51.79468143929064,control (non-VVP),True,16,849.1825866699219,0.7769249975681305
300,Sangsar,Kurung Kumey,Unknown,Arunachal Pradesh,True,27.9123798,93.4211037,51.870012288391685,control (non-VVP),True,24,1690.1676025390625,0.8327583322922388
301,Jiri,Kurung Kumey,Unknown,Arunachal Pradesh,True,27.9024698,93.394667,51.902330560889375,control (non-VVP),True,10,563.4739952087402,0.7898399949073791
302,Rate,Kurung Kumey,Unknown,Arunachal Pradesh,True,27.9025231,93.4035863,52.21322105588406,control (non-VVP),True,20,1098.4043922424316,0.7937900006771088
303,Molo,Kurung Kumey,Unknown,Arunachal Pradesh,True,27.9634667,93.5271662,52.25035030613911,control (non-VVP),True,12,1318.6643829345703,0.8395666579405466
304,Kokpunayer,Kurung Kumey,Unknown,Arunachal Pradesh,True,27.8696105,93.2638666,52.25205034776048,control (non-VVP),True,42,2948.9349994659424,0.8306190485046023
305,Rite,Kurung Kumey,Unknown,Arunachal Pradesh,True,27.9046219,93.4117605,52.29938591724223,control (non-VVP),True,8,914.4196014404297,0.8126000165939331
306,Yarpu,Kurung Kumey,Unknown,Arunachal Pradesh,True,27.9101363,93.4264549,52.31129939409694,control (non-VVP),True,6,787.9063873291016,0.873033324877421
307,Manghe 1,Kurung Kumey,Unknown,Arunachal Pradesh,True,27.8964882,93.3905192,52.38200201966226,control (non-VVP),True,10,653.6658000946045,0.818120002746582
308,Najibibuk,Kurung Kumey,Unknown,Arunachal Pradesh,True,27.8683639,93.2642347,52.3948285914516,control (non-VVP),True,42,2948.9349994659424,0.8306190485046023
309,Taram,Kurung Kumey,Unknown,Arunachal Pradesh,True,27.9628134,93.5366038,52.86940455626912,control (non-VVP),True,0,0.0,
310,Tabumna,Kurung Kumey,Unknown,Arunachal Pradesh,True,27.8598023,93.2528662,53.09351796866028,control (non-VVP),True,12,895.9786186218262,0.8082166711489359
311,Yarpu,Kurung Kumey,Unknown,Arunachal Pradesh,True,27.894643,93.4225849,53.73157852709238,control (non-VVP),True,20,1466.3583869934082,0.8383600115776062
312,Langbang,Kurung Kumey,Unknown,Arunachal Pradesh,True,27.9544909,93.540336,53.82502054267635,control (non-VVP),True,82,9402.63557434082,0.8215853688193531
313,Made,Kurung Kumey,Unknown,Arunachal Pradesh,True,27.9780177,93.5788669,54.24125028274002,control (non-VVP),True,84,6069.516639709473,0.8204071408226377
314,Kele,Kurung Kumey,Unknown,Arunachal Pradesh,True,27.9032308,93.4632364,54.57472977853739,control (non-VVP),True,4,329.1442108154297,0.8652999997138977
315,Sera,Kurung Kumey,Unknown,Arunachal Pradesh,True,27.9554003,93.5546431,54.61031844795788,control (non-VVP),True,46,3967.711639404297,0.8170086948767953
316,Byate,Kurung Kumey,Unknown,Arunachal Pradesh,True,27.8878009,93.4444302,55.29752731979862,control (non-VVP),True,12,922.4502067565918,0.7982000013192495
317,Keya,Kurung Kumey,Unknown,Arunachal Pradesh,True,27.8850396,93.4612545,56.28702084330097,control (non-VVP),True,20,1290.5346202850342,0.8178900003433227
318,Panyi,Kurung Kumey,Unknown,Arunachal Pradesh,True,27.8742022,93.4525059,56.99915437798174,control (non-VVP),True,80,9581.0586643219,0.8263000011444092
319,Kush Lami,Kurung Kumey,Unknown,Arunachal Pradesh,True,27.8754594,93.4559652,57.017342103096205,control (non-VVP),True,82,9764.270471572876,0.8282121957802191
320,Pari,Kurung Kumey,Unknown,Arunachal Pradesh,True,27.8773703,93.4806463,57.90796227435106,control (non-VVP),True,36,3541.0642013549805,0.82605555984709
321,Nibi,Kurung Kumey,Unknown,Arunachal Pradesh,True,27.8906614,93.5152047,58.290531000282,control (non-VVP),True,106,7160.7806186676025,0.8158622665225335
322,Leba,Kurung Kumey,Unknown,Arunachal Pradesh,True,27.889732,93.5177222,58.507068066069465,control (non-VVP),True,106,7160.7806186676025,0.8158622665225335
323,Sara,Kurung Kumey,Unknown,Arunachal Pradesh,True,27.8764655,93.5162563,59.69502349076612,control (non-VVP),True,22,1458.218406677246,0.7986818172714927
324,Hiba,Kurung Kumey,Unknown,Arunachal Pradesh,True,27.8672206,93.4999319,59.79411601184075,control (non-VVP),True,50,5412.255405426025,0.8257279992103577
325,Langria,Kurung Kumey,Unknown,Arunachal Pradesh,True,27.7303718,93.2723198,59.90006834905566,control (non-VVP),True,42,2480.9734115600586,0.8196666638056437
326,Dengba,Kurung Kumey,Unknown,Arunachal Pradesh,True,27.8559794,93.479899,59.98757661935535,control (non-VVP),True,6,207.32039642333984,0.7829333345095316
327,Payu,Kurung Kumey,Unknown,Arunachal Pradesh,True,27.7289942,93.2749594,60.20162200196997,control (non-VVP),True,42,2480.9734115600586,0.8196666638056437
328,Sangme,Kurung Kumey,Unknown,Arunachal Pradesh,True,27.8554992,93.4857201,60.29218859321547,control (non-VVP),True,88,7541.029220581055,0.8156431845643304
329,Cheki,Kurung Kumey,Unknown,Arunachal Pradesh,True,27.8689915,93.5175395,60.47393621617884,control (non-VVP),True,10,808.0883979797363,0.8518799901008606
330,Palang,Kurung Kumey,Unknown,Arunachal Pradesh,True,27.7081538,93.27106,61.00002383100187,control (non-VVP),True,6,432.18141174316406,0.8420666654904684
331,Phassang,Kurung Kumey,Unknown,Arunachal Pradesh,True,27.7243116,93.2813307,61.00114956989782,control (non-VVP),True,114,9575.744045257568,0.8166333353310301
332,Leel,Kurung Kumey,Unknown,Arunachal Pradesh,True,27.8437826,93.4758359,61.027728437158686,control (non-VVP),True,68,6029.337963104248,0.8262470557409174
333,Dara,Kurung Kumey,Unknown,Arunachal Pradesh,True,27.8616633,93.5158884,61.097009884854096,control (non-VVP),True,52,3334.013967514038,0.801965383382944
334,Sangripo,Kurung Kumey,Unknown,Arunachal Pradesh,True,27.7227416,93.282713,61.20402338700937,control (non-VVP),True,116,9616.413246154785,0.8161500024384466
335,Sangte,Kurung Kumey,Unknown,Arunachal Pradesh,True,27.7291192,93.288153,61.34319384028954,control (non-VVP),True,78,5921.783981323242,0.8135179449350406
336,Mujariang,Kurung Kumey,Unknown,Arunachal Pradesh,True,27.7257548,93.2911669,61.78015811059391,control (non-VVP),True,112,8114.650188446045,0.8122785687446594
337,Leya,Kurung Kumey,Unknown,Arunachal Pradesh,True,27.7282734,93.2932093,61.82821044976273,control (non-VVP),True,116,8816.622997283936,0.8140155138640568
338,Leel Camp,Kurung Kumey,Unknown,Arunachal Pradesh,True,27.8432284,93.497014,62.00909168626551,control (non-VVP),True,106,12960.156188964844,0.8336792419541557
339,Saleriang,Kurung Kumey,Unknown,Arunachal Pradesh,True,27.7854605,93.3201249,62.49683818805669,control (non-VVP),True,32,1454.3858127593994,0.7830937430262566
340,Yaki,Kurung Kumey,Unknown,Arunachal Pradesh,True,27.836181,93.4940102,62.57138583180046,control (non-VVP),True,4,120.62919998168945,0.8254999816417694
341,恰吐姆,Kurung Kumey,Unknown,Arunachal Pradesh,True,27.8448117,93.5145294,62.66270137690602,control (non-VVP),True,4,164.44259452819824,0.788100004196167
342,Tumlang,Kurung Kumey,Unknown,Arunachal Pradesh,True,27.8281634,93.4904133,63.21063792357364,control (non-VVP),True,16,1188.4999809265137,0.8055375069379807
343,Tagum,Kurung Kumey,Unknown,Arunachal Pradesh,True,27.8357436,93.5079409,63.24155626114598,control (non-VVP),True,82,9093.744983673096,0.8271048824961592
344,6 Mile Camp,Kurung Kumey,Unknown,Arunachal Pradesh,True,27.8329405,93.5083348,63.53466159203505,control (non-VVP),True,80,8726.251972198486,0.8283650040626526
345,Kamayer,Kurung Kumey,Unknown,Arunachal Pradesh,True,27.7905642,93.3910095,63.553019802162574,control (non-VVP),True,0,0.0,
346,Rowa,Kurung Kumey,Unknown,Arunachal Pradesh,True,27.8428454,93.5296997,63.58239405799619,control (non-VVP),True,38,3325.5435848236084,0.8082999963509409
347,Pagrang,Kurung Kumey,Unknown,Arunachal Pradesh,True,27.8509062,93.5452982,63.59431330152693,control (non-VVP),True,192,18014.41160583496,0.8219552089770635
348,Pinchi,Kurung Kumey,Unknown,Arunachal Pradesh,True,27.7735733,93.316873,63.73939593102888,control (non-VVP),True,80,6626.677053451538,0.8105624988675117
349,Pagga,Kurung Kumey,Unknown,Arunachal Pradesh,True,27.8504991,93.5494243,63.84511944565142,control (non-VVP),True,98,8388.920026779175,0.8228387771820536
350,Powak Korar,Kurung Kumey,Unknown,Arunachal Pradesh,True,27.8375593,93.5258798,63.90711936348984,control (non-VVP),True,36,3029.2521991729736,0.8380888832939996
351,Reyup,Kurung Kumey,Unknown,Arunachal Pradesh,True,27.8567715,93.5619177,63.9144594974527,control (non-VVP),True,42,4133.3430252075195,0.8358380993207296
352,Yarte,Kurung Kumey,Unknown,Arunachal Pradesh,True,27.831632,93.5141164,63.928763556397165,control (non-VVP),True,22,3304.143362045288,0.8130181756886569
353,Lengro,Kurung Kumey,Unknown,Arunachal Pradesh,True,27.8547999,93.559177,63.95219245497713,control (non-VVP),True,50,5077.526622772217,0.8329480051994324
354,Jugriang,Kurung Kumey,Unknown,Arunachal Pradesh,True,27.7707148,93.3182278,64.07412331265515,control (non-VVP),True,88,7320.926652908325,0.811029543930834
355,Dangu,Kurung Kumey,Unknown,Arunachal Pradesh,True,27.835467,93.5289814,64.25878085878584,control (non-VVP),True,38,3341.6704120635986,0.8362842045332256
356,Raris,Kurung Kumey,Unknown,Arunachal Pradesh,True,27.7680851,93.3146271,64.30181164190407,control (non-VVP),True,52,4381.827814102173,0.8213461499947768
357,Kaung,Kurung Kumey,Unknown,Arunachal Pradesh,True,27.8225472,93.5040159,64.36416345609699,control (non-VVP),True,2,53.10499954223633,0.815500020980835
358,Nyori,Kurung Kumey,Unknown,Arunachal Pradesh,True,27.8475995,93.5552271,64.41930892283993,control (non-VVP),True,46,4366.430782318115,0.8290478224339692
359,Kaglang,Kurung Kumey,Unknown,Arunachal Pradesh,True,27.8501585,93.5616729,64.5179983500826,control (non-VVP),True,12,1358.1582107543945,0.824016680320104
360,Tachak,Kurung Kumey,Unknown,Arunachal Pradesh,True,27.841908,93.5484681,64.60881049685287,control (non-VVP),True,14,706.260196685791,0.780485715184893
361,Regba,Kurung Kumey,Unknown,Arunachal Pradesh,True,27.8236364,93.5159119,64.79457267348194,control (non-VVP),True,16,1542.1173973083496,0.795974999666214
362,Miba,Kurung Kumey,Unknown,Arunachal Pradesh,True,27.824202,93.5173691,64.80624403518753,control (non-VVP),True,24,2215.1265983581543,0.8173250009616216
363,Byasi,Kurung Kumey,Unknown,Arunachal Pradesh,True,27.8372182,93.5436135,64.80999552177649,control (non-VVP),True,16,1404.4758052825928,0.8198875114321709
364,Kamrung,Kurung Kumey,Unknown,Arunachal Pradesh,True,27.8336301,93.5467063,65.30729308696289,control (non-VVP),True,6,552.2927780151367,0.8282999992370605
365,Dilanggang,Kurung Kumey,Unknown,Arunachal Pradesh,True,27.7796166,93.41419,65.38837481129138,control (non-VVP),True,108,9437.962549209595,0.8200999995072683
366,Lower Happa,Kurung Kumey,Unknown,Arunachal Pradesh,True,27.825885,93.5332832,65.39224214605467,control (non-VVP),True,40,3861.7503776550293,0.8285999983549118
367,Paching,Kurung Kumey,Unknown,Arunachal Pradesh,True,27.8225097,93.5290614,65.51800095183597,control (non-VVP),True,20,2106.262794494629,0.8144100069999695
368,Longlefoth,Kurung Kumey,Unknown,Arunachal Pradesh,True,27.776484,93.4150439,65.74452729572074,control (non-VVP),True,114,9949.711153030396,0.8179315788704052
369,Lumte,Kurung Kumey,Unknown,Arunachal Pradesh,True,27.7863252,93.446526,65.74813459784494,control (non-VVP),True,22,1526.1217994689941,0.8151181719519875
370,Rangdo,Kurung Kumey,Unknown,Arunachal Pradesh,True,27.7820948,93.4575729,66.57919253927102,control (non-VVP),True,82,6957.556797027588,0.8092170735684837
371,Rayer Sollung,Kurung Kumey,Unknown,Arunachal Pradesh,True,27.7426766,93.3108399,66.98295878047651,control (non-VVP),True,12,869.669620513916,0.7946166694164276
372,Gangnee,Kurung Kumey,Unknown,Arunachal Pradesh,True,27.7541489,93.3737844,67.00109804923758,control (non-VVP),True,12,945.2835807800293,0.8443500101566315
373,Dolo,Kurung Kumey,Unknown,Arunachal Pradesh,True,27.7568896,93.4009912,67.41071862560815,control (non-VVP),True,0,0.0,
374,Hiya,Kurung Kumey,Unknown,Arunachal Pradesh,True,27.7752174,93.4614457,67.4283307908398,control (non-VVP),True,132,14113.098192214966,0.8152393924467491
375,Pinchi Sollung,Kurung Kumey,Unknown,Arunachal Pradesh,True,27.7385004,93.3140943,67.50228529054776,control (non-VVP),True,46,3888.3233947753906,0.814339140187139
376,Raluguha,Kurung Kumey,Unknown,Arunachal Pradesh,True,27.7354085,93.2990876,67.53347139988598,control (non-VVP),True,28,1555.1703987121582,0.8066571482590267
377,Guha,Kurung Kumey,Unknown,Arunachal Pradesh,True,27.7590364,93.4164824,67.62875159555058,control (non-VVP),True,0,0.0,
378,Diba Koyar,Kurung Kumey,Unknown,Arunachal Pradesh,True,27.7381059,93.3187116,67.63877302643341,control (non-VVP),True,86,7114.808578491211,0.8179907008659008
379,Sulo,Kurung Kumey,Unknown,Arunachal Pradesh,True,27.7369819,93.3154143,67.69388921371875,control (non-VVP),True,70,5874.216781616211,0.8221742902483259
380,Delung,Kurung Kumey,Unknown,Arunachal Pradesh,True,27.7778716,93.4788091,67.80729335239351,control (non-VVP),True,24,1602.7313842773438,0.7948833356300989
381,Nyapin,Kurung Kumey,Unknown,Arunachal Pradesh,True,27.7515445,93.3946648,67.80823653295108,control (non-VVP),True,356,38536.96634197235,0.8072028076380826
382,Sona,Kurung Kumey,Unknown,Arunachal Pradesh,True,27.810017,93.5520226,67.8322265029122,control (non-VVP),True,36,2430.9219970703125,0.7970333364274766
383,Tumrung,Kurung Kumey,Unknown,Arunachal Pradesh,True,27.8072923,93.5473433,67.86695827647416,control (non-VVP),True,30,3844.4058227539062,0.8108600020408631
384,Takyo,Kurung Kumey,Unknown,Arunachal Pradesh,True,27.7755045,93.474237,67.87400271627023,control (non-VVP),True,20,1685.2217864990234,0.803470003604889
385,Kaberiang,Kurung Kumey,Unknown,Arunachal Pradesh,True,27.7579212,93.4227791,67.93657565114344,control (non-VVP),True,18,1447.804983139038,0.8014333248138428
386,Sango,Kurung Kumey,Unknown,Arunachal Pradesh,True,27.7353472,93.3216355,67.99462871072794,control (non-VVP),True,56,4055.462169647217,0.8146535732916423
387,Pitak,Kurung Kumey,Unknown,Arunachal Pradesh,True,27.7803185,93.4909939,68.03914430272035,control (non-VVP),True,84,6880.721950531006,0.8147761892704737
388,Kampu,Kurung Kumey,Unknown,Arunachal Pradesh,True,27.7422153,93.363991,68.06100190171477,control (non-VVP),True,4,92.28319931030273,0.7768999934196472
389,Lower Guha,Kurung Kumey,Unknown,Arunachal Pradesh,True,27.7568463,93.4246871,68.10831490512865,control (non-VVP),True,24,2152.4391803741455,0.804983322819074
390,Gida Lower,Kurung Kumey,Unknown,Arunachal Pradesh,True,27.812502,93.5626447,68.12205948065873,control (non-VVP),True,18,1206.3467903137207,0.8240000009536743
391,Yorung,Kurung Kumey,Unknown,Arunachal Pradesh,True,27.7375945,93.3427203,68.12211382853434,control (non-VVP),True,74,7019.697343826294,0.8165324314220531
392,Yuba,Kurung Kumey,Unknown,Arunachal Pradesh,True,27.7589677,93.4327095,68.13685629560878,control (non-VVP),True,56,3307.8132152557373,0.8084285748856408
393,Lower Lorio,Kurung Kumey,Unknown,Arunachal Pradesh,True,27.7523573,93.4107096,68.16634041229064,control (non-VVP),True,50,2798.3987789154053,0.8185879945755005
394,Kish,Kurung Kumey,Unknown,Arunachal Pradesh,True,27.7567747,93.4282494,68.22629173018069,control (non-VVP),True,32,3245.378927230835,0.8088124990463257
395,Sikey,Kurung Kumey,Unknown,Arunachal Pradesh,True,27.7436405,93.3784517,68.24267311258743,control (non-VVP),True,62,5303.844959259033,0.8309709641241259
396,Takapop,Kurung Kumey,Unknown,Arunachal Pradesh,True,27.7756383,93.4844687,68.25483530538766,control (non-VVP),True,102,8364.512422561646,0.8164725478957681
397,Bik,Kurung Kumey,Unknown,Arunachal Pradesh,True,27.7507883,93.4085147,68.26997555031484,control (non-VVP),True,132,12533.980484008789,0.8118136353564985
398,Kampong,Kurung Kumey,Unknown,Arunachal Pradesh,True,27.7748258,93.4827864,68.27181680211848,control (non-VVP),True,48,4022.645215988159,0.8021416664123535
399,Naiayahutung,Kurung Kumey,Unknown,Arunachal Pradesh,True,27.7764281,93.4870179,68.27488938090762,control (non-VVP),True,172,14047.512767791748,0.8134151163489319
400,Chebang,Kurung Kumey,Unknown,Arunachal Pradesh,True,27.7364834,93.3455625,68.29776819030579,control (non-VVP),True,86,8077.651342391968,0.8176162797351216
401,Pagba,Kurung Kumey,Unknown,Arunachal Pradesh,True,27.7763826,93.4887431,68.34786080412654,control (non-VVP),True,166,13820.21694946289,0.8144590359136282
402,Ralung,Kurung Kumey,Unknown,Arunachal Pradesh,True,27.7371862,93.353664,68.38401997207357,control (non-VVP),True,10,1477.8911876678467,0.8181600093841552
403,买翁里,Lower Dibang,Unknown,Arunachal Pradesh,True,28.2822374,96.0953096,25.407835270210374,control (non-VVP),True,8,737.0106048583984,0.7825750112533569
404,Runli,Lower Dibang,Unknown,Arunachal Pradesh,True,28.2991992,96.0743049,26.056838914762896,control (non-VVP),True,4,346.14039611816406,0.8014499843120575
405,阿蒙岗,Lower Dibang,Unknown,Arunachal Pradesh,True,28.2700017,96.0942481,26.3303897145259,control (non-VVP),True,0,0.0,
406,西登,Upper Siang,Unknown,Arunachal Pradesh,True,29.1329116,94.9651923,2.505001083633425,control (non-VVP),True,24,594.1985969543457,0.794824997584025
407,Norbuling,Upper Siang,Unknown,Arunachal Pradesh,True,29.1263536,94.9733788,3.1696388194268548,control (non-VVP),True,174,13087.196590423584,0.8165758608401507
408,Tuting Panikheti,Upper Siang,Unknown,Arunachal Pradesh,True,28.973338,94.8719848,20.82893586119011,control (non-VVP),True,44,2204.6532020568848,0.795231819152832
409,Payendum,Upper Siang,Unknown,Arunachal Pradesh,True,28.926458,95.0315768,21.777163753897447,control (non-VVP),True,50,3539.1052055358887,0.8030840015411377
410,Nyereng,Upper Siang,Unknown,Arunachal Pradesh,True,28.9574,94.9011,22.37714039025296,control (non-VVP),True,0,0.0,
411,Nyokong,Upper Siang,Unknown,Arunachal Pradesh,True,28.919363,95.0271109,22.65893213504973,control (non-VVP),True,26,2245.230779647827,0.8002230754265418
412,Ninging,Upper Siang,Unknown,Arunachal Pradesh,True,28.953851,94.8333181,23.61479779607889,control (non-VVP),True,312,21341.63652229309,0.8177506415507733
413,Devkota,Upper Siang,Unknown,Arunachal Pradesh,True,28.8829865,95.0820892,24.04487877231385,control (non-VVP),True,6,921.7930908203125,0.8523499965667725
414,Yortung,Upper Siang,Unknown,Arunachal Pradesh,True,28.8942055,95.0642733,24.25512447047973,control (non-VVP),True,43,3022.5503787994385,0.812313953111338
415,Silipu,Upper Siang,Unknown,Arunachal Pradesh,True,28.8527517,95.1306768,24.67380216696391,control (non-VVP),True,9,679.6757965087891,0.8362555503845215
416,Simuge,Upper Siang,Unknown,Arunachal Pradesh,True,28.8399841,95.1568258,25.20475166338972,control (non-VVP),True,14,1420.895299911499,0.8298928652490888
417,Singa Old,Upper Siang,Unknown,Arunachal Pradesh,True,28.8313255,95.1691884,25.85196385039524,control (non-VVP),True,1,53.06669998168945,0.7835000157356262
418,Silage,Upper Siang,Unknown,Arunachal Pradesh,True,28.8331926,95.1580815,25.900649272498462,control (non-VVP),True,0,0.0,
419,Tamid Arung,Upper Siang,Unknown,Arunachal Pradesh,True,28.8998406,94.5747584,26.11436496765807,control (non-VVP),True,0,0.0,
420,Angachi,Upper Siang,Unknown,Arunachal Pradesh,True,28.8255056,95.1704914,26.4572050125452,control (non-VVP),True,2,99.6565990447998,0.8363500237464905
421,Simuling,Upper Siang,Unknown,Arunachal Pradesh,True,28.8155203,95.2010538,27.10770570136025,control (non-VVP),True,12,1056.6134090423584,0.7998999903599421
422,Singing,Upper Siang,Unknown,Arunachal Pradesh,True,28.8977681,94.7841203,29.794800301747745,control (non-VVP),True,70,6339.899658203125,0.8244171398026603
423,Migging,Upper Siang,Unknown,Arunachal Pradesh,True,28.8529247,94.7729372,34.7789608532419,control (non-VVP),True,184,16564.896829605103,0.8203163030354873
424,Palling,Upper Siang,Unknown,Arunachal Pradesh,True,28.836535,94.8097586,36.58065758723632,control (non-VVP),True,146,12664.454387664795,0.8278465728237204
425,Likor,Upper Siang,Unknown,Arunachal Pradesh,True,28.8267883,94.8955464,36.85504783931048,control (non-VVP),True,174,15242.303882598877,0.8175379305050291
426,Mosing,Upper Siang,Unknown,Arunachal Pradesh,True,28.8091508,94.7915356,39.60618311251698,control (non-VVP),True,116,8657.035011291504,0.8179896586927874
427,Pugging,Upper Siang,Unknown,Arunachal Pradesh,True,28.7438597,94.9345829,44.02389953987662,control (non-VVP),True,238,27574.41139793396,0.8211815116786155
428,Gujinboluo,Upper Siang,Unknown,Arunachal Pradesh,True,28.7553138,94.9111952,44.64011679191498,control (non-VVP),True,14,369.8737983703613,0.7969571352005005
429,Gette,Upper Siang,Unknown,Arunachal Pradesh,True,28.6863056,95.0089723,46.40504836633465,control (non-VVP),True,94,9587.557844161987,0.8072170260104727
430,Dojubing,Upper Subansiri,Unknown,Arunachal Pradesh,True,28.4315441,93.1898276,0.249045833450518,control (non-VVP),True,6,288.76820373535156,0.8100666801134745
431,Ishneya,Upper Subansiri,Unknown,Arunachal Pradesh,True,28.4397601,93.1851781,0.7217224156134714,control (non-VVP),True,44,2835.3340034484863,0.8433863628994335
432,Juga,Upper Subansiri,Unknown,Arunachal Pradesh,True,28.4467134,93.1498404,3.925174649555216,control (non-VVP),True,0,0.0,
433,Yorlung,Upper Subansiri,Unknown,Arunachal Pradesh,True,28.6720499,93.9704579,4.196776668375604,control (non-VVP),True,26,2143.3988075256348,0.836815384718088
434,Gelemo,Upper Subansiri,Unknown,Arunachal Pradesh,True,28.472442,93.4628099,18.05313388179516,control (non-VVP),True,0,0.0,
435,Gelemo Camp,Upper Subansiri,Unknown,Arunachal Pradesh,True,28.4568913,93.4620422,18.606676953286467,control (non-VVP),True,126,11070.314315795898,0.8332555568407453
436,Dojbung,Upper Subansiri,Unknown,Arunachal Pradesh,True,28.3729191,93.4561501,23.285044542759053,control (non-VVP),True,0,0.0,
437,Gelinceniak,Upper Subansiri,Unknown,Arunachal Pradesh,True,28.3631529,93.4766991,25.48664596200368,control (non-VVP),True,164,14681.918355941772,0.8181878052106718
438,Chingring,Upper Subansiri,Unknown,Arunachal Pradesh,True,28.4192393,93.8246305,29.258085111764327,control (non-VVP),True,26,1884.9726161956787,0.7994846105575562
439,Poba,Upper Subansiri,Unknown,Arunachal Pradesh,True,28.414467,93.8159723,29.67407778677813,control (non-VVP),True,10,986.8063926696777,0.8073000073432922
440,贾德普,Upper Subansiri,Unknown,Arunachal Pradesh,True,28.4082012,93.7972842,30.217130636717734,control (non-VVP),True,50,5597.554840087891,0.8197079992294312
441,嘎如,Upper Subansiri,Unknown,Arunachal Pradesh,True,28.4068583,93.7942953,30.352527848657463,control (non-VVP),True,46,5323.378242492676,0.8200217355852542
442,阿赖根布,Upper Subansiri,Unknown,Arunachal Pradesh,True,28.4059921,93.808704,30.537852652997465,control (non-VVP),True,0,0.0,
443,Orak Camp,Upper Subansiri,Unknown,Arunachal Pradesh,True,28.3665963,93.5461814,30.58926154225035,control (non-VVP),True,2,237.78359985351562,0.8079000115394592
444,Ketha,Upper Subansiri,Unknown,Arunachal Pradesh,True,28.4307648,94.061466,30.83898483127514,control (non-VVP),True,4,440.0072135925293,0.8317500054836273
445,Raba,Upper Subansiri,Unknown,Arunachal Pradesh,True,28.4054645,93.8353976,30.93107120811105,control (non-VVP),True,4,344.0946044921875,0.8734000027179718
446,AkI,Upper Subansiri,Unknown,Arunachal Pradesh,True,28.4045203,93.7242887,31.0993071581252,control (non-VVP),True,50,4394.268032073975,0.809456000328064
447,Mojang,Upper Subansiri,Unknown,Arunachal Pradesh,True,28.4013177,93.8229042,31.20281418527646,control (non-VVP),True,0,0.0,
448,Ngoju,Upper Subansiri,Unknown,Arunachal Pradesh,True,28.399193,93.7068591,31.30343407328185,control (non-VVP),True,16,2351.1180419921875,0.8254875019192696
449,Keojariang,Upper Subansiri,Unknown,Arunachal Pradesh,True,28.4009028,93.8320953,31.37704816497124,control (non-VVP),True,56,7221.0042152404785,0.8157428524323872
450,Bogun,Upper Subansiri,Unknown,Arunachal Pradesh,True,28.3958767,93.6960267,31.409263037611804,control (non-VVP),True,2,244.83120727539062,0.7749999761581421
451,Nava,Upper Subansiri,Unknown,Arunachal Pradesh,True,28.3909608,93.6799521,31.63847804253896,control (non-VVP),True,68,7795.427854537964,0.8172529427444234
452,Nilo,Upper Subansiri,Unknown,Arunachal Pradesh,True,28.3872503,93.6546784,31.726628462853856,control (non-VVP),True,10,1681.8201751708984,0.8159800052642823
453,Myabe,Upper Subansiri,Unknown,Arunachal Pradesh,True,28.3992853,93.8502203,31.879304201323723,control (non-VVP),True,44,6238.725555419922,0.864200004122474
454,贡岗,West Kameng,Unknown,Arunachal Pradesh,True,26.8952222,92.1170503,4.154187721357816,control (non-VVP),True,44,2491.379392147064,0.8174340887503191
455,Balem,West Kameng,Unknown,Arunachal Pradesh,True,26.9649897,92.1516917,7.302075731076228,control (non-VVP),True,17,1327.0847930908203,0.8477529357461369
456,Rongthangjurpam,West Kameng,Unknown,Arunachal Pradesh,True,27.0382758,92.1315055,7.891072038314255,control (non-VVP),True,74,5866.529723167419,0.8058527071733732
457,若波朗钦,West Kameng,Unknown,Arunachal Pradesh,True,27.0752385,92.1082163,7.903609763820291,control (non-VVP),True,68,4409.165808677673,0.8062279382172752
458,Yukmadung,West Kameng,Unknown,Arunachal Pradesh,True,27.4213253,92.1244746,8.333393795069465,control (non-VVP),True,208,24775.89323616028,0.8269144227871528
459,Warrangpam,West Kameng,Unknown,Arunachal Pradesh,True,27.1186044,92.0745879,8.98308426545462,control (non-VVP),True,32,2218.669906616211,0.8037656228989363
460,Ghāstoli,Chamoli,Unknown,Uttarakhand,True,30.8592089,79.4699913,11.914449524802585,control (non-VVP),True,124,7788.548221588135,0.819009679940439
461,Niti,Chamoli,Unknown,Uttarakhand,True,30.7776642,79.8411215,13.810147936633122,control (non-VVP),True,182,11133.135038375854,0.807184616287986
462,MAHAR GAON,Chamoli,Unknown,Uttarakhand,True,30.7109424,79.8743727,18.82830218116584,control (non-VVP),True,126,7096.472005844116,0.8030666671102009
463,Pharkia,Chamoli,Unknown,Uttarakhand,True,30.7318289,79.8262831,18.89002530397776,control (non-VVP),True,130,5775.240791320801,0.7916723122963538
464,Kurkuti,Chamoli,Unknown,Uttarakhand,True,30.7065954,79.8754333,19.257221680206065,control (non-VVP),True,158,9847.531377792358,0.8085240517990498
465,Ryal Bagar,Chamoli,Unknown,Uttarakhand,True,30.7110763,79.8435457,19.93625372763593,control (non-VVP),True,32,2225.053783416748,0.8062250018119812
466,Kosa,Chamoli,Unknown,Uttarakhand,True,30.67793,79.8609495,22.70652399985677,control (non-VVP),True,96,4737.090767860413,0.7972125026086966
467,Ghangaria,Chamoli,Unknown,Uttarakhand,True,30.7014544,79.5938002,26.31062216633642,control (non-VVP),True,190,20285.93352508545,0.8048094749450684
468,Kajila,Chamoli,Unknown,Uttarakhand,True,30.6972318,79.5898879,26.75920046410928,control (non-VVP),True,112,7675.430068969727,0.8076142860310418
469,SINGLA,Chamoli,Unknown,Uttarakhand,True,30.6462444,79.8258027,27.175157144580066,control (non-VVP),True,102,5520.077152252197,0.8019549016859017
470,Jelam,Chamoli,Unknown,Uttarakhand,True,30.6441526,79.8259171,27.38526145533936,control (non-VVP),True,102,5520.077152252197,0.8019549016859017
471,Hanumanchatti,Chamoli,Unknown,Uttarakhand,True,30.6955217,79.5141532,27.604198128101256,control (non-VVP),True,100,5427.7625732421875,0.8204359972476959
472,DRONAGIRI,Chamoli,Unknown,Uttarakhand,True,30.5991704,79.8680413,27.76162744355928,control (non-VVP),True,142,8047.697845458984,0.8082126739998938
473,Lambagad,Chamoli,Unknown,Uttarakhand,True,30.692639,79.5132394,27.935227028140023,control (non-VVP),True,116,6928.525543212891,0.824115514755249
474,GARPAK,Chamoli,Unknown,Uttarakhand,True,30.6269079,79.854244,28.23676669151424,control (non-VVP),True,26,1649.0234107971191,0.8109615445137024
475,Bhyudar,Chamoli,Unknown,Uttarakhand,True,30.674709,79.5913479,29.259897647969115,control (non-VVP),True,38,3057.44779586792,0.8059263135257521
476,Khirao,Chamoli,Unknown,Uttarakhand,True,30.6849562,79.4763374,29.81393619398809,control (non-VVP),True,4,591.4095973968506,0.7893999814987183
477,KAGA,Chamoli,Unknown,Uttarakhand,True,30.6124584,79.8238599,30.73137382810968,control (non-VVP),True,6,488.7176055908203,0.8033000032107035
478,Jumma,Chamoli,Unknown,Uttarakhand,True,30.60791,79.80606,31.82623184079268,control (non-VVP),True,134,8054.398397445679,0.8269820889430259
479,Sal,Chamoli,Unknown,Uttarakhand,True,30.6497801,79.5825101,31.99807128252253,control (non-VVP),True,24,1613.2269878387451,0.8321833411852518
480,Lambagarh,Chamoli,Unknown,Uttarakhand,True,30.6541078,79.5165784,32.0553341957228,control (non-VVP),True,308,24869.74084663391,0.8193727259512071
481,Nayachutti,Chamoli,Unknown,Uttarakhand,True,30.6485378,79.5332429,32.41449625832039,control (non-VVP),True,112,5149.430173873901,0.794673214001315
482,Pulna,Chamoli,Unknown,Uttarakhand,True,30.6357595,79.5716275,33.554494849387154,control (non-VVP),True,158,8871.200387954712,0.8116126558448695
483,Will Pulna,Chamoli,Unknown,Uttarakhand,True,30.635211,79.5724562,33.61399138587271,control (non-VVP),True,156,8847.020788192749,0.8123628183817252
484,Sumla,Uttarkashi,Unknown,Uttarakhand,True,31.3643581,79.1315444,5.627779859426751,control (non-VVP),True,16,637.9984092712402,0.8191500008106232
485,波林三多,Uttarkashi,Unknown,Uttarakhand,True,31.3063902,79.1304897,8.97346728316324,control (non-VVP),True,54,3919.298219680786,0.8318370404066863
486,Tirpani,Uttarkashi,Unknown,Uttarakhand,True,31.2764904,79.1066801,12.781892511914991,control (non-VVP),True,0,0.0,
487,Nilapani,Uttarkashi,Unknown,Uttarakhand,True,31.1133518,79.1553581,15.061773828748594,control (non-VVP),True,3,226.36429595947266,0.7840999960899353
488,桑村,Uttarkashi,Unknown,Uttarakhand,True,31.1815194,79.044165,15.272434644969527,control (non-VVP),True,8,728.8179893493652,0.8036499917507172
489,葱莎,Uttarkashi,Unknown,Uttarakhand,True,31.1126554,79.0053748,19.17764189917796,control (non-VVP),True,110,8821.673844337463,0.8334445449438962
490,Hindoligad,Uttarkashi,Unknown,Uttarakhand,True,31.0767806,78.9614641,21.732777927080967,control (non-VVP),True,2,674.591796875,0.8170999884605408
491,Karchha,Uttarkashi,Unknown,Uttarakhand,True,31.04462,78.92578,24.95764711311822,control (non-VVP),True,0,0.0,
492,Mukhba,Uttarkashi,Unknown,Uttarakhand,True,31.0449555,78.7799246,26.980573712116133,control (non-VVP),True,173,13293.431980133057,0.8120450863259376
493,Lanka,Uttarkashi,Unknown,Uttarakhand,True,31.0302365,78.8679805,27.02544209422259,control (non-VVP),True,16,1451.5152788162231,0.8292624950408936
494,Bhaironghati,Uttarkashi,Unknown,Uttarakhand,True,31.0267173,78.8678798,27.410613091794325,control (non-VVP),True,18,1565.6608819961548,0.826683329211341
495,Harsil,Uttarkashi,Unknown,Uttarakhand,True,31.0369099,78.7506484,28.055064151573287,control (non-VVP),True,230,20831.58397293091,0.8237317385880844
496,Halunga,Uttarkashi,Unknown,Uttarakhand,True,31.0334361,78.7436711,28.520791760275166,control (non-VVP),True,47,2655.5153732299805,0.8048191489057338
497,Dhakroliya,Uttarkashi,Unknown,Uttarakhand,True,31.0349208,78.7312391,28.54448149749177,control (non-VVP),True,15,1769.2373733520508,0.8215999881426493
498,Sunagar,Uttarkashi,Unknown,Uttarakhand,True,31.01578,78.71155,31.0016111786727,control (non-VVP),True,85,10243.821531295776,0.827316470005933
499,Suki,Uttarkashi,Unknown,Uttarakhand,True,31.0029571,78.7013016,32.61251940187505,control (non-VVP),True,166,10642.686922073364,0.8111620487937008
500,Bhojwasa,Uttarkashi,Unknown,Uttarakhand,True,30.9504464,79.051513,33.50614382681282,control (non-VVP),True,13,861.9523019790649,0.7985538519345797
501,Cherbasa,Uttarkashi,Unknown,Uttarakhand,True,30.9798732,79.0239489,33.59856849202152,control (non-VVP),True,3,161.7031021118164,0.8084333340326945
502,Bhangeli,Uttarkashi,Unknown,Uttarakhand,True,30.9173929,78.6694748,42.55822493242618,control (non-VVP),True,64,4136.294696807861,0.8127999994903803
503,Gangnani (village),Uttarkashi,Unknown,Uttarakhand,True,30.9124564,78.67581,42.93741159736116,control (non-VVP),True,2,65.65479850769043,0.7853000164031982
504,Seema,Uttarkashi,Unknown,Uttarakhand,True,31.1170286,78.3499378,43.2062044546696,control (non-VVP),True,22,2648.230613708496,0.8468090837652033
505,Yamunotri,Uttarkashi,Unknown,Uttarakhand,True,30.999214,78.4626951,43.56636837738584,control (non-VVP),True,2,143.75880432128906,0.8034500181674957
506,Osla,Uttarkashi,Unknown,Uttarakhand,True,31.1188962,78.3427722,43.702470708703984,control (non-VVP),True,186,13703.647800445557,0.8119021519537895
507,Hurri,Uttarkashi,Unknown,Uttarakhand,True,30.900444,78.694016,43.85649707889107,control (non-VVP),True,0,0.0,
508,Gangnani,Uttarkashi,Unknown,Uttarakhand,True,30.9029774,78.6797824,43.870251674210536,control (non-VVP),True,64,3811.667293548584,0.811068749986589
509,Sungar,Uttarkashi,Unknown,Uttarakhand,True,30.8932364,78.6782549,44.95526774068584,control (non-VVP),True,7,330.935697555542,0.7866285783903939
510,Panwani,Uttarkashi,Unknown,Uttarakhand,True,31.1162624,78.3290382,44.99273687783485,control (non-VVP),True,82,5217.644191741943,0.8165878013866704
511,Gangwar,Uttarkashi,Unknown,Uttarakhand,True,31.1081301,78.3128214,46.782319991467176,control (non-VVP),True,104,9338.080213546753,0.8180076938409072
512,Janki Chatti,Uttarkashi,Unknown,Uttarakhand,True,30.9764513,78.4383369,46.98872281721196,control (non-VVP),True,369,40254.27007198334,0.8309869914843138
513,Kharsālī,Uttarkashi,Unknown,Uttarakhand,True,30.9727889,78.4382202,47.31439009250329,control (non-VVP),True,450,46801.77493643761,0.8283008895979987
514,Thangdung,Tawang,Unknown,Arunachal Pradesh,True,27.4924362,91.6448955,0.0530497356744593,control (non-VVP),False,42,2594.5347862243652,0.822119048663548
515,Chhema,Tawang,Unknown,Arunachal Pradesh,True,27.4766454,91.6640409,0.0707522494383866,control (non-VVP),False,162,10519.376411437988,0.8183172830828914
516,Rashuthang,Tawang,Unknown,Arunachal Pradesh,True,27.1326518,91.9873523,0.2136932321291579,control (non-VVP),False,41,3327.2961082458496,0.8166634120592257
517,Khiliphu,Tawang,Unknown,Arunachal Pradesh,True,27.1933491,92.0177941,0.3846018236658946,control (non-VVP),False,28,1736.8987846374512,0.8102357132094247
518,Melongkhar,Tawang,Unknown,Arunachal Pradesh,True,27.4716594,91.6684389,0.4707461211988669,control (non-VVP),False,94,6871.080429077148,0.8085085102852355
519,Tshothang,Tawang,Unknown,Arunachal Pradesh,True,27.1330028,91.9950426,0.5363907890614762,control (non-VVP),False,90,7856.8936948776245,0.8145966668923695
520,Manam,Tawang,Unknown,Arunachal Pradesh,True,27.4881511,91.6402804,0.6075063764981591,control (non-VVP),False,50,3672.284641265869,0.8347999954223633
521,Yerphel,Tawang,Unknown,Arunachal Pradesh,True,27.4708286,91.6567729,0.9002989595175754,control (non-VVP),False,112,9319.262741088867,0.8228964284062386
522,Doogti,Tawang,Unknown,Arunachal Pradesh,True,27.4825186,91.6917615,1.262515030897246,control (non-VVP),False,110,7007.854581832886,0.8234545458446849
523,Buri,Tawang,Unknown,Arunachal Pradesh,True,27.5138525,91.6470731,1.3784428309811594,control (non-VVP),False,12,772.4212036132812,0.8349833389123281
524,勒村,Tawang,Unknown,Arunachal Pradesh,True,27.818098,91.7506349,1.4629941351242544,control (non-VVP),False,128,18424.556602478027,0.8410187466070056
525,Dudunghar,Tawang,Unknown,Arunachal Pradesh,True,27.5069344,91.6530079,1.5845961590826654,control (non-VVP),False,172,13350.22401046753,0.8293209297712459
526,Serzhong,Tawang,Unknown,Arunachal Pradesh,True,27.1264072,91.9705006,1.773329869788568,control (non-VVP),False,117,9210.50299835205,0.823737605005248
527,Gonong,Tawang,Unknown,Arunachal Pradesh,True,27.1258692,91.9685764,1.954115715779912,control (non-VVP),False,109,8182.41410446167,0.8224807321478468
528,Blaiteng,Tawang,Unknown,Arunachal Pradesh,True,27.505442,91.6575862,1.9598216987706023,control (non-VVP),False,266,21282.19556427002,0.8267872190116939
529,Shengdang,Tawang,Unknown,Arunachal Pradesh,True,27.4844282,91.622125,2.2570451148270707,control (non-VVP),False,18,1164.8359775543213,0.8387666675779555
530,Dongmareng,Tawang,Unknown,Arunachal Pradesh,True,27.5064997,91.6610772,2.297958008278038,control (non-VVP),False,164,13534.688138961792,0.82263536714926
531,Dungmanma,Tawang,Unknown,Arunachal Pradesh,True,27.0965531,91.9635015,2.538482354626705,control (non-VVP),False,127,9696.785048484802,0.8287598429702399
532,Chhemkhar,Tawang,Unknown,Arunachal Pradesh,True,27.4797134,91.6218298,2.5885902511741694,control (non-VVP),False,32,2288.817367553711,0.8540062494575977
533,Deptsang,Tawang,Unknown,Arunachal Pradesh,True,27.0530872,91.9825709,2.6697319999145583,control (non-VVP),False,43,2456.6909141540527,0.7967093018598335
534,嘎林久村,Tawang,Unknown,Arunachal Pradesh,True,27.8293568,91.7604054,2.670622656684135,control (non-VVP),False,58,6817.065776824951,0.8702862057192572
535,Kaben,Tawang,Unknown,Arunachal Pradesh,True,27.489457,91.7279816,3.0298278851124576,control (non-VVP),False,404,41435.63822937012,0.8294168318262195
536,汤乌村,Tawang,Unknown,Arunachal Pradesh,True,27.7949174,92.0216484,3.1750758441319165,control (non-VVP),False,102,15898.438076019287,0.807050977267471
537,Rolam,Tawang,Unknown,Arunachal Pradesh,True,27.4497486,91.651622,3.286415262060078,control (non-VVP),False,140,10731.733819961548,0.8208642865930285
538,Marmey,Tawang,Unknown,Arunachal Pradesh,True,27.5382332,91.6496721,3.3525511690259813,control (non-VVP),False,70,5124.420989990234,0.851508571420397
539,岗萨洞村,Tawang,Unknown,Arunachal Pradesh,True,27.7632673,91.9052521,3.488798536311699,control (non-VVP),False,46,5442.758567810059,0.8586565204288649
540,Khinyel,Tawang,Unknown,Arunachal Pradesh,True,27.4814952,91.6087837,3.5922025763329763,control (non-VVP),False,144,14771.486011505127,0.8377027784784635
541,Hatung La,Tawang,Unknown,Arunachal Pradesh,True,27.7767145,91.7101807,3.605519688388505,control (non-VVP),False,26,2522.940227508545,0.8169615360406729
542,肖村,Tawang,Unknown,Arunachal Pradesh,True,27.7647714,91.9106823,3.647695054534462,control (non-VVP),False,126,23372.167728424072,0.8714682544980731
543,昂定村,Tawang,Unknown,Arunachal Pradesh,True,27.7867208,91.8859646,3.79469937894999,control (non-VVP),False,38,3470.2365856170654,0.8612052672787717
544,肖康桑村,Tawang,Unknown,Arunachal Pradesh,True,27.7654854,91.9187235,3.8408363519477975,control (non-VVP),False,56,4411.951866149902,0.8259178591626031
545,热吉干布村,Tawang,Unknown,Arunachal Pradesh,True,27.7800424,91.8914322,3.859158298463373,control (non-VVP),False,8,253.4087963104248,0.8333250135183334
546,Murshindama,Tawang,Unknown,Arunachal Pradesh,True,27.4900655,91.6009715,3.86582329401555,control (non-VVP),False,70,5851.3135776519775,0.8249971406800406
547,Bakpa,Tawang,Unknown,Arunachal Pradesh,True,27.4808559,91.6030526,4.137398419465273,control (non-VVP),False,218,29651.60813331604,0.843817431992347
548,Chelengdung,Tawang,Unknown,Arunachal Pradesh,True,27.5402668,91.6598059,4.1381078596207095,control (non-VVP),False,170,13495.255422592163,0.8511835322660558
549,Maeldung,Tawang,Unknown,Arunachal Pradesh,True,27.4856619,91.602426,4.156678971974879,control (non-VVP),False,162,13736.93678855896,0.8272493827490159
550,贤村,Tawang,Unknown,Arunachal Pradesh,True,27.8436163,91.7583626,4.25773595035611,control (non-VVP),False,94,7376.8013916015625,0.8476978679920765
551,Pajab,Tawang,Unknown,Arunachal Pradesh,True,27.4874232,91.5980381,4.278181756290751,control (non-VVP),False,112,9315.85040473938,0.8293178539190974
552,Dungjee,Tawang,Unknown,Arunachal Pradesh,True,27.4989655,92.0097869,4.297136495986306,control (non-VVP),False,10,1047.3936004638672,0.862119996547699
553,Benig,Tawang,Unknown,Arunachal Pradesh,True,27.499111,91.7352285,4.302094159838689,control (non-VVP),False,32,3082.572010040283,0.8153749965131283
554,User,Tawang,Unknown,Arunachal Pradesh,True,27.5441215,91.6573264,4.332662551885869,control (non-VVP),False,138,9995.181730270386,0.8435826076977495
555,Phomang,Tawang,Unknown,Arunachal Pradesh,True,27.5125531,91.694958,4.594783190459134,control (non-VVP),False,132,9450.198425292969,0.8281090936877511
556,Sanghar,Tawang,Unknown,Arunachal Pradesh,True,27.5320099,91.6739901,4.655048653488116,control (non-VVP),False,178,13548.57279586792,0.8274528062745427
557,Amatulla,Tawang,Unknown,Arunachal Pradesh,True,26.9164238,92.1272069,4.677931695751436,control (non-VVP),False,129,12315.604038238525,0.8272565912830737
558,Tsechu,Tawang,Unknown,Arunachal Pradesh,True,27.7228408,92.0148221,4.839255499380271,control (non-VVP),False,372,36404.35437774658,0.8436112913393206
559,Dormeleng,Tawang,Unknown,Arunachal Pradesh,True,27.536051,91.6739209,4.872489192383831,control (non-VVP),False,240,17700.40539073944,0.8258641635378202
560,Bagajang Gompa,Tawang,Unknown,Arunachal Pradesh,True,27.5002605,92.0203955,4.958258166043775,control (non-VVP),False,8,402.62960052490234,0.8617250025272369
561,Tokshing,Tawang,Unknown,Arunachal Pradesh,True,27.4808904,91.593587,5.122650449450419,control (non-VVP),False,114,9235.556995391846,0.8458754378452635
562,Hoongla,Tawang,Unknown,Arunachal Pradesh,True,27.5133024,91.7221181,5.219682444374062,control (non-VVP),False,128,9279.321021080017,0.8232937455177307
563,Jyonkhar,Tawang,Unknown,Arunachal Pradesh,True,27.4166116,91.8630804,5.32297028667344,control (non-VVP),False,226,15688.684127807617,0.8242283168092238
564,Yalang,Tawang,Unknown,Arunachal Pradesh,True,27.4502664,91.6143036,5.344180485109096,control (non-VVP),False,206,21029.378372192383,0.8306941748822777
565,Draktsa,Tawang,Unknown,Arunachal Pradesh,True,27.4787894,91.5913526,5.444411778180608,control (non-VVP),False,102,7572.778997421265,0.8428196065566119
566,Kharung,Tawang,Unknown,Arunachal Pradesh,True,27.5083212,91.7443344,5.472869874542752,control (non-VVP),False,170,15449.038164138794,0.8227235282168669
567,Sazo,Tawang,Unknown,Arunachal Pradesh,True,27.5211872,91.6919115,5.481263190914099,control (non-VVP),False,74,4941.733947753906,0.8238324313550383
568,Phongmey,Tawang,Unknown,Arunachal Pradesh,True,27.4070065,91.7604157,5.607059510498883,control (non-VVP),False,182,16011.949827194214,0.8272527495583335
569,Domtshang,Tawang,Unknown,Arunachal Pradesh,True,27.4997616,91.5585743,5.782144752556093,control (non-VVP),False,32,2024.230812072754,0.8378937467932701
570,Bulaisen,Tawang,Unknown,Arunachal Pradesh,True,27.7447203,91.6940265,5.82737530462685,control (non-VVP),False,4,120.26200103759766,0.7808499932289124
571,Zirkhim,Tawang,Unknown,Arunachal Pradesh,True,27.759106,91.6987037,5.859782408176547,control (non-VVP),False,144,13846.975086212158,0.8398013917936219
572,Kharteng,Tawang,Unknown,Arunachal Pradesh,True,27.5322737,91.68881,5.999022821529483,control (non-VVP),False,262,26139.111934661865,0.8451145036529949
573,次麦夺村,Tawang,Unknown,Arunachal Pradesh,True,27.8974291,92.1766052,6.052669664149844,control (non-VVP),False,0,0.0,
574,Phanbu,Tawang,Unknown,Arunachal Pradesh,True,27.6755489,91.5190859,6.305048458247884,control (non-VVP),False,18,1038.0186023712158,0.8013555672433641
575,Omling Gumpha,Tawang,Unknown,Arunachal Pradesh,True,27.3154109,92.1483055,6.3896102932832,control (non-VVP),False,4,49.76099967956543,0.7773500084877014
576,Malang,Tawang,Unknown,Arunachal Pradesh,True,26.9199558,91.5006852,6.544052295400638,control (non-VVP),False,26,2181.035237312317,0.8170576943801
577,Sayphu,Tawang,Unknown,Arunachal Pradesh,True,27.3989221,91.7976093,6.574000800085611,control (non-VVP),False,146,13359.550689697266,0.8488890414368616
578,Taktsang,Tawang,Unknown,Arunachal Pradesh,True,27.7202129,91.7987847,6.611126228743398,control (non-VVP),False,198,14278.42052268982,0.811252525358489
579,Bimkhar,Tawang,Unknown,Arunachal Pradesh,True,27.5996103,91.5097951,6.638943392136434,control (non-VVP),False,96,9719.766193389893,0.8450000000496706
580,Baghar,Tawang,Unknown,Arunachal Pradesh,True,27.5386646,91.692876,6.666281448423297,control (non-VVP),False,170,13692.660079956055,0.829523528323454
581,多塘村,Tawang,Unknown,Arunachal Pradesh,True,27.903248,92.1752696,6.687710366493971,control (non-VVP),False,0,0.0,
582,Chongti,Tawang,Unknown,Arunachal Pradesh,True,26.9210081,91.5019834,6.702028757469772,control (non-VVP),False,42,4269.11332988739,0.8288190478370303
583,Surbin,Tawang,Unknown,Arunachal Pradesh,True,27.6044729,91.6478797,6.702895702948471,control (non-VVP),False,32,1851.7374000549316,0.815043743699789
584,聚塘贡村,Tawang,Unknown,Arunachal Pradesh,True,27.8906837,92.1452425,6.822658743170266,control (non-VVP),False,0,0.0,
585,Lengkhar,Tawang,Unknown,Arunachal Pradesh,True,27.5034784,91.5433416,6.853299421939489,control (non-VVP),False,144,9495.439212799072,0.8329319440656238
586,Milum,Tawang,Unknown,Arunachal Pradesh,True,26.9234976,91.5029731,6.994210696636249,control (non-VVP),False,70,6701.966300010681,0.8312357136181423
587,Serpang,Tawang,Unknown,Arunachal Pradesh,True,27.4822039,91.5608666,7.013018805295741,control (non-VVP),False,128,10918.284967422485,0.8215875001624227
588,Bilam,Tawang,Unknown,Arunachal Pradesh,True,26.9275894,91.4938939,7.124552220484405,control (non-VVP),False,95,12706.969417572021,0.8541557908058166
589,Mitshishing,Tawang,Unknown,Arunachal Pradesh,True,26.9259082,91.501286,7.177685965942646,control (non-VVP),False,96,9277.493624687195,0.8334687494983276
590,Bayling,Tawang,Unknown,Arunachal Pradesh,True,27.6261775,91.5004863,7.217830939928738,control (non-VVP),False,74,6744.032531738281,0.8350918937373806
591,Phugyang,Tawang,Unknown,Arunachal Pradesh,True,27.4398176,91.5994167,7.225682139782148,control (non-VVP),False,156,12731.559190750122,0.8411910243523426
592,Neygang,North,Unknown,Sikkim,True,26.8222735,89.2456924,0.0354397827185006,control (non-VVP),False,7,412.0198974609375,0.8137285709381104
593,Mangalbare,North,Unknown,Sikkim,True,26.9641686,88.0931146,0.0646404924804474,control (non-VVP),False,225,12351.075901031494,0.8129351101981269
594,Tingtingma,North,Unknown,Sikkim,True,26.83608,89.2607505,0.1374003726741908,control (non-VVP),False,11,433.27929878234863,0.8035818230022084
595,Tading,North,Unknown,Sikkim,True,26.842835,89.2980981,0.1836409106089793,control (non-VVP),False,47,3119.8739500045776,0.8258723388326928
596,Katao,North,Unknown,Sikkim,True,27.6714244,88.8140893,0.4093092829809311,control (non-VVP),False,52,2998.113299369812,0.8118019241553086
597,Kupup,North,Unknown,Sikkim,True,27.35065,88.8396693,0.4220779702879976,control (non-VVP),False,82,6954.501868247986,0.8267280495748287
598,Kumai,North,Unknown,Sikkim,True,26.9721659,88.8529694,0.4496922242930337,control (non-VVP),False,127,8826.536779403687,0.812071654740281
599,Sherathang,North,Unknown,Sikkim,True,27.3803999,88.8152126,0.4936963693973037,control (non-VVP),False,62,5001.714900970459,0.8209338697694963
600,Gidaibir,North,Unknown,Sikkim,True,26.8366987,89.2715013,0.4987423550079105,control (non-VVP),False,1,23.035999298095703,0.7764000296592712
601,Marwatraya,North,Unknown,Sikkim,True,26.8521011,89.3113536,0.537664567588106,control (non-VVP),False,12,983.9634094238281,0.8125583380460739
602,Daduwachok,North,Unknown,Sikkim,True,27.278697,88.0127539,0.6010992404530895,control (non-VVP),False,0,0.0,
603,Doomshinggang,North,Unknown,Sikkim,True,26.819084,89.1416207,0.6994205554095879,control (non-VVP),False,51,2531.8735065460205,0.8195529439870048
604,Nyoenpalingmaed,North,Unknown,Sikkim,True,26.8229454,89.2250516,0.7472079788470537,control (non-VVP),False,117,16158.052897015381,0.8201974360351889
605,Shri Antu,North,Unknown,Sikkim,True,26.8809868,88.1307377,0.8495012448518934,control (non-VVP),False,186,10534.368820667267,0.8005462375379377
606,Doleg,North,Unknown,Sikkim,True,26.819408,89.1716232,0.9051630724290842,control (non-VVP),False,43,3226.4844255447388,0.8317930171656054
607,Rongo,North,Unknown,Sikkim,True,27.0385628,88.8358784,0.9661025806763252,control (non-VVP),False,451,35705.80019283295,0.8059986697596615
608,Todey,North,Unknown,Sikkim,True,27.1108271,88.8252278,1.0056724908623245,control (non-VVP),False,198,16737.571654319763,0.8148742429535798
609,Dugpoling,North,Unknown,Sikkim,True,26.8538049,89.2820477,1.014366765057029,control (non-VVP),False,7,266.04460525512695,0.8092285820416042
610,Hauri,North,Unknown,Sikkim,True,26.8351402,89.2827694,1.0515924551522455,control (non-VVP),False,9,304.23780059814453,0.8193222151862251
611,Totopara,North,Unknown,Sikkim,True,26.8357066,89.3075323,1.1217663315424862,control (non-VVP),False,140,10026.822962760925,0.8062992862292698
612,Gorkhe Bazar,North,Unknown,Sikkim,True,26.9554832,88.0775912,1.8877153943244096,control (non-VVP),False,132,9109.086358070374,0.8026878775069208
613,Tumliṅ,North,Unknown,Sikkim,True,27.0312588,88.0689601,1.952452896070509,control (non-VVP),False,42,2594.857795715332,0.8109499996616727
614,Gariabas,North,Unknown,Sikkim,True,27.024001,88.8656552,1.9886380969430395,control (non-VVP),False,159,13949.223286628723,0.8062150943204291
615,Lachhungthang,North,Unknown,Sikkim,True,26.8295321,89.1899901,2.040227433577781,control (non-VVP),False,19,1030.5758037567139,0.8213052655521192
616,Gurãse,North,Unknown,Sikkim,True,27.027135,88.0744586,2.092496369904318,control (non-VVP),False,17,879.7439079284668,0.832764702684739
617,Gairibas,North,Unknown,Sikkim,True,27.0592783,88.0246254,2.0927719373359936,control (non-VVP),False,8,525.6163063049316,0.8261500000953674
618,Dangreyboog,North,Unknown,Sikkim,True,26.9392244,89.008113,2.139504061456761,control (non-VVP),False,71,7219.082403182983,0.8247873262620308
619,काला पोखरी,North,Unknown,Sikkim,True,27.0788791,88.0171082,2.2196151166504423,control (non-VVP),False,43,3104.309299468994,0.8291883718135745
620,Dadheli,North,Unknown,Sikkim,True,27.0860589,87.9548391,2.2898595952271785,control (non-VVP),False,21,928.9306955337524,0.796114288625263
621,लुम्चोक,North,Unknown,Sikkim,True,27.0800523,87.9589886,2.3395745634031484,control (non-VVP),False,5,381.9242000579834,0.8086399912834168
622,Kandan,North,Unknown,Sikkim,True,27.2632886,87.9854179,2.387155050260856,control (non-VVP),False,5,343.05220222473145,0.8174199819564819
623,Magargau,North,Unknown,Sikkim,True,27.2531652,87.9799507,2.4259457880824007,control (non-VVP),False,10,546.7022933959961,0.8137700080871582
624,Changgu,North,Unknown,Sikkim,True,27.3778843,88.7709213,2.4303020148375434,control (non-VVP),False,131,9618.549980163574,0.8298183238233319
625,Bikeybhanjan,North,Unknown,Sikkim,True,27.0929468,88.01296,2.4946215039078736,control (non-VVP),False,18,602.0557060241699,0.7994388871722751
626,Megma,North,Unknown,Sikkim,True,27.0239524,88.0828861,2.5710113040084863,control (non-VVP),False,58,3348.091012954712,0.8363327589528314
627,Sandakphu,North,Unknown,Sikkim,True,27.104806,88.0015441,2.579681664896949,control (non-VVP),False,46,3840.006097793579,0.8287956494352092
628,Katrepakha,North,Unknown,Sikkim,True,26.9903319,88.9319658,2.607344879343358,control (non-VVP),False,47,3761.830612182617,0.8003553139402512
629,Bugkha,North,Unknown,Sikkim,True,26.869138,89.2872405,2.6784303130882674,control (non-VVP),False,36,1852.3947076797485,0.8264361057016585
630,Chamurchi,North,Unknown,Sikkim,True,26.8827274,89.0903663,2.7225711132266324,control (non-VVP),False,533,32348.063479423523,0.8048061929768962
631,Jhalong,North,Unknown,Sikkim,True,27.0401327,88.8732963,2.7465010739437283,control (non-VVP),False,279,23155.588817596436,0.8073025097983713
632,Khamzangling,North,Unknown,Sikkim,True,26.9747954,88.9498508,2.9095350172627934,control (non-VVP),False,17,1155.5556983947754,0.8319000005722046
633,Tharphu,North,Unknown,Sikkim,True,26.9893377,88.9368045,2.9102798377936985,control (non-VVP),False,17,1144.6033124923706,0.8086882373865913
634,Yugo,North,Unknown,Sikkim,True,26.8975661,89.0839157,2.916803936913932,control (non-VVP),False,108,18059.572565078735,0.8412972219564296
635,Kardo,North,Unknown,Sikkim,True,26.9492965,88.9928788,2.9572807826624348,control (non-VVP),False,35,2273.2080783843994,0.8164371405329023
636,Paren,North,Unknown,Sikkim,True,27.0636736,88.8734078,2.979857761316277,control (non-VVP),False,217,20036.266719818115,0.8070419337342961
637,Tonglu,North,Unknown,Sikkim,True,27.033721,88.0805457,3.013399463859864,control (non-VVP),False,15,1225.8905143737793,0.8176466663678487
638,Samarjun,North,Unknown,Sikkim,True,27.2603728,87.975741,3.134339894708016,control (non-VVP),False,55,2846.630422592163,0.8185545487837358
639,Chhubakha,North,Unknown,Sikkim,True,27.8241475,88.815369,3.225655994048761,control (non-VVP),False,4,136.4446029663086,0.8367250114679337
640,Sisne,North,Unknown,Sikkim,True,27.2634845,87.9756726,3.281271091190319,control (non-VVP),False,49,2322.8176107406616,0.8143979602930497
641,Sampheling,North,Unknown,Sikkim,True,27.1213407,88.8490569,3.357082188195897,control (non-VVP),False,165,12432.162603378296,0.8126127261104006
642,Rabi,North,Unknown,Sikkim,True,27.3014656,87.9929991,3.4248380521192847,control (non-VVP),False,8,364.9719047546387,0.8195000141859055
643,Samphelgang,North,Unknown,Sikkim,True,27.1264595,88.8453086,3.601970449961409,control (non-VVP),False,166,15811.003502845764,0.8237524104405598
644,Sepi,North,Unknown,Sikkim,True,27.2967297,87.9885069,3.618710893016439,control (non-VVP),False,38,2024.9635944366455,0.8054236863788805
645,Depheling,North,Unknown,Sikkim,True,26.9742504,88.9581871,3.6261462396301702,control (non-VVP),False,87,5929.805582046509,0.8138885052724817
646,Nojangsa Nyipa,North,Unknown,Sikkim,True,26.8786124,89.3011236,3.641663302075516,control (non-VVP),False,35,2163.3363828659058,0.8154371431895665
647,Norgeygang,North,Unknown,Sikkim,True,27.1251166,88.8483354,3.649812594241609,control (non-VVP),False,197,17573.22132873535,0.8208517768056259
648,Tsomgo,North,Unknown,Sikkim,True,27.3754372,88.7566799,3.682317154899109,control (non-VVP),False,173,15302.630647182465,0.8351832380184548
649,Ekrate,North,Unknown,Sikkim,True,27.252172,87.9651893,3.722050764424155,control (non-VVP),False,24,1324.4827156066895,0.8061833307147026
650,Karmaling,North,Unknown,Sikkim,True,27.1204516,88.8555324,3.729363223002584,control (non-VVP),False,78,4345.219888687134,0.8144807708569062
651,Timbure,North,Unknown,Sikkim,True,27.2927386,87.9850534,3.751930497106271,control (non-VVP),False,8,409.43750762939453,0.832787498831749
652,Norbuling,North,Unknown,Sikkim,True,26.8925739,89.0972757,3.822535323022741,control (non-VVP),False,338,51719.24406814575,0.8338733733405729
653,Sugure,North,Unknown,Sikkim,True,27.2608375,87.9680869,3.850674336389128,control (non-VVP),False,46,2480.0674114227295,0.8060978301193403
654,Kuengaling,North,Unknown,Sikkim,True,27.1353079,88.8366105,3.865136594950476,control (non-VVP),False,86,5166.393995285034,0.8189523275508437
655,Khangzhima,North,Unknown,Sikkim,True,26.9887258,88.950355,3.9124028155231376,control (non-VVP),False,171,16770.949674606323,0.8275502930607712
656,Kharsaling,North,Unknown,Sikkim,True,26.9981042,88.9418471,3.919752320650081,control (non-VVP),False,69,4858.127178192139,0.8187608684318654
657,Bindu,North,Unknown,Sikkim,True,27.0986121,88.8716429,3.9264302281607857,control (non-VVP),False,174,11914.798211097717,0.8061689665947838
658,Sagadada,North,Unknown,Sikkim,True,27.2743415,87.9725518,4.055684917075906,control (non-VVP),False,18,781.630199432373,0.8116055462095473
659,Nagrakata,North,Unknown,Sikkim,True,26.887366,88.9115671,4.089471232915417,control (non-VVP),False,585,51208.17181491852,0.8028755555804978
660,Beteni,North,Unknown,Sikkim,True,27.2990623,87.9842607,4.109805314172164,control (non-VVP),False,52,2683.682897567749,0.8056307687209203
661,Samsing,North,Unknown,Sikkim,True,26.9891656,88.8036059,4.215283346249905,control (non-VVP),False,632,38056.96348762512,0.8084408225892465
662,राम्चे (Ramche),North,Unknown,Sikkim,True,27.5940731,88.0313801,4.2397145853402165,control (non-VVP),False,3,324.2335891723633,0.8676999807357788
663,Migphelgang,North,Unknown,Sikkim,True,27.1290662,88.8545122,4.363893173569808,control (non-VVP),False,75,3800.933205127716,0.8045986636479696
664,Chamilindada,North,Unknown,Sikkim,True,27.2564045,87.9589886,4.476766394844066,control (non-VVP),False,49,2421.746187210083,0.803324490177388
665,Patshaling,North,Unknown,Sikkim,True,27.1459569,88.8314001,4.497957969345004,control (non-VVP),False,55,3446.424083709717,0.8144072738560764
666,Sisne,North,Unknown,Sikkim,True,27.278902,87.9695767,4.532116420063161,control (non-VVP),False,20,993.267204284668,0.7895399987697601
667,Nojangsa Dangpa,North,Unknown,Sikkim,True,26.8871962,89.2838824,4.684382905124696,control (non-VVP),False,63,3296.3890857696533,0.8218492042450678
668,Pangpema,North,Unknown,Sikkim,True,27.7878398,88.1100906,4.6922108464505925,control (non-VVP),False,1,89.32759857177734,0.8389999866485596
669,Simana,North,Unknown,Sikkim,True,26.9846521,88.1356918,4.755966616225002,control (non-VVP),False,137,9612.479815483093,0.8157131410863278
670,Gashingma,North,Unknown,Sikkim,True,26.8543744,89.1888303,4.791395856513222,control (non-VVP),False,70,4397.045702934265,0.8182471445628575
671,Perunge,North,Unknown,Sikkim,True,27.2523041,87.9531478,4.821995927290392,control (non-VVP),False,43,2522.338274002075,0.8111837229063344
672,Joenleksa,North,Unknown,Sikkim,True,26.9988785,88.9532304,4.8527674534351,control (non-VVP),False,30,1613.2476024627686,0.8155933360258738
673,Phanchebun,North,Unknown,Sikkim,True,27.0558235,87.9505824,4.880443684657196,control (non-VVP),False,52,3016.4072065353394,0.8137326962672747
674,Dombang,North,Unknown,Sikkim,True,27.7456823,88.777401,4.952018864728949,control (non-VVP),False,79,5336.820809364319,0.820141773435134
675,Tserima,North,Unknown,Sikkim,True,26.8970136,89.1079938,5.0001862830661485,control (non-VVP),False,73,14294.509952545166,0.8342520561936784
676,Baichhadrangra,North,Unknown,Sikkim,True,26.8907462,89.1119796,5.051882633741652,control (non-VVP),False,10,643.7377014160156,0.7985299944877624
677,Gangawa,North,Unknown,Sikkim,True,27.2961738,87.9718593,5.105567853365814,control (non-VVP),False,23,1732.7988014221191,0.8200608751048213
678,Muklabu,North,Unknown,Sikkim,True,27.2868659,87.9666335,5.15947744905538,control (non-VVP),False,61,3296.647979736328,0.8088967233407692
679,Tirsuley,North,Unknown,Sikkim,True,27.0096612,88.9474797,5.17216692808125,control (non-VVP),False,18,969.0978059768677,0.8130388855934143
680,Serpe,North,Unknown,Sikkim,True,27.0734953,87.9288146,5.236702331017508,control (non-VVP),False,34,2337.840404510498,0.8190470653421739
681,Chyanthapu,North,Unknown,Sikkim,True,27.2635164,87.9541546,5.237476189395344,control (non-VVP),False,130,9961.92568397522,0.8102061533010922
682,Memekha,North,Unknown,Sikkim,True,26.8941073,89.3031281,5.251209710485094,control (non-VVP),False,51,4302.776467323303,0.8372588239464105
683,Nibhare,North,Unknown,Sikkim,True,27.3091311,87.9755405,5.356886421662148,control (non-VVP),False,6,437.80029296875,0.8032333155473074
684,Fikkal,North,Unknown,Sikkim,True,26.8952118,88.0661527,5.522309970347057,control (non-VVP),False,277,28463.9619140625,0.8050346581083773
685,Asigada,Pithoragarh,Unknown,Uttarakhand,True,29.7996422,80.4676047,0.0217459813321956,control (non-VVP),False,67,4539.920121192932,0.8074358167932995
686,Kapada,Pithoragarh,Unknown,Uttarakhand,True,29.9558311,80.6035153,0.0267355484997716,control (non-VVP),False,46,2310.7820167541504,0.8112913033236628
687,Narayan Ashram,Pithoragarh,Unknown,Uttarakhand,True,29.9707,80.65476,0.0323530316101096,control (non-VVP),False,104,7915.190222740173,0.8101942298504022
688,Khaikon,Pithoragarh,Unknown,Uttarakhand,True,29.4443489,80.2390132,0.0457995656921864,control (non-VVP),False,29,2724.241696357727,0.8330310398134692
689,Napalcho,Pithoragarh,Unknown,Uttarakhand,True,30.1820716,80.8515056,0.0730629720601801,control (non-VVP),False,100,7613.465007781982,0.8151340067386628
690,Bagrihat,Pithoragarh,Unknown,Uttarakhand,True,29.74274,80.36225,0.1180550634206112,control (non-VVP),False,139,12880.51329519043,0.8154258981025476
691,Dhar,Pithoragarh,Unknown,Uttarakhand,True,29.9557902,80.6196706,0.2298227603424047,control (non-VVP),False,76,4384.642602920532,0.8033184220916346
692,Bajani,Pithoragarh,Unknown,Uttarakhand,True,29.7922615,80.4523603,0.2426748211939083,control (non-VVP),False,13,678.6965065002441,0.78835385120832
693,Pancheshwar,Pithoragarh,Unknown,Uttarakhand,True,29.4437807,80.2435846,0.2440552185036964,control (non-VVP),False,11,976.744215965271,0.8348727280443365
694,Jadani,Pithoragarh,Unknown,Uttarakhand,True,29.746009,80.3665526,0.3448222317402624,control (non-VVP),False,29,1649.789300918579,0.8085275867889667
695,Uchauligot,Pithoragarh,Unknown,Uttarakhand,True,29.1103277,80.1412411,0.3567176546403396,control (non-VVP),False,232,14330.985286712646,0.8174099110323807
696,Thapla,Pithoragarh,Unknown,Uttarakhand,True,29.7886805,80.4316761,0.3795500881670989,control (non-VVP),False,46,3250.662624359131,0.8106065211088761
697,Dokat,Pithoragarh,Unknown,Uttarakhand,True,29.9568545,80.6305181,0.3798788431712798,control (non-VVP),False,36,2056.0240173339844,0.8224833309650421
698,Naji,Pithoragarh,Unknown,Uttarakhand,True,29.9619303,80.6220175,0.4061790534077216,control (non-VVP),False,10,397.5652027130127,0.7740800023078919
699,Tarkuli,Pithoragarh,Unknown,Uttarakhand,True,29.2431392,80.2752757,0.4084649937852405,control (non-VVP),False,79,4730.415514945984,0.8137708819365199
700,Titri,Pithoragarh,Unknown,Uttarakhand,True,29.73587,80.36225,0.4402156242512728,control (non-VVP),False,100,8682.945314407349,0.808973998427391
701,Bajani,Pithoragarh,Unknown,Uttarakhand,True,29.7877192,80.4580098,0.4428059609165389,control (non-VVP),False,9,604.6340045928955,0.8122555613517761
702,Majarkana,Pithoragarh,Unknown,Uttarakhand,True,29.58069,80.36362,0.4476146132273144,control (non-VVP),False,153,10617.821076393127,0.812409805316551
703,Bajkot,Pithoragarh,Unknown,Uttarakhand,True,29.2933981,80.2871954,0.4547906787232245,control (non-VVP),False,220,14598.828077316284,0.8137136375362223
704,Syaku,Pithoragarh,Unknown,Uttarakhand,True,29.9514029,80.601573,0.4899691379136102,control (non-VVP),False,108,6530.031253814697,0.8205592654369496
705,Chhiyalekh,Pithoragarh,Unknown,Uttarakhand,True,30.1200614,80.8384468,0.520514503646884,control (non-VVP),False,28,1517.4039974212646,0.8075142843382699
706,Gullah,Pithoragarh,Unknown,Uttarakhand,True,30.02426,80.7193,0.5764591109992325,control (non-VVP),False,144,8155.975847244263,0.8118805545899603
707,Uleni,Pithoragarh,Unknown,Uttarakhand,True,29.7756777,80.4149282,0.5930672531178522,control (non-VVP),False,20,1277.7123050689697,0.8077149987220764
708,Bet,Pithoragarh,Unknown,Uttarakhand,True,29.7725614,80.4024265,0.612419588489003,control (non-VVP),False,28,1932.2088832855225,0.8166142893689019
709,Simal,Pithoragarh,Unknown,Uttarakhand,True,29.7945851,80.4465833,0.6373317155483597,control (non-VVP),False,44,3400.036478996277,0.8135136352343992
710,Tawaghat,Pithoragarh,Unknown,Uttarakhand,True,29.9614818,80.5995242,0.6439112012307722,control (non-VVP),False,80,6471.618591308594,0.8133424982428551
711,Bachkot,Pithoragarh,Unknown,Uttarakhand,True,29.68918,80.36774,0.6834376358003158,control (non-VVP),False,62,4232.858904838562,0.8038661297290556
712,Maduwa,Pithoragarh,Unknown,Uttarakhand,True,29.3218766,80.2745246,0.7053400418109423,control (non-VVP),False,59,4826.257115364075,0.8217118614811009
713,Melpata,Pithoragarh,Unknown,Uttarakhand,True,29.9557765,80.6379681,0.711688272534274,control (non-VVP),False,126,7222.282413482666,0.8140952350601317
714,Udai,Pithoragarh,Unknown,Uttarakhand,True,29.7873228,80.4097708,0.7855961446986502,control (non-VVP),False,66,5385.530527114868,0.8170484864350521
715,Chamdeval,Pithoragarh,Unknown,Uttarakhand,True,29.41589,80.20569,0.7889167700928448,control (non-VVP),False,207,14121.670080184937,0.8080594188349258
716,Karali,Pithoragarh,Unknown,Uttarakhand,True,29.1173595,80.2162316,0.809071737129808,control (non-VVP),False,33,1549.186206817627,0.8193181789282596
717,Surkada,Pithoragarh,Unknown,Uttarakhand,True,29.8006354,80.4553855,0.8284150900562687,control (non-VVP),False,66,5102.59880065918,0.802531819451939
718,Khela,Pithoragarh,Unknown,Uttarakhand,True,29.9624674,80.5911762,0.8549461818637469,control (non-VVP),False,282,20255.017917633057,0.8106843968655201
719,Mallo Dattu,Pithoragarh,Unknown,Uttarakhand,True,29.7896805,80.4151515,0.9029258443850012,control (non-VVP),False,76,6629.30920791626,0.8204118421203211
720,Jauljibi,Pithoragarh,Unknown,Uttarakhand,True,29.7524071,80.376287,0.9286296961076403,control (non-VVP),False,216,15026.108171463013,0.7996166654758983
721,Thulgada,Pithoragarh,Unknown,Uttarakhand,True,29.9478012,80.6061487,0.942408446796164,control (non-VVP),False,162,9326.246437072754,0.8118234615267059
722,Talli Chauki,Pithoragarh,Unknown,Uttarakhand,True,29.7461365,80.3733912,0.9428936639350776,control (non-VVP),False,24,1672.8503065109253,0.807458333671093
723,Kakada,Pithoragarh,Unknown,Uttarakhand,True,29.7972185,80.4453896,0.949789229231438,control (non-VVP),False,55,4447.659670829773,0.8122690894386985
724,Nabhidang Camp,Pithoragarh,Unknown,Uttarakhand,True,30.2390998,80.9760112,0.951191793935628,control (non-VVP),False,0,0.0,
725,Selpya,Pithoragarh,Unknown,Uttarakhand,True,29.7380542,80.3696233,0.9891044111541306,control (non-VVP),False,14,922.1524047851562,0.7984714252608163
726,Ela Gad,Pithoragarh,Unknown,Uttarakhand,True,29.92127,80.57099,1.0376171956303184,control (non-VVP),False,128,10509.602001190186,0.8228265643119812
727,Pipali,Pithoragarh,Unknown,Uttarakhand,True,29.67957,80.37598,1.0672403964005457,control (non-VVP),False,71,5832.054991722107,0.8060380287573371
728,Bhungti,Pithoragarh,Unknown,Uttarakhand,True,30.02838,80.71656,1.0844439643766843,control (non-VVP),False,58,3298.734607696533,0.8093551705623495
729,Dattu,Pithoragarh,Unknown,Uttarakhand,True,29.7925513,80.4200682,1.086963447186655,control (non-VVP),False,74,5919.96310043335,0.8088445945366008
730,Kalika,Pithoragarh,Unknown,Uttarakhand,True,29.80866,80.49271,1.0908230484568096,control (non-VVP),False,310,23618.997812271118,0.8117603228938195
731,Guariat,Pithoragarh,Unknown,Uttarakhand,True,29.56833,80.34165,1.0940235634343112,control (non-VVP),False,176,12427.224382400513,0.8120278401130979
732,Ratamata,Pithoragarh,Unknown,Uttarakhand,True,29.5523706,80.356477,1.2005402364585254,control (non-VVP),False,25,1443.3447017669678,0.8154760026931762
