village_id,district,state,treatment,ndbi,lights,post,did_term
1,Anjaw,Arunachal Pradesh,1,-0.2139028033382926,0.3386945694090257,0,0
2,Anjaw,Arunachal Pradesh,1,-0.2264847171958869,0.2817972230745686,0,0
3,Anjaw,Arunachal Pradesh,1,-0.2528194224685219,0.256412805919484,0,0
4,Anjaw,Arunachal Pradesh,1,-0.2457797923896411,0.3047197234603855,0,0
5,Anjaw,Arunachal Pradesh,1,-0.276436327358106,0.2952927884620588,0,0
6,Anjaw,Arunachal Pradesh,1,-0.0620204106506969,0.4249280884664143,0,0
7,Anjaw,Arunachal Pradesh,1,-0.2057175673852735,0.3101637135202956,0,0
8,Anjaw,Arunachal Pradesh,1,-0.2489019399559069,0.3673396015094708,0,0
9,Anjaw,Arunachal Pradesh,1,-0.2256927385228842,0.3591123665986436,0,0
10,Anjaw,Arunachal Pradesh,1,-0.2753600961835515,0.4024028742849231,0,0
11,Anjaw,Arunachal Pradesh,1,-0.247305063298806,0.0815770501217199,0,0
12,Anjaw,Arunachal Pradesh,1,-0.1052093889697206,0.3120449447671529,0,0
13,Anjaw,Arunachal Pradesh,1,-0.2381452388733587,0.2829678858633453,0,0
14,Anjaw,Arunachal Pradesh,1,-0.1701920714146532,0.2909883724758659,0,0
15,Anjaw,Arunachal Pradesh,1,-0.2544357316516141,0.1546618656529952,0,0
16,Anjaw,Arunachal Pradesh,1,-0.1615273722343476,0.2667283931397963,0,0
17,Anjaw,Arunachal Pradesh,1,-0.2489965067745979,0.218662791985478,0,0
18,Anjaw,Arunachal Pradesh,1,-0.1740521763956032,0.1763103317665866,0,0
19,Anjaw,Arunachal Pradesh,1,-0.1593871000360554,0.2276133863107029,0,0
20,Anjaw,Arunachal Pradesh,1,-0.1688052835337248,0.1410292516777057,0,0
21,Anjaw,Arunachal Pradesh,1,-0.137899917964084,0.2220741144950147,0,0
22,Anjaw,Arunachal Pradesh,1,-0.1639046524612286,0.271476130159396,0,0
23,Anjaw,Arunachal Pradesh,1,-0.1528996539306198,0.2925166050230018,0,0
24,Anjaw,Arunachal Pradesh,1,-0.1249048635663252,0.7029051149592679,0,0
25,Anjaw,Arunachal Pradesh,1,-0.1758935025811989,0.2799170378562624,0,0
26,Dibang Valley,Arunachal Pradesh,1,-0.2235841728820867,0.3871700248328897,0,0
27,Dibang Valley,Arunachal Pradesh,1,-0.178435678385396,0.3700559866455074,0,0
28,Dibang Valley,Arunachal Pradesh,1,-0.224600671745051,0.3374396853737141,0,0
29,Dibang Valley,Arunachal Pradesh,1,-0.1739863636774496,0.4526876420045794,0,0
30,Dibang Valley,Arunachal Pradesh,1,-0.2131769726410399,0.3931848128439963,0,0
31,Dibang Valley,Arunachal Pradesh,1,-0.1935234115737186,0.3317574196883423,0,0
32,Dibang Valley,Arunachal Pradesh,1,-0.1778232254357092,0.4333713850159953,0,0
33,Dibang Valley,Arunachal Pradesh,1,-0.2169395663131494,0.3341355593353673,0,0
34,Dibang Valley,Arunachal Pradesh,1,-0.231469518690691,0.3849752221404193,0,0
35,Dibang Valley,Arunachal Pradesh,1,-0.2634856016425803,0.364636161985839,0,0
36,Dibang Valley,Arunachal Pradesh,1,-0.1996290684869892,0.4016462813097325,0,0
37,Dibang Valley,Arunachal Pradesh,1,-0.2586917211162948,0.3697494433183501,0,0
38,Dibang Valley,Arunachal Pradesh,1,-0.2288211980242991,0.381644371959278,0,0
39,Dibang Valley,Arunachal Pradesh,1,-0.2178579544602741,0.419239848983013,0,0
40,Dibang Valley,Arunachal Pradesh,1,-0.1928446977574426,0.331196748288223,0,0
41,Dibang Valley,Arunachal Pradesh,1,-0.2000596529982347,0.394001675565504,0,0
42,Dibang Valley,Arunachal Pradesh,1,-0.2093510869291811,0.3748576962056436,0,0
43,Dibang Valley,Arunachal Pradesh,1,-0.2180218090134875,0.3922709474350487,0,0
44,East Kameng,Arunachal Pradesh,1,-0.2592452604697068,0.3948363432362171,0,0
45,East Kameng,Arunachal Pradesh,1,-0.2431891088799573,0.4199776308115163,0,0
46,East Kameng,Arunachal Pradesh,1,-0.2129906238661555,0.362863493184006,0,0
47,East Kameng,Arunachal Pradesh,1,-0.2614216139895804,0.3398773729668279,0,0
48,East Kameng,Arunachal Pradesh,1,-0.2252423970823206,0.3298500063684252,0,0
49,East Kameng,Arunachal Pradesh,1,-0.2442155639839622,0.341713477319546,0,0
50,East Kameng,Arunachal Pradesh,1,-0.2561402462467278,0.4139938692052495,0,0
51,East Kameng,Arunachal Pradesh,1,-0.2699341544705203,0.3402901745866983,0,0
52,East Kameng,Arunachal Pradesh,1,-0.2572971304763714,0.3919022343345194,0,0
53,East Kameng,Arunachal Pradesh,1,-0.251541648988653,0.3745027894775072,0,0
54,East Kameng,Arunachal Pradesh,1,-0.2578248765104832,0.3890033469168275,0,0
55,East Kameng,Arunachal Pradesh,1,-0.2515771701726964,0.3782878586138808,0,0
56,East Kameng,Arunachal Pradesh,1,-0.2665705178451608,0.417797884988891,0,0
57,East Kameng,Arunachal Pradesh,1,-0.2357241223363607,0.3904213166263486,0,0
58,East Kameng,Arunachal Pradesh,1,-0.226371440117532,0.3833898288045226,0,0
59,East Kameng,Arunachal Pradesh,1,-0.247173070086126,0.2951085803437073,0,0
60,Kurung Kumey,Arunachal Pradesh,1,-0.2932178964432387,0.3791554432726067,0,0
61,Kurung Kumey,Arunachal Pradesh,1,-0.2794907390864677,0.4198083370554407,0,0
62,Kurung Kumey,Arunachal Pradesh,1,-0.2369193355189544,0.3535869555462695,0,0
63,Kurung Kumey,Arunachal Pradesh,1,-0.2495229110383979,0.3310282699218611,0,0
64,Kurung Kumey,Arunachal Pradesh,1,-0.2657118183671154,0.3498470534273197,0,0
65,Kurung Kumey,Arunachal Pradesh,1,-0.2946788569751516,0.4310930607163852,0,0
66,Kurung Kumey,Arunachal Pradesh,1,-0.2718530814976503,0.3779439510039563,0,0
67,Kurung Kumey,Arunachal Pradesh,1,-0.2639251515045057,0.4039961216987762,0,0
68,Kurung Kumey,Arunachal Pradesh,1,-0.2492285299134043,0.3766871474641662,0,0
69,Kurung Kumey,Arunachal Pradesh,1,-0.2729396271262213,0.3777469133688544,0,0
70,Kurung Kumey,Arunachal Pradesh,1,-0.3002374099846522,0.3866759134450314,0,0
71,Kurung Kumey,Arunachal Pradesh,1,-0.2493787959966248,0.4006845903502335,0,0
72,Kurung Kumey,Arunachal Pradesh,1,-0.3058571747840049,0.3769034352008827,0,0
73,Kurung Kumey,Arunachal Pradesh,1,-0.2783264154039929,0.3404687573534569,0,0
74,Kurung Kumey,Arunachal Pradesh,1,-0.2558634123077426,0.3974014622335499,0,0
75,Kurung Kumey,Arunachal Pradesh,1,-0.2789138562999902,0.3986414197027551,0,0
76,Kurung Kumey,Arunachal Pradesh,1,-0.2707960836494038,0.3923715083625729,0,0
77,Kurung Kumey,Arunachal Pradesh,1,-0.2772284296923675,0.3906618517153255,0,0
78,Kurung Kumey,Arunachal Pradesh,1,-0.2901059013669821,0.4531018090663798,0,0
79,Kurung Kumey,Arunachal Pradesh,1,-0.2670570289069653,0.3956360517283984,0,0
80,Kurung Kumey,Arunachal Pradesh,1,-0.2642527512005974,0.3690823130268144,0,0
81,Kurung Kumey,Arunachal Pradesh,1,-0.2739870490840717,0.2779555677428958,0,0
82,Kurung Kumey,Arunachal Pradesh,1,-0.279253373974743,0.3214055517315864,0,0
83,Kurung Kumey,Arunachal Pradesh,1,-0.279253373974743,0.3214055517315864,0,0
84,Kurung Kumey,Arunachal Pradesh,1,-0.2535542273581768,0.3494506057570962,0,0
85,Kurung Kumey,Arunachal Pradesh,1,-0.2846069917358205,0.3370155055789589,0,0
86,Kurung Kumey,Arunachal Pradesh,1,-0.2943611894526293,0.3470172069048907,0,0
87,Kurung Kumey,Arunachal Pradesh,1,-0.2866925336104576,0.3604297795322503,0,0
88,Kurung Kumey,Arunachal Pradesh,1,-0.2610925811886007,0.4059671904908585,0,0
89,Kurung Kumey,Arunachal Pradesh,1,-0.2680032608683707,0.3505685643574333,0,0
90,Kurung Kumey,Arunachal Pradesh,1,-0.2821413498401846,0.3845540592436541,0,0
91,Kurung Kumey,Arunachal Pradesh,1,-0.2820361110453345,0.3529800218297426,0,0
92,Kurung Kumey,Arunachal Pradesh,1,-0.2560703667704415,0.4210777807897991,0,0
93,Kurung Kumey,Arunachal Pradesh,1,-0.2617095949180829,0.2829542921538337,0,0
94,Kurung Kumey,Arunachal Pradesh,1,-0.3110107152020048,0.4195953464825243,0,0
95,Kurung Kumey,Arunachal Pradesh,1,-0.2470274930302098,0.40909999344084,0,0
96,Kurung Kumey,Arunachal Pradesh,1,-0.244505705712648,0.3840050454431051,0,0
97,Kurung Kumey,Arunachal Pradesh,1,-0.2872536408492523,0.355674381113483,0,0
98,Kurung Kumey,Arunachal Pradesh,1,-0.2530614633701173,0.3853989912063948,0,0
99,Kurung Kumey,Arunachal Pradesh,1,-0.2725685481281262,0.3582578289095455,0,0
100,Kurung Kumey,Arunachal Pradesh,1,-0.200440786805615,0.3130674133809765,0,0
101,Kurung Kumey,Arunachal Pradesh,1,-0.2095806369161353,0.3953500031762653,0,0
102,Kurung Kumey,Arunachal Pradesh,1,-0.2301862453413153,0.3887541687594637,0,0
103,Kurung Kumey,Arunachal Pradesh,1,-0.2435206521045208,0.3720418906744632,0,0
104,Kurung Kumey,Arunachal Pradesh,1,-0.3158282044089014,0.3338535909494643,0,0
105,Kurung Kumey,Arunachal Pradesh,1,-0.2580965191306212,0.3556437249420485,0,0
106,Kurung Kumey,Arunachal Pradesh,1,-0.3154115146903462,0.3529040419426563,0,0
107,Kurung Kumey,Arunachal Pradesh,1,-0.3089771685145402,0.3507488811334682,0,0
108,Kurung Kumey,Arunachal Pradesh,1,-0.2355300877317119,0.3668580306398922,0,0
109,Kurung Kumey,Arunachal Pradesh,1,-0.2803804591920462,0.3953216701207797,0,0
110,Kurung Kumey,Arunachal Pradesh,1,-0.2524356765232599,0.3596317926184547,0,0
111,Kurung Kumey,Arunachal Pradesh,1,-0.2720646219284013,0.3465100174751112,0,0
112,Kurung Kumey,Arunachal Pradesh,1,-0.2897243740231963,0.4138081963865826,0,0
113,Kurung Kumey,Arunachal Pradesh,1,-0.2645435668376306,0.3891010012862156,0,0
114,Kurung Kumey,Arunachal Pradesh,1,-0.2381267265996641,0.3919966248344918,0,0
115,Kurung Kumey,Arunachal Pradesh,1,-0.289861767780243,0.3918100548856084,0,0
116,Kurung Kumey,Arunachal Pradesh,1,-0.2454225430251127,0.3086338178541465,0,0
117,Kurung Kumey,Arunachal Pradesh,1,-0.3062958207847183,0.3953492235384073,0,0
118,Kurung Kumey,Arunachal Pradesh,1,-0.2980959326613911,0.3580168502719215,0,0
119,Kurung Kumey,Arunachal Pradesh,1,-0.2687036085165587,0.3714571563272896,0,0
120,Kurung Kumey,Arunachal Pradesh,1,-0.2851666157495887,0.3912083305584059,0,0
121,Kurung Kumey,Arunachal Pradesh,1,-0.3024203339366235,0.4064365890291002,0,0
122,Kurung Kumey,Arunachal Pradesh,1,-0.2945478364340835,0.3900613751195902,0,0
123,Kurung Kumey,Arunachal Pradesh,1,-0.274216634608766,0.370128058610621,0,0
124,Kurung Kumey,Arunachal Pradesh,1,-0.2666312224460921,0.366155546175109,0,0
125,Kurung Kumey,Arunachal Pradesh,1,-0.2491925847516284,0.4261982095535231,0,0
126,Kurung Kumey,Arunachal Pradesh,1,-0.2594279602919648,0.4154765890327717,0,0
127,Kurung Kumey,Arunachal Pradesh,1,-0.2729330017174943,0.3506975437048823,0,0
128,Kurung Kumey,Arunachal Pradesh,1,-0.2729330017174943,0.3506975437048823,0,0
129,Kurung Kumey,Arunachal Pradesh,1,-0.2860828604382245,0.3559476067389931,0,0
130,Lower Dibang,Arunachal Pradesh,1,-0.2185561591237774,0.3704739508369809,0,0
131,Tawang,Arunachal Pradesh,1,-0.185192079159141,0.4303194447689586,0,0
132,Tawang,Arunachal Pradesh,1,-0.1763408159053292,0.3211934394561327,0,0
133,Tawang,Arunachal Pradesh,1,-0.2248700436281669,0.3468083338936169,0,0
134,Tawang,Arunachal Pradesh,1,-0.2095335434183241,0.385983743575389,0,0
135,Tawang,Arunachal Pradesh,1,-0.2424392569044748,0.3554208388961145,0,0
136,Tawang,Arunachal Pradesh,1,-0.2470146237267277,0.7674832500384322,0,0
137,Tawang,Arunachal Pradesh,1,-0.2470146237267277,0.7674832500384322,0,0
138,Tawang,Arunachal Pradesh,1,-0.2373099942768488,0.5054386891382752,0,0
139,Tawang,Arunachal Pradesh,1,-0.1982061657577514,0.4707505576911249,0,0
140,Tawang,Arunachal Pradesh,1,-0.2346466583690067,0.4276523754236122,0,0
141,Tawang,Arunachal Pradesh,1,-0.1111895835320829,1.1382530873593395,0,0
142,Tawang,Arunachal Pradesh,1,-0.2462435329384672,0.4025028152978634,0,0
143,Tawang,Arunachal Pradesh,1,-0.254674460941439,0.465676511681425,0,0
144,Tawang,Arunachal Pradesh,1,-0.1111895835320829,1.1382530873593395,0,0
145,Tawang,Arunachal Pradesh,1,-0.2102368654246078,0.6519112744634704,0,0
146,Tawang,Arunachal Pradesh,1,-0.238385536347482,0.4080839021270778,0,0
147,Tawang,Arunachal Pradesh,1,-0.2472612270766575,0.3906411687823597,0,0
148,Tawang,Arunachal Pradesh,1,-0.2033768928861319,0.459007236199066,0,0
149,Tawang,Arunachal Pradesh,1,-0.2079489623030737,0.4359535889604213,0,0
150,Tawang,Arunachal Pradesh,1,-0.263471512359136,0.4066414937743671,0,0
151,Tawang,Arunachal Pradesh,1,-0.289552423367962,0.3314643618391457,0,0
152,Tawang,Arunachal Pradesh,1,-0.2426375560023411,0.43266721812379,0,0
153,Tawang,Arunachal Pradesh,1,-0.222300355852108,0.4197701747307863,0,0
154,Tawang,Arunachal Pradesh,1,-0.2575184746674169,0.3880957657417369,0,0
155,Tawang,Arunachal Pradesh,1,-0.2709716419490574,0.3772250004609426,0,0
156,Tawang,Arunachal Pradesh,1,-0.2256970927509111,0.3810212085954845,0,0
157,Upper Siang,Arunachal Pradesh,1,-0.3099695296338258,0.3785300560975925,0,0
158,Upper Siang,Arunachal Pradesh,1,-0.3281241430803523,0.3705430055794931,0,0
159,Upper Siang,Arunachal Pradesh,1,-0.2790651157890152,0.2101929600223464,0,0
160,Upper Siang,Arunachal Pradesh,1,-0.3012780907445399,0.2898435756220644,0,0
161,Upper Siang,Arunachal Pradesh,1,-0.3014288711551826,0.1120731033734046,0,0
162,Upper Siang,Arunachal Pradesh,1,-0.2299745521624265,0.3402375785356068,0,0
163,Upper Siang,Arunachal Pradesh,1,-0.1872954124346116,0.3625192072009413,0,0
164,Upper Siang,Arunachal Pradesh,1,-0.2521236393223474,0.237024466771305,0,0
165,Upper Siang,Arunachal Pradesh,1,-0.3206596731152364,0.1855833273960484,0,0
166,Upper Siang,Arunachal Pradesh,1,-0.2673373841756246,0.4220027501111502,0,0
167,Upper Siang,Arunachal Pradesh,1,-0.1826353243500216,0.3113276014174697,0,0
168,Upper Siang,Arunachal Pradesh,1,-0.1826353243500216,0.3113276014174697,0,0
169,Upper Siang,Arunachal Pradesh,1,-0.2381900440281727,0.1984350912608985,0,0
170,Upper Siang,Arunachal Pradesh,1,-0.1591169550986722,0.3043103490575933,0,0
171,Upper Siang,Arunachal Pradesh,1,-0.264907054654695,0.4186147929685269,0,0
172,Upper Subansiri,Arunachal Pradesh,1,-0.2441969553929839,0.3846961369501293,0,0
173,Upper Subansiri,Arunachal Pradesh,1,-0.2955743480612522,0.3683591099075191,0,0
174,Upper Subansiri,Arunachal Pradesh,1,-0.2928582995310144,0.3932008811048588,0,0
175,Upper Subansiri,Arunachal Pradesh,1,-0.2590413442412375,0.3899696068539804,0,0
176,Upper Subansiri,Arunachal Pradesh,1,-0.2590413442412375,0.3899696068539804,0,0
177,Upper Subansiri,Arunachal Pradesh,1,-0.2955743480612522,0.3683591099075191,0,0
178,Upper Subansiri,Arunachal Pradesh,1,-0.2622736517182615,0.4048773705161933,0,0
179,Upper Subansiri,Arunachal Pradesh,1,-0.2998144837719811,0.3750000028146638,0,0
180,West Kameng,Arunachal Pradesh,1,-0.1920443106336286,0.4558677555594061,0,0
181,West Kameng,Arunachal Pradesh,1,-0.3024517662834348,0.309070552416638,0,0
182,Kra daadi,Arunachal Pradesh,1,-0.2957266492807441,0.3726039296790456,0,0
183,Kra daadi,Arunachal Pradesh,1,-0.3082946397972654,0.3241340743762821,0,0
184,Kra daadi,Arunachal Pradesh,1,-0.2918609403879261,0.3507835331132474,0,0
185,Kra daadi,Arunachal Pradesh,1,-0.2823251420276094,0.2891816623232363,0,0
186,Kra daadi,Arunachal Pradesh,1,-0.2708229325709395,0.3556874324510126,0,0
187,North,Sikkim,1,-0.1562212404581437,0.6308510039733456,0,0
188,North,Sikkim,1,-0.1841731370634743,0.3522742477348417,0,0
189,North,Sikkim,1,-0.23190962353755,0.4446871492343932,0,0
190,North,Sikkim,1,-0.1627508314966589,0.3786971040385338,0,0
191,North,Sikkim,1,-0.2001843944461213,0.4371607333123352,0,0
192,North,Sikkim,1,-0.2147861873448862,0.4824101111527239,0,0
193,North,Sikkim,1,-0.2160101280792248,0.5310151700362045,0,0
194,North,Sikkim,1,-0.2141105627566323,0.5081123074276992,0,0
195,North,Sikkim,1,-0.2448533087141399,0.4955133935436605,0,0
196,North,Sikkim,1,-0.2019219901943723,0.4249437559308029,0,0
197,North,Sikkim,1,-0.2193765201988484,0.4896380370848642,0,0
198,North,Sikkim,1,-0.151364883540561,0.5061284813135031,0,0
199,North,Sikkim,1,-0.218199313490283,0.4772160297844617,0,0
200,North,Sikkim,1,-0.1531803731773421,0.5748744416715843,0,0
201,North,Sikkim,1,-0.1235716275312296,0.4371599673959058,0,0
202,North,Sikkim,1,-0.2450196417148689,0.4505300491440052,0,0
203,North,Sikkim,1,-0.2238296663641864,0.3847827294811977,0,0
204,North,Sikkim,1,-0.2262419344833462,0.4810251492028795,0,0
205,North,Sikkim,1,-0.1942141994596004,0.3334882375841578,0,0
206,North,Sikkim,1,-0.2287223590441839,0.4314475077000483,0,0
207,North,Sikkim,1,-0.2085864904021359,0.4570315969649609,0,0
208,North,Sikkim,1,-0.1721754636606008,0.4133351867921344,0,0
209,North,Sikkim,1,-0.2545870746368931,0.3942617449984454,0,0
210,North,Sikkim,1,-0.2069565917844956,0.3841957250783897,0,0
211,North,Sikkim,1,-0.1695966937024533,0.3890334421139455,0,0
212,North,Sikkim,1,-0.1739420660763628,0.4606416624784469,0,0
213,North,Sikkim,1,-0.2302362051215175,0.3968672612922935,0,0
214,North,Sikkim,1,-0.2015742274625935,0.4166648125182317,0,0
215,North,Sikkim,1,-0.2104321201699476,0.4249575707842321,0,0
216,North,Sikkim,1,-0.2196588998672562,0.4522830836300854,0,0
217,North,Sikkim,1,-0.200192623932663,0.4851290734127314,0,0
218,Chamoli,Uttarakhand,1,-0.040558200045992,0.4466109949902727,0,0
219,Chamoli,Uttarakhand,1,0.0045863794015068,0.4173837816070866,0,0
220,Chamoli,Uttarakhand,1,0.0714586266637463,0.4239824927805288,0,0
221,Chamoli,Uttarakhand,1,-0.0887682203036204,3.650337121247474,0,0
222,Chamoli,Uttarakhand,1,0.0362449545063189,0.3858305930829884,0,0
223,Chamoli,Uttarakhand,1,-0.2099192022220597,0.7889836207765047,0,0
224,Chamoli,Uttarakhand,1,-0.0353022784155901,0.4313864679641079,0,0
225,Chamoli,Uttarakhand,1,0.0428307785372918,0.3644542974489991,0,0
226,Pithoragarh,Uttarakhand,1,-0.0509540717147427,0.3729972768736923,0,0
227,Pithoragarh,Uttarakhand,1,-0.1274855040592835,0.363057080954804,0,0
228,Pithoragarh,Uttarakhand,1,-0.1079288478943565,0.3521522428485414,0,0
229,Pithoragarh,Uttarakhand,1,-0.1355870103652344,0.3494602001415345,0,0
230,Pithoragarh,Uttarakhand,1,-0.1924183754787415,0.3532472845652829,0,0
231,Pithoragarh,Uttarakhand,1,-0.2991348105396518,0.376882443674724,0,0
232,Pithoragarh,Uttarakhand,1,-0.2271106589093042,0.3673076917836953,0,0
233,Pithoragarh,Uttarakhand,1,-0.1632325889021531,0.323649837438152,0,0
234,Pithoragarh,Uttarakhand,1,-0.1532000654496751,0.35387132530514,0,0
235,Pithoragarh,Uttarakhand,1,-0.1180479621401545,0.34366923244211,0,0
236,Pithoragarh,Uttarakhand,1,-0.098640776351316,0.3790512491858512,0,0
237,Pithoragarh,Uttarakhand,1,-0.0862193121751693,0.3406875660054886,0,0
238,Pithoragarh,Uttarakhand,1,-0.1789569355722637,0.3122464205162002,0,0
239,Pithoragarh,Uttarakhand,1,-0.2321279838945283,0.3572777134461408,0,0
240,Pithoragarh,Uttarakhand,1,-0.2334181806040653,0.376171269502429,0,0
241,Pithoragarh,Uttarakhand,1,-0.232366989912705,0.339110255924635,0,0
242,Uttarkashi,Uttarakhand,1,-0.2392111328647426,0.4264192865315908,0,0
243,Uttarkashi,Uttarakhand,1,-0.1693724982944316,0.502179085083121,0,0
244,Uttarkashi,Uttarakhand,1,-0.1748603772100329,0.5368971869878799,0,0
245,Uttarkashi,Uttarakhand,1,0.0521209002310521,0.3517768843840526,0,0
246,Uttarkashi,Uttarakhand,1,-0.2393858587999954,0.9304107352520002,0,0
247,Uttarkashi,Uttarakhand,1,-0.1745351325816256,0.4302945947969281,0,0
248,Uttarkashi,Uttarakhand,1,-0.080937460034405,0.3858109549344163,0,0
249,Uttarkashi,Uttarakhand,1,0.1049282121298361,0.3876408440255654,0,0
250,Uttarkashi,Uttarakhand,1,-0.1941299267663329,0.4164324330639194,0,0
251,Uttarkashi,Uttarakhand,1,-0.184584053090682,0.4175573180075816,0,0
1,Anjaw,Arunachal Pradesh,0,-0.3028770470383803,0.3517960872397076,0,0
2,Anjaw,Arunachal Pradesh,0,-0.2564959606908624,0.4061185678913023,0,0
3,Anjaw,Arunachal Pradesh,0,-0.266430958937965,0.3770130315831402,0,0
4,Anjaw,Arunachal Pradesh,0,-0.2278801965726662,0.3770671465685312,0,0
5,Anjaw,Arunachal Pradesh,0,-0.2571522834486205,0.3443011109012267,0,0
6,Anjaw,Arunachal Pradesh,0,-0.2290354171292977,0.2880822312884509,0,0
7,Anjaw,Arunachal Pradesh,0,-0.243076586866017,0.2302502840086902,0,0
8,Anjaw,Arunachal Pradesh,0,-0.2348942551974032,0.1495537673125246,0,0
9,Anjaw,Arunachal Pradesh,0,-0.2089211853981304,0.275880205718417,0,0
10,Anjaw,Arunachal Pradesh,0,-0.2189984815315091,0.3077277777333094,0,0
11,Anjaw,Arunachal Pradesh,0,-0.2607779702404492,0.3143331490656627,0,0
12,Anjaw,Arunachal Pradesh,0,-0.2326796098583286,0.1475476438906294,0,0
13,Anjaw,Arunachal Pradesh,0,-0.2065959508725616,0.376028912616386,0,0
14,Anjaw,Arunachal Pradesh,0,-0.1523979924804315,0.3142724719610106,0,0
15,Anjaw,Arunachal Pradesh,0,-0.2086709215674636,0.2893624125044351,0,0
16,Anjaw,Arunachal Pradesh,0,-0.1958729117077059,0.2389715706956559,0,0
17,Anjaw,Arunachal Pradesh,0,-0.2235240173003158,0.2003159663100993,0,0
18,Anjaw,Arunachal Pradesh,0,-0.0996301276511204,0.3311768075501596,0,0
19,Anjaw,Arunachal Pradesh,0,-0.2176868666514718,0.2328663258469544,0,0
20,Anjaw,Arunachal Pradesh,0,-0.2137155427084487,0.3594070134024842,0,0
21,Anjaw,Arunachal Pradesh,0,-0.1978135888368768,0.2546861104667186,0,0
22,Anjaw,Arunachal Pradesh,0,-0.2263997386013641,0.3521188313116407,0,0
23,Anjaw,Arunachal Pradesh,0,-0.1869199713987309,0.3955503257436562,0,0
24,Anjaw,Arunachal Pradesh,0,-0.1729614153835393,0.2727685530452369,0,0
25,Anjaw,Arunachal Pradesh,0,-0.2185420920887054,0.446525468943787,0,0
26,Anjaw,Arunachal Pradesh,0,-0.2523889184694409,0.2960551207208952,0,0
27,Anjaw,Arunachal Pradesh,0,-0.1977226313078784,0.2585802502871629,0,0
28,Anjaw,Arunachal Pradesh,0,-0.2233196021867229,0.3146804974585637,0,0
29,Anjaw,Arunachal Pradesh,0,-0.2057196740104618,0.2385798618281249,0,0
30,Anjaw,Arunachal Pradesh,0,-0.1598369093679568,0.3592388858894507,0,0
31,Anjaw,Arunachal Pradesh,0,-0.2217972124812736,0.1534988953018557,0,0
32,Anjaw,Arunachal Pradesh,0,-0.2120685767412292,0.4152413043041957,0,0
33,Anjaw,Arunachal Pradesh,0,-0.2284341727997067,0.3944363866134414,0,0
34,Anjaw,Arunachal Pradesh,0,-0.2014711590282039,0.3709589690961223,0,0
35,Anjaw,Arunachal Pradesh,0,-0.2258415276288899,0.2512984499087761,0,0
36,Anjaw,Arunachal Pradesh,0,-0.2020305919427793,0.1503448281126372,0,0
37,Anjaw,Arunachal Pradesh,0,-0.2083788317912576,0.1472706927665794,0,0
38,Anjaw,Arunachal Pradesh,0,-0.2253766533270935,0.2900859261233104,0,0
39,Anjaw,Arunachal Pradesh,0,-0.2367148416146705,0.2439119588266047,0,0
40,Anjaw,Arunachal Pradesh,0,-0.2498071205727085,0.2914657071562467,0,0
41,Anjaw,Arunachal Pradesh,0,-0.2406172373540514,0.1511503943690547,0,0
42,Anjaw,Arunachal Pradesh,0,-0.1718117355377516,0.2175248923620819,0,0
43,Anjaw,Arunachal Pradesh,0,-0.2369528558023813,0.2426141465792146,0,0
44,Anjaw,Arunachal Pradesh,0,-0.2113140435730387,0.3248945632732404,0,0
45,Anjaw,Arunachal Pradesh,0,-0.2506459293372629,0.4317136387411073,0,0
46,Anjaw,Arunachal Pradesh,0,-0.2503312072990313,0.3828149409331339,0,0
47,Anjaw,Arunachal Pradesh,0,-0.2315644291840263,0.1742436048782972,0,0
48,Anjaw,Arunachal Pradesh,0,-0.220748686241397,0.1675526035386462,0,0
49,Anjaw,Arunachal Pradesh,0,-0.1993079498761162,0.5850804611527828,0,0
50,Anjaw,Arunachal Pradesh,0,-0.2035991254405278,0.4162583934180688,0,0
51,Anjaw,Arunachal Pradesh,0,-0.1878222063823921,0.5065770644834988,0,0
52,Anjaw,Arunachal Pradesh,0,-0.1939859233332443,0.6955633566050786,0,0
53,Anjaw,Arunachal Pradesh,0,-0.2376343194660407,0.438237443649569,0,0
54,Anjaw,Arunachal Pradesh,0,-0.2107255107590009,0.231598076970225,0,0
55,Anjaw,Arunachal Pradesh,0,-0.2115416277509009,0.2281856210601237,0,0
56,Anjaw,Arunachal Pradesh,0,-0.2605775627224846,0.2873091857418813,0,0
57,Anjaw,Arunachal Pradesh,0,-0.2506387220252545,0.3228409086455263,0,0
58,Anjaw,Arunachal Pradesh,0,-0.1968423483508417,0.3618086276460537,0,0
59,Anjaw,Arunachal Pradesh,0,-0.2376643060104026,0.4092410732659378,0,0
60,Anjaw,Arunachal Pradesh,0,-0.1475707623447346,0.952528117478095,0,0
61,Anjaw,Arunachal Pradesh,0,-0.2171118125296491,0.6537318801135656,0,0
62,Anjaw,Arunachal Pradesh,0,-0.2106862461258331,0.2957819597336208,0,0
63,Anjaw,Arunachal Pradesh,0,-0.2489019399559069,0.3673396015094708,0,0
64,Anjaw,Arunachal Pradesh,0,-0.2110001634529336,0.2474417323112223,0,0
65,Anjaw,Arunachal Pradesh,0,-0.2245541980428498,0.1939994426840789,0,0
66,Anjaw,Arunachal Pradesh,0,-0.2149708920719179,0.3144623039170538,0,0
67,Anjaw,Arunachal Pradesh,0,-0.2125651341635265,0.2967225994906435,0,0
68,Anjaw,Arunachal Pradesh,0,-0.2439177105301401,0.4110559892495825,0,0
69,Anjaw,Arunachal Pradesh,0,-0.2536039496660157,0.3245399110762613,0,0
70,Anjaw,Arunachal Pradesh,0,-0.2069703462691901,0.3964463525113807,0,0
71,Anjaw,Arunachal Pradesh,0,-0.2019029865127694,0.1540687951432245,0,0
72,Anjaw,Arunachal Pradesh,0,-0.2223682178208728,0.4222566370679214,0,0
73,Anjaw,Arunachal Pradesh,0,-0.2512159478648443,0.3632918049066697,0,0
74,Anjaw,Arunachal Pradesh,0,-0.2161634212827205,0.3971539304435978,0,0
75,Anjaw,Arunachal Pradesh,0,-0.1864900172983159,0.31624720338732,0,0
76,Dibang Valley,Arunachal Pradesh,0,-0.2701834857944,0.2903296058404379,0,0
77,Dibang Valley,Arunachal Pradesh,0,-0.3017596186832545,0.2886710877005312,0,0
78,Dibang Valley,Arunachal Pradesh,0,-0.2376288659035832,0.3804460303111223,0,0
79,Dibang Valley,Arunachal Pradesh,0,-0.2166293847599576,0.3883717074467425,0,0
80,Dibang Valley,Arunachal Pradesh,0,-0.2467751839480167,0.371690455599229,0,0
81,Dibang Valley,Arunachal Pradesh,0,-0.209567414808422,0.3478779362604306,0,0
82,Dibang Valley,Arunachal Pradesh,0,-0.2631941256297483,0.3867211690102343,0,0
83,Dibang Valley,Arunachal Pradesh,0,-0.2131769726410399,0.3931848128439963,0,0
84,Dibang Valley,Arunachal Pradesh,0,-0.2101996883740867,0.4141804559801851,0,0
85,Dibang Valley,Arunachal Pradesh,0,-0.3179193217023648,0.3539801545547938,0,0
86,Dibang Valley,Arunachal Pradesh,0,-0.2355967382872562,0.3644593799349767,0,0
87,Dibang Valley,Arunachal Pradesh,0,-0.1855136240616092,0.4166022141335419,0,0
88,Dibang Valley,Arunachal Pradesh,0,-0.1656469816730354,0.4592793344785381,0,0
89,Dibang Valley,Arunachal Pradesh,0,-0.2476774317749969,0.3737029908307357,0,0
90,Dibang Valley,Arunachal Pradesh,0,-0.2489031963076162,0.3754139276580851,0,0
91,Dibang Valley,Arunachal Pradesh,0,-0.2399579824402538,0.4065264029340251,0,0
92,Dibang Valley,Arunachal Pradesh,0,-0.1813474615519911,0.4024752470919795,0,0
93,Dibang Valley,Arunachal Pradesh,0,-0.2000596529982347,0.394001675565504,0,0
94,Dibang Valley,Arunachal Pradesh,0,-0.2040325842240171,0.3752486233553175,0,0
95,Dibang Valley,Arunachal Pradesh,0,-0.1827214436725571,0.3565528583323116,0,0
96,Dibang Valley,Arunachal Pradesh,0,-0.1814243973664105,0.3513708730320353,0,0
97,Dibang Valley,Arunachal Pradesh,0,-0.187428729432759,0.4273049457387609,0,0
98,Dibang Valley,Arunachal Pradesh,0,-0.2224266082008676,0.4445139678163901,0,0
99,Dibang Valley,Arunachal Pradesh,0,-0.2114633742619852,0.3895735102637715,0,0
100,Dibang Valley,Arunachal Pradesh,0,-0.2039184627738268,0.420448294436053,0,0
101,Dibang Valley,Arunachal Pradesh,0,-0.2121650169542464,0.4894828526715262,0,0
102,Dibang Valley,Arunachal Pradesh,0,-0.2505522940680641,0.3754708411113563,0,0
103,Dibang Valley,Arunachal Pradesh,0,-0.1981998055550362,0.4643736145814786,0,0
104,Dibang Valley,Arunachal Pradesh,0,-0.1934993346717284,0.3682166614631811,0,0
105,Dibang Valley,Arunachal Pradesh,0,-0.1797265855144981,0.4915979056075067,0,0
106,Dibang Valley,Arunachal Pradesh,0,-0.2508319373202911,0.5519588015564195,0,0
107,Dibang Valley,Arunachal Pradesh,0,-0.2148358108923818,0.5500000059473358,0,0
108,Dibang Valley,Arunachal Pradesh,0,-0.2727312691783982,0.4459402736573092,0,0
109,Dibang Valley,Arunachal Pradesh,0,-0.2332181952002829,0.383170537469666,0,0
110,Dibang Valley,Arunachal Pradesh,0,-0.2758333732414443,0.3739516135715404,0,0
111,Dibang Valley,Arunachal Pradesh,0,-0.2427685147339535,0.3952853952490537,0,0
112,Dibang Valley,Arunachal Pradesh,0,-0.2644687532722961,0.2813806406604444,0,0
113,Dibang Valley,Arunachal Pradesh,0,-0.2014917211065957,0.3675883051180681,0,0
114,Dibang Valley,Arunachal Pradesh,0,-0.2613518414548748,0.2822002213452384,0,0
115,Dibang Valley,Arunachal Pradesh,0,-0.2487170736209555,0.3499449439642186,0,0
116,Dibang Valley,Arunachal Pradesh,0,-0.2234920157536752,0.3512101168483004,0,0
117,Dibang Valley,Arunachal Pradesh,0,-0.2634856016425803,0.364636161985839,0,0
118,Dibang Valley,Arunachal Pradesh,0,-0.2046027446307502,0.3858231995645807,0,0
119,Dibang Valley,Arunachal Pradesh,0,-0.2213617586733463,0.4303385116548569,0,0
120,Dibang Valley,Arunachal Pradesh,0,-0.2239205632449507,0.3750783859148271,0,0
121,Dibang Valley,Arunachal Pradesh,0,-0.1740208276962247,0.76699047176061,0,0
122,Dibang Valley,Arunachal Pradesh,0,-0.2192796501836929,0.3842928226481485,0,0
123,Dibang Valley,Arunachal Pradesh,0,-0.2600834475081069,0.3861915331441736,0,0
124,Dibang Valley,Arunachal Pradesh,0,-0.2090692309383837,0.3369063529016714,0,0
125,Dibang Valley,Arunachal Pradesh,0,-0.2114916127447379,0.4295429601149412,0,0
126,Dibang Valley,Arunachal Pradesh,0,-0.1351251093018574,0.3435545577777652,0,0
127,Dibang Valley,Arunachal Pradesh,0,-0.1348618313138611,0.3290218571910943,0,0
128,Dibang Valley,Arunachal Pradesh,0,-0.185228557594771,0.3403807375225482,0,0
129,Dibang Valley,Arunachal Pradesh,0,-0.1188739373878503,0.3724944491629859,0,0
130,East Kameng,Arunachal Pradesh,0,-0.2698672897241115,0.3747638882199923,0,0
131,East Kameng,Arunachal Pradesh,0,-0.2578248765104832,0.3890033469168275,0,0
132,East Kameng,Arunachal Pradesh,0,-0.2218766048679246,0.3795283056390405,0,0
133,East Kameng,Arunachal Pradesh,0,-0.2331351655972621,0.3654666598306761,0,0
134,East Kameng,Arunachal Pradesh,0,-0.2392524527934025,0.3684399313603148,0,0
135,East Kameng,Arunachal Pradesh,0,-0.248054474228429,0.4171190286040704,0,0
136,East Kameng,Arunachal Pradesh,0,-0.2471938089449433,0.4263735909475369,0,0
137,East Kameng,Arunachal Pradesh,0,-0.229505879915556,0.3861468828667354,0,0
138,East Kameng,Arunachal Pradesh,0,-0.2081578959853542,0.4110576918019967,0,0
139,East Kameng,Arunachal Pradesh,0,-0.2722578506337887,0.33648723767415,0,0
140,East Kameng,Arunachal Pradesh,0,-0.2488890246263382,0.3611831730086447,0,0
141,East Kameng,Arunachal Pradesh,0,-0.2399037882060992,0.3700647463199791,0,0
142,East Kameng,Arunachal Pradesh,0,-0.2364676171019015,0.3276722170909246,0,0
143,East Kameng,Arunachal Pradesh,0,-0.2752733600102404,0.3715863270609903,0,0
144,East Kameng,Arunachal Pradesh,0,-0.2513780472337464,0.407480185899972,0,0
145,East Kameng,Arunachal Pradesh,0,-0.2493118665152893,0.251797310332168,0,0
146,East Kameng,Arunachal Pradesh,0,-0.2734381830797298,0.421143972946863,0,0
147,East Kameng,Arunachal Pradesh,0,-0.2249125220230449,0.4065777781936857,0,0
148,East Kameng,Arunachal Pradesh,0,-0.268811761508758,0.3778444444139799,0,0
149,East Kameng,Arunachal Pradesh,0,-0.2235125983140496,0.3781924380343802,0,0
150,East Kameng,Arunachal Pradesh,0,-0.2514075802110105,0.4057410488392682,0,0
151,East Kameng,Arunachal Pradesh,0,-0.236650499896274,0.4320444405410025,0,0
152,East Kameng,Arunachal Pradesh,0,-0.2696815903206579,0.3974887142735733,0,0
153,East Kameng,Arunachal Pradesh,0,-0.209716798026924,0.4218092832455966,0,0
154,East Kameng,Arunachal Pradesh,0,-0.2346118497997641,0.4047418601652052,0,0
155,East Kameng,Arunachal Pradesh,0,-0.2431891088799573,0.4199776308115163,0,0
156,East Kameng,Arunachal Pradesh,0,-0.2370972505107338,0.4067455436909915,0,0
157,East Kameng,Arunachal Pradesh,0,-0.2358103420089495,0.4293184437498248,0,0
158,East Kameng,Arunachal Pradesh,0,-0.2262330212998313,0.4216647894355838,0,0
159,East Kameng,Arunachal Pradesh,0,-0.2541380932948666,0.3227415728769945,0,0
160,East Kameng,Arunachal Pradesh,0,-0.218936863669211,0.310770297043846,0,0
161,East Kameng,Arunachal Pradesh,0,-0.2512033473146048,0.3001114864944747,0,0
162,East Kameng,Arunachal Pradesh,0,-0.3014260223738573,0.2878470628040907,0,0
163,East Kameng,Arunachal Pradesh,0,-0.2365972089263889,0.3715499950117534,0,0
164,East Kameng,Arunachal Pradesh,0,-0.2350965668852067,0.3675444846490069,0,0
165,East Kameng,Arunachal Pradesh,0,-0.2795272746031143,0.3443965551850528,0,0
166,East Kameng,Arunachal Pradesh,0,-0.3067821249091949,0.3686994379490949,0,0
167,East Kameng,Arunachal Pradesh,0,-0.1875022915133709,0.3151500453225349,0,0
168,East Kameng,Arunachal Pradesh,0,-0.2611113416423971,0.3644460168142287,0,0
169,East Kameng,Arunachal Pradesh,0,-0.2724893247043147,0.3402640484692005,0,0
170,East Kameng,Arunachal Pradesh,0,-0.2592452604697068,0.3948363432362171,0,0
171,East Kameng,Arunachal Pradesh,0,-0.2396364928458974,0.4034367963907142,0,0
172,East Kameng,Arunachal Pradesh,0,-0.2689884363090487,0.3400890871318251,0,0
173,East Kameng,Arunachal Pradesh,0,-0.2601203980499058,0.4045995601491217,0,0
174,East Kameng,Arunachal Pradesh,0,-0.1971731952894476,0.6308453777873344,0,0
175,East Kameng,Arunachal Pradesh,0,-0.2443241074318807,0.4082266261224491,0,0
176,East Kameng,Arunachal Pradesh,0,-0.2329821703036311,0.3764297656523876,0,0
177,East Kameng,Arunachal Pradesh,0,-0.2587245253349979,0.3929983016993694,0,0
178,Kra daadi,Arunachal Pradesh,0,-0.3134391751276149,0.3760769652369806,0,0
179,Kra daadi,Arunachal Pradesh,0,-0.2864280844189752,0.3831711422143633,0,0
180,Kra daadi,Arunachal Pradesh,0,-0.3084992158238557,0.3055349218012753,0,0
181,Kra daadi,Arunachal Pradesh,0,-0.3077431128372115,0.3576739559871981,0,0
182,Kra daadi,Arunachal Pradesh,0,-0.3061870139228247,0.4080199146297125,0,0
183,Kra daadi,Arunachal Pradesh,0,-0.2918609403879261,0.3507835331132474,0,0
184,Kra daadi,Arunachal Pradesh,0,-0.3089769684290968,0.3843181783833155,0,0
185,Kra daadi,Arunachal Pradesh,0,-0.2938976897069844,0.3744966613503796,0,0
186,Kra daadi,Arunachal Pradesh,0,-0.3077396259141999,0.4121488377933651,0,0
187,Kra daadi,Arunachal Pradesh,0,-0.2887589534770896,0.3309917168064013,0,0
188,Kra daadi,Arunachal Pradesh,0,-0.3388923716160165,0.3761696184421589,0,0
189,Kra daadi,Arunachal Pradesh,0,-0.3119560876465539,0.3494027781817648,0,0
190,Kra daadi,Arunachal Pradesh,0,-0.2889284330231095,0.3190916761571564,0,0
191,Kra daadi,Arunachal Pradesh,0,-0.2434612282181163,0.3492849267969639,0,0
192,Kra daadi,Arunachal Pradesh,0,-0.2854889230374034,0.2955709508808118,0,0
193,Kurung Kumey,Arunachal Pradesh,0,-0.2558153539753509,0.3949584558292613,0,0
194,Kurung Kumey,Arunachal Pradesh,0,-0.2502246893960036,0.349031988719497,0,0
195,Kurung Kumey,Arunachal Pradesh,0,-0.2834780230790338,0.4193632408630017,0,0
196,Kurung Kumey,Arunachal Pradesh,0,-0.2932178964432387,0.3791554432726067,0,0
197,Kurung Kumey,Arunachal Pradesh,0,-0.2567678525488222,0.3883777764439584,0,0
198,Kurung Kumey,Arunachal Pradesh,0,-0.2642223686878419,0.3629300826199179,0,0
199,Kurung Kumey,Arunachal Pradesh,0,-0.2772284296923675,0.3906618517153255,0,0
200,Kurung Kumey,Arunachal Pradesh,0,-0.3232742025402595,0.4102463991539026,0,0
201,Kurung Kumey,Arunachal Pradesh,0,-0.3310335781663429,0.4164860329814463,0,0
202,Kurung Kumey,Arunachal Pradesh,0,-0.254950431778606,0.3754166783702453,0,0
203,Kurung Kumey,Arunachal Pradesh,0,-0.3026127648021441,0.4464364607031175,0,0
204,Kurung Kumey,Arunachal Pradesh,0,-0.2804590314481281,0.3544767453754991,0,0
205,Kurung Kumey,Arunachal Pradesh,0,-0.2901059013669821,0.4531018090663798,0,0
206,Kurung Kumey,Arunachal Pradesh,0,-0.2599161316643347,0.3102034504131862,0,0
207,Kurung Kumey,Arunachal Pradesh,0,-0.2916697766628631,0.3884977585063922,0,0
208,Kurung Kumey,Arunachal Pradesh,0,-0.3196554881857934,0.3536289418200114,0,0
209,Kurung Kumey,Arunachal Pradesh,0,-0.237064161828905,0.3363939084062189,0,0
210,Kurung Kumey,Arunachal Pradesh,0,-0.23361672339676,0.3994084896985441,0,0
211,Kurung Kumey,Arunachal Pradesh,0,-0.2849303581951601,0.3727051027267841,0,0
212,Kurung Kumey,Arunachal Pradesh,0,-0.2854894412911004,0.4162499915511735,0,0
213,Kurung Kumey,Arunachal Pradesh,0,-0.2921020350227718,0.3694456822658061,0,0
214,Kurung Kumey,Arunachal Pradesh,0,-0.2941040054375607,0.3579573599176375,0,0
215,Kurung Kumey,Arunachal Pradesh,0,-0.2794907390864677,0.4198083370554407,0,0
216,Kurung Kumey,Arunachal Pradesh,0,-0.2581758526670019,0.345676275486428,0,0
217,Kurung Kumey,Arunachal Pradesh,0,-0.2757683151395371,0.4169500513309581,0,0
218,Kurung Kumey,Arunachal Pradesh,0,-0.2978124404831179,0.3785183184948665,0,0
219,Kurung Kumey,Arunachal Pradesh,0,-0.2977621270778057,0.3979443181620406,0,0
220,Kurung Kumey,Arunachal Pradesh,0,-0.3002374099846522,0.3866759134450314,0,0
221,Kurung Kumey,Arunachal Pradesh,0,-0.2699491582950838,0.386315061866511,0,0
222,Kurung Kumey,Arunachal Pradesh,0,-0.3036039436894635,0.3972631018762471,0,0
223,Kurung Kumey,Arunachal Pradesh,0,-0.2690393980633471,0.4026160318877815,0,0
224,Kurung Kumey,Arunachal Pradesh,0,-0.2874648351199857,0.3278407779818806,0,0
225,Kurung Kumey,Arunachal Pradesh,0,-0.2773041913382307,0.3367042870136739,0,0
226,Kurung Kumey,Arunachal Pradesh,0,-0.3084301024304477,0.3952962273313093,0,0
227,Kurung Kumey,Arunachal Pradesh,0,-0.2601892955119268,0.4047528079721364,0,0
228,Kurung Kumey,Arunachal Pradesh,0,-0.2915471237562976,0.3866407967723923,0,0
229,Kurung Kumey,Arunachal Pradesh,0,-0.2962134646265603,0.3662361427976392,0,0
230,Kurung Kumey,Arunachal Pradesh,0,-0.2838166128990027,0.3944684392128012,0,0
231,Kurung Kumey,Arunachal Pradesh,0,-0.3157394258420764,0.3751218153590776,0,0
232,Kurung Kumey,Arunachal Pradesh,0,-0.3024413369143028,0.3810206907040854,0,0
233,Kurung Kumey,Arunachal Pradesh,0,-0.2818983303390924,0.2958735998761788,0,0
234,Kurung Kumey,Arunachal Pradesh,0,-0.3104124883621508,0.3337655410928242,0,0
235,Kurung Kumey,Arunachal Pradesh,0,-0.2661794662706186,0.3692378067719169,0,0
236,Kurung Kumey,Arunachal Pradesh,0,-0.2953057809721441,0.3515815768270989,0,0
237,Kurung Kumey,Arunachal Pradesh,0,-0.2727924789667786,0.3333509452019438,0,0
238,Kurung Kumey,Arunachal Pradesh,0,-0.2508016089950435,0.3508902507493103,0,0
239,Kurung Kumey,Arunachal Pradesh,0,-0.2990470652679874,0.3910409790006851,0,0
240,Kurung Kumey,Arunachal Pradesh,0,-0.308649274761106,0.3722868164710429,0,0
241,Kurung Kumey,Arunachal Pradesh,0,-0.3113331341059256,0.4006013418558179,0,0
242,Kurung Kumey,Arunachal Pradesh,0,-0.3121755456090017,0.3166103133737644,0,0
243,Kurung Kumey,Arunachal Pradesh,0,-0.3081688629318703,0.3643936856277493,0,0
244,Kurung Kumey,Arunachal Pradesh,0,-0.2971269556429596,0.3869063526956798,0,0
245,Kurung Kumey,Arunachal Pradesh,0,-0.2824943162485165,0.3837948418117959,0,0
246,Kurung Kumey,Arunachal Pradesh,0,-0.2597640432804515,0.39202552782444,0,0
247,Kurung Kumey,Arunachal Pradesh,0,-0.2549633370529413,0.3843209491072102,0,0
248,Kurung Kumey,Arunachal Pradesh,0,-0.273765516583394,0.348598445317106,0,0
249,Kurung Kumey,Arunachal Pradesh,0,-0.2927187698292191,0.4058213508893958,0,0
250,Kurung Kumey,Arunachal Pradesh,0,-0.2644335249421851,0.3657430088053868,0,0
251,Kurung Kumey,Arunachal Pradesh,0,-0.2865375777572457,0.3876091856238289,0,0
252,Kurung Kumey,Arunachal Pradesh,0,-0.2798029632494292,0.4198119394415248,0,0
253,Kurung Kumey,Arunachal Pradesh,0,-0.2547859019670764,0.4105133200922235,0,0
254,Kurung Kumey,Arunachal Pradesh,0,-0.2424233332038275,0.3789425190272075,0,0
255,Kurung Kumey,Arunachal Pradesh,0,-0.2991373485691516,0.38718888355626,0,0
256,Kurung Kumey,Arunachal Pradesh,0,-0.2414485526209078,0.3800861067573229,0,0
257,Kurung Kumey,Arunachal Pradesh,0,-0.2433959285720065,0.3965405942468145,0,0
258,Kurung Kumey,Arunachal Pradesh,0,-0.2601327762572478,0.399898990537181,0,0
259,Kurung Kumey,Arunachal Pradesh,0,-0.3027226965901967,0.4356457904608974,0,0
260,Kurung Kumey,Arunachal Pradesh,0,-0.2968189634770111,0.3424166721767849,0,0
261,Kurung Kumey,Arunachal Pradesh,0,-0.2897243740231963,0.4138081963865826,0,0
262,Kurung Kumey,Arunachal Pradesh,0,-0.2814149414210509,0.330179975827982,0,0
263,Kurung Kumey,Arunachal Pradesh,0,-0.2510729657232939,0.3990243896015996,0,0
264,Kurung Kumey,Arunachal Pradesh,0,-0.2632215782366221,0.3206881227821409,0,0
265,Kurung Kumey,Arunachal Pradesh,0,-0.2634057223527708,0.398459822238822,0,0
266,Kurung Kumey,Arunachal Pradesh,0,-0.2408631914078535,0.3373475582431796,0,0
267,Kurung Kumey,Arunachal Pradesh,0,-0.2727891990574397,0.3990817457137156,0,0
268,Kurung Kumey,Arunachal Pradesh,0,-0.2379201257296917,0.3364059000145354,0,0
269,Kurung Kumey,Arunachal Pradesh,0,-0.2906358435923458,0.3922671840883411,0,0
270,Kurung Kumey,Arunachal Pradesh,0,-0.2673315575622498,0.4029461301269488,0,0
271,Kurung Kumey,Arunachal Pradesh,0,-0.2394442022817762,0.3712234607954931,0,0
272,Kurung Kumey,Arunachal Pradesh,0,-0.3221786792608263,0.3773172172572133,0,0
273,Kurung Kumey,Arunachal Pradesh,0,-0.2600058368377297,0.3467591480661047,0,0
274,Kurung Kumey,Arunachal Pradesh,0,-0.2927861481370368,0.4105636183105941,0,0
275,Kurung Kumey,Arunachal Pradesh,0,-0.2889102492217407,0.3821183642850513,0,0
276,Kurung Kumey,Arunachal Pradesh,0,-0.2833143675650528,0.3147686669725504,0,0
277,Kurung Kumey,Arunachal Pradesh,0,-0.2865928339426841,0.3374999932313369,0,0
278,Kurung Kumey,Arunachal Pradesh,0,-0.1798445874056398,0.3625112611565504,0,0
279,Kurung Kumey,Arunachal Pradesh,0,-0.2669526412038872,0.3695847195380286,0,0
280,Kurung Kumey,Arunachal Pradesh,0,-0.2391719431505013,0.3596369187015122,0,0
281,Kurung Kumey,Arunachal Pradesh,0,-0.2799455838622129,0.4429509668635139,0,0
282,Kurung Kumey,Arunachal Pradesh,0,-0.2221902145592401,0.2853820652000664,0,0
283,Kurung Kumey,Arunachal Pradesh,0,-0.2609297398526002,0.4119666727052794,0,0
284,Kurung Kumey,Arunachal Pradesh,0,-0.1855871685321103,0.5991991122850985,0,0
285,Kurung Kumey,Arunachal Pradesh,0,-0.2186764769074648,0.6124019042793412,0,0
286,Kurung Kumey,Arunachal Pradesh,0,-0.2382807043643049,0.4046078985007904,0,0
287,Kurung Kumey,Arunachal Pradesh,0,-0.2683777643224639,0.2882949453056528,0,0
288,Kurung Kumey,Arunachal Pradesh,0,-0.1593279875748584,0.7115836017089561,0,0
289,Kurung Kumey,Arunachal Pradesh,0,-0.2632044006951573,0.4085587575007437,0,0
290,Kurung Kumey,Arunachal Pradesh,0,-0.2755009407973728,0.2959367891197549,0,0
291,Kurung Kumey,Arunachal Pradesh,0,-0.2931731702351962,0.4542322895993532,0,0
292,Kurung Kumey,Arunachal Pradesh,0,-0.2769001097506796,0.3088331458111296,0,0
293,Kurung Kumey,Arunachal Pradesh,0,-0.2389006127064158,0.4519172227597451,0,0
294,Kurung Kumey,Arunachal Pradesh,0,-0.2577664048096995,0.2355626417435457,0,0
295,Kurung Kumey,Arunachal Pradesh,0,-0.2602748266509187,0.4429671755754643,0,0
296,Kurung Kumey,Arunachal Pradesh,0,-0.2898628606144877,0.2316368705733529,0,0
297,Kurung Kumey,Arunachal Pradesh,0,-0.2497965782774284,0.4337514003631905,0,0
298,Kurung Kumey,Arunachal Pradesh,0,-0.259374971887548,0.3577672615813254,0,0
299,Kurung Kumey,Arunachal Pradesh,0,-0.2262887287086092,0.359852943350287,0,0
300,Kurung Kumey,Arunachal Pradesh,0,-0.2554877410655952,0.3359047888647474,0,0
301,Kurung Kumey,Arunachal Pradesh,0,-0.23272751283715,0.3348059902037856,0,0
302,Kurung Kumey,Arunachal Pradesh,0,-0.2526856574285577,0.3673324043524332,0,0
303,Kurung Kumey,Arunachal Pradesh,0,-0.2701881498369834,0.342843680483539,0,0
304,Kurung Kumey,Arunachal Pradesh,0,-0.299640787287194,0.4712695689076012,0,0
305,Kurung Kumey,Arunachal Pradesh,0,-0.2308136745106289,0.3931543622707628,0,0
306,Kurung Kumey,Arunachal Pradesh,0,-0.2347135618958895,0.3942599696687477,0,0
307,Kurung Kumey,Arunachal Pradesh,0,-0.2595503828484223,0.3038525463075702,0,0
308,Kurung Kumey,Arunachal Pradesh,0,-0.2325008937271585,0.3821062964247906,0,0
309,Kurung Kumey,Arunachal Pradesh,0,-0.2526626268112515,0.3527474991803175,0,0
310,Kurung Kumey,Arunachal Pradesh,0,-0.2364738350719905,0.3486949134007686,0,0
311,Kurung Kumey,Arunachal Pradesh,0,-0.2814203664179366,0.4024307147957004,0,0
312,Kurung Kumey,Arunachal Pradesh,0,-0.255449501308927,0.319507242228114,0,0
313,Kurung Kumey,Arunachal Pradesh,0,-0.2460052249173266,0.3536786139011383,0,0
314,Kurung Kumey,Arunachal Pradesh,0,-0.273520744991272,0.3400360278438306,0,0
315,Kurung Kumey,Arunachal Pradesh,0,-0.2794788066436993,0.3754905320064413,0,0
316,Kurung Kumey,Arunachal Pradesh,0,-0.2629631346249943,0.3930721516472107,0,0
317,Kurung Kumey,Arunachal Pradesh,0,-0.252690091365473,0.3999583366182115,0,0
318,Kurung Kumey,Arunachal Pradesh,0,-0.2244066677162797,0.2818431529223851,0,0
319,Kurung Kumey,Arunachal Pradesh,0,-0.2633296779179788,0.3466675905024966,0,0
320,Kurung Kumey,Arunachal Pradesh,0,-0.2435206521045208,0.3720418906744632,0,0
321,Kurung Kumey,Arunachal Pradesh,0,-0.2514018149704599,0.3260409692725206,0,0
322,Kurung Kumey,Arunachal Pradesh,0,-0.2807610397489555,0.3832675205653449,0,0
323,Kurung Kumey,Arunachal Pradesh,0,-0.2524356765232599,0.3596317926184547,0,0
324,Kurung Kumey,Arunachal Pradesh,0,-0.251080033142541,0.3598798963943673,0,0
325,Kurung Kumey,Arunachal Pradesh,0,-0.2497538032020358,0.3907859551335125,0,0
326,Kurung Kumey,Arunachal Pradesh,0,-0.2847381131751649,0.4171292096711276,0,0
327,Kurung Kumey,Arunachal Pradesh,0,-0.2547021678166149,0.3501609272254293,0,0
328,Kurung Kumey,Arunachal Pradesh,0,-0.2613866733796521,0.3056787693300727,0,0
329,Kurung Kumey,Arunachal Pradesh,0,-0.3052239400580308,0.3983668886641795,0,0
330,Kurung Kumey,Arunachal Pradesh,0,-0.2062351240670147,0.2938610835606389,0,0
331,Kurung Kumey,Arunachal Pradesh,0,-0.2329374773455348,0.27462053797873,0,0
332,Kurung Kumey,Arunachal Pradesh,0,-0.2667672350787,0.3880543273000125,0,0
333,Kurung Kumey,Arunachal Pradesh,0,-0.2640514893259413,0.3426177132824611,0,0
334,Kurung Kumey,Arunachal Pradesh,0,-0.2741606062322456,0.354212147720938,0,0
335,Kurung Kumey,Arunachal Pradesh,0,-0.284257374724029,0.3901631052703235,0,0
336,Kurung Kumey,Arunachal Pradesh,0,-0.2772739279094763,0.3357909699617805,0,0
337,Kurung Kumey,Arunachal Pradesh,0,-0.226327229717344,0.4071233221994979,0,0
338,Kurung Kumey,Arunachal Pradesh,0,-0.25766538355058,0.3902616910387519,0,0
339,Kurung Kumey,Arunachal Pradesh,0,-0.3073236885977434,0.3895599824363874,0,0
340,Kurung Kumey,Arunachal Pradesh,0,-0.2507379675106633,0.3311027717590332,0,0
341,Kurung Kumey,Arunachal Pradesh,0,-0.2304726486961678,0.3503884559664689,0,0
342,Kurung Kumey,Arunachal Pradesh,0,-0.2757306553027817,0.4151283493265509,0,0
343,Kurung Kumey,Arunachal Pradesh,0,-0.2494404193760261,0.3519910435281877,0,0
344,Kurung Kumey,Arunachal Pradesh,0,-0.2727040547702515,0.3388745863520418,0,0
345,Kurung Kumey,Arunachal Pradesh,0,-0.3087656001652851,0.3189289663793244,0,0
346,Kurung Kumey,Arunachal Pradesh,0,-0.2507354640942101,0.357306398593483,0,0
347,Kurung Kumey,Arunachal Pradesh,0,-0.2663890185064996,0.2362875377840141,0,0
348,Kurung Kumey,Arunachal Pradesh,0,-0.2441252249964782,0.3648168684110525,0,0
349,Kurung Kumey,Arunachal Pradesh,0,-0.261787866173847,0.3002386218170479,0,0
350,Kurung Kumey,Arunachal Pradesh,0,-0.2784790365517746,0.3302004431894998,0,0
351,Kurung Kumey,Arunachal Pradesh,0,-0.2718432504821178,0.2271906333822869,0,0
352,Kurung Kumey,Arunachal Pradesh,0,-0.2094761861360993,0.3865833355320824,0,0
353,Kurung Kumey,Arunachal Pradesh,0,-0.2608121282063681,0.3942909166885063,0,0
354,Kurung Kumey,Arunachal Pradesh,0,-0.2774746059717644,0.3470044558523493,0,0
355,Kurung Kumey,Arunachal Pradesh,0,-0.2776208194683365,0.3799079200918121,0,0
356,Kurung Kumey,Arunachal Pradesh,0,-0.2670056778882174,0.3678314558575663,0,0
357,Kurung Kumey,Arunachal Pradesh,0,-0.2782991796960333,0.3958111075891388,0,0
358,Kurung Kumey,Arunachal Pradesh,0,-0.2117023189146172,0.4357122663106468,0,0
359,Kurung Kumey,Arunachal Pradesh,0,-0.2604222257564731,0.3820880006313858,0,0
360,Kurung Kumey,Arunachal Pradesh,0,-0.2675214170355195,0.3820571749066023,0,0
361,Kurung Kumey,Arunachal Pradesh,0,-0.2161081816564463,0.4701263965850465,0,0
362,Kurung Kumey,Arunachal Pradesh,0,-0.2882969318525019,0.3313525516019428,0,0
363,Kurung Kumey,Arunachal Pradesh,0,-0.2602196422734623,0.4233008864127489,0,0
364,Kurung Kumey,Arunachal Pradesh,0,-0.1911615177070287,0.4113048437911561,0,0
365,Kurung Kumey,Arunachal Pradesh,0,-0.2097624278279706,0.3501475534686002,0,0
366,Kurung Kumey,Arunachal Pradesh,0,-0.2237184261122364,0.4569910935087914,0,0
367,Kurung Kumey,Arunachal Pradesh,0,-0.2648032379468526,0.3364440193461737,0,0
368,Kurung Kumey,Arunachal Pradesh,0,-0.2679966640124731,0.4052232159966868,0,0
369,Kurung Kumey,Arunachal Pradesh,0,-0.232889706224279,0.451346143698081,0,0
370,Kurung Kumey,Arunachal Pradesh,0,-0.2609246937283241,0.3432607572711162,0,0
371,Kurung Kumey,Arunachal Pradesh,0,-0.1918826663597632,0.4256964440351056,0,0
372,Kurung Kumey,Arunachal Pradesh,0,-0.266683351312979,0.3887347412294605,0,0
373,Kurung Kumey,Arunachal Pradesh,0,-0.2456263939953303,0.3802519650568753,0,0
374,Kurung Kumey,Arunachal Pradesh,0,-0.2839240117098121,0.3508296239216767,0,0
375,Kurung Kumey,Arunachal Pradesh,0,-0.2485029200742145,0.4333934560838115,0,0
376,Kurung Kumey,Arunachal Pradesh,0,-0.2139934630003026,0.4215861079759067,0,0
377,Kurung Kumey,Arunachal Pradesh,0,-0.2059209119701328,0.4292369534186068,0,0
378,Kurung Kumey,Arunachal Pradesh,0,-0.2486873016502523,0.455606227390493,0,0
379,Kurung Kumey,Arunachal Pradesh,0,-0.3140965471236374,0.2511579170157867,0,0
380,Kurung Kumey,Arunachal Pradesh,0,-0.2434432740926163,0.4299721493487369,0,0
381,Kurung Kumey,Arunachal Pradesh,0,-0.2349942236549273,0.3588020209855786,0,0
382,Kurung Kumey,Arunachal Pradesh,0,-0.2691728295720301,0.4477549830653979,0,0
383,Kurung Kumey,Arunachal Pradesh,0,-0.2770637465962439,0.4286265280945319,0,0
384,Kurung Kumey,Arunachal Pradesh,0,-0.2734478746282891,0.3071902939949983,0,0
385,Kurung Kumey,Arunachal Pradesh,0,-0.2324280834011569,0.382477805762656,0,0
386,Kurung Kumey,Arunachal Pradesh,0,-0.2383673449103484,0.4210613686087969,0,0
387,Kurung Kumey,Arunachal Pradesh,0,-0.2427428926850456,0.2624189037771299,0,0
388,Kurung Kumey,Arunachal Pradesh,0,-0.2465180037664303,0.3095261990990793,0,0
389,Kurung Kumey,Arunachal Pradesh,0,-0.2344308899970846,0.3359374985736501,0,0
390,Kurung Kumey,Arunachal Pradesh,0,-0.2284609287243461,0.3800499993231561,0,0
391,Kurung Kumey,Arunachal Pradesh,0,-0.2514143827792162,0.3572636297070012,0,0
392,Kurung Kumey,Arunachal Pradesh,0,-0.2276332257634456,0.3746520189572548,0,0
393,Kurung Kumey,Arunachal Pradesh,0,-0.2593297205286904,0.329093192770545,0,0
394,Kurung Kumey,Arunachal Pradesh,0,-0.2613748573806282,0.3269567580154359,0,0
395,Kurung Kumey,Arunachal Pradesh,0,-0.2769296603824856,0.4679744705045131,0,0
396,Kurung Kumey,Arunachal Pradesh,0,-0.2421306840915705,0.3666109242367505,0,0
397,Kurung Kumey,Arunachal Pradesh,0,-0.2686411723511233,0.4018103392158653,0,0
398,Kurung Kumey,Arunachal Pradesh,0,-0.2218598227346564,0.610675680073532,0,0
399,Kurung Kumey,Arunachal Pradesh,0,-0.2694652180275394,0.3355169446791632,0,0
400,Kurung Kumey,Arunachal Pradesh,0,-0.2285885837141258,0.4494196406698652,0,0
401,Kurung Kumey,Arunachal Pradesh,0,-0.2606369735625452,0.445943394723399,0,0
402,Kurung Kumey,Arunachal Pradesh,0,-0.2756510241910403,0.3164972070375634,0,0
403,Lower Dibang,Arunachal Pradesh,0,-0.2160654477966863,0.3923752786314936,0,0
404,Lower Dibang,Arunachal Pradesh,0,-0.2666477694285986,0.3755890482756416,0,0
405,Lower Dibang,Arunachal Pradesh,0,-0.2374838343164525,0.3590662976984161,0,0
406,Tawang,Arunachal Pradesh,0,-0.2519752559630818,0.4343687376137968,0,0
407,Tawang,Arunachal Pradesh,0,-0.2097558550196403,0.4146805601318677,0,0
408,Tawang,Arunachal Pradesh,0,-0.234632451439661,0.4269522480750352,0,0
409,Tawang,Arunachal Pradesh,0,-0.2571744532084969,0.3844082545856116,0,0
410,Tawang,Arunachal Pradesh,0,-0.2145558357862999,0.410777591210411,0,0
411,Tawang,Arunachal Pradesh,0,-0.2083894960239868,0.4256879135932964,0,0
412,Tawang,Arunachal Pradesh,0,-0.2143214883734402,0.4614670836154231,0,0
413,Tawang,Arunachal Pradesh,0,-0.2302729405563812,0.4012035952443079,0,0
414,Tawang,Arunachal Pradesh,0,-0.214722915119556,0.4100282837834832,0,0
415,Tawang,Arunachal Pradesh,0,-0.1916048119722646,0.4105301363659757,0,0
416,Tawang,Arunachal Pradesh,0,-0.2368438566459167,0.3693583387467595,0,0
417,Tawang,Arunachal Pradesh,0,-0.1887316611234496,0.4227617036194471,0,0
418,Tawang,Arunachal Pradesh,0,-0.224274740043475,0.3334843378005678,0,0
419,Tawang,Arunachal Pradesh,0,-0.1845363985697296,0.4205599202621157,0,0
420,Tawang,Arunachal Pradesh,0,-0.235482567603449,0.3486716973634907,0,0
421,Tawang,Arunachal Pradesh,0,-0.1762188507653496,0.4346854061485664,0,0
422,Tawang,Arunachal Pradesh,0,-0.1947678491347094,0.4151893182759295,0,0
423,Tawang,Arunachal Pradesh,0,-0.2137844387245918,0.3839932790138577,0,0
424,Tawang,Arunachal Pradesh,0,-0.1318866450281031,0.4279161943787222,0,0
425,Tawang,Arunachal Pradesh,0,-0.2302086210820131,0.3523805427605518,0,0
426,Tawang,Arunachal Pradesh,0,-0.2264348086801738,0.3365451047707241,0,0
427,Tawang,Arunachal Pradesh,0,-0.2068267171196133,0.4060865927674917,0,0
428,Tawang,Arunachal Pradesh,0,-0.1250222206296354,0.3941314083696208,0,0
429,Tawang,Arunachal Pradesh,0,-0.1848319457167516,0.3489309562274767,0,0
430,Tawang,Arunachal Pradesh,0,-0.2567500830389924,0.3795421446307322,0,0
431,Tawang,Arunachal Pradesh,0,-0.1320433168146077,0.3787797209833109,0,0
432,Tawang,Arunachal Pradesh,0,-0.1912414805131132,0.4069384893835533,0,0
433,Tawang,Arunachal Pradesh,0,-0.1457825444581278,0.3061920911242059,0,0
434,Tawang,Arunachal Pradesh,0,-0.1393615338804981,0.4020044515220519,0,0
435,Tawang,Arunachal Pradesh,0,-0.2386938659169306,0.4164848991355107,0,0
436,Tawang,Arunachal Pradesh,0,-0.0731264610714691,0.349105349119956,0,0
437,Tawang,Arunachal Pradesh,0,-0.1335486452457164,0.3944808137403384,0,0
438,Tawang,Arunachal Pradesh,0,-0.2412276931126235,0.5202060182867178,0,0
439,Tawang,Arunachal Pradesh,0,-0.1115900742510633,0.332426961519745,0,0
440,Tawang,Arunachal Pradesh,0,-0.2118278859196423,0.493807142029372,0,0
441,Tawang,Arunachal Pradesh,0,-0.1472308636347187,0.4253863685171714,0,0
442,Tawang,Arunachal Pradesh,0,-0.2498786939647783,0.3991732046409038,0,0
443,Tawang,Arunachal Pradesh,0,-0.2236934435842294,0.5496909892505951,0,0
444,Tawang,Arunachal Pradesh,0,-0.2381354146552997,0.3142716585584111,0,0
445,Tawang,Arunachal Pradesh,0,-0.2312972080137055,0.3947200379339604,0,0
446,Tawang,Arunachal Pradesh,0,-0.2521565643666162,0.434685417166797,0,0
447,Tawang,Arunachal Pradesh,0,-0.2476380464637339,0.3805233876330815,0,0
448,Tawang,Arunachal Pradesh,0,-0.2357929924892172,0.4816620189920566,0,0
449,Tawang,Arunachal Pradesh,0,-0.2250923191477216,0.4812725626991779,0,0
450,Tawang,Arunachal Pradesh,0,-0.2147989549698358,0.4184703505879281,0,0
451,Tawang,Arunachal Pradesh,0,-0.1876287329411058,0.3679024925510359,0,0
452,Tawang,Arunachal Pradesh,0,-0.2301787790026279,0.472851557490815,0,0
453,Tawang,Arunachal Pradesh,0,-0.033504151120531,0.3719181562120505,0,0
454,Tawang,Arunachal Pradesh,0,-0.1259044643581858,0.495169489632892,0,0
455,Tawang,Arunachal Pradesh,0,-0.2341830555908472,0.4771784047952435,0,0
456,Tawang,Arunachal Pradesh,0,-0.1093559444670017,0.492877092974146,0,0
457,Tawang,Arunachal Pradesh,0,-0.1518124423843562,0.4903336871784176,0,0
458,Tawang,Arunachal Pradesh,0,-0.2175192661043059,0.4060467658834096,0,0
459,Tawang,Arunachal Pradesh,0,-0.2194874195808525,0.4489658080342104,0,0
460,Tawang,Arunachal Pradesh,0,-0.2645734991217317,0.4402229001842287,0,0
461,Tawang,Arunachal Pradesh,0,-0.2033403414455652,0.3813362991756744,0,0
462,Tawang,Arunachal Pradesh,0,-0.1869210259432544,0.3593207091955936,0,0
463,Tawang,Arunachal Pradesh,0,-0.216259998177098,0.3728220283311639,0,0
464,Tawang,Arunachal Pradesh,0,-0.1856838904079162,0.3582166693276829,0,0
465,Tawang,Arunachal Pradesh,0,-0.2457374080380655,0.4404444478617774,0,0
466,Tawang,Arunachal Pradesh,0,-0.0337671955208645,0.3799154468493907,0,0
467,Tawang,Arunachal Pradesh,0,-0.221944879425039,0.4169196434252496,0,0
468,Tawang,Arunachal Pradesh,0,-0.143580045264649,0.3086856815972318,0,0
469,Tawang,Arunachal Pradesh,0,-0.2264683776964379,0.3839891709743708,0,0
470,Tawang,Arunachal Pradesh,0,-0.2759862667677675,0.3912245498051471,0,0
471,Tawang,Arunachal Pradesh,0,-0.170295795423114,0.3532564015489265,0,0
472,Tawang,Arunachal Pradesh,0,-0.2204272254947553,0.6259472017155755,0,0
473,Tawang,Arunachal Pradesh,0,-0.2450499661227415,0.4759965968969049,0,0
474,Tawang,Arunachal Pradesh,0,-0.0135788594376949,0.3522805564271079,0,0
475,Tawang,Arunachal Pradesh,0,-0.27679444891303,0.3634389006436673,0,0
476,Tawang,Arunachal Pradesh,0,-0.2275252430499366,0.3735112903145073,0,0
477,Tawang,Arunachal Pradesh,0,-0.0577046655893967,0.337744935239489,0,0
478,Tawang,Arunachal Pradesh,0,-0.2006997845548234,0.3786045774584116,0,0
479,Tawang,Arunachal Pradesh,0,-0.2165079348824003,0.3496492653583436,0,0
480,Tawang,Arunachal Pradesh,0,-0.2169112076354626,0.4400669598087136,0,0
481,Tawang,Arunachal Pradesh,0,-0.2366645288738618,0.3332969767001917,0,0
482,Tawang,Arunachal Pradesh,0,-0.2117097738691197,0.353026311081174,0,0
483,Tawang,Arunachal Pradesh,0,-0.1786742321131169,0.4773702061068661,0,0
484,Upper Siang,Arunachal Pradesh,0,-0.281542912126318,0.3794950661949741,0,0
485,Upper Siang,Arunachal Pradesh,0,-0.3010283678858714,0.4695971313428141,0,0
486,Upper Siang,Arunachal Pradesh,0,-0.2989377541268946,0.2749555036011209,0,0
487,Upper Siang,Arunachal Pradesh,0,-0.2635527773068381,0.4157869883784993,0,0
488,Upper Siang,Arunachal Pradesh,0,-0.3172263707116798,0.3382312334399613,0,0
489,Upper Siang,Arunachal Pradesh,0,-0.2521236393223474,0.237024466771305,0,0
490,Upper Siang,Arunachal Pradesh,0,-0.2683598585160899,0.3187417162964676,0,0
491,Upper Siang,Arunachal Pradesh,0,-0.3128855810685752,0.3770482234508129,0,0
492,Upper Siang,Arunachal Pradesh,0,-0.3037633219870585,0.2534250018331739,0,0
493,Upper Siang,Arunachal Pradesh,0,-0.2834343963754278,0.347206038400367,0,0
494,Upper Siang,Arunachal Pradesh,0,-0.2866581582269368,0.1723620347908921,0,0
495,Upper Siang,Arunachal Pradesh,0,-0.2863981386264794,0.2083958095430407,0,0
496,Upper Siang,Arunachal Pradesh,0,-0.3067638412980972,0.3080494441501387,0,0
497,Upper Siang,Arunachal Pradesh,0,-0.3060308213825492,0.2756008816001959,0,0
498,Upper Siang,Arunachal Pradesh,0,-0.3151268659979221,0.2924697130984147,0,0
499,Upper Siang,Arunachal Pradesh,0,-0.3104931524360347,0.3048159375295534,0,0
500,Upper Siang,Arunachal Pradesh,0,-0.2777207629345941,0.4127420300435442,0,0
501,Upper Siang,Arunachal Pradesh,0,-0.3124602211340664,0.3434843390646663,0,0
502,Upper Siang,Arunachal Pradesh,0,-0.3214573891842918,0.3491121009571041,0,0
503,Upper Siang,Arunachal Pradesh,0,-0.2914348255188534,0.2896117866367496,0,0
504,Upper Siang,Arunachal Pradesh,0,-0.2747330365815639,0.1921653774426837,0,0
505,Upper Siang,Arunachal Pradesh,0,-0.2892704831835645,0.3029752748516889,0,0
506,Upper Siang,Arunachal Pradesh,0,-0.2770351100980837,0.3162817631801847,0,0
507,Upper Siang,Arunachal Pradesh,0,-0.2903172341443072,0.3390476126739485,0,0
508,Upper Siang,Arunachal Pradesh,0,-0.2996830354072566,0.3734955217947629,0,0
509,Upper Siang,Arunachal Pradesh,0,-0.2537734025216399,0.2677147623463349,0,0
510,Upper Siang,Arunachal Pradesh,0,-0.2878692559128556,0.2376093066761044,0,0
511,Upper Subansiri,Arunachal Pradesh,0,-0.2882392225572746,0.4179323792887104,0,0
512,Upper Subansiri,Arunachal Pradesh,0,-0.2754860108716967,0.3176147823304371,0,0
513,Upper Subansiri,Arunachal Pradesh,0,-0.2955743480612522,0.3683591099075191,0,0
514,Upper Subansiri,Arunachal Pradesh,0,-0.2701881292838929,0.3484772947407508,0,0
515,Upper Subansiri,Arunachal Pradesh,0,-0.24074329468828,0.4009746628185726,0,0
516,Upper Subansiri,Arunachal Pradesh,0,-0.2757425255244308,0.3592243347583073,0,0
517,Upper Subansiri,Arunachal Pradesh,0,-0.2664010011875567,0.4095920615448577,0,0
518,Upper Subansiri,Arunachal Pradesh,0,-0.3169369971440583,0.3802625725056206,0,0
519,Upper Subansiri,Arunachal Pradesh,0,-0.2625161267861808,0.3867384088749916,0,0
520,Upper Subansiri,Arunachal Pradesh,0,-0.2902680114282229,0.4058444027356795,0,0
521,Upper Subansiri,Arunachal Pradesh,0,-0.306943420996701,0.4165502854232681,0,0
522,Upper Subansiri,Arunachal Pradesh,0,-0.3100784894406055,0.3661780902967516,0,0
523,Upper Subansiri,Arunachal Pradesh,0,-0.301496017137999,0.3589756321801432,0,0
524,Upper Subansiri,Arunachal Pradesh,0,-0.3043259937985456,0.4022366991658961,0,0
525,Upper Subansiri,Arunachal Pradesh,0,-0.2673235642567552,0.393263508262813,0,0
526,Upper Subansiri,Arunachal Pradesh,0,-0.2788202621238619,0.325642457887447,0,0
527,Upper Subansiri,Arunachal Pradesh,0,-0.2849187791729488,0.3830178142390431,0,0
528,Upper Subansiri,Arunachal Pradesh,0,-0.2796102283661452,0.3729687494757984,0,0
529,Upper Subansiri,Arunachal Pradesh,0,-0.3059579938620032,0.3891804628485349,0,0
530,Upper Subansiri,Arunachal Pradesh,0,-0.2945672305732754,0.3583910615750531,0,0
531,Upper Subansiri,Arunachal Pradesh,0,-0.2884055758341757,0.3887320442423636,0,0
532,Upper Subansiri,Arunachal Pradesh,0,-0.2985737800023407,0.3403149152658262,0,0
533,Upper Subansiri,Arunachal Pradesh,0,-0.2624841208741436,0.3549861663342577,0,0
534,Upper Subansiri,Arunachal Pradesh,0,-0.2945256118573104,0.3350802913456659,0,0
535,West Kameng,Arunachal Pradesh,0,-0.1563784489032473,0.7268558419927972,0,0
536,West Kameng,Arunachal Pradesh,0,-0.2810669888759597,0.2154977398996169,0,0
537,West Kameng,Arunachal Pradesh,0,-0.2434643756742441,0.4183062743166126,0,0
538,West Kameng,Arunachal Pradesh,0,-0.221485733992473,0.448431923586343,0,0
539,West Kameng,Arunachal Pradesh,0,-0.2445426621300711,0.4585407196261764,0,0
540,West Kameng,Arunachal Pradesh,0,-0.2590151559073492,0.3643013393102939,0,0
541,North,Sikkim,0,-0.2314783916879365,0.5690810625275522,0,0
542,North,Sikkim,0,-0.2845890646476099,0.3802805772065848,0,0
543,North,Sikkim,0,-0.2081938405543123,0.5283688344228428,0,0
544,North,Sikkim,0,-0.2326424092557403,0.4025672573278837,0,0
545,North,Sikkim,0,-0.0152212864597315,0.4040896391417242,0,0
546,North,Sikkim,0,-0.0751799518879364,0.46273190757403,0,0
547,North,Sikkim,0,-0.1747939670366775,0.429015924058541,0,0
548,North,Sikkim,0,-0.0953490443042804,0.4639745772895166,0,0
549,North,Sikkim,0,-0.1415618918414626,0.4769512938892454,0,0
550,North,Sikkim,0,-0.1507702019526094,0.5627440458732349,0,0
551,North,Sikkim,0,-0.1952641288313145,0.2738461579739778,0,0
552,North,Sikkim,0,-0.2261020178612866,0.585185390811288,0,0
553,North,Sikkim,0,-0.1015875090344692,0.6909183477328209,0,0
554,North,Sikkim,0,-0.2441193567369166,0.563959735818624,0,0
555,North,Sikkim,0,-0.2224907756514509,0.7162712250803497,0,0
556,North,Sikkim,0,-0.1614716145419255,0.4396452746345654,0,0
557,North,Sikkim,0,-0.2296336394220687,0.4023868690721049,0,0
558,North,Sikkim,0,-0.1960630794446148,0.3959502288860972,0,0
559,North,Sikkim,0,-0.1978291819186852,0.4704728155889435,0,0
560,North,Sikkim,0,-0.2859198986390902,0.314727886227253,0,0
561,North,Sikkim,0,-0.2466528990625465,0.366649767837009,0,0
562,North,Sikkim,0,-0.4780377096579506,0.3508849980597296,0,0
563,North,Sikkim,0,-0.2156996759824385,0.4178787832776571,0,0
564,North,Sikkim,0,-0.2451406385200574,0.3249376420598993,0,0
565,North,Sikkim,0,-0.138974219057949,0.7786833218359108,0,0
566,North,Sikkim,0,-0.2765100703476899,0.3348899546581789,0,0
567,North,Sikkim,0,-0.2331810920617039,0.5716685353370194,0,0
568,North,Sikkim,0,-0.1832559423143419,0.2974372876546808,0,0
569,North,Sikkim,0,-0.3419630428932379,0.3798789368556426,0,0
570,North,Sikkim,0,-0.3247327314884405,0.3502097482921856,0,0
571,North,Sikkim,0,-0.2724046677838437,0.3317669958308122,0,0
572,North,Sikkim,0,-0.2599564268962684,0.3605837984125042,0,0
573,North,Sikkim,0,-0.0959982875196974,0.48110645753617,0,0
574,North,Sikkim,0,-0.1866070539848278,0.377624718949638,0,0
575,North,Sikkim,0,-0.173484820982614,0.3435698139170806,0,0
576,North,Sikkim,0,-0.1625137288994584,0.3849352473678352,0,0
577,North,Sikkim,0,-0.1865792705304422,0.6150448554166229,0,0
578,North,Sikkim,0,-0.2312236637073425,0.4809378579776204,0,0
579,North,Sikkim,0,-0.1600165026396263,0.7453479319978108,0,0
580,North,Sikkim,0,-0.1777112493444167,1.0162116134193842,0,0
581,North,Sikkim,0,-0.2145862497945218,0.5145926473861826,0,0
582,North,Sikkim,0,-0.2186250018293854,0.4956599484954105,0,0
583,North,Sikkim,0,-0.1863702659802291,0.9732568159935966,0,0
584,North,Sikkim,0,-0.254835813296715,0.4046730501944747,0,0
585,North,Sikkim,0,-0.2184157927120618,0.7687187436290761,0,0
586,North,Sikkim,0,-0.6301083748488832,0.3121672222344934,0,0
587,North,Sikkim,0,-0.2341709937477413,0.3247421610047999,0,0
588,North,Sikkim,0,-0.0033155154441653,0.4106762723423161,0,0
589,North,Sikkim,0,-0.2331241050042472,0.3274662614673276,0,0
590,North,Sikkim,0,-0.216371492045279,0.4650083789289397,0,0
591,North,Sikkim,0,-0.2366485857022824,0.3365339692557574,0,0
592,North,Sikkim,0,-0.1948598973968704,0.4907202763741861,0,0
593,North,Sikkim,0,-0.230015753996417,0.3581583464727499,0,0
594,North,Sikkim,0,-0.1545283694665273,0.369798421826368,0,0
595,North,Sikkim,0,-0.1786355765236757,0.386053812076158,0,0
596,North,Sikkim,0,-0.2080396596944376,0.5524131888972151,0,0
597,North,Sikkim,0,-0.0871619900103758,0.4292480350209675,0,0
598,North,Sikkim,0,-0.257841659639944,0.3546173115016361,0,0
599,North,Sikkim,0,-0.2599788107024723,0.5286521035480174,0,0
600,North,Sikkim,0,-0.2270539927483637,0.3528086121868034,0,0
601,North,Sikkim,0,-0.1162000880255926,1.834039541624361,0,0
602,North,Sikkim,0,-0.2273158385151174,0.3365808865603279,0,0
603,North,Sikkim,0,-0.2402378719224453,0.339746095872085,0,0
604,North,Sikkim,0,-0.2035477553474007,0.4989737120250727,0,0
605,North,Sikkim,0,-0.1502652701058012,0.4217796602491604,0,0
606,North,Sikkim,0,-0.2132039615987073,0.7660270948845967,0,0
607,North,Sikkim,0,-0.2060969753099813,0.3740822085859002,0,0
608,North,Sikkim,0,-0.2378779590644211,0.3833155297120054,0,0
609,North,Sikkim,0,-0.1137218892101575,0.7154658935964108,0,0
610,North,Sikkim,0,0.0519729302844402,0.3991991123049888,0,0
611,North,Sikkim,0,-0.1462931207215942,0.4536542719616008,0,0
612,North,Sikkim,0,-0.237992039321406,0.5246759728346457,0,0
613,North,Sikkim,0,-0.2483654040169151,0.3584008946142218,0,0
614,North,Sikkim,0,-0.277277512414347,0.3229631640881831,0,0
615,North,Sikkim,0,-0.2273690289740869,0.357776852328772,0,0
616,North,Sikkim,0,0.1050725059797026,0.3911092536505249,0,0
617,North,Sikkim,0,-0.2316310322713782,0.386196629686302,0,0
618,North,Sikkim,0,-0.224878115094025,0.3580524261196678,0,0
619,North,Sikkim,0,-0.2233448146941208,0.4110305777424999,0,0
620,North,Sikkim,0,-0.2349180625201582,0.3738093846119367,0,0
621,North,Sikkim,0,-0.2062378997173355,0.4074916202262792,0,0
622,North,Sikkim,0,-0.2777115397878245,0.4533238603648814,0,0
623,North,Sikkim,0,-0.1848999095336846,0.446699109040325,0,0
624,North,Sikkim,0,-0.1895029700793557,1.1734977108415836,0,0
625,North,Sikkim,0,-0.2133671571306212,0.5464926305883453,0,0
626,North,Sikkim,0,-0.2418941310102695,0.3595028382472016,0,0
627,North,Sikkim,0,-0.2519343009019762,0.3568652555645176,0,0
628,North,Sikkim,0,-0.2075394172335572,0.432917599219645,0,0
629,North,Sikkim,0,-0.3191622963689262,0.3624357507215532,0,0
630,North,Sikkim,0,-0.2280813126426076,0.3925706254560395,0,0
631,North,Sikkim,0,-0.2323077507495767,0.3279738920433162,0,0
632,North,Sikkim,0,-0.2153536215261637,0.3636920910097111,0,0
633,North,Sikkim,0,-0.2084653190816518,0.5280312477187676,0,0
634,Chamoli,Uttarakhand,0,0.1056106358618204,0.4045575440706571,0,0
635,Chamoli,Uttarakhand,0,-0.0225759509612645,0.4260934064676472,0,0
636,Chamoli,Uttarakhand,0,0.0045863794015068,0.4173837816070866,0,0
637,Chamoli,Uttarakhand,0,-0.025766666864298,0.428389180930885,0,0
638,Chamoli,Uttarakhand,0,-0.0123703334299065,0.3728196751550247,0,0
639,Chamoli,Uttarakhand,0,-0.0338642920079072,0.4383936208023107,0,0
640,Chamoli,Uttarakhand,0,-0.1029446901639279,0.357510812540312,0,0
641,Chamoli,Uttarakhand,0,-0.0414247018118957,0.3789339873504329,0,0
642,Chamoli,Uttarakhand,0,-0.2364856860555595,0.4132961977111256,0,0
643,Chamoli,Uttarakhand,0,-0.0864838831161226,0.3710270308159493,0,0
644,Chamoli,Uttarakhand,0,-0.2201836220914208,0.3982783837898357,0,0
645,Chamoli,Uttarakhand,0,-0.023423040196772,0.403333320318024,0,0
646,Chamoli,Uttarakhand,0,-0.0277927912701594,0.4164410387389524,0,0
647,Chamoli,Uttarakhand,0,-0.1736212609314001,0.4751537207196574,0,0
648,Chamoli,Uttarakhand,0,-0.1298858755907708,0.4022146049563893,0,0
649,Chamoli,Uttarakhand,0,-0.1882194312229535,0.4866747578049427,0,0
650,Chamoli,Uttarakhand,0,-0.2062527775498632,0.4045635800615979,0,0
651,Chamoli,Uttarakhand,0,-0.1325644986260239,0.4071841018846611,0,0
652,Chamoli,Uttarakhand,0,-0.2044176754095006,0.3913648654641332,0,0
653,Chamoli,Uttarakhand,0,-0.0297139639462599,0.3895626337494757,0,0
654,Chamoli,Uttarakhand,0,-0.1659972943405056,0.4542238489929626,0,0
655,Chamoli,Uttarakhand,0,-0.1564309912349843,1.302261764352972,0,0
656,Chamoli,Uttarakhand,0,-0.185422750426412,0.5696365684927297,0,0
657,Chamoli,Uttarakhand,0,-0.1093427733128332,0.4417037935684556,0,0
658,Pithoragarh,Uttarakhand,0,-0.2200637874305957,0.4420615975123796,0,0
659,Pithoragarh,Uttarakhand,0,-0.2205952882301058,0.4165477548551089,0,0
660,Pithoragarh,Uttarakhand,0,-0.2116535676544556,0.3868736384156482,0,0
661,Pithoragarh,Uttarakhand,0,-0.2530751862164975,0.4326652031441093,0,0
662,Pithoragarh,Uttarakhand,0,-0.0785628352872956,0.3388459436726151,0,0
663,Pithoragarh,Uttarakhand,0,-0.2150773011054567,1.0044983481112848,0,0
664,Pithoragarh,Uttarakhand,0,-0.1792398668431127,0.367877199819172,0,0
665,Pithoragarh,Uttarakhand,0,-0.2387404805264393,0.3669774564120373,0,0
666,Pithoragarh,Uttarakhand,0,-0.2813264466972903,0.443481258908338,0,0
667,Pithoragarh,Uttarakhand,0,-0.1180479621401545,0.34366923244211,0,0
668,Pithoragarh,Uttarakhand,0,-0.2476907411790552,0.5677808106205585,0,0
669,Pithoragarh,Uttarakhand,0,-0.1598341759011828,0.6197409031146679,0,0
670,Pithoragarh,Uttarakhand,0,-0.2476613746152242,0.4046619435043084,0,0
671,Pithoragarh,Uttarakhand,0,-0.1420610365258051,0.4080066407307702,0,0
672,Pithoragarh,Uttarakhand,0,-0.1713463303495332,0.3936642699141418,0,0
673,Pithoragarh,Uttarakhand,0,-0.1545665505948029,0.3898759650881787,0,0
674,Pithoragarh,Uttarakhand,0,-0.2025178838866453,0.6313794901677799,0,0
675,Pithoragarh,Uttarakhand,0,-0.2213038868016789,0.3631065597951086,0,0
676,Pithoragarh,Uttarakhand,0,-0.2075897613248225,0.4560734130715634,0,0
677,Pithoragarh,Uttarakhand,0,-0.1322319535383417,0.5633799276853861,0,0
678,Pithoragarh,Uttarakhand,0,-0.2202341338897609,0.3883760951491944,0,0
679,Pithoragarh,Uttarakhand,0,-0.1620224444647512,0.4023340556515184,0,0
680,Pithoragarh,Uttarakhand,0,-0.2667869307924812,0.4077673586621437,0,0
681,Pithoragarh,Uttarakhand,0,-0.2388018342043837,0.3885125545174794,0,0
682,Pithoragarh,Uttarakhand,0,-0.2600949089906901,0.5428060010482705,0,0
683,Pithoragarh,Uttarakhand,0,-0.2356169635003661,0.370734488257019,0,0
684,Pithoragarh,Uttarakhand,0,-0.1681190019050502,0.4125573085254977,0,0
685,Pithoragarh,Uttarakhand,0,-0.2335643604864131,0.4216511493705842,0,0
686,Pithoragarh,Uttarakhand,0,-0.1488808381226836,0.4522833310564358,0,0
687,Pithoragarh,Uttarakhand,0,-0.2271007426270296,0.3909216301462244,0,0
688,Pithoragarh,Uttarakhand,0,-0.2484200850105158,0.4322256098961882,0,0
689,Pithoragarh,Uttarakhand,0,-0.1278797482635338,0.5613661084018771,0,0
690,Pithoragarh,Uttarakhand,0,-0.1946111857059708,0.3680629171348828,0,0
691,Pithoragarh,Uttarakhand,0,-0.2273555944721345,0.4887979133105617,0,0
692,Pithoragarh,Uttarakhand,0,-0.2144381097793462,0.407038164184948,0,0
693,Pithoragarh,Uttarakhand,0,-0.2257689716029984,0.5418419572750378,0,0
694,Pithoragarh,Uttarakhand,0,-0.2466887898787882,0.5113961718447222,0,0
695,Pithoragarh,Uttarakhand,0,-0.2625496454596491,0.499199451188572,0,0
696,Pithoragarh,Uttarakhand,0,-0.2304328428818169,0.385019272959705,0,0
697,Pithoragarh,Uttarakhand,0,0.0215712767769622,0.2810477771342253,0,0
698,Pithoragarh,Uttarakhand,0,-0.2398578786680263,0.3813807267638853,0,0
699,Pithoragarh,Uttarakhand,0,-0.2581241907563043,0.5586475333880858,0,0
700,Pithoragarh,Uttarakhand,0,-0.1914833389869593,0.4779189241983166,0,0
701,Pithoragarh,Uttarakhand,0,-0.2130013140444651,0.406438809738401,0,0
702,Pithoragarh,Uttarakhand,0,-0.259214317504672,0.3842969536134137,0,0
703,Pithoragarh,Uttarakhand,0,-0.2098479039398401,0.4645519727362996,0,0
704,Pithoragarh,Uttarakhand,0,-0.2528612971326672,0.447407309270607,0,0
705,Pithoragarh,Uttarakhand,0,-0.1743004544999845,0.4940712020977983,0,0
706,Uttarkashi,Uttarakhand,0,0.0824789337260369,0.3927260261994821,0,0
707,Uttarkashi,Uttarakhand,0,0.0348382562915014,0.3927411486864856,0,0
708,Uttarkashi,Uttarakhand,0,0.0154982992952162,0.3974330050896729,0,0
709,Uttarkashi,Uttarakhand,0,0.1021661858458778,0.3929098795990213,0,0
710,Uttarkashi,Uttarakhand,0,-0.0352623370132563,0.3859627875373845,0,0
711,Uttarkashi,Uttarakhand,0,0.0896969817416534,0.435013438777257,0,0
712,Uttarkashi,Uttarakhand,0,0.0003419122173157,0.4210317895009087,0,0
713,Uttarkashi,Uttarakhand,0,-0.0376166844039569,0.3581708037005415,0,0
714,Uttarkashi,Uttarakhand,0,-0.1795409229430055,0.4995082084598438,0,0
715,Uttarkashi,Uttarakhand,0,-0.2088233387523926,0.3710081532273603,0,0
716,Uttarkashi,Uttarakhand,0,-0.231677950042094,0.376014532166482,0,0
717,Uttarkashi,Uttarakhand,0,-0.1774947320020692,0.659687156108848,0,0
718,Uttarkashi,Uttarakhand,0,-0.2645645543675591,0.4983252610891096,0,0
719,Uttarkashi,Uttarakhand,0,-0.219054375695611,0.3972695140155949,0,0
720,Uttarkashi,Uttarakhand,0,-0.1726577472001245,0.4204607433360171,0,0
721,Uttarkashi,Uttarakhand,0,-0.2423618515783399,0.4125243257187507,0,0
722,Uttarkashi,Uttarakhand,0,-0.0253621540026132,0.3963565266698181,0,0
723,Uttarkashi,Uttarakhand,0,-0.0395815973296855,0.3722276712619661,0,0
724,Uttarkashi,Uttarakhand,0,-0.2601964538967113,0.3709880683437621,0,0
725,Uttarkashi,Uttarakhand,0,-0.2047147289719677,0.3775109530539789,0,0
726,Uttarkashi,Uttarakhand,0,-0.2750079261154527,0.3826962387369525,0,0
727,Uttarkashi,Uttarakhand,0,-0.2795257224500312,0.365312506605325,0,0
728,Uttarkashi,Uttarakhand,0,-0.2084660011436646,0.3905765009594374,0,0
729,Uttarkashi,Uttarakhand,0,-0.280945108536591,0.3936786899910547,0,0
730,Uttarkashi,Uttarakhand,0,-0.2240715513842954,0.4099592303128346,0,0
731,Uttarkashi,Uttarakhand,0,-0.2436987057586282,0.3631568993406369,0,0
732,Uttarkashi,Uttarakhand,0,-0.2242067922423117,0.3756448078350942,0,0
733,Uttarkashi,Uttarakhand,0,-0.2259905713629385,0.4088572986072225,0,0
734,Uttarkashi,Uttarakhand,0,-0.2278254201165253,0.674808540281634,0,0
735,Uttarkashi,Uttarakhand,0,-0.1941873692347548,0.6932588752812282,0,0
1,Anjaw,Arunachal Pradesh,1,-0.2530490160511819,0.2662028824278626,1,1
2,Anjaw,Arunachal Pradesh,1,-0.1989792965734346,0.0897611104945341,1,1
3,Anjaw,Arunachal Pradesh,1,-0.2657355763772654,0.146029252057307,1,1
4,Anjaw,Arunachal Pradesh,1,-0.2750297282325391,0.194644055976595,1,1
5,Anjaw,Arunachal Pradesh,1,-0.2680745078974558,0.2101238782072926,1,1
6,Anjaw,Arunachal Pradesh,1,-0.0763418256812013,0.5441675815500517,1,1
7,Anjaw,Arunachal Pradesh,1,-0.2525151770868171,0.1641398451469846,1,1
8,Anjaw,Arunachal Pradesh,1,-0.2663573326577088,0.2729009938121369,1,1
9,Anjaw,Arunachal Pradesh,1,-0.2567003443160368,0.2244016804219631,1,1
10,Anjaw,Arunachal Pradesh,1,-0.2554341358901372,0.346487244973569,1,1
11,Anjaw,Arunachal Pradesh,1,-0.2751264898937322,0.2494983380689324,1,1
12,Anjaw,Arunachal Pradesh,1,-0.1608515452643401,0.2158851202961872,1,1
13,Anjaw,Arunachal Pradesh,1,-0.1832103134477606,0.2113621274498214,1,1
14,Anjaw,Arunachal Pradesh,1,-0.2559970994471193,0.1934662244776687,1,1
15,Anjaw,Arunachal Pradesh,1,-0.2679511350777377,0.2180044366224378,1,1
16,Anjaw,Arunachal Pradesh,1,-0.1938778007094258,0.3638496144385182,1,1
17,Anjaw,Arunachal Pradesh,1,-0.262061867123321,0.1299390952089432,1,1
18,Anjaw,Arunachal Pradesh,1,-0.1799361002638896,0.2471043754841476,1,1
19,Anjaw,Arunachal Pradesh,1,-0.1342129617965073,0.2530088490452123,1,1
20,Anjaw,Arunachal Pradesh,1,-0.1684327566019071,0.20817052688096,1,1
21,Anjaw,Arunachal Pradesh,1,-0.1515465782513991,0.2612610522789501,1,1
22,Anjaw,Arunachal Pradesh,1,-0.1299642596969927,0.26601276554159,1,1
23,Anjaw,Arunachal Pradesh,1,-0.1670069602195754,0.2667829321402384,1,1
24,Anjaw,Arunachal Pradesh,1,-0.1382053208704159,1.4988207511446716,1,1
25,Anjaw,Arunachal Pradesh,1,-0.1919861259207141,0.2360536422646415,1,1
26,Dibang Valley,Arunachal Pradesh,1,-0.2377830473499601,0.3170385923928328,1,1
27,Dibang Valley,Arunachal Pradesh,1,-0.1816443277240884,0.2436506136634449,1,1
28,Dibang Valley,Arunachal Pradesh,1,-0.2412131895166576,0.0510773030191398,1,1
29,Dibang Valley,Arunachal Pradesh,1,-0.1933090253068009,0.2530849874841983,1,1
30,Dibang Valley,Arunachal Pradesh,1,-0.2481724525781447,0.1174257426257311,1,1
31,Dibang Valley,Arunachal Pradesh,1,-0.1969255593727831,0.2494939493857594,1,1
32,Dibang Valley,Arunachal Pradesh,1,-0.1998194594235073,0.2577171407656574,1,1
33,Dibang Valley,Arunachal Pradesh,1,-0.246967131145495,0.0083754116794018,1,1
34,Dibang Valley,Arunachal Pradesh,1,-0.183864265811042,0.2778386543402324,1,1
35,Dibang Valley,Arunachal Pradesh,1,-0.2308067761431136,0.1670424492317103,1,1
36,Dibang Valley,Arunachal Pradesh,1,-0.2258475807352935,0.2731729677077528,1,1
37,Dibang Valley,Arunachal Pradesh,1,-0.2508675946561142,0.1304102405282106,1,1
38,Dibang Valley,Arunachal Pradesh,1,-0.1822329988878079,0.2949916358908416,1,1
39,Dibang Valley,Arunachal Pradesh,1,-0.2161896997906204,0.1310235965224115,1,1
40,Dibang Valley,Arunachal Pradesh,1,-0.204895381012304,0.315238235777269,1,1
41,Dibang Valley,Arunachal Pradesh,1,-0.2224623783494047,0.1288227041395718,1,1
42,Dibang Valley,Arunachal Pradesh,1,-0.2013086697432284,0.165119974591237,1,1
43,Dibang Valley,Arunachal Pradesh,1,-0.2665855429062531,0.2176340770122058,1,1
44,East Kameng,Arunachal Pradesh,1,-0.2698777656544255,0.2988487490311971,1,1
45,East Kameng,Arunachal Pradesh,1,-0.2396561558139513,0.3082941759219372,1,1
46,East Kameng,Arunachal Pradesh,1,-0.2397242002358998,0.2157380725779094,1,1
47,East Kameng,Arunachal Pradesh,1,-0.221079477298034,0.2488656607825088,1,1
48,East Kameng,Arunachal Pradesh,1,-0.2138892753058823,0.3056138890981674,1,1
49,East Kameng,Arunachal Pradesh,1,-0.2157769642987284,0.2781994323047359,1,1
50,East Kameng,Arunachal Pradesh,1,-0.2864669845276615,0.1998522834003038,1,1
51,East Kameng,Arunachal Pradesh,1,-0.2673389691147204,0.3135044561765555,1,1
52,East Kameng,Arunachal Pradesh,1,-0.2496378281596043,0.2936815616804794,1,1
53,East Kameng,Arunachal Pradesh,1,-0.2615405818668682,0.3202194382415878,1,1
54,East Kameng,Arunachal Pradesh,1,-0.2385142920966899,0.1502199326133675,1,1
55,East Kameng,Arunachal Pradesh,1,-0.2502416310720952,0.3248190409887607,1,1
56,East Kameng,Arunachal Pradesh,1,-0.2474385783012154,0.341450438268466,1,1
57,East Kameng,Arunachal Pradesh,1,-0.2620204002194278,0.3228264541498252,1,1
58,East Kameng,Arunachal Pradesh,1,-0.2065962500281174,0.2562598919632745,1,1
59,East Kameng,Arunachal Pradesh,1,-0.2773426614767024,0.2396380892210123,1,1
60,Kurung Kumey,Arunachal Pradesh,1,-0.2622015727095705,0.2218153762195246,1,1
61,Kurung Kumey,Arunachal Pradesh,1,-0.2810210898289113,0.1375676432315768,1,1
62,Kurung Kumey,Arunachal Pradesh,1,-0.2097779975522245,0.3111594198572729,1,1
63,Kurung Kumey,Arunachal Pradesh,1,-0.2731733269846547,0.2310282648303556,1,1
64,Kurung Kumey,Arunachal Pradesh,1,-0.2540666826163172,0.1963181331074145,1,1
65,Kurung Kumey,Arunachal Pradesh,1,-0.2577136334669405,0.1765162548376038,1,1
66,Kurung Kumey,Arunachal Pradesh,1,-0.2327977944748027,0.2691537181657638,1,1
67,Kurung Kumey,Arunachal Pradesh,1,-0.225960843333231,0.2947151544874749,1,1
68,Kurung Kumey,Arunachal Pradesh,1,-0.2222808195792703,0.2999525131127022,1,1
69,Kurung Kumey,Arunachal Pradesh,1,-0.2643875681942141,0.2891778919666035,1,1
70,Kurung Kumey,Arunachal Pradesh,1,-0.2456873007924984,0.2013429494101252,1,1
71,Kurung Kumey,Arunachal Pradesh,1,-0.2476628149743776,0.2456513222827351,1,1
72,Kurung Kumey,Arunachal Pradesh,1,-0.2281970262245825,0.2320393958314012,1,1
73,Kurung Kumey,Arunachal Pradesh,1,-0.301485112144449,0.2228459847226206,1,1
74,Kurung Kumey,Arunachal Pradesh,1,-0.2685709822531695,0.2360107031994843,1,1
75,Kurung Kumey,Arunachal Pradesh,1,-0.2696600057806445,0.2423357428912331,1,1
76,Kurung Kumey,Arunachal Pradesh,1,-0.2661765849147731,0.2089022323738929,1,1
77,Kurung Kumey,Arunachal Pradesh,1,-0.2490807044091809,0.2780811962680901,1,1
78,Kurung Kumey,Arunachal Pradesh,1,-0.2853687465096028,0.1232620913564689,1,1
79,Kurung Kumey,Arunachal Pradesh,1,-0.2533267213448218,0.2141067477651929,1,1
80,Kurung Kumey,Arunachal Pradesh,1,-0.2773939528615005,0.2153921006982928,1,1
81,Kurung Kumey,Arunachal Pradesh,1,-0.3068955457234833,0.3551237349166913,1,1
82,Kurung Kumey,Arunachal Pradesh,1,-0.2504079547789687,0.3117527675628662,1,1
83,Kurung Kumey,Arunachal Pradesh,1,-0.2504079547789687,0.3117527675628662,1,1
84,Kurung Kumey,Arunachal Pradesh,1,-0.2480045513204815,0.3939705828450761,1,1
85,Kurung Kumey,Arunachal Pradesh,1,-0.2701880562860881,0.4555647787395637,1,1
86,Kurung Kumey,Arunachal Pradesh,1,-0.2688525874207804,0.3786792397234468,1,1
87,Kurung Kumey,Arunachal Pradesh,1,-0.2664200767274505,0.4803314494283011,1,1
88,Kurung Kumey,Arunachal Pradesh,1,-0.2677446725107071,0.3201300876712368,1,1
89,Kurung Kumey,Arunachal Pradesh,1,-0.2261800702097985,0.2604598663954963,1,1
90,Kurung Kumey,Arunachal Pradesh,1,-0.2681740479214286,0.4004264146986614,1,1
91,Kurung Kumey,Arunachal Pradesh,1,-0.2603955298948192,0.3343285222627742,1,1
92,Kurung Kumey,Arunachal Pradesh,1,-0.2419119877879332,0.3719194373488426,1,1
93,Kurung Kumey,Arunachal Pradesh,1,-0.2381202542297689,0.2588684495741973,1,1
94,Kurung Kumey,Arunachal Pradesh,1,-0.2844881407546675,0.4435670728694044,1,1
95,Kurung Kumey,Arunachal Pradesh,1,-0.2442840577572534,0.27568332966831,1,1
96,Kurung Kumey,Arunachal Pradesh,1,-0.2248234514166438,0.3630577381282644,1,1
97,Kurung Kumey,Arunachal Pradesh,1,-0.2341421963177576,0.3083182808104271,1,1
98,Kurung Kumey,Arunachal Pradesh,1,-0.2238980211377063,0.3513420767350388,1,1
99,Kurung Kumey,Arunachal Pradesh,1,-0.1994239474278522,0.3221672199649832,1,1
100,Kurung Kumey,Arunachal Pradesh,1,-0.2078192777441898,0.3274297790915778,1,1
101,Kurung Kumey,Arunachal Pradesh,1,-0.2099456223566355,0.3136055552959442,1,1
102,Kurung Kumey,Arunachal Pradesh,1,-0.1882314305856593,0.3271996687198507,1,1
103,Kurung Kumey,Arunachal Pradesh,1,-0.2681890386379147,0.289994406833329,1,1
104,Kurung Kumey,Arunachal Pradesh,1,-0.2370239873145267,0.3598342521085265,1,1
105,Kurung Kumey,Arunachal Pradesh,1,-0.2334909728496681,0.3803079917150386,1,1
106,Kurung Kumey,Arunachal Pradesh,1,-0.2432223709993692,0.2571689095828937,1,1
107,Kurung Kumey,Arunachal Pradesh,1,-0.2238472384618316,0.3165033366738554,1,1
108,Kurung Kumey,Arunachal Pradesh,1,-0.21964007907779,0.3034756790458886,1,1
109,Kurung Kumey,Arunachal Pradesh,1,-0.2798287439729284,0.3462358909253342,1,1
110,Kurung Kumey,Arunachal Pradesh,1,-0.261892107657375,0.2772757464139036,1,1
111,Kurung Kumey,Arunachal Pradesh,1,-0.2570357759960593,0.3631423843384319,1,1
112,Kurung Kumey,Arunachal Pradesh,1,-0.2632253455458361,0.3466463423356778,1,1
113,Kurung Kumey,Arunachal Pradesh,1,-0.2805245898925819,0.3706465051256194,1,1
114,Kurung Kumey,Arunachal Pradesh,1,-0.238037423111569,0.2129302594404252,1,1
115,Kurung Kumey,Arunachal Pradesh,1,-0.2956799927553541,0.3570418956226476,1,1
116,Kurung Kumey,Arunachal Pradesh,1,-0.2388880808530475,0.2889921559398412,1,1
117,Kurung Kumey,Arunachal Pradesh,1,-0.2602004095551576,0.2874528827133305,1,1
118,Kurung Kumey,Arunachal Pradesh,1,-0.2990369115592729,0.3105730354451061,1,1
119,Kurung Kumey,Arunachal Pradesh,1,-0.2830046021514044,0.3286950376552551,1,1
120,Kurung Kumey,Arunachal Pradesh,1,-0.2439948643060855,0.2425694451729457,1,1
121,Kurung Kumey,Arunachal Pradesh,1,-0.2804252881228196,0.2712065086487835,1,1
122,Kurung Kumey,Arunachal Pradesh,1,-0.3124083849411981,0.3924721021737371,1,1
123,Kurung Kumey,Arunachal Pradesh,1,-0.2761288251849347,0.305097439838677,1,1
124,Kurung Kumey,Arunachal Pradesh,1,-0.2759391725740843,0.3658749994304445,1,1
125,Kurung Kumey,Arunachal Pradesh,1,-0.2699685573757717,0.4459378526766115,1,1
126,Kurung Kumey,Arunachal Pradesh,1,-0.2732316584286332,0.4543673321687789,1,1
127,Kurung Kumey,Arunachal Pradesh,1,-0.2547858035585771,0.3720396108526204,1,1
128,Kurung Kumey,Arunachal Pradesh,1,-0.2547858035585771,0.3720396108526204,1,1
129,Kurung Kumey,Arunachal Pradesh,1,-0.2559142932524794,0.3722185084519445,1,1
130,Lower Dibang,Arunachal Pradesh,1,-0.228705563194612,0.2585227187152977,1,1
131,Tawang,Arunachal Pradesh,1,-0.2527018439387017,0.3202222140961223,1,1
132,Tawang,Arunachal Pradesh,1,-0.1901906140818443,0.2454524842592386,1,1
133,Tawang,Arunachal Pradesh,1,-0.2472000928221422,0.3161027759313583,1,1
134,Tawang,Arunachal Pradesh,1,-0.2298602278233645,0.3306306021229568,1,1
135,Tawang,Arunachal Pradesh,1,-0.241946203672398,0.3437402504875242,1,1
136,Tawang,Arunachal Pradesh,1,-0.2442043582337215,0.8910295632002608,1,1
137,Tawang,Arunachal Pradesh,1,-0.2442043582337215,0.8910295632002608,1,1
138,Tawang,Arunachal Pradesh,1,-0.2583949496586039,0.6432902140477914,1,1
139,Tawang,Arunachal Pradesh,1,-0.3025976993875424,0.3747042411871786,1,1
140,Tawang,Arunachal Pradesh,1,-0.238259627493154,0.3817155677362704,1,1
141,Tawang,Arunachal Pradesh,1,-0.1103629463735509,2.616215016513496,1,1
142,Tawang,Arunachal Pradesh,1,-0.2841532916596281,0.308291103187445,1,1
143,Tawang,Arunachal Pradesh,1,-0.2752112095157553,0.6624443152699545,1,1
144,Tawang,Arunachal Pradesh,1,-0.1103629463735509,2.616215016513496,1,1
145,Tawang,Arunachal Pradesh,1,-0.1937433025322821,0.7883258945574718,1,1
146,Tawang,Arunachal Pradesh,1,-0.3176967147794408,0.3319019341414748,1,1
147,Tawang,Arunachal Pradesh,1,-0.2817784949276244,0.3306777340488842,1,1
148,Tawang,Arunachal Pradesh,1,-0.2388825054573524,2.25861235607718,1,1
149,Tawang,Arunachal Pradesh,1,-0.2688202097870728,0.3098797524635424,1,1
150,Tawang,Arunachal Pradesh,1,-0.3012982152007754,0.4355424926918358,1,1
151,Tawang,Arunachal Pradesh,1,-0.2807254313238385,0.2905233875746716,1,1
152,Tawang,Arunachal Pradesh,1,-0.2597698999790633,0.3469593091021679,1,1
153,Tawang,Arunachal Pradesh,1,-0.2738575323766516,0.2995123323971915,1,1
154,Tawang,Arunachal Pradesh,1,-0.2626618180609451,0.2780150393302031,1,1
155,Tawang,Arunachal Pradesh,1,-0.26580456922747,0.3194972159465154,1,1
156,Tawang,Arunachal Pradesh,1,-0.2502320400332377,0.3041517878217357,1,1
157,Upper Siang,Arunachal Pradesh,1,-0.2502253155535534,0.2564114711531552,1,1
158,Upper Siang,Arunachal Pradesh,1,-0.3048509864300485,0.2997216138056384,1,1
159,Upper Siang,Arunachal Pradesh,1,-0.2704051839147016,0.3016135374071613,1,1
160,Upper Siang,Arunachal Pradesh,1,-0.2955827963367998,0.2848161393868543,1,1
161,Upper Siang,Arunachal Pradesh,1,-0.3080268451683291,0.1889536823811275,1,1
162,Upper Siang,Arunachal Pradesh,1,-0.2093119374577437,0.5107872882271339,1,1
163,Upper Siang,Arunachal Pradesh,1,-0.1767656093399783,0.4764654273913538,1,1
164,Upper Siang,Arunachal Pradesh,1,-0.2228525638544452,0.2615405986452262,1,1
165,Upper Siang,Arunachal Pradesh,1,-0.2919808416940024,0.218999999049637,1,1
166,Upper Siang,Arunachal Pradesh,1,-0.2184037746696158,0.2102884538226074,1,1
167,Upper Siang,Arunachal Pradesh,1,-0.1714506773974183,0.7041823590409729,1,1
168,Upper Siang,Arunachal Pradesh,1,-0.1714506773974183,0.7041823590409729,1,1
169,Upper Siang,Arunachal Pradesh,1,-0.2176772010343884,0.2747167189522545,1,1
170,Upper Siang,Arunachal Pradesh,1,-0.1494250022038095,0.4818159203905947,1,1
171,Upper Siang,Arunachal Pradesh,1,-0.301767363193778,0.2291473418178148,1,1
172,Upper Subansiri,Arunachal Pradesh,1,-0.2215951590384405,0.1403176784762361,1,1
173,Upper Subansiri,Arunachal Pradesh,1,-0.3003399760917148,0.2461049774733696,1,1
174,Upper Subansiri,Arunachal Pradesh,1,-0.283833973909853,0.2954359909490771,1,1
175,Upper Subansiri,Arunachal Pradesh,1,-0.3039979376511564,0.2817762392001916,1,1
176,Upper Subansiri,Arunachal Pradesh,1,-0.3039979376511564,0.2817762392001916,1,1
177,Upper Subansiri,Arunachal Pradesh,1,-0.3003399760917148,0.2461049774733696,1,1
178,Upper Subansiri,Arunachal Pradesh,1,-0.2889094837903238,0.2808500577009375,1,1
179,Upper Subansiri,Arunachal Pradesh,1,-0.2512787410536144,0.1855027779108947,1,1
180,West Kameng,Arunachal Pradesh,1,-0.2242025056101957,0.5429743304183441,1,1
181,West Kameng,Arunachal Pradesh,1,-0.2676925113100439,0.3807614830146311,1,1
182,Kra daadi,Arunachal Pradesh,1,-0.2762334077023996,0.2791713436332981,1,1
183,Kra daadi,Arunachal Pradesh,1,-0.2729389570972674,0.3073743024684864,1,1
184,Kra daadi,Arunachal Pradesh,1,-0.2976461038308873,0.2770603135849739,1,1
185,Kra daadi,Arunachal Pradesh,1,-0.264353455720907,0.292033184499923,1,1
186,Kra daadi,Arunachal Pradesh,1,-0.2303892038940233,0.2929012306143271,1,1
187,North,Sikkim,1,-0.1480852306478738,1.2165513032980793,1,1
188,North,Sikkim,1,-0.2185285302745676,0.2935869548233058,1,1
189,North,Sikkim,1,-0.2379542113649093,0.288821878451371,1,1
190,North,Sikkim,1,-0.2361062177529526,0.2897522269617475,1,1
191,North,Sikkim,1,-0.2302229560412677,0.3232953249745162,1,1
192,North,Sikkim,1,-0.2213937221508176,0.2882387671912654,1,1
193,North,Sikkim,1,-0.2590996844539514,0.6688695272055734,1,1
194,North,Sikkim,1,-0.237545537297482,0.3072291167608502,1,1
195,North,Sikkim,1,-0.2658987353486089,0.3035770142949852,1,1
196,North,Sikkim,1,-0.2123040183880351,0.3687795401960443,1,1
197,North,Sikkim,1,-0.212038309706238,0.416335567413891,1,1
198,North,Sikkim,1,-0.2339227468527559,0.3367290437554514,1,1
199,North,Sikkim,1,-0.260799764863902,0.3374972149298291,1,1
200,North,Sikkim,1,-0.2488445230021299,0.3793191960513858,1,1
201,North,Sikkim,1,-0.316829477582814,0.2741694481609391,1,1
202,North,Sikkim,1,-0.2619555101364135,0.2372023793710332,1,1
203,North,Sikkim,1,-0.2221188008106836,0.2961399582452214,1,1
204,North,Sikkim,1,-0.2310918416361116,0.3255251434262238,1,1
205,North,Sikkim,1,-0.2263338709508971,0.2748852105850869,1,1
206,North,Sikkim,1,-0.2449311617207275,0.3664446953457043,1,1
207,North,Sikkim,1,-0.2472342976994474,0.3188826124568555,1,1
208,North,Sikkim,1,-0.1583435340717593,0.2830660347139399,1,1
209,North,Sikkim,1,-0.251865411575625,0.2872315373863416,1,1
210,North,Sikkim,1,-0.2331782946071097,0.3576631135358585,1,1
211,North,Sikkim,1,-0.2488140021637035,0.2453996632205926,1,1
212,North,Sikkim,1,-0.2639275988316242,0.3351638817787171,1,1
213,North,Sikkim,1,-0.2440962616957908,0.2952306081024413,1,1
214,North,Sikkim,1,-0.2186421593968359,0.3253184342517533,1,1
215,North,Sikkim,1,-0.270401071495212,0.295673068191401,1,1
216,North,Sikkim,1,-0.2582526291453725,0.2945439254614349,1,1
217,North,Sikkim,1,-0.2124664197324079,0.483145340056264,1,1
218,Chamoli,Uttarakhand,1,-0.0383544059697151,0.5164439601759458,1,1
219,Chamoli,Uttarakhand,1,0.0236688771425741,0.6271081220459293,1,1
220,Chamoli,Uttarakhand,1,0.0453570916616624,0.4416520836838487,1,1
221,Chamoli,Uttarakhand,1,-0.0983583779642883,9.61591963577682,1,1
222,Chamoli,Uttarakhand,1,0.0457535134593475,0.4977439737699011,1,1
223,Chamoli,Uttarakhand,1,-0.2055082929885006,1.3321202680061426,1,1
224,Chamoli,Uttarakhand,1,-0.0154357927255003,0.7274836150189155,1,1
225,Chamoli,Uttarakhand,1,0.112834650120594,0.4969408665933917,1,1
226,Pithoragarh,Uttarakhand,1,-0.0466619641384146,0.5044755442958812,1,1
227,Pithoragarh,Uttarakhand,1,-0.0993067907804323,0.4590532400867156,1,1
228,Pithoragarh,Uttarakhand,1,-0.0796089315303623,0.449457833010944,1,1
229,Pithoragarh,Uttarakhand,1,-0.1653894493113268,0.4765948789070321,1,1
230,Pithoragarh,Uttarakhand,1,-0.1597774834468472,0.4128994565619074,1,1
231,Pithoragarh,Uttarakhand,1,-0.2791062694879366,0.4988867814530531,1,1
232,Pithoragarh,Uttarakhand,1,-0.2406701263687057,0.4001043890858745,1,1
233,Pithoragarh,Uttarakhand,1,-0.1659307337402583,0.4381037383584631,1,1
234,Pithoragarh,Uttarakhand,1,-0.1651867324769372,0.4628571324546048,1,1
235,Pithoragarh,Uttarakhand,1,-0.1091872606291237,0.4816976993916982,1,1
236,Pithoragarh,Uttarakhand,1,-0.0951920547907884,0.5965648820642037,1,1
237,Pithoragarh,Uttarakhand,1,-0.0539836783360345,0.493712869414402,1,1
238,Pithoragarh,Uttarakhand,1,-0.147244077956554,0.4815628467150271,1,1
239,Pithoragarh,Uttarakhand,1,-0.2190905514601642,0.4952112952846335,1,1
240,Pithoragarh,Uttarakhand,1,-0.2130889087131668,0.4319033099472192,1,1
241,Pithoragarh,Uttarakhand,1,-0.2291055026873583,0.3902674695745306,1,1
242,Uttarkashi,Uttarakhand,1,-0.1880100800312073,0.5492443047455821,1,1
243,Uttarkashi,Uttarakhand,1,-0.1259267278232468,1.7718446798694945,1,1
244,Uttarkashi,Uttarakhand,1,-0.1604280614866765,1.0230005526568329,1,1
245,Uttarkashi,Uttarakhand,1,0.055900737828575,0.415932792264928,1,1
246,Uttarkashi,Uttarakhand,1,-0.2558427058892374,1.5944769916503088,1,1
247,Uttarkashi,Uttarakhand,1,-0.1773130119062683,0.7343108226157524,1,1
248,Uttarkashi,Uttarakhand,1,-0.0355057069974927,0.479470991294443,1,1
249,Uttarkashi,Uttarakhand,1,0.108773701856734,0.3825812524796049,1,1
250,Uttarkashi,Uttarakhand,1,-0.1871067447595899,0.5885378340450493,1,1
251,Uttarkashi,Uttarakhand,1,-0.1657464923318321,0.7189192108191778,1,1
1,Anjaw,Arunachal Pradesh,0,-0.1801180460475217,0.087044693779346,1,0
2,Anjaw,Arunachal Pradesh,0,-0.1924876847547851,0.0813590611770782,1,0
3,Anjaw,Arunachal Pradesh,0,-0.2914269050032022,0.2215345414146561,1,0
4,Anjaw,Arunachal Pradesh,0,-0.17497911278247,0.1122918969121545,1,0
5,Anjaw,Arunachal Pradesh,0,-0.2386934815731077,0.0773259680574111,1,0
6,Anjaw,Arunachal Pradesh,0,-0.2114520257033838,0.2122461357489063,1,0
7,Anjaw,Arunachal Pradesh,0,-0.2590514361171298,0.1134955053824273,1,0
8,Anjaw,Arunachal Pradesh,0,-0.2366696022174046,0.1283841430727896,1,0
9,Anjaw,Arunachal Pradesh,0,-0.2318771807645493,0.1894600687399757,1,0
10,Anjaw,Arunachal Pradesh,0,-0.2372755088892419,0.0900253092260409,1,0
11,Anjaw,Arunachal Pradesh,0,-0.287642138063411,0.2043750030154894,1,0
12,Anjaw,Arunachal Pradesh,0,-0.272081954088359,0.128116591336548,1,0
13,Anjaw,Arunachal Pradesh,0,-0.2717337675654795,0.2088097879399977,1,0
14,Anjaw,Arunachal Pradesh,0,-0.1530128740410966,0.3648314646120822,1,0
15,Anjaw,Arunachal Pradesh,0,-0.2125681154417983,0.1670441847352907,1,0
16,Anjaw,Arunachal Pradesh,0,-0.2228711377164089,0.1044955407928596,1,0
17,Anjaw,Arunachal Pradesh,0,-0.240696463518372,0.0933065417567536,1,0
18,Anjaw,Arunachal Pradesh,0,-0.1273940199477299,0.2054645271955041,1,0
19,Anjaw,Arunachal Pradesh,0,-0.2385003025466676,0.2206711362238965,1,0
20,Anjaw,Arunachal Pradesh,0,-0.2300050905502965,0.0965645877366474,1,0
21,Anjaw,Arunachal Pradesh,0,-0.2668932276971631,0.180074999862247,1,0
22,Anjaw,Arunachal Pradesh,0,-0.2856371297456554,0.2753923817500138,1,0
23,Anjaw,Arunachal Pradesh,0,-0.2075777270576184,0.2505337352971587,1,0
24,Anjaw,Arunachal Pradesh,0,-0.2075466968757094,0.2822176146084816,1,0
25,Anjaw,Arunachal Pradesh,0,-0.2857751158079343,0.2503516123210341,1,0
26,Anjaw,Arunachal Pradesh,0,-0.2959070169308084,0.2621269501198108,1,0
27,Anjaw,Arunachal Pradesh,0,-0.1924780631250144,0.1925505023913753,1,0
28,Anjaw,Arunachal Pradesh,0,-0.2607975990291073,0.2377634453399298,1,0
29,Anjaw,Arunachal Pradesh,0,-0.2562880036091312,0.2352418461887855,1,0
30,Anjaw,Arunachal Pradesh,0,-0.2186991437704493,0.1757055615054236,1,0
31,Anjaw,Arunachal Pradesh,0,-0.26582353914856,0.2048289161710023,1,0
32,Anjaw,Arunachal Pradesh,0,-0.2653562145762774,0.2241778916582113,1,0
33,Anjaw,Arunachal Pradesh,0,-0.2871617624567522,0.1909179718765829,1,0
34,Anjaw,Arunachal Pradesh,0,-0.2322766400342302,0.1927854762868976,1,0
35,Anjaw,Arunachal Pradesh,0,-0.2798426068016549,0.2093549294857223,1,0
36,Anjaw,Arunachal Pradesh,0,-0.2080489410523579,0.2197052191308926,1,0
37,Anjaw,Arunachal Pradesh,0,-0.1849440958785929,0.2309899303470415,1,0
38,Anjaw,Arunachal Pradesh,0,-0.2361032403309234,0.2421286024830558,1,0
39,Anjaw,Arunachal Pradesh,0,-0.2609716311681675,0.1867912523324703,1,0
40,Anjaw,Arunachal Pradesh,0,-0.2429085376755718,0.2006139431841078,1,0
41,Anjaw,Arunachal Pradesh,0,-0.2498169146176103,0.1957351244091318,1,0
42,Anjaw,Arunachal Pradesh,0,-0.2377511925705115,0.2805199094644163,1,0
43,Anjaw,Arunachal Pradesh,0,-0.2561562701153456,0.1823218238181154,1,0
44,Anjaw,Arunachal Pradesh,0,-0.2355777882017416,0.1956686981179473,1,0
45,Anjaw,Arunachal Pradesh,0,-0.2366387592777389,0.2260710287759376,1,0
46,Anjaw,Arunachal Pradesh,0,-0.2791884146170719,0.2192056846525623,1,0
47,Anjaw,Arunachal Pradesh,0,-0.2602955746677503,0.1662708558432252,1,0
48,Anjaw,Arunachal Pradesh,0,-0.2460843341457605,0.1299501685209052,1,0
49,Anjaw,Arunachal Pradesh,0,-0.1651636878460413,0.3238484902135805,1,0
50,Anjaw,Arunachal Pradesh,0,-0.2364945815298443,0.4461633055002098,1,0
51,Anjaw,Arunachal Pradesh,0,-0.1707199086691987,0.2757427879256049,1,0
52,Anjaw,Arunachal Pradesh,0,-0.1599499450323392,0.6249831730307753,1,0
53,Anjaw,Arunachal Pradesh,0,-0.1720242389354243,0.2141312827111622,1,0
54,Anjaw,Arunachal Pradesh,0,-0.2331188065693693,0.1993517448627961,1,0
55,Anjaw,Arunachal Pradesh,0,-0.2052854060415417,0.197003898114265,1,0
56,Anjaw,Arunachal Pradesh,0,-0.2379533184399248,0.184070800538216,1,0
57,Anjaw,Arunachal Pradesh,0,-0.2468105313549263,0.2571369107407899,1,0
58,Anjaw,Arunachal Pradesh,0,-0.2088847922362697,0.2038882684325222,1,0
59,Anjaw,Arunachal Pradesh,0,-0.2545165816423372,0.2477790148862238,1,0
60,Anjaw,Arunachal Pradesh,0,-0.1568578060930073,1.1413835827575491,1,0
61,Anjaw,Arunachal Pradesh,0,-0.2411230998374142,0.6400724584641664,1,0
62,Anjaw,Arunachal Pradesh,0,-0.2752238745504706,0.2070403635802557,1,0
63,Anjaw,Arunachal Pradesh,0,-0.2663573326577088,0.2729009938121369,1,0
64,Anjaw,Arunachal Pradesh,0,-0.2534946800897536,0.1772946700470296,1,0
65,Anjaw,Arunachal Pradesh,0,-0.2484625977594478,0.1358974375320783,1,0
66,Anjaw,Arunachal Pradesh,0,-0.2559004441270031,0.1381208456375382,1,0
67,Anjaw,Arunachal Pradesh,0,-0.2313848091892499,0.1934955233428835,1,0
68,Anjaw,Arunachal Pradesh,0,-0.2875427227792235,0.2356735047142944,1,0
69,Anjaw,Arunachal Pradesh,0,-0.2480021008048534,0.1615243931269962,1,0
70,Anjaw,Arunachal Pradesh,0,-0.2529572138343754,0.1570077418572212,1,0
71,Anjaw,Arunachal Pradesh,0,-0.2210795151513174,0.1926258458053772,1,0
72,Anjaw,Arunachal Pradesh,0,-0.2540616365206969,0.1953539826404468,1,0
73,Anjaw,Arunachal Pradesh,0,-0.2669863077128354,0.2679955680521488,1,0
74,Anjaw,Arunachal Pradesh,0,-0.2447285637099006,0.1896179417439077,1,0
75,Anjaw,Arunachal Pradesh,0,-0.2565572200106419,0.1324999962983253,1,0
76,Dibang Valley,Arunachal Pradesh,0,-0.2501186905790891,0.2786703896256132,1,0
77,Dibang Valley,Arunachal Pradesh,0,-0.3307659503581727,0.1868909202012773,1,0
78,Dibang Valley,Arunachal Pradesh,0,-0.2108182701360778,0.2136536324273647,1,0
79,Dibang Valley,Arunachal Pradesh,0,-0.2208838884871113,0.2299862871469374,1,0
80,Dibang Valley,Arunachal Pradesh,0,-0.237611304084794,0.0258946203014329,1,0
81,Dibang Valley,Arunachal Pradesh,0,-0.2443518187107832,0.0,1,0
82,Dibang Valley,Arunachal Pradesh,0,-0.2223114134194774,0.1911668606317228,1,0
83,Dibang Valley,Arunachal Pradesh,0,-0.2481724525781447,0.1174257426257311,1,0
84,Dibang Valley,Arunachal Pradesh,0,-0.2540773272001797,0.0956760488993284,1,0
85,Dibang Valley,Arunachal Pradesh,0,-0.2693912137419192,0.0774558992746317,1,0
86,Dibang Valley,Arunachal Pradesh,0,-0.2492042762976734,0.1148079053859679,1,0
87,Dibang Valley,Arunachal Pradesh,0,-0.2014022884189821,0.2645193247340661,1,0
88,Dibang Valley,Arunachal Pradesh,0,-0.1825036713168099,0.2336983279642445,1,0
89,Dibang Valley,Arunachal Pradesh,0,-0.2346808532108439,0.1078567467217819,1,0
90,Dibang Valley,Arunachal Pradesh,0,-0.2338123989954126,0.1066282889193021,1,0
91,Dibang Valley,Arunachal Pradesh,0,-0.2214247295444327,0.1673404863319381,1,0
92,Dibang Valley,Arunachal Pradesh,0,-0.1896229998228776,0.2548267307585747,1,0
93,Dibang Valley,Arunachal Pradesh,0,-0.2224623783494047,0.1288227041395718,1,0
94,Dibang Valley,Arunachal Pradesh,0,-0.2177354802443313,0.2544281755692392,1,0
95,Dibang Valley,Arunachal Pradesh,0,-0.1839596098257952,0.2467345797707068,1,0
96,Dibang Valley,Arunachal Pradesh,0,-0.1805230490310555,0.242192306115732,1,0
97,Dibang Valley,Arunachal Pradesh,0,-0.2202225204492114,0.1829532933922914,1,0
98,Dibang Valley,Arunachal Pradesh,0,-0.2178814574407198,0.171768151664867,1,0
99,Dibang Valley,Arunachal Pradesh,0,-0.232906315040549,0.2234483767305025,1,0
100,Dibang Valley,Arunachal Pradesh,0,-0.2188824257042898,0.1955335500052791,1,0
101,Dibang Valley,Arunachal Pradesh,0,-0.218355529641245,0.1637776523531802,1,0
102,Dibang Valley,Arunachal Pradesh,0,-0.3016310320425145,0.2306810528741556,1,0
103,Dibang Valley,Arunachal Pradesh,0,-0.2190933833642012,0.195943710244123,1,0
104,Dibang Valley,Arunachal Pradesh,0,-0.2141158814778428,0.1456861077952716,1,0
105,Dibang Valley,Arunachal Pradesh,0,-0.2102448435525012,0.2655968113963229,1,0
106,Dibang Valley,Arunachal Pradesh,0,-0.207366253840172,0.5242472524662595,1,0
107,Dibang Valley,Arunachal Pradesh,0,-0.1955487530483243,0.7015666330175779,1,0
108,Dibang Valley,Arunachal Pradesh,0,-0.2361184424866021,0.2811061963933495,1,0
109,Dibang Valley,Arunachal Pradesh,0,-0.2799050550364454,0.1709906156308472,1,0
110,Dibang Valley,Arunachal Pradesh,0,-0.3225055323416585,0.2112931016670981,1,0
111,Dibang Valley,Arunachal Pradesh,0,-0.2359160700552417,0.2003622362073245,1,0
112,Dibang Valley,Arunachal Pradesh,0,-0.2650548674822379,0.2295544536003579,1,0
113,Dibang Valley,Arunachal Pradesh,0,-0.2274823499858967,0.2369619189179759,1,0
114,Dibang Valley,Arunachal Pradesh,0,-0.2618573953037674,0.2197194701538096,1,0
115,Dibang Valley,Arunachal Pradesh,0,-0.2653748596259678,0.1524284126212418,1,0
116,Dibang Valley,Arunachal Pradesh,0,-0.2171817599370984,0.4980693109358104,1,0
117,Dibang Valley,Arunachal Pradesh,0,-0.2308067761431136,0.1670424492317103,1,0
118,Dibang Valley,Arunachal Pradesh,0,-0.1994250746022636,0.1498922668932551,1,0
119,Dibang Valley,Arunachal Pradesh,0,-0.3117317776026102,0.1757242003089844,1,0
120,Dibang Valley,Arunachal Pradesh,0,-0.2440675920217489,0.1386926065450419,1,0
121,Dibang Valley,Arunachal Pradesh,0,-0.2136585257424815,0.2229759262797546,1,0
122,Dibang Valley,Arunachal Pradesh,0,-0.3016093696741055,0.1934364650954199,1,0
123,Dibang Valley,Arunachal Pradesh,0,-0.1943114916965655,0.1972438808041054,1,0
124,Dibang Valley,Arunachal Pradesh,0,-0.2389413484821667,0.2254208448273415,1,0
125,Dibang Valley,Arunachal Pradesh,0,-0.2536377873394572,0.2378717014311694,1,0
126,Dibang Valley,Arunachal Pradesh,0,-0.1177004847030209,0.1663413932054598,1,0
127,Dibang Valley,Arunachal Pradesh,0,-0.1501998937163344,0.1604456312018927,1,0
128,Dibang Valley,Arunachal Pradesh,0,-0.1713016539289086,0.2453527421193053,1,0
129,Dibang Valley,Arunachal Pradesh,0,-0.1428189430917741,0.1408157608617556,1,0
130,East Kameng,Arunachal Pradesh,0,-0.2785500312237238,0.2230555594133006,1,0
131,East Kameng,Arunachal Pradesh,0,-0.2385142920966899,0.1502199326133675,1,0
132,East Kameng,Arunachal Pradesh,0,-0.2437607585771543,0.2178634778078599,1,0
133,East Kameng,Arunachal Pradesh,0,-0.228331588824984,0.2354166645639472,1,0
134,East Kameng,Arunachal Pradesh,0,-0.2202208249893486,0.2211429413917729,1,0
135,East Kameng,Arunachal Pradesh,0,-0.2254534632473478,0.247666850851826,1,0
136,East Kameng,Arunachal Pradesh,0,-0.2300353123019292,0.237477526805374,1,0
137,East Kameng,Arunachal Pradesh,0,-0.2235101917806174,0.2859435033326768,1,0
138,East Kameng,Arunachal Pradesh,0,-0.1664027419050714,0.3761708109020108,1,0
139,East Kameng,Arunachal Pradesh,0,-0.2220387761662725,0.2722114273631216,1,0
140,East Kameng,Arunachal Pradesh,0,-0.2086748296106637,0.2533379708871013,1,0
141,East Kameng,Arunachal Pradesh,0,-0.221786067060198,0.2664076508870264,1,0
142,East Kameng,Arunachal Pradesh,0,-0.2101025252625299,0.2867138804164198,1,0
143,East Kameng,Arunachal Pradesh,0,-0.2245293351124032,0.2216171564809945,1,0
144,East Kameng,Arunachal Pradesh,0,-0.2712975437649246,0.2186325006819796,1,0
145,East Kameng,Arunachal Pradesh,0,-0.2861106938097838,0.2261730153176178,1,0
146,East Kameng,Arunachal Pradesh,0,-0.2838186540859594,0.2527176341973245,1,0
147,East Kameng,Arunachal Pradesh,0,-0.2224868608124957,0.2181861097448402,1,0
148,East Kameng,Arunachal Pradesh,0,-0.269378967334056,0.2440444395939509,1,0
149,East Kameng,Arunachal Pradesh,0,-0.2285117950726152,0.2753531731772873,1,0
150,East Kameng,Arunachal Pradesh,0,-0.2462381993031167,0.2791163334643813,1,0
151,East Kameng,Arunachal Pradesh,0,-0.2360478709461939,0.332799996137619,1,0
152,East Kameng,Arunachal Pradesh,0,-0.2727582093722863,0.2605445841432425,1,0
153,East Kameng,Arunachal Pradesh,0,-0.2307412309113534,0.3228020110653017,1,0
154,East Kameng,Arunachal Pradesh,0,-0.2554874448309016,0.3242901106073399,1,0
155,East Kameng,Arunachal Pradesh,0,-0.2396561558139513,0.3082941759219372,1,0
156,East Kameng,Arunachal Pradesh,0,-0.2327399861842558,0.2810300662117971,1,0
157,East Kameng,Arunachal Pradesh,0,-0.226785509451714,0.301894788996936,1,0
158,East Kameng,Arunachal Pradesh,0,-0.2703929232578725,0.3431955263601335,1,0
159,East Kameng,Arunachal Pradesh,0,-0.2365953182395888,0.279853928742114,1,0
160,East Kameng,Arunachal Pradesh,0,-0.2451996632043442,0.3437041137388206,1,0
161,East Kameng,Arunachal Pradesh,0,-0.2651835666638011,0.3589381179549091,1,0
162,East Kameng,Arunachal Pradesh,0,-0.2871925196667592,0.3216760775776533,1,0
163,East Kameng,Arunachal Pradesh,0,-0.2571128792151548,0.3604111093613836,1,0
164,East Kameng,Arunachal Pradesh,0,-0.2206585666854887,0.2736206854941185,1,0
165,East Kameng,Arunachal Pradesh,0,-0.294833525634369,0.3629810819039753,1,0
166,East Kameng,Arunachal Pradesh,0,-0.274427202324922,0.2419690981507301,1,0
167,East Kameng,Arunachal Pradesh,0,-0.1824073510770526,0.3564326217395938,1,0
168,East Kameng,Arunachal Pradesh,0,-0.2779846666991052,0.2928177770499572,1,0
169,East Kameng,Arunachal Pradesh,0,-0.2576431207141465,0.2709101176663731,1,0
170,East Kameng,Arunachal Pradesh,0,-0.2698777656544255,0.2988487490311971,1,0
171,East Kameng,Arunachal Pradesh,0,-0.2539697768038802,0.3167409739093371,1,0
172,East Kameng,Arunachal Pradesh,0,-0.2776555223034496,0.3533184810444081,1,0
173,East Kameng,Arunachal Pradesh,0,-0.253018576765059,0.3487124537864702,1,0
174,East Kameng,Arunachal Pradesh,0,-0.2017018340865994,0.535914901697861,1,0
175,East Kameng,Arunachal Pradesh,0,-0.2197547753579546,0.2739031166833864,1,0
176,East Kameng,Arunachal Pradesh,0,-0.2162105458711121,0.252904123054566,1,0
177,East Kameng,Arunachal Pradesh,0,-0.2597813768854672,0.3144252511882566,1,0
178,Kra daadi,Arunachal Pradesh,0,-0.2858446753788245,0.1165171644154312,1,0
179,Kra daadi,Arunachal Pradesh,0,-0.2908545784481443,0.1253271803126505,1,0
180,Kra daadi,Arunachal Pradesh,0,-0.2971338709470144,0.1815770510460214,1,0
181,Kra daadi,Arunachal Pradesh,0,-0.3038844046310237,0.2700813701993019,1,0
182,Kra daadi,Arunachal Pradesh,0,-0.2858687831291061,0.2883185830989243,1,0
183,Kra daadi,Arunachal Pradesh,0,-0.2976461038308873,0.2770603135849739,1,0
184,Kra daadi,Arunachal Pradesh,0,-0.3009972313010209,0.265670734752969,1,0
185,Kra daadi,Arunachal Pradesh,0,-0.2548916437515949,0.3176585050658203,1,0
186,Kra daadi,Arunachal Pradesh,0,-0.2844086356759477,0.2481688985491011,1,0
187,Kra daadi,Arunachal Pradesh,0,-0.2780934269292812,0.29968232598094,1,0
188,Kra daadi,Arunachal Pradesh,0,-0.2632886640574665,0.312078712454392,1,0
189,Kra daadi,Arunachal Pradesh,0,-0.2727474281549604,0.3184972181916236,1,0
190,Kra daadi,Arunachal Pradesh,0,-0.2807603676755543,0.3171287951372873,1,0
191,Kra daadi,Arunachal Pradesh,0,-0.2650937029262575,0.2994595351081729,1,0
192,Kra daadi,Arunachal Pradesh,0,-0.2737842278424759,0.3245094333942608,1,0
193,Kurung Kumey,Arunachal Pradesh,0,-0.240593619393514,0.2510215943866922,1,0
194,Kurung Kumey,Arunachal Pradesh,0,-0.2979189842624264,0.2140909069950466,1,0
195,Kurung Kumey,Arunachal Pradesh,0,-0.2697814156149909,0.2093244736409795,1,0
196,Kurung Kumey,Arunachal Pradesh,0,-0.2622015727095705,0.2218153762195246,1,0
197,Kurung Kumey,Arunachal Pradesh,0,-0.2380929929279538,0.2809527776804235,1,0
198,Kurung Kumey,Arunachal Pradesh,0,-0.2530788900483668,0.222802445300742,1,0
199,Kurung Kumey,Arunachal Pradesh,0,-0.2490807044091809,0.2780811962680901,1,0
200,Kurung Kumey,Arunachal Pradesh,0,-0.3226334291736864,0.1808720915057466,1,0
201,Kurung Kumey,Arunachal Pradesh,0,-0.3003528118345657,0.1497625707414563,1,0
202,Kurung Kumey,Arunachal Pradesh,0,-0.2634903821087223,0.2855005620976689,1,0
203,Kurung Kumey,Arunachal Pradesh,0,-0.2984856433505798,0.1691823210176183,1,0
204,Kurung Kumey,Arunachal Pradesh,0,-0.2521936366339805,0.24163621132688,1,0
205,Kurung Kumey,Arunachal Pradesh,0,-0.2853687465096028,0.1232620913564689,1,0
206,Kurung Kumey,Arunachal Pradesh,0,-0.2823424590769693,0.125348382188192,1,0
207,Kurung Kumey,Arunachal Pradesh,0,-0.3005590916185557,0.1320795957500223,1,0
208,Kurung Kumey,Arunachal Pradesh,0,-0.3143345875884569,0.1248817543776051,1,0
209,Kurung Kumey,Arunachal Pradesh,0,-0.2566605325454354,0.2104288884028624,1,0
210,Kurung Kumey,Arunachal Pradesh,0,-0.2839245244904536,0.2150864929925384,1,0
211,Kurung Kumey,Arunachal Pradesh,0,-0.276472106292337,0.254952882616853,1,0
212,Kurung Kumey,Arunachal Pradesh,0,-0.2980960902664472,0.1607356211005718,1,0
213,Kurung Kumey,Arunachal Pradesh,0,-0.2799663495624829,0.2622865866002381,1,0
214,Kurung Kumey,Arunachal Pradesh,0,-0.2752088550238253,0.2529012349619207,1,0
215,Kurung Kumey,Arunachal Pradesh,0,-0.2810210898289113,0.1375676432315768,1,0
216,Kurung Kumey,Arunachal Pradesh,0,-0.2872223471947965,0.262378048341713,1,0
217,Kurung Kumey,Arunachal Pradesh,0,-0.2701480791853162,0.129048821868586,1,0
218,Kurung Kumey,Arunachal Pradesh,0,-0.2634492367957984,0.1496476131790089,1,0
219,Kurung Kumey,Arunachal Pradesh,0,-0.2934348644956068,0.2650731074193197,1,0
220,Kurung Kumey,Arunachal Pradesh,0,-0.2456873007924984,0.2013429494101252,1,0
221,Kurung Kumey,Arunachal Pradesh,0,-0.2621850343837972,0.2284053122647445,1,0
222,Kurung Kumey,Arunachal Pradesh,0,-0.2935267897572495,0.232566889213479,1,0
223,Kurung Kumey,Arunachal Pradesh,0,-0.2684267326037254,0.2488121606862347,1,0
224,Kurung Kumey,Arunachal Pradesh,0,-0.2568886530975323,0.3205754215823872,1,0
225,Kurung Kumey,Arunachal Pradesh,0,-0.2584105724504441,0.318970093003245,1,0
226,Kurung Kumey,Arunachal Pradesh,0,-0.3043227219337485,0.2062513867221929,1,0
227,Kurung Kumey,Arunachal Pradesh,0,-0.2720559526578661,0.3057387640636958,1,0
228,Kurung Kumey,Arunachal Pradesh,0,-0.2826672173348442,0.3437583162356374,1,0
229,Kurung Kumey,Arunachal Pradesh,0,-0.288181679186798,0.3611945653635752,1,0
230,Kurung Kumey,Arunachal Pradesh,0,-0.2825271282268727,0.3137347607781588,1,0
231,Kurung Kumey,Arunachal Pradesh,0,-0.2623624327174284,0.2429125125490022,1,0
232,Kurung Kumey,Arunachal Pradesh,0,-0.2900922365602129,0.3063562540899987,1,0
233,Kurung Kumey,Arunachal Pradesh,0,-0.2277150898022899,0.1833089864320969,1,0
234,Kurung Kumey,Arunachal Pradesh,0,-0.2494210905434712,0.201819211311933,1,0
235,Kurung Kumey,Arunachal Pradesh,0,-0.2944792417524728,0.3143070939837433,1,0
236,Kurung Kumey,Arunachal Pradesh,0,-0.2764204137887595,0.3309600440564086,1,0
237,Kurung Kumey,Arunachal Pradesh,0,-0.2450843941737607,0.3497886519145648,1,0
238,Kurung Kumey,Arunachal Pradesh,0,-0.2651018062248526,0.4154563204104796,1,0
239,Kurung Kumey,Arunachal Pradesh,0,-0.2631681254218099,0.2873394247866416,1,0
240,Kurung Kumey,Arunachal Pradesh,0,-0.2611923775065374,0.2307308979604727,1,0
241,Kurung Kumey,Arunachal Pradesh,0,-0.2621916931241181,0.2986998908503815,1,0
242,Kurung Kumey,Arunachal Pradesh,0,-0.2968844687279917,0.3144013295879385,1,0
243,Kurung Kumey,Arunachal Pradesh,0,-0.2325430706662877,0.3353322225221631,1,0
244,Kurung Kumey,Arunachal Pradesh,0,-0.2859635736559764,0.3328678879882712,1,0
245,Kurung Kumey,Arunachal Pradesh,0,-0.2110513607640884,0.3663621037329793,1,0
246,Kurung Kumey,Arunachal Pradesh,0,-0.2256834082440963,0.3553634848565558,1,0
247,Kurung Kumey,Arunachal Pradesh,0,-0.2164162623977419,0.3608176291914049,1,0
248,Kurung Kumey,Arunachal Pradesh,0,-0.2891088773803103,0.2948109028535637,1,0
249,Kurung Kumey,Arunachal Pradesh,0,-0.2889380300893095,0.2555033220060632,1,0
250,Kurung Kumey,Arunachal Pradesh,0,-0.2548325080412082,0.2679469354159339,1,0
251,Kurung Kumey,Arunachal Pradesh,0,-0.2764842824498901,0.2777267598024541,1,0
252,Kurung Kumey,Arunachal Pradesh,0,-0.2804634450931955,0.2543252167514468,1,0
253,Kurung Kumey,Arunachal Pradesh,0,-0.2687640532293309,0.2906992173155193,1,0
254,Kurung Kumey,Arunachal Pradesh,0,-0.183702840543558,0.3256807931299719,1,0
255,Kurung Kumey,Arunachal Pradesh,0,-0.28318572531712,0.3837555618418587,1,0
256,Kurung Kumey,Arunachal Pradesh,0,-0.1851845879736847,0.3233944340546926,1,0
257,Kurung Kumey,Arunachal Pradesh,0,-0.1853914895418082,0.3187764122568328,1,0
258,Kurung Kumey,Arunachal Pradesh,0,-0.261311383236712,0.2778507278757599,1,0
259,Kurung Kumey,Arunachal Pradesh,0,-0.2724811383938142,0.4638248321552763,1,0
260,Kurung Kumey,Arunachal Pradesh,0,-0.2475926727841325,0.4647749977972772,1,0
261,Kurung Kumey,Arunachal Pradesh,0,-0.2632253455458361,0.3466463423356778,1,0
262,Kurung Kumey,Arunachal Pradesh,0,-0.2406967390978998,0.3183042622759049,1,0
263,Kurung Kumey,Arunachal Pradesh,0,-0.2284403513194047,0.3461696188690392,1,0
264,Kurung Kumey,Arunachal Pradesh,0,-0.2517051876632031,0.2765982210239216,1,0
265,Kurung Kumey,Arunachal Pradesh,0,-0.2807604191305441,0.2633203074968021,1,0
266,Kurung Kumey,Arunachal Pradesh,0,-0.2345553405218877,0.3949029945547459,1,0
267,Kurung Kumey,Arunachal Pradesh,0,-0.259667201147311,0.3163941830296533,1,0
268,Kurung Kumey,Arunachal Pradesh,0,-0.2320049214254461,0.3768040114030541,1,0
269,Kurung Kumey,Arunachal Pradesh,0,-0.2489317770992024,0.4021064300428736,1,0
270,Kurung Kumey,Arunachal Pradesh,0,-0.2699412838622024,0.2922671188074597,1,0
271,Kurung Kumey,Arunachal Pradesh,0,-0.2325530762536136,0.3482206732201177,1,0
272,Kurung Kumey,Arunachal Pradesh,0,-0.3056235385042663,0.3502502844357786,1,0
273,Kurung Kumey,Arunachal Pradesh,0,-0.2363951470721757,0.3849361802510232,1,0
274,Kurung Kumey,Arunachal Pradesh,0,-0.2998449227970594,0.2196010064466723,1,0
275,Kurung Kumey,Arunachal Pradesh,0,-0.2900686478886109,0.2231526567510007,1,0
276,Kurung Kumey,Arunachal Pradesh,0,-0.2688733961140346,0.2617669996692318,1,0
277,Kurung Kumey,Arunachal Pradesh,0,-0.2625933369367693,0.2710395469167138,1,0
278,Kurung Kumey,Arunachal Pradesh,0,-0.1756889631531591,0.3067736556031951,1,0
279,Kurung Kumey,Arunachal Pradesh,0,-0.272925901458427,0.220213181635206,1,0
280,Kurung Kumey,Arunachal Pradesh,0,-0.239823382228611,0.3574113056823578,1,0
281,Kurung Kumey,Arunachal Pradesh,0,-0.2421906027502635,0.3784470127259193,1,0
282,Kurung Kumey,Arunachal Pradesh,0,-0.2208578293045148,0.3538787385091961,1,0
283,Kurung Kumey,Arunachal Pradesh,0,-0.270429603148057,0.3316583295166492,1,0
284,Kurung Kumey,Arunachal Pradesh,0,-0.1771285047821595,0.7284343692166388,1,0
285,Kurung Kumey,Arunachal Pradesh,0,-0.2004900420182311,0.6888817284139283,1,0
286,Kurung Kumey,Arunachal Pradesh,0,-0.2509615884208412,0.3447775315323448,1,0
287,Kurung Kumey,Arunachal Pradesh,0,-0.2425080747192245,0.303570221917013,1,0
288,Kurung Kumey,Arunachal Pradesh,0,-0.151081001473561,0.8987513743629751,1,0
289,Kurung Kumey,Arunachal Pradesh,0,-0.2591385472331995,0.359007756752344,1,0
290,Kurung Kumey,Arunachal Pradesh,0,-0.2622825230886325,0.22497460104811,1,0
291,Kurung Kumey,Arunachal Pradesh,0,-0.2717094116369275,0.4140157497773959,1,0
292,Kurung Kumey,Arunachal Pradesh,0,-0.2667600534462139,0.2275831444135262,1,0
293,Kurung Kumey,Arunachal Pradesh,0,-0.1895352208424511,0.7128293986793036,1,0
294,Kurung Kumey,Arunachal Pradesh,0,-0.2650006657127901,0.3332538786127403,1,0
295,Kurung Kumey,Arunachal Pradesh,0,-0.2603351409571541,0.3663876438565196,1,0
296,Kurung Kumey,Arunachal Pradesh,0,-0.2536360315859918,0.3395502739112471,1,0
297,Kurung Kumey,Arunachal Pradesh,0,-0.1978320137358083,0.6786698554176314,1,0
298,Kurung Kumey,Arunachal Pradesh,0,-0.2615029550883186,0.3912834024973595,1,0
299,Kurung Kumey,Arunachal Pradesh,0,-0.2137988802388837,0.3024195336739839,1,0
300,Kurung Kumey,Arunachal Pradesh,0,-0.2603006443999496,0.3839894172741735,1,0
301,Kurung Kumey,Arunachal Pradesh,0,-0.2201973827585285,0.3309977817165349,1,0
302,Kurung Kumey,Arunachal Pradesh,0,-0.2610011147102883,0.3754832331694703,1,0
303,Kurung Kumey,Arunachal Pradesh,0,-0.2687179553485563,0.2455072049588427,1,0
304,Kurung Kumey,Arunachal Pradesh,0,-0.255780145549343,0.9818987491013488,1,0
305,Kurung Kumey,Arunachal Pradesh,0,-0.1896445489809092,0.5136744954041987,1,0
306,Kurung Kumey,Arunachal Pradesh,0,-0.236094755688196,0.3671064313063336,1,0
307,Kurung Kumey,Arunachal Pradesh,0,-0.2596989515413669,0.2176108671034254,1,0
308,Kurung Kumey,Arunachal Pradesh,0,-0.2225051234999495,0.3911979722426901,1,0
309,Kurung Kumey,Arunachal Pradesh,0,-0.2570338097746318,0.318070079845369,1,0
310,Kurung Kumey,Arunachal Pradesh,0,-0.2221012557441695,0.3359971760693244,1,0
311,Kurung Kumey,Arunachal Pradesh,0,-0.2818436877079726,0.1644429049626025,1,0
312,Kurung Kumey,Arunachal Pradesh,0,-0.249382994719102,0.2662889767761751,1,0
313,Kurung Kumey,Arunachal Pradesh,0,-0.2584564348067094,0.3312933926552968,1,0
314,Kurung Kumey,Arunachal Pradesh,0,-0.2574681637171507,0.2871674095546855,1,0
315,Kurung Kumey,Arunachal Pradesh,0,-0.2408198902634539,0.5337430447705481,1,0
316,Kurung Kumey,Arunachal Pradesh,0,-0.2770465210120291,0.3011386696891827,1,0
317,Kurung Kumey,Arunachal Pradesh,0,-0.2709270468524593,0.3062305579582849,1,0
318,Kurung Kumey,Arunachal Pradesh,0,-0.2238296820799473,0.3218827886530119,1,0
319,Kurung Kumey,Arunachal Pradesh,0,-0.2600386919622164,0.3553579330907414,1,0
320,Kurung Kumey,Arunachal Pradesh,0,-0.2681890386379147,0.289994406833329,1,0
321,Kurung Kumey,Arunachal Pradesh,0,-0.259531002904824,0.2841168248970246,1,0
322,Kurung Kumey,Arunachal Pradesh,0,-0.2706141324804004,0.2751334826063129,1,0
323,Kurung Kumey,Arunachal Pradesh,0,-0.261892107657375,0.2772757464139036,1,0
324,Kurung Kumey,Arunachal Pradesh,0,-0.2648334934320712,0.3581117299015961,1,0
325,Kurung Kumey,Arunachal Pradesh,0,-0.2468201126835578,0.2160702357058275,1,0
326,Kurung Kumey,Arunachal Pradesh,0,-0.2577093185258096,0.3132471933960915,1,0
327,Kurung Kumey,Arunachal Pradesh,0,-0.2294061650427262,0.269819646064899,1,0
328,Kurung Kumey,Arunachal Pradesh,0,-0.2201343833278732,0.2541229050086196,1,0
329,Kurung Kumey,Arunachal Pradesh,0,-0.26514662760318,0.3584927291144727,1,0
330,Kurung Kumey,Arunachal Pradesh,0,-0.2412826053969679,0.4399240727633807,1,0
331,Kurung Kumey,Arunachal Pradesh,0,-0.2417697318456413,0.4382868312365775,1,0
332,Kurung Kumey,Arunachal Pradesh,0,-0.2562065092244801,0.3687500037137263,1,0
333,Kurung Kumey,Arunachal Pradesh,0,-0.2323373847128587,0.352228137727142,1,0
334,Kurung Kumey,Arunachal Pradesh,0,-0.2796493290346902,0.3197243884039881,1,0
335,Kurung Kumey,Arunachal Pradesh,0,-0.234947376346722,0.3291647906244405,1,0
336,Kurung Kumey,Arunachal Pradesh,0,-0.2886264888356006,0.3320141268315287,1,0
337,Kurung Kumey,Arunachal Pradesh,0,-0.2203863015160109,0.4312472130238477,1,0
338,Kurung Kumey,Arunachal Pradesh,0,-0.2507495486494302,0.3115924373435018,1,0
339,Kurung Kumey,Arunachal Pradesh,0,-0.2919149658662566,0.3068161467466119,1,0
340,Kurung Kumey,Arunachal Pradesh,0,-0.2559499485735207,0.3622333265013164,1,0
341,Kurung Kumey,Arunachal Pradesh,0,-0.2486372176272359,0.4348501634518393,1,0
342,Kurung Kumey,Arunachal Pradesh,0,-0.2339207567033099,0.3003320316451468,1,0
343,Kurung Kumey,Arunachal Pradesh,0,-0.2563973814540928,0.3574161008833771,1,0
344,Kurung Kumey,Arunachal Pradesh,0,-0.2662821897550171,0.3788353877532122,1,0
345,Kurung Kumey,Arunachal Pradesh,0,-0.3101821692446379,0.2636820187380787,1,0
346,Kurung Kumey,Arunachal Pradesh,0,-0.2473090515429778,0.4142031472272477,1,0
347,Kurung Kumey,Arunachal Pradesh,0,-0.2676341300148095,0.3042130169269108,1,0
348,Kurung Kumey,Arunachal Pradesh,0,-0.2478505271839917,0.3987402951677684,1,0
349,Kurung Kumey,Arunachal Pradesh,0,-0.2635449429467185,0.2981132052251686,1,0
350,Kurung Kumey,Arunachal Pradesh,0,-0.2712916797569586,0.319100774542526,1,0
351,Kurung Kumey,Arunachal Pradesh,0,-0.2738357650011922,0.3131354493374542,1,0
352,Kurung Kumey,Arunachal Pradesh,0,-0.1856669089671419,0.5260083392262459,1,0
353,Kurung Kumey,Arunachal Pradesh,0,-0.2395700658906873,0.4663116542346809,1,0
354,Kurung Kumey,Arunachal Pradesh,0,-0.2768502205931287,0.3756291751142068,1,0
355,Kurung Kumey,Arunachal Pradesh,0,-0.2442720276605891,0.3480719894702945,1,0
356,Kurung Kumey,Arunachal Pradesh,0,-0.2846867306932939,0.4254831470465392,1,0
357,Kurung Kumey,Arunachal Pradesh,0,-0.2465599154040978,0.3273333394196298,1,0
358,Kurung Kumey,Arunachal Pradesh,0,-0.1817683946217669,0.3834206188382867,1,0
359,Kurung Kumey,Arunachal Pradesh,0,-0.2818867268756472,0.4319983200575205,1,0
360,Kurung Kumey,Arunachal Pradesh,0,-0.2829179823490335,0.4364938394170705,1,0
361,Kurung Kumey,Arunachal Pradesh,0,-0.2111721046700563,0.3846264119563478,1,0
362,Kurung Kumey,Arunachal Pradesh,0,-0.2803271711670363,0.3577743921007656,1,0
363,Kurung Kumey,Arunachal Pradesh,0,-0.2426991189138294,0.3206201281245214,1,0
364,Kurung Kumey,Arunachal Pradesh,0,-0.2021912840683533,0.3710686060923694,1,0
365,Kurung Kumey,Arunachal Pradesh,0,-0.2283091426512367,0.3439058950191617,1,0
366,Kurung Kumey,Arunachal Pradesh,0,-0.228368792425267,0.3859788607370867,1,0
367,Kurung Kumey,Arunachal Pradesh,0,-0.227037238638344,0.3208342469452225,1,0
368,Kurung Kumey,Arunachal Pradesh,0,-0.2928448831189785,0.439430807750406,1,0
369,Kurung Kumey,Arunachal Pradesh,0,-0.2271845070487163,0.4357803824753267,1,0
370,Kurung Kumey,Arunachal Pradesh,0,-0.2339114494172732,0.3265243175005481,1,0
371,Kurung Kumey,Arunachal Pradesh,0,-0.216055664437962,0.4382852331118102,1,0
372,Kurung Kumey,Arunachal Pradesh,0,-0.2461087073861548,0.3454189744098867,1,0
373,Kurung Kumey,Arunachal Pradesh,0,-0.2255383366318582,0.3663549766962365,1,0
374,Kurung Kumey,Arunachal Pradesh,0,-0.2452269092135479,0.3173218243703545,1,0
375,Kurung Kumey,Arunachal Pradesh,0,-0.2431290233993386,0.3255383322580287,1,0
376,Kurung Kumey,Arunachal Pradesh,0,-0.2160567079828045,0.3983249982198079,1,0
377,Kurung Kumey,Arunachal Pradesh,0,-0.2151536029797493,0.4225138722527173,1,0
378,Kurung Kumey,Arunachal Pradesh,0,-0.2213802138071157,0.3189238041672478,1,0
379,Kurung Kumey,Arunachal Pradesh,0,-0.27688361781045,0.3600892845674285,1,0
380,Kurung Kumey,Arunachal Pradesh,0,-0.2095194744163932,0.3298719378980602,1,0
381,Kurung Kumey,Arunachal Pradesh,0,-0.2274756903658177,0.3863779423408486,1,0
382,Kurung Kumey,Arunachal Pradesh,0,-0.2427361879849189,0.3484368100927568,1,0
383,Kurung Kumey,Arunachal Pradesh,0,-0.2373044530298067,0.4327802498980976,1,0
384,Kurung Kumey,Arunachal Pradesh,0,-0.271685773734603,0.4069140655587295,1,0
385,Kurung Kumey,Arunachal Pradesh,0,-0.2347051565452704,0.3902885602594877,1,0
386,Kurung Kumey,Arunachal Pradesh,0,-0.2272987036820273,0.4213935875812092,1,0
387,Kurung Kumey,Arunachal Pradesh,0,-0.2346737395285319,0.3984983243731578,1,0
388,Kurung Kumey,Arunachal Pradesh,0,-0.2420940309984352,0.4027675594906079,1,0
389,Kurung Kumey,Arunachal Pradesh,0,-0.2290676966532513,0.4019904275265363,1,0
390,Kurung Kumey,Arunachal Pradesh,0,-0.2171850498389703,0.4849805487857925,1,0
391,Kurung Kumey,Arunachal Pradesh,0,-0.2562600867595767,0.3656674097059035,1,0
392,Kurung Kumey,Arunachal Pradesh,0,-0.2669962929571849,0.3644988801338624,1,0
393,Kurung Kumey,Arunachal Pradesh,0,-0.2587758613806007,0.3617940917278507,1,0
394,Kurung Kumey,Arunachal Pradesh,0,-0.2600758985444792,0.3577355934748893,1,0
395,Kurung Kumey,Arunachal Pradesh,0,-0.2801362928275026,0.6457852250529447,1,0
396,Kurung Kumey,Arunachal Pradesh,0,-0.2385685663648756,0.5832497259579109,1,0
397,Kurung Kumey,Arunachal Pradesh,0,-0.2619164004681351,0.4215211320307947,1,0
398,Kurung Kumey,Arunachal Pradesh,0,-0.1959903976768597,0.8674605997564556,1,0
399,Kurung Kumey,Arunachal Pradesh,0,-0.2239579556210973,0.3989265546286846,1,0
400,Kurung Kumey,Arunachal Pradesh,0,-0.2271878144805094,0.7139369546701865,1,0
401,Kurung Kumey,Arunachal Pradesh,0,-0.2486463530871415,0.8955438586239279,1,0
402,Kurung Kumey,Arunachal Pradesh,0,-0.2331495839077722,0.4107150842357615,1,0
403,Lower Dibang,Arunachal Pradesh,0,-0.2505474968804896,0.2961723942251797,1,0
404,Lower Dibang,Arunachal Pradesh,0,-0.2552541358222511,0.2629065256466907,1,0
405,Lower Dibang,Arunachal Pradesh,0,-0.2544918755181496,0.2909143724494217,1,0
406,Tawang,Arunachal Pradesh,0,-0.2108914076263177,0.3564849841316231,1,0
407,Tawang,Arunachal Pradesh,0,-0.2313170473020949,0.4031055573787954,1,0
408,Tawang,Arunachal Pradesh,0,-0.2375274185287385,0.4821432607562354,1,0
409,Tawang,Arunachal Pradesh,0,-0.2681362363196535,0.3153539076194351,1,0
410,Tawang,Arunachal Pradesh,0,-0.2590376748287772,0.3620735837464349,1,0
411,Tawang,Arunachal Pradesh,0,-0.2069131205373083,0.556319908174359,1,0
412,Tawang,Arunachal Pradesh,0,-0.1834453636337275,0.3209335997142531,1,0
413,Tawang,Arunachal Pradesh,0,-0.2450238759932703,0.3339594945026597,1,0
414,Tawang,Arunachal Pradesh,0,-0.2352162853803918,0.3734898154215035,1,0
415,Tawang,Arunachal Pradesh,0,-0.246690439479738,0.4115987812568034,1,0
416,Tawang,Arunachal Pradesh,0,-0.2011649437254087,0.3086027845740317,1,0
417,Tawang,Arunachal Pradesh,0,-0.2300525838498476,0.5682043450778735,1,0
418,Tawang,Arunachal Pradesh,0,-0.2134484673487758,0.3149916113289677,1,0
419,Tawang,Arunachal Pradesh,0,-0.2103808449433366,1.2034462367300225,1,0
420,Tawang,Arunachal Pradesh,0,-0.2192158140383469,0.3051034695483426,1,0
421,Tawang,Arunachal Pradesh,0,-0.0891273871581655,0.2260523367764424,1,0
422,Tawang,Arunachal Pradesh,0,-0.21502839965994,1.3538446339440504,1,0
423,Tawang,Arunachal Pradesh,0,-0.2272529759421153,0.4519491052334207,1,0
424,Tawang,Arunachal Pradesh,0,-0.0434213393704748,0.2483550335110786,1,0
425,Tawang,Arunachal Pradesh,0,-0.2133609278967854,0.3404977261952301,1,0
426,Tawang,Arunachal Pradesh,0,-0.2449563944070675,0.3340033432987325,1,0
427,Tawang,Arunachal Pradesh,0,-0.1982979118717675,0.5382234547724272,1,0
428,Tawang,Arunachal Pradesh,0,-0.1023122431330283,0.7444599022578557,1,0
429,Tawang,Arunachal Pradesh,0,-0.2439877580533125,0.2932488787545924,1,0
430,Tawang,Arunachal Pradesh,0,-0.2510860654986953,0.319348316413633,1,0
431,Tawang,Arunachal Pradesh,0,-0.2171597376210347,0.579232713981771,1,0
432,Tawang,Arunachal Pradesh,0,-0.1117457457981171,0.3857167095753194,1,0
433,Tawang,Arunachal Pradesh,0,-0.2201319365203532,0.2571525342720376,1,0
434,Tawang,Arunachal Pradesh,0,-0.22386045710084,0.5658908664250958,1,0
435,Tawang,Arunachal Pradesh,0,-0.2163223066053755,0.2954949652755287,1,0
436,Tawang,Arunachal Pradesh,0,-0.0307836425059708,0.4048857326425172,1,0
437,Tawang,Arunachal Pradesh,0,-0.1722848635774101,0.624757319621523,1,0
438,Tawang,Arunachal Pradesh,0,-0.2028090307765589,0.3448524348985379,1,0
439,Tawang,Arunachal Pradesh,0,-0.0807204719163985,0.3684241608287512,1,0
440,Tawang,Arunachal Pradesh,0,-0.1701769739490234,0.3914186136180341,1,0
441,Tawang,Arunachal Pradesh,0,-0.0863597591122889,0.4180340909145095,1,0
442,Tawang,Arunachal Pradesh,0,-0.2235188348435344,0.3266788082940696,1,0
443,Tawang,Arunachal Pradesh,0,-0.183807221440453,0.3340339544488486,1,0
444,Tawang,Arunachal Pradesh,0,-0.2760083310511412,0.2787232852893954,1,0
445,Tawang,Arunachal Pradesh,0,-0.2378770907947867,0.244960803768002,1,0
446,Tawang,Arunachal Pradesh,0,-0.2376695287227723,0.3851364105276117,1,0
447,Tawang,Arunachal Pradesh,0,-0.2365616744501328,0.3174248365623117,1,0
448,Tawang,Arunachal Pradesh,0,-0.1444053535664793,0.3878841889329371,1,0
449,Tawang,Arunachal Pradesh,0,-0.1666444782636499,0.4097488667504781,1,0
450,Tawang,Arunachal Pradesh,0,-0.2153228226951418,1.0777404947702252,1,0
451,Tawang,Arunachal Pradesh,0,-0.1752754041893606,0.4614030658996023,1,0
452,Tawang,Arunachal Pradesh,0,-0.1757935611139516,0.412689730990678,1,0
453,Tawang,Arunachal Pradesh,0,-0.0411214847857984,0.2603312862045515,1,0
454,Tawang,Arunachal Pradesh,0,-0.0925879089174894,0.2933615837393507,1,0
455,Tawang,Arunachal Pradesh,0,-0.2065292180399126,0.3345833281075928,1,0
456,Tawang,Arunachal Pradesh,0,-0.0678646169961896,0.2787095014609438,1,0
457,Tawang,Arunachal Pradesh,0,-0.1520144773922777,0.3777224661842469,1,0
458,Tawang,Arunachal Pradesh,0,-0.2452044370701316,0.3188585685794231,1,0
459,Tawang,Arunachal Pradesh,0,-0.1630169747253539,0.3727914789198759,1,0
460,Tawang,Arunachal Pradesh,0,-0.2417356951388943,0.344562638559406,1,0
461,Tawang,Arunachal Pradesh,0,-0.1958715918510775,0.3378312915629958,1,0
462,Tawang,Arunachal Pradesh,0,-0.2441314189930137,0.3661107903466724,1,0
463,Tawang,Arunachal Pradesh,0,-0.2680620049302831,0.2769463307439944,1,0
464,Tawang,Arunachal Pradesh,0,-0.2368733409662755,0.3394777774148517,1,0
465,Tawang,Arunachal Pradesh,0,-0.2262016826440532,0.3487277776334021,1,0
466,Tawang,Arunachal Pradesh,0,-0.0180806872404868,0.5279114864254212,1,0
467,Tawang,Arunachal Pradesh,0,-0.2770582855439906,0.3938169570174068,1,0
468,Tawang,Arunachal Pradesh,0,-0.2051212796700893,0.3504054673699457,1,0
469,Tawang,Arunachal Pradesh,0,-0.2345962184100328,0.4635535253547047,1,0
470,Tawang,Arunachal Pradesh,0,-0.2648959696864808,0.3070503361691717,1,0
471,Tawang,Arunachal Pradesh,0,-0.2543784308894895,0.3624054483563801,1,0
472,Tawang,Arunachal Pradesh,0,-0.2268040816456603,0.4973472265402476,1,0
473,Tawang,Arunachal Pradesh,0,-0.2001962786524383,0.3457587837227879,1,0
474,Tawang,Arunachal Pradesh,0,-0.0396696319918793,0.456672212448385,1,0
475,Tawang,Arunachal Pradesh,0,-0.2863855115977298,0.2774859809487924,1,0
476,Tawang,Arunachal Pradesh,0,-0.2413245819067942,0.4998389770755659,1,0
477,Tawang,Arunachal Pradesh,0,-0.0717437691485445,0.4416891852947505,1,0
478,Tawang,Arunachal Pradesh,0,-0.2503776153588285,0.3582913953919272,1,0
479,Tawang,Arunachal Pradesh,0,-0.2276353712071894,0.5966133499051852,1,0
480,Tawang,Arunachal Pradesh,0,-0.2247552306088073,0.4187974251939781,1,0
481,Tawang,Arunachal Pradesh,0,-0.2234218007442875,0.7768764118486868,1,0
482,Tawang,Arunachal Pradesh,0,-0.2125788435598433,0.7314389702120394,1,0
483,Tawang,Arunachal Pradesh,0,-0.1407141879658583,0.3828978530103951,1,0
484,Upper Siang,Arunachal Pradesh,0,-0.2846978225595328,0.2952222812973969,1,0
485,Upper Siang,Arunachal Pradesh,0,-0.2940970604676212,0.2363189839106259,1,0
486,Upper Siang,Arunachal Pradesh,0,-0.2792166686353628,0.2946551706687494,1,0
487,Upper Siang,Arunachal Pradesh,0,-0.3016442268376999,0.2296384778350293,1,0
488,Upper Siang,Arunachal Pradesh,0,-0.2667990253619201,0.2853945894351858,1,0
489,Upper Siang,Arunachal Pradesh,0,-0.2228525638544452,0.2615405986452262,1,0
490,Upper Siang,Arunachal Pradesh,0,-0.2658479665467501,0.2602097183531746,1,0
491,Upper Siang,Arunachal Pradesh,0,-0.299829968689007,0.2258398046019072,1,0
492,Upper Siang,Arunachal Pradesh,0,-0.2903278154477611,0.2198888925380177,1,0
493,Upper Siang,Arunachal Pradesh,0,-0.2296039916279044,0.2557692261187584,1,0
494,Upper Siang,Arunachal Pradesh,0,-0.2732663260512945,0.2300745096000087,1,0
495,Upper Siang,Arunachal Pradesh,0,-0.2903893940365328,0.244796028407958,1,0
496,Upper Siang,Arunachal Pradesh,0,-0.3324903389028293,0.1885879152259983,1,0
497,Upper Siang,Arunachal Pradesh,0,-0.297882754479193,0.2540986701402538,1,0
498,Upper Siang,Arunachal Pradesh,0,-0.3059255724755873,0.182874449221048,1,0
499,Upper Siang,Arunachal Pradesh,0,-0.3061143627353611,0.1722637380708705,1,0
500,Upper Siang,Arunachal Pradesh,0,-0.242487747502366,0.2119746956035773,1,0
501,Upper Siang,Arunachal Pradesh,0,-0.3027521801215536,0.2092505607929005,1,0
502,Upper Siang,Arunachal Pradesh,0,-0.3342964872862745,0.262796893947397,1,0
503,Upper Siang,Arunachal Pradesh,0,-0.2540319020558523,0.1836618923208787,1,0
504,Upper Siang,Arunachal Pradesh,0,-0.2407880490593036,0.3219579608566992,1,0
505,Upper Siang,Arunachal Pradesh,0,-0.2783091413524911,0.2002390109411962,1,0
506,Upper Siang,Arunachal Pradesh,0,-0.2418420874640275,0.1838093859220736,1,0
507,Upper Siang,Arunachal Pradesh,0,-0.2764912231099189,0.1619047580796354,1,0
508,Upper Siang,Arunachal Pradesh,0,-0.249153104087393,0.2863590604140188,1,0
509,Upper Siang,Arunachal Pradesh,0,-0.2143062572172744,0.2653083671130535,1,0
510,Upper Siang,Arunachal Pradesh,0,-0.2434906394838499,0.2828615573255738,1,0
511,Upper Subansiri,Arunachal Pradesh,0,-0.2773427151427115,0.2270537669421432,1,0
512,Upper Subansiri,Arunachal Pradesh,0,-0.2874265241788764,0.2453051440059004,1,0
513,Upper Subansiri,Arunachal Pradesh,0,-0.3003399760917148,0.2461049774733696,1,0
514,Upper Subansiri,Arunachal Pradesh,0,-0.2956633600583288,0.2206921377451317,1,0
515,Upper Subansiri,Arunachal Pradesh,0,-0.2738641039856922,0.2426431677447804,1,0
516,Upper Subansiri,Arunachal Pradesh,0,-0.3018818116329364,0.2684932972770185,1,0
517,Upper Subansiri,Arunachal Pradesh,0,-0.2655630990985244,0.3451516061791248,1,0
518,Upper Subansiri,Arunachal Pradesh,0,-0.2879949840738113,0.2674692644253789,1,0
519,Upper Subansiri,Arunachal Pradesh,0,-0.2651089876770612,0.190551875064573,1,0
520,Upper Subansiri,Arunachal Pradesh,0,-0.2562725954412743,0.1700581388418064,1,0
521,Upper Subansiri,Arunachal Pradesh,0,-0.2751187081555012,0.2113910650907281,1,0
522,Upper Subansiri,Arunachal Pradesh,0,-0.2691989763787781,0.2213246588290265,1,0
523,Upper Subansiri,Arunachal Pradesh,0,-0.2652701581536335,0.2148089606731569,1,0
524,Upper Subansiri,Arunachal Pradesh,0,-0.2615537802839498,0.2002965619254799,1,0
525,Upper Subansiri,Arunachal Pradesh,0,-0.238936704886883,0.1483958090974845,1,0
526,Upper Subansiri,Arunachal Pradesh,0,-0.2514902571755452,0.2142234618770343,1,0
527,Upper Subansiri,Arunachal Pradesh,0,-0.2465851941696409,0.1941258344790983,1,0
528,Upper Subansiri,Arunachal Pradesh,0,-0.2291226841030416,0.165128348278813,1,0
529,Upper Subansiri,Arunachal Pradesh,0,-0.2607384835671818,0.1830270383959311,1,0
530,Upper Subansiri,Arunachal Pradesh,0,-0.2534498092540417,0.1374804452228146,1,0
531,Upper Subansiri,Arunachal Pradesh,0,-0.2573536637954572,0.1883259685164656,1,0
532,Upper Subansiri,Arunachal Pradesh,0,-0.2564799170151585,0.1410607718548722,1,0
533,Upper Subansiri,Arunachal Pradesh,0,-0.1972533161833705,0.2080420383408797,1,0
534,Upper Subansiri,Arunachal Pradesh,0,-0.2753906106082656,0.2294712027871067,1,0
535,West Kameng,Arunachal Pradesh,0,-0.1843487913624134,1.764477856042843,1,0
536,West Kameng,Arunachal Pradesh,0,-0.2136313177960739,0.4016600652382924,1,0
537,West Kameng,Arunachal Pradesh,0,-0.1773214969688646,0.4394904795245655,1,0
538,West Kameng,Arunachal Pradesh,0,-0.2144899238724559,0.4621512223301189,1,0
539,West Kameng,Arunachal Pradesh,0,-0.2072419964012649,0.6872002307780727,1,0
540,West Kameng,Arunachal Pradesh,0,-0.1972382481285269,0.3220538708698067,1,0
541,North,Sikkim,0,-0.241064984021692,0.6562556982992991,1,0
542,North,Sikkim,0,-0.2884895164123567,0.367929285456971,1,0
543,North,Sikkim,0,-0.1884156240448484,0.2914461910123248,1,0
544,North,Sikkim,0,-0.261913679998432,0.4905689513068562,1,0
545,North,Sikkim,0,-0.1004255166172667,0.4433574606156296,1,0
546,North,Sikkim,0,-0.109408346902943,0.5283597313643041,1,0
547,North,Sikkim,0,-0.2095704334822934,0.329308868217387,1,0
548,North,Sikkim,0,-0.1048403450015726,0.3288841789051638,1,0
549,North,Sikkim,0,-0.1454002542931094,0.3762542003012717,1,0
550,North,Sikkim,0,-0.168688801308136,0.4963110092684846,1,0
551,North,Sikkim,0,-0.2002228895714916,0.2867562178168362,1,0
552,North,Sikkim,0,-0.2395779007101257,0.2814915791991051,1,0
553,North,Sikkim,0,-0.1191551863045464,1.4780300632626022,1,0
554,North,Sikkim,0,-0.2225786904132238,0.6644351329712793,1,0
555,North,Sikkim,0,-0.2307515188240223,0.409173274397985,1,0
556,North,Sikkim,0,-0.1815043322080979,0.4682347942311485,1,0
557,North,Sikkim,0,-0.2203380932572317,0.2485096160642701,1,0
558,North,Sikkim,0,-0.2293877698238184,0.3224179855299212,1,0
559,North,Sikkim,0,-0.2151392515582635,0.4165005696893143,1,0
560,North,Sikkim,0,-0.2848297675822571,0.5844699575517184,1,0
561,North,Sikkim,0,-0.2812296109317383,0.4494988742947312,1,0
562,North,Sikkim,0,-0.2667066320227199,0.1959075528746124,1,0
563,North,Sikkim,0,-0.204764865439878,0.5475813636742324,1,0
564,North,Sikkim,0,-0.2642703764890164,0.2890249385990524,1,0
565,North,Sikkim,0,-0.1632588128957843,0.5018672024689521,1,0
566,North,Sikkim,0,-0.2365417670471733,0.2563205451176882,1,0
567,North,Sikkim,0,-0.229350348631203,0.510174149140883,1,0
568,North,Sikkim,0,-0.2258723234828899,0.3155786883905784,1,0
569,North,Sikkim,0,-0.2231012245154498,0.320788290318068,1,0
570,North,Sikkim,0,-0.2413684851022333,0.3514257444073013,1,0
571,North,Sikkim,0,-0.2699138686148873,0.4962959965668128,1,0
572,North,Sikkim,0,-0.2735320389829906,0.3847318423526913,1,0
573,North,Sikkim,0,-0.0803690674894689,0.3599135987336021,1,0
574,North,Sikkim,0,-0.2482139145909776,0.2143792466444223,1,0
575,North,Sikkim,0,-0.2127075239428007,0.2653547363641025,1,0
576,North,Sikkim,0,-0.1615061953929965,0.0566019139646946,1,0
577,North,Sikkim,0,-0.2360486623652971,0.2945067230695566,1,0
578,North,Sikkim,0,-0.3059163124298427,0.3268365092066607,1,0
579,North,Sikkim,0,-0.1749573523215745,1.0071380531747736,1,0
580,North,Sikkim,0,-0.1834738351405966,0.9178355951900504,1,0
581,North,Sikkim,0,-0.2772826814023491,0.2656110440314348,1,0
582,North,Sikkim,0,-0.2291434474611103,0.2881823281780452,1,0
583,North,Sikkim,0,-0.1852827864200185,1.6155470646157557,1,0
584,North,Sikkim,0,-0.2578700476495099,0.4230214185517159,1,0
585,North,Sikkim,0,-0.2079362937143497,0.505755675617944,1,0
586,North,Sikkim,0,-0.2475561380139759,0.3083529065986073,1,0
587,North,Sikkim,0,-0.2968531980715121,0.4066031432873465,1,0
588,North,Sikkim,0,-0.0846110139098811,0.3421480036165127,1,0
589,North,Sikkim,0,-0.2853741847076635,0.4021512998102488,1,0
590,North,Sikkim,0,-0.2062118307330584,0.2681543650543129,1,0
591,North,Sikkim,0,-0.263618993558526,0.3544571310414503,1,0
592,North,Sikkim,0,-0.1971949031970459,0.2893637905039328,1,0
593,North,Sikkim,0,-0.270435094480358,0.3920034065284468,1,0
594,North,Sikkim,0,-0.1976164310201978,0.2642021286994853,1,0
595,North,Sikkim,0,-0.2255344989657741,0.3147729838375553,1,0
596,North,Sikkim,0,-0.1970447373807067,0.30445128919563,1,0
597,North,Sikkim,0,-0.1246587744388831,0.452205375656402,1,0
598,North,Sikkim,0,-0.2719363952346462,0.4516201146821069,1,0
599,North,Sikkim,0,-0.2380423590735146,0.2671197451879434,1,0
600,North,Sikkim,0,-0.2912514490731311,0.3916421300085053,1,0
601,North,Sikkim,0,-0.1446669018172198,4.621011345063226,1,0
602,North,Sikkim,0,-0.2658880900224419,0.4176838175810839,1,0
603,North,Sikkim,0,-0.2372286688930097,0.2348995504102536,1,0
604,North,Sikkim,0,-0.2325052482834106,0.3680089523461574,1,0
605,North,Sikkim,0,-0.211369552856674,0.2619887086631214,1,0
606,North,Sikkim,0,-0.2086176533829058,0.3526100437945222,1,0
607,North,Sikkim,0,-0.2401714156787655,0.3577561885252729,1,0
608,North,Sikkim,0,-0.2770580254492742,0.3776490413767146,1,0
609,North,Sikkim,0,-0.1155251670931873,1.060227294266224,1,0
610,North,Sikkim,0,-0.0315773761265991,0.342958835360736,1,0
611,North,Sikkim,0,-0.1606255128017565,0.3897072003969737,1,0
612,North,Sikkim,0,-0.2218142076678323,0.2824217816471387,1,0
613,North,Sikkim,0,-0.2283155497330938,0.5032657630875841,1,0
614,North,Sikkim,0,-0.2719527693037947,0.222078680742665,1,0
615,North,Sikkim,0,-0.2632419488285134,0.3647902614918331,1,0
616,North,Sikkim,0,0.0878050865970034,0.2480044643017759,1,0
617,North,Sikkim,0,-0.2365590993650754,0.3235056202733115,1,0
618,North,Sikkim,0,-0.201324947813836,0.3307497216117691,1,0
619,North,Sikkim,0,-0.2352658504539965,0.2544365817193671,1,0
620,North,Sikkim,0,-0.2641175856589309,0.4065101849614765,1,0
621,North,Sikkim,0,-0.2195204623836426,0.2450307236703414,1,0
622,North,Sikkim,0,-0.2367897260421281,0.4889573818580671,1,0
623,North,Sikkim,0,-0.2325690412397513,0.5303448421737641,1,0
624,North,Sikkim,0,-0.2080833799542909,3.0728231195419555,1,0
625,North,Sikkim,0,-0.1986792180321547,1.068010784034426,1,0
626,North,Sikkim,0,-0.2794605996915916,0.2790255627002228,1,0
627,North,Sikkim,0,-0.2764340825243121,0.3937305067655504,1,0
628,North,Sikkim,0,-0.2220718603941838,0.2217600864813467,1,0
629,North,Sikkim,0,-0.2714934836820488,0.2838994360336378,1,0
630,North,Sikkim,0,-0.239232326874628,0.415031065880242,1,0
631,North,Sikkim,0,-0.2390939546757351,0.5077468746772014,1,0
632,North,Sikkim,0,-0.2286865420632544,0.399734461139151,1,0
633,North,Sikkim,0,-0.2723555872822574,0.5031193334270607,1,0
634,Chamoli,Uttarakhand,0,0.0952501214249361,0.4989332114381717,1,0
635,Chamoli,Uttarakhand,0,-0.0209825272445221,0.6212609907427986,1,0
636,Chamoli,Uttarakhand,0,0.0236688771425741,0.6271081220459293,1,0
637,Chamoli,Uttarakhand,0,-0.0089042032427209,0.3081270223372691,1,0
638,Chamoli,Uttarakhand,0,0.0208655630056765,0.632707657123524,1,0
639,Chamoli,Uttarakhand,0,-0.0163773626091225,0.6327483701010759,1,0
640,Chamoli,Uttarakhand,0,-0.0937021476070331,0.2620459446552637,1,0
641,Chamoli,Uttarakhand,0,-0.0286411982744067,0.4465476091289934,1,0
642,Chamoli,Uttarakhand,0,-0.2155435293918436,0.5700326023542365,1,0
643,Chamoli,Uttarakhand,0,-0.0924503899859038,0.4676810778798284,1,0
644,Chamoli,Uttarakhand,0,-0.2046869305555952,0.5637594636710914,1,0
645,Chamoli,Uttarakhand,0,0.0155073849481279,0.4973415278020452,1,0
646,Chamoli,Uttarakhand,0,-0.0016959655605514,0.5205349371032423,1,0
647,Chamoli,Uttarakhand,0,-0.1622547785681583,0.5546817772146697,1,0
648,Chamoli,Uttarakhand,0,-0.1407274079433053,0.4634330412689862,1,0
649,Chamoli,Uttarakhand,0,-0.1704374387990372,0.5640426153375364,1,0
650,Chamoli,Uttarakhand,0,-0.2037976669150491,0.5620474183996175,1,0
651,Chamoli,Uttarakhand,0,-0.1099203258708101,0.4661192791719062,1,0
652,Chamoli,Uttarakhand,0,-0.1303508180862214,0.3932189082454991,1,0
653,Chamoli,Uttarakhand,0,-0.0124409625347017,0.4574405968704182,1,0
654,Chamoli,Uttarakhand,0,-0.191662544430312,0.3213180876245685,1,0
655,Chamoli,Uttarakhand,0,-0.1557133225040282,1.4434419669953522,1,0
656,Chamoli,Uttarakhand,0,-0.1893161177024117,0.7144465760906363,1,0
657,Chamoli,Uttarakhand,0,-0.1249871418677959,0.2597826071407484,1,0
658,Pithoragarh,Uttarakhand,0,-0.2086249874368165,0.504675370176942,1,0
659,Pithoragarh,Uttarakhand,0,-0.2165857480546051,0.3210263427604566,1,0
660,Pithoragarh,Uttarakhand,0,-0.222531707803373,0.4602314794115512,1,0
661,Pithoragarh,Uttarakhand,0,-0.2718741037351566,0.4343226940949583,1,0
662,Pithoragarh,Uttarakhand,0,-0.0790086752107008,0.5675082071765994,1,0
663,Pithoragarh,Uttarakhand,0,-0.2249555808164266,2.94019360435698,1,0
664,Pithoragarh,Uttarakhand,0,-0.2210666814922589,0.2738243443193939,1,0
665,Pithoragarh,Uttarakhand,0,-0.24918264272242,0.5447854919008689,1,0
666,Pithoragarh,Uttarakhand,0,-0.3026689265655516,0.4292998934265271,1,0
667,Pithoragarh,Uttarakhand,0,-0.1091872606291237,0.4816976993916982,1,0
668,Pithoragarh,Uttarakhand,0,-0.2539610578191826,1.3483833076519691,1,0
669,Pithoragarh,Uttarakhand,0,-0.183585037226646,0.8564443249160952,1,0
670,Pithoragarh,Uttarakhand,0,-0.2680947425634669,0.3658642231313066,1,0
671,Pithoragarh,Uttarakhand,0,-0.1338049847605171,0.2790503930609884,1,0
672,Pithoragarh,Uttarakhand,0,-0.1883916067091963,0.284753876746492,1,0
673,Pithoragarh,Uttarakhand,0,-0.2115514491065918,0.3968246859121481,1,0
674,Pithoragarh,Uttarakhand,0,-0.224978855669247,0.999443829579598,1,0
675,Pithoragarh,Uttarakhand,0,-0.2380760247000752,0.4285765145645767,1,0
676,Pithoragarh,Uttarakhand,0,-0.198479058118635,0.3997441540835829,1,0
677,Pithoragarh,Uttarakhand,0,-0.1627475309560087,0.5537938485085442,1,0
678,Pithoragarh,Uttarakhand,0,-0.2098833914619703,0.3233515289998471,1,0
679,Pithoragarh,Uttarakhand,0,-0.2209673878704681,0.4508378638990296,1,0
680,Pithoragarh,Uttarakhand,0,-0.2849043365839969,0.3862100271826411,1,0
681,Pithoragarh,Uttarakhand,0,-0.2832977555733158,0.3631031733478001,1,0
682,Pithoragarh,Uttarakhand,0,-0.2784967302433707,0.3224590192075636,1,0
683,Pithoragarh,Uttarakhand,0,-0.2361946311433438,0.5579517645608559,1,0
684,Pithoragarh,Uttarakhand,0,-0.147782409865209,0.3467740133795154,1,0
685,Pithoragarh,Uttarakhand,0,-0.2239361574444519,0.3718893729060529,1,0
686,Pithoragarh,Uttarakhand,0,-0.1898486945912215,0.4123250025510788,1,0
687,Pithoragarh,Uttarakhand,0,-0.240900476570032,0.2989624749548387,1,0
688,Pithoragarh,Uttarakhand,0,-0.2600819572700161,0.4265631927619223,1,0
689,Pithoragarh,Uttarakhand,0,-0.1798811797569845,0.5446857875162135,1,0
690,Pithoragarh,Uttarakhand,0,-0.1854774002293591,0.4896854211228835,1,0
691,Pithoragarh,Uttarakhand,0,-0.2149268138155476,0.5818811468331211,1,0
692,Pithoragarh,Uttarakhand,0,-0.1910015153962278,0.3720271016380428,1,0
693,Pithoragarh,Uttarakhand,0,-0.2338974748936376,0.5578414108850358,1,0
694,Pithoragarh,Uttarakhand,0,-0.2561953163789928,0.4214207650859499,1,0
695,Pithoragarh,Uttarakhand,0,-0.2590411799018954,0.710540988406197,1,0
696,Pithoragarh,Uttarakhand,0,-0.238696161905472,0.3261949357941813,1,0
697,Pithoragarh,Uttarakhand,0,0.0442704070745664,0.5408957662722187,1,0
698,Pithoragarh,Uttarakhand,0,-0.2340489206083909,0.6014106700233384,1,0
699,Pithoragarh,Uttarakhand,0,-0.2664486644912673,0.7628989153872423,1,0
700,Pithoragarh,Uttarakhand,0,-0.1569272362165017,0.7582426473936138,1,0
701,Pithoragarh,Uttarakhand,0,-0.2145336552453654,0.370088196017645,1,0
702,Pithoragarh,Uttarakhand,0,-0.2758233683849328,0.3191992321115363,1,0
703,Pithoragarh,Uttarakhand,0,-0.1821891126644256,0.4559872764929207,1,0
704,Pithoragarh,Uttarakhand,0,-0.2488119061652531,0.4543811360713309,1,0
705,Pithoragarh,Uttarakhand,0,-0.1948094313436168,0.4474693987274064,1,0
706,Uttarkashi,Uttarakhand,0,0.0680339038171031,0.4567047899065454,1,0
707,Uttarkashi,Uttarakhand,0,0.0340297467655073,0.4736307624324213,1,0
708,Uttarkashi,Uttarakhand,0,0.0182406051157151,0.3748231487706032,1,0
709,Uttarkashi,Uttarakhand,0,0.0942731595124427,0.4242399488287562,1,0
710,Uttarkashi,Uttarakhand,0,-0.0302005543790502,0.4514617032603539,1,0
711,Uttarkashi,Uttarakhand,0,0.1141986585444579,0.5004247360011583,1,0
712,Uttarkashi,Uttarakhand,0,0.0296069248471763,0.4290490405762504,1,0
713,Uttarkashi,Uttarakhand,0,-0.0077209185686338,0.4408997846767307,1,0
714,Uttarkashi,Uttarakhand,0,-0.1270587052742707,1.5207595896851172,1,0
715,Uttarkashi,Uttarakhand,0,-0.1663346960217706,0.574236398546592,1,0
716,Uttarkashi,Uttarakhand,0,-0.1957547912586301,0.5865957863685004,1,0
717,Uttarkashi,Uttarakhand,0,-0.1621363613712429,1.2541693647702534,1,0
718,Uttarkashi,Uttarakhand,0,-0.2446290880279222,0.8290483854470715,1,0
719,Uttarkashi,Uttarakhand,0,-0.2142586460561141,0.4291160417934819,1,0
720,Uttarkashi,Uttarakhand,0,-0.1575882417199556,0.7487704381427951,1,0
721,Uttarkashi,Uttarakhand,0,-0.2039532689840612,0.6238216219721613,1,0
722,Uttarkashi,Uttarakhand,0,-0.0005538240374488,0.4435490814741891,1,0
723,Uttarkashi,Uttarakhand,0,-0.0237074511565352,0.4679738598062063,1,0
724,Uttarkashi,Uttarakhand,0,-0.2084406323991451,0.4366965139533487,1,0
725,Uttarkashi,Uttarakhand,0,-0.187795721014104,0.372437019174488,1,0
726,Uttarkashi,Uttarakhand,0,-0.2344863067202932,0.4602553680699359,1,0
727,Uttarkashi,Uttarakhand,0,-0.2285926381880617,0.9272306258950768,1,0
728,Uttarkashi,Uttarakhand,0,-0.1859470301847875,0.4661422300248824,1,0
729,Uttarkashi,Uttarakhand,0,-0.2329781427099947,0.3358638268625774,1,0
730,Uttarkashi,Uttarakhand,0,-0.2198554809412748,0.4431820630703283,1,0
731,Uttarkashi,Uttarakhand,0,-0.2521968121503863,0.2871389816172348,1,0
732,Uttarkashi,Uttarakhand,0,-0.1710851599875,0.3395874289867006,1,0
733,Uttarkashi,Uttarakhand,0,-0.171878894653644,0.4221486014357963,1,0
734,Uttarkashi,Uttarakhand,0,-0.1027467453268651,4.650894482887026,1,0
735,Uttarkashi,Uttarakhand,0,-0.0801779608311453,3.840645917008588,1,0
