village_id,village,district,block,state,is_core_sample,latitude,longitude,distance_to_border_km,village_source,district_verified,ndbi_before,ndbi_after,ndbi_before_image_count,ndbi_after_image_count,lights_before,lights_after,lights_before_image_count,lights_after_image_count
1,Upper Traflagam 266829,Anjaw,Unknown,Arunachal Pradesh,True,28.3500638,96.6336613,10.208156031306832,control (non-VVP),True,-0.2585418753187579,-0.27542766979080474,73,86,0.2638277470233054,0.2271135936902222,12,12
2,Tarampa,Anjaw,Unknown,Arunachal Pradesh,True,28.3416126,96.6186283,11.259931743843367,control (non-VVP),True,-0.24547126800717253,-0.2719738797979193,73,86,0.3374832192856727,0.22511092620074616,12,12
3,Matkrong,Anjaw,Unknown,Arunachal Pradesh,True,27.8559038,96.9824133,12.21174958433055,control (non-VVP),True,-0.27755734432683554,-0.30447247441355013,146,170,0.3053878821508531,0.2191845973107715,12,12
4,Abochagan,Anjaw,Unknown,Arunachal Pradesh,True,28.3136489,96.6140466,14.385494242096671,control (non-VVP),True,-0.1717211126753784,-0.1644063141622465,73,86,0.361806329228108,0.34421476195840284,12,12
5,Khalega,Anjaw,Unknown,Arunachal Pradesh,True,28.2806477,96.5718641,17.389387120162088,control (non-VVP),True,-0.2394871529351927,-0.2556815590897422,73,86,0.27329746678175515,0.36314109711194403,12,12
6,Shirong,Anjaw,Unknown,Arunachal Pradesh,True,27.903587,96.9409105,18.879751233480885,control (non-VVP),True,-0.20605587187624932,-0.24207995547734396,73,86,0.2262935886501059,0.2488901427411658,12,12
7,Khampti Pani,Anjaw,Unknown,Arunachal Pradesh,True,27.9282865,96.9573301,20.07481274759241,control (non-VVP),True,-0.1511304980950154,-0.2025281227275447,146,172,0.2569591244106486,0.29720284599555225,12,12
8,Xiao Madengliang,Anjaw,Unknown,Arunachal Pradesh,True,28.2208547,96.5152684,20.66721205919266,control (non-VVP),True,-0.23774690379978453,-0.26985025052669587,73,86,0.26881139360879486,0.254193842310471,12,12
9,Tilam,Anjaw,Unknown,Arunachal Pradesh,True,28.1432798,97.0060273,21.122207787766506,control (non-VVP),True,-0.18264399707857767,-0.24362611655352126,146,172,0.29384487182168023,0.2787481449278338,12,12
10,Minjong,Anjaw,Unknown,Arunachal Pradesh,True,27.9447015,96.9531849,21.775446122663485,control (non-VVP),True,-0.17972801531247884,-0.23526106515767242,146,172,0.2095599773719974,0.22442170992627275,12,12
11,Jiliang,Anjaw,Unknown,Arunachal Pradesh,True,28.2187403,96.536865,21.785872271677064,control (non-VVP),True,-0.21238792575177085,-0.2436884696657894,73,86,0.31880329935516216,0.29416759159660444,12,12
12,Walang,Anjaw,Unknown,Arunachal Pradesh,True,27.882509,96.8550641,21.853357578949343,control (non-VVP),True,-0.24176707051776425,-0.2614955965482408,73,86,0.3292955124338423,0.39348257725045194,12,12
13,Tinai,Anjaw,Unknown,Arunachal Pradesh,True,28.1383669,97.0271327,22.12939324344721,control (non-VVP),True,0.009016976095004021,-0.025248263369848725,146,172,0.37016761014970495,0.43768913598542797,12,12
14,Kalin,Anjaw,Unknown,Arunachal Pradesh,True,27.9654847,96.9709934,22.15837709115443,control (non-VVP),True,-0.1484571223143104,-0.17967218770207183,292,342,0.31762956926219954,0.2312472044788218,12,12
15,Halla,Anjaw,Unknown,Arunachal Pradesh,True,27.9655372,96.962708,22.66191626116016,control (non-VVP),True,-0.14960241839249452,-0.18303449806348326,292,342,0.25292641871350274,0.19611575865625938,12,12
16,Yashong Camp,Anjaw,Unknown,Arunachal Pradesh,True,27.9752592,96.9686698,23.166499666887443,control (non-VVP),True,-0.16991877977454475,-0.20539555220538463,292,342,0.24346729255634506,0.20852919241739742,12,12
17,Kaladun,Anjaw,Unknown,Arunachal Pradesh,True,27.9839219,96.9737606,23.672719201131454,control (non-VVP),True,-0.161191113086088,-0.19613828010511813,292,342,0.23223130216794724,0.21780721283819116,12,12
18,Menilkrai,Anjaw,Unknown,Arunachal Pradesh,True,28.1024223,97.0047561,25.56053181319565,control (non-VVP),True,-0.012362754239260998,-0.06977609038844293,146,172,0.3103932047279568,0.27056587665333404,12,12
19,Sarti,Anjaw,Unknown,Arunachal Pradesh,True,28.0081411,96.9619129,26.55964309895621,control (non-VVP),True,-0.16729873463973405,-0.207806632584017,292,342,0.247612781539326,0.257469235183942,12,12
20,Tarafliang,Anjaw,Unknown,Arunachal Pradesh,True,28.1541848,96.5174198,27.7622677852453,control (non-VVP),True,-0.15924188352599042,-0.21738030545276618,73,86,0.2989448694914646,0.24540646414050543,12,12
21,Chinagam,Anjaw,Unknown,Arunachal Pradesh,True,28.1625933,96.5530756,28.042568905542584,control (non-VVP),True,-0.2618213332282547,-0.28446633548059497,73,86,0.24022407102915977,0.2581648164821995,12,12
22,Nilang,Anjaw,Unknown,Arunachal Pradesh,True,28.1764497,96.6564414,28.486893314419977,control (non-VVP),True,-0.26426733379111456,-0.2944145788230608,73,86,0.28700859059533734,0.2500149508929841,12,12
23,Chipru,Anjaw,Unknown,Arunachal Pradesh,True,28.1503735,96.5374173,28.7529084694698,control (non-VVP),True,-0.1826707866187471,-0.2081988970290097,73,86,0.3044035801647511,0.3227986791129924,12,12
24,Jiongming,Anjaw,Unknown,Arunachal Pradesh,True,28.0367462,96.9717952,28.828837329459443,control (non-VVP),True,-0.15219235305162399,-0.17216413903794342,146,172,0.3130009357179149,0.34152340393387864,12,12
25,Warti,Anjaw,Unknown,Arunachal Pradesh,True,28.0392081,96.9729224,29.015113460311976,control (non-VVP),True,-0.14542953115184826,-0.16929445562211337,146,172,0.3099160182845685,0.33692690845607787,12,12
26,Chareimna,Anjaw,Unknown,Arunachal Pradesh,True,28.1695789,96.6589609,29.05506117418188,control (non-VVP),True,-0.24194370918920585,-0.28154486576666504,73,86,0.34268734037282056,0.280382057509549,12,12
27,Bringkong,Anjaw,Unknown,Arunachal Pradesh,True,28.1715853,96.6504862,29.235932788914383,control (non-VVP),True,-0.2776708204856731,-0.3030952011461355,73,86,0.2725157760631268,0.2537871205096521,12,12
28,Baligam,Anjaw,Unknown,Arunachal Pradesh,True,28.1433091,96.5356291,29.43782006027962,control (non-VVP),True,-0.2787028636253511,-0.286449369063729,73,86,0.2507436476614443,0.29955063386081043,12,12
29,Sethi,Anjaw,Unknown,Arunachal Pradesh,True,28.055845,96.9797354,30.465233345920453,control (non-VVP),True,-0.1418295077661571,-0.1736751556335083,146,172,0.32050224205460215,0.22324635111857483,12,12
30,Challang,Anjaw,Unknown,Arunachal Pradesh,True,28.1551886,96.6522501,30.782237092846348,control (non-VVP),True,-0.24775991726811306,-0.2602647839062115,73,86,0.24154199133506637,0.290434950466097,12,12
31,Matiliang 266674,Anjaw,Unknown,Arunachal Pradesh,True,28.1076072,96.445203,30.920931427207496,control (non-VVP),True,-0.16719264518712718,-0.2846255323561538,73,86,0.2959916625420252,0.2337870365712378,12,12
32,Tololiang,Anjaw,Unknown,Arunachal Pradesh,True,28.1256641,96.547808,31.674637251537064,control (non-VVP),True,-0.2949585837416594,-0.30398726750802463,73,86,0.2160375270063251,0.24398361980322975,12,12
33,Chamemla,Anjaw,Unknown,Arunachal Pradesh,True,28.1286743,96.5620271,31.85281522562808,control (non-VVP),True,-0.30309288686599545,-0.30688055325391017,73,86,0.288075706289549,0.2732784657273442,12,12
34,Bulimina,Anjaw,Unknown,Arunachal Pradesh,True,28.1406221,96.6583188,31.954247870225128,control (non-VVP),True,-0.2370720680880886,-0.255675770671333,73,86,0.301248600988677,0.2916264561758566,12,12
35,Hoiliang 266714,Anjaw,Unknown,Arunachal Pradesh,True,28.0981287,96.4478867,32.0053640309043,control (non-VVP),True,-0.19074111021200812,-0.29321238409053013,73,86,0.3059571293862061,0.2771396883773698,12,12
36,Tuboka,Anjaw,Unknown,Arunachal Pradesh,True,28.1222299,96.5542939,32.24772241518634,control (non-VVP),True,-0.2958449352183275,-0.3155073234335255,73,86,0.24893503282157287,0.25253599175847113,12,12
37,Tikromna,Anjaw,Unknown,Arunachal Pradesh,True,28.1182382,96.5447809,32.358005180805385,control (non-VVP),True,-0.2260308268413088,-0.24398387572376662,73,86,0.22400815700397347,0.2539618068495901,12,12
38,Adomla,Anjaw,Unknown,Arunachal Pradesh,True,28.1135364,96.5375112,32.63931418458326,control (non-VVP),True,-0.2064447242109888,-0.22058650036560332,73,86,0.2111176380208408,0.2583529072286565,12,12
39,Tafraliang,Anjaw,Unknown,Arunachal Pradesh,True,28.0886403,96.4529695,33.153023601738646,control (non-VVP),True,-0.21854305700440382,-0.27547056773267375,73,86,0.28824371657852593,0.3107852905724371,12,12
40,Paluliang,Anjaw,Unknown,Arunachal Pradesh,True,28.1167741,96.5706359,33.39289000170816,control (non-VVP),True,-0.23770142934132094,-0.25488404526005154,73,86,0.2386221874294883,0.28678756069437344,12,12
41,Tikromla,Anjaw,Unknown,Arunachal Pradesh,True,28.0971168,96.5348369,34.31385251032624,control (non-VVP),True,-0.26154837983980833,-0.2766144603900961,73,86,0.2881775458499921,0.2734494833193258,12,12
42,Champhai,Anjaw,Unknown,Arunachal Pradesh,True,28.1085212,96.57408,34.3674923444699,control (non-VVP),True,-0.27114397657911427,-0.2893498345883512,73,86,0.2233791597664156,0.2798213632453304,12,12
43,Chirang 266667,Anjaw,Unknown,Arunachal Pradesh,True,28.0684239,96.4069505,34.51581155631747,control (non-VVP),True,-0.2737832002906517,-0.3022348339322533,73,86,0.2308397798477549,0.25491242946447,12,12
44,Barafu,Anjaw,Unknown,Arunachal Pradesh,True,28.1017011,96.558488,34.52797727422521,control (non-VVP),True,-0.2577909914074071,-0.27550811806977615,73,86,0.28165367172661765,0.24746473543428898,12,12
45,Langum,Anjaw,Unknown,Arunachal Pradesh,True,28.1218659,96.6112899,34.76622900601115,control (non-VVP),True,-0.29253622091262227,-0.2981137750873504,73,86,0.25370329214915316,0.262286351437574,12,12
46,Khupa Village 266673,Anjaw,Unknown,Arunachal Pradesh,True,28.0771387,96.4736667,34.92083910596573,control (non-VVP),True,-0.25238446324161073,-0.2662404714551908,73,86,0.3752743315199451,0.3021016517042979,12,12
47,Hayugam,Anjaw,Unknown,Arunachal Pradesh,True,28.0893566,96.5438268,35.3843601683056,control (non-VVP),True,-0.294323292899727,-0.31591534002543126,73,86,0.3378576743297087,0.3004208497512035,12,12
48,Kalamdia,Anjaw,Unknown,Arunachal Pradesh,True,28.0994655,96.5765815,35.38966199183561,control (non-VVP),True,-0.2592550485552431,-0.2825678664575296,73,86,0.2610706292813824,0.25408787009315575,12,12
49,Khugam,Anjaw,Unknown,Arunachal Pradesh,True,28.0970181,96.5765587,35.64039244454056,control (non-VVP),True,-0.24591132794684506,-0.2626037355874754,73,86,0.2591048299870222,0.23741325102375196,12,12
50,Swami Camp,Anjaw,Unknown,Arunachal Pradesh,True,28.0761921,96.5004673,35.71663701514807,control (non-VVP),True,-0.13879936992530062,-0.16136159693601343,73,86,0.5386330005728311,0.5238688347342277,12,12
51,Chameliang,Anjaw,Unknown,Arunachal Pradesh,True,28.081538,96.5395274,36.10070905223501,control (non-VVP),True,-0.17942332762114033,-0.22790066389585745,73,86,0.5216666703056169,0.7064700009305472,12,12
52,Nenuliang,Anjaw,Unknown,Arunachal Pradesh,True,28.0695914,96.5025516,36.47740878026867,control (non-VVP),True,-0.15117351423706535,-0.1568903025252534,73,86,0.47069198900870907,0.45216000469983825,12,12
53,Khupa Township,Anjaw,Unknown,Arunachal Pradesh,True,28.0654038,96.4926664,36.669653927690405,control (non-VVP),True,-0.15548903811962994,-0.16226367890216667,73,86,0.7830670829110616,1.0204923147911982,12,12
54,Amliang,Anjaw,Unknown,Arunachal Pradesh,True,28.0586788,96.4688356,36.772239821896335,control (non-VVP),True,-0.16331443185642996,-0.16984186491774694,73,86,0.3478500920301043,0.3614031626192551,12,12
55,Mompani,Anjaw,Unknown,Arunachal Pradesh,True,28.0513007,96.4415599,36.90022530314944,control (non-VVP),True,-0.258184147351068,-0.27192558294388625,73,86,0.24163472610436537,0.24950018943431274,12,12
56,Langjon,Anjaw,Unknown,Arunachal Pradesh,True,28.053427,96.4586965,37.07185575220221,control (non-VVP),True,-0.16296136695110236,-0.17826008305197896,73,86,0.2555007433213518,0.30310108108132444,12,12
57,Thamptong 266699,Anjaw,Unknown,Arunachal Pradesh,True,28.0678982,96.519264,37.09174843787751,control (non-VVP),True,-0.27654976620729144,-0.28359711910836755,73,86,0.3214620211021562,0.2921653732129958,12,12
58,Talang,Anjaw,Unknown,Arunachal Pradesh,True,28.0840788,96.5820921,37.17372787408739,control (non-VVP),True,-0.302899604619027,-0.2807702318690141,73,86,0.2985291964397198,0.2660855470501927,12,12
59,Mahikong,Anjaw,Unknown,Arunachal Pradesh,True,28.0544424,96.4828253,37.58834433224498,control (non-VVP),True,-0.2131025406216897,-0.20852844811072507,73,86,0.3142311923799262,0.2909070788759046,12,12
60,Tepang,Anjaw,Unknown,Arunachal Pradesh,True,27.9688421,96.7188848,37.9259149195321,control (non-VVP),True,-0.24547017860374787,-0.2468797436714517,146,172,0.2134137657856701,0.2348522240699475,12,12
61,Blom,Anjaw,Unknown,Arunachal Pradesh,True,28.0783604,96.5876028,37.96428159431192,control (non-VVP),True,-0.2890290863016592,-0.2786229655013788,73,86,0.31915364251472056,0.28710472397506237,12,12
62,布拉母哈岗,Anjaw,Unknown,Arunachal Pradesh,True,28.0669816,96.5559722,38.103619818542384,control (non-VVP),True,-0.0835215581683618,-0.11913231901987027,73,86,1.3972159732380385,1.1486267546700948,12,12
63,Kamba,Anjaw,Unknown,Arunachal Pradesh,True,28.0665856,96.5608784,38.29061279666109,control (non-VVP),True,-0.14770961419496503,-0.20626708529021073,73,86,0.9455908698714032,0.7333110421397615,12,12
64,Chillang,Anjaw,Unknown,Arunachal Pradesh,True,28.0356469,96.4227016,38.30913224271945,control (non-VVP),True,-0.3161548361981635,-0.3467934522061648,73,86,0.25663116834890687,0.24669002315589125,12,12
65,Chingraliang 266703,Anjaw,Unknown,Arunachal Pradesh,True,28.0460551,96.4835718,38.5057562974661,control (non-VVP),True,-0.2752359131700933,-0.2844654026401999,73,86,0.2607334388976092,0.24719107843993376,12,12
66,Mele 266697,Anjaw,Unknown,Arunachal Pradesh,True,28.0533163,96.5470204,39.31156367802646,control (non-VVP),True,-0.26497593204736986,-0.27782739193976586,73,86,0.2747745799053535,0.21153732675009987,12,12
67,Karangliang,Anjaw,Unknown,Arunachal Pradesh,True,28.0328845,96.4619146,39.35483127096242,control (non-VVP),True,-0.29854432568989975,-0.29570904346902877,73,86,0.22327666007887695,0.2322538109328037,12,12
68,Naraliang,Anjaw,Unknown,Arunachal Pradesh,True,28.0272329,96.4412739,39.516581462951535,control (non-VVP),True,-0.2497395712527581,-0.26340660241482294,73,86,0.25110551953249066,0.23938105757071138,12,12
69,Takaliang,Anjaw,Unknown,Arunachal Pradesh,True,28.0190688,96.4160791,40.05087119190448,control (non-VVP),True,-0.32618560983570355,-0.35053752741151684,73,86,0.28934958600284255,0.2443717691857376,12,12
70,Chiphugam 266713,Anjaw,Unknown,Arunachal Pradesh,True,28.0127703,96.4014324,40.608662519250345,control (non-VVP),True,-0.3237956726026479,-0.3411209539759414,73,86,0.2594521438368408,0.23644309725505017,12,12
71,Khorlang,Anjaw,Unknown,Arunachal Pradesh,True,28.0257952,96.487329,40.77244573605165,control (non-VVP),True,-0.2821150169466516,-0.2883210791959608,73,86,0.284049599241894,0.24226493108193436,12,12
72,Tummla,Anjaw,Unknown,Arunachal Pradesh,True,28.0474659,96.582792,40.9916149981248,control (non-VVP),True,-0.1732189799905616,-0.18972154662047408,73,86,0.23790548171773052,0.2702507429008249,12,12
73,Matong,Anjaw,Unknown,Arunachal Pradesh,True,28.0593901,96.6181031,41.1988576731284,control (non-VVP),True,-0.26518913146054407,-0.2869485126749752,73,86,0.3119588865511186,0.2633849601632199,12,12
74,Paya,Anjaw,Unknown,Arunachal Pradesh,True,28.0083682,96.4228615,41.3081896196448,control (non-VVP),True,-0.27686147003891604,-0.30940315466163876,73,86,0.2871917650549119,0.26758767276639295,12,12
75,Supnung,Anjaw,Unknown,Arunachal Pradesh,True,28.0571961,96.6182474,41.42029518150113,control (non-VVP),True,-0.24247252578150802,-0.26765560459661153,73,86,0.3051541166778154,0.2571982282109699,12,12
76,Bruini,Dibang Valley,Unknown,Arunachal Pradesh,True,29.1545325,96.1488625,4.739801400488968,control (non-VVP),True,-0.1554537094764159,-0.2208407120171458,296,340,0.26754655631560853,0.3439888230748683,12,12
77,Andrala Omkar,Dibang Valley,Unknown,Arunachal Pradesh,True,29.0623725,95.6169709,12.5097504539976,control (non-VVP),True,-0.234118621720563,-0.2888417677167179,73,86,0.2582244353568963,0.29391288777126423,12,12
78,阿进,Dibang Valley,Unknown,Arunachal Pradesh,True,29.0685,96.0265797,14.471694450516267,control (non-VVP),True,-0.16873402776301138,-0.2177412755871813,296,340,0.30054606900997627,0.2282690898502976,12,12
79,Mawu,Dibang Valley,Unknown,Arunachal Pradesh,True,29.0571162,96.0144078,15.67462930303044,control (non-VVP),True,-0.16772511769609397,-0.23523456246003127,296,340,0.3297121736564133,0.24940241172321526,12,12
80,阿普衣,Dibang Valley,Unknown,Arunachal Pradesh,True,29.0043871,95.9701987,20.09789314478475,control (non-VVP),True,-0.16913962679458877,-0.2323710572516729,297,340,0.3450686054878779,0.20512257616161386,12,12
81,Dambuen,Dibang Valley,Unknown,Arunachal Pradesh,True,28.931081,95.9752764,21.21593602485472,control (non-VVP),True,-0.11227080692793778,-0.11688469239774421,294,340,0.2808930545144225,0.23952687547561968,12,12
82,Basam,Dibang Valley,Unknown,Arunachal Pradesh,True,29.0406371,95.8135986,21.81207441458054,control (non-VVP),True,-0.21335624507618323,-0.2382250550501673,149,169,0.3178159642444217,0.21727273106046366,12,12
83,Rilley,Dibang Valley,Unknown,Arunachal Pradesh,True,28.8599437,95.9809166,22.764206356793835,control (non-VVP),True,-0.17144378768983207,-0.18202616471246427,592,684,0.35190581712896457,0.18582597628202924,12,12
84,dian,Dibang Valley,Unknown,Arunachal Pradesh,True,28.9488654,95.6849583,23.39036782499988,control (non-VVP),True,-0.22934715036719733,-0.29545144305386767,148,170,0.2873033811199625,0.17807423447432302,12,12
85,埃巴尼,Dibang Valley,Unknown,Arunachal Pradesh,True,29.0173756,95.8081057,23.9627626264192,control (non-VVP),True,-0.18840064611142213,-0.21469202654993752,147,169,0.29412367527754457,0.21230241674296027,12,12
86,Atalin,Dibang Valley,Unknown,Arunachal Pradesh,True,28.8368966,95.9659782,25.176539267310137,control (non-VVP),True,-0.10093952608818012,-0.13779676025058912,591,684,0.33154051629877884,0.3455073614146828,12,12
87,Ahunli,Dibang Valley,Unknown,Arunachal Pradesh,True,28.8345474,95.9597204,25.83864178208416,control (non-VVP),True,-0.07787088193210014,-0.12125855028962634,589,684,0.3341750447976523,0.3121945931591801,12,12
88,Abali,Dibang Valley,Unknown,Arunachal Pradesh,True,28.99724,95.8076255,26.034179785880767,control (non-VVP),True,-0.20500901280339603,-0.2196369858339504,147,169,0.2771561617213013,0.2042772832565603,12,12
89,Beyanli,Dibang Valley,Unknown,Arunachal Pradesh,True,28.9959135,95.8079275,26.18250955105191,control (non-VVP),True,-0.20630618950703908,-0.21940641553821522,147,169,0.2757849105094608,0.1968695152093444,12,12
90,Awalin,Dibang Valley,Unknown,Arunachal Pradesh,True,28.7056681,96.1699665,26.211338075489483,control (non-VVP),True,-0.21463099995905965,-0.23111858239767336,146,172,0.28587367222516324,0.26730839896647973,12,12
91,Singo,Dibang Valley,Unknown,Arunachal Pradesh,True,28.8257925,95.9457494,27.496207989464107,control (non-VVP),True,-0.09563143732834695,-0.12565479132472,588,684,0.3123239816481,0.31800421252764755,12,12
92,Mihundo,Dibang Valley,Unknown,Arunachal Pradesh,True,28.829056,95.9393137,27.89030060387755,control (non-VVP),True,-0.11563351594979641,-0.16338386424543647,588,684,0.3120377501071488,0.27653867082042594,12,12
93,Akolin,Dibang Valley,Unknown,Arunachal Pradesh,True,28.8236778,95.9416852,27.95640540054999,control (non-VVP),True,-0.0745955129876062,-0.11686958803286805,588,684,0.3089537463983775,0.2891235282308205,12,12
94,Ayongo,Dibang Valley,Unknown,Arunachal Pradesh,True,28.8230669,95.9418373,27.97493894289717,control (non-VVP),True,-0.07421521693148551,-0.1138290388681607,588,684,0.3076877314965803,0.28674267121068725,12,12
95,Ahunli,Dibang Valley,Unknown,Arunachal Pradesh,True,28.8140704,95.9419262,28.44828524069856,control (non-VVP),True,-0.14054718957691925,-0.18315681820427737,588,684,0.3293031177350453,0.24542124066706542,12,12
96,Angulin,Dibang Valley,Unknown,Arunachal Pradesh,True,28.9748478,95.8112262,28.49318519693004,control (non-VVP),True,-0.12978215583587493,-0.16439327328270753,147,169,0.3340474913906119,0.2575791435534728,12,12
97,Makuni,Dibang Valley,Unknown,Arunachal Pradesh,True,28.8221427,95.9310087,28.9594463116276,control (non-VVP),True,-0.20552871227950398,-0.23790894451811267,588,684,0.30893191002836123,0.22023942819080503,12,12
98,Etabe,Dibang Valley,Unknown,Arunachal Pradesh,True,28.8079186,95.9351971,29.358010050916832,control (non-VVP),True,-0.16511643026957745,-0.1938386936415069,588,684,0.3363723904058354,0.29204254119571943,12,12
99,Baro,Dibang Valley,Unknown,Arunachal Pradesh,True,28.7934003,95.9284162,30.75864356991968,control (non-VVP),True,-0.20422168884025954,-0.23055381254527416,294,342,0.3705844385302173,0.3288716787587752,12,12
100,Apanli,Dibang Valley,Unknown,Arunachal Pradesh,True,28.6700204,96.1056557,31.29422934107572,control (non-VVP),True,-0.23522478030545615,-0.22753178271525656,294,340,0.3115134519512343,5.969435778567608,12,12
101,Larango,Dibang Valley,Unknown,Arunachal Pradesh,True,28.7880718,95.918821,31.86607740091618,control (non-VVP),True,-0.13070238210679155,-0.1735600682071001,147,170,0.39983167770682587,0.32881253635383334,12,12
102,Amuli,Dibang Valley,Unknown,Arunachal Pradesh,True,28.7875753,95.9141519,32.28166853802251,control (non-VVP),True,-0.11535584142067827,-0.17048400605637898,147,170,0.43633846573048035,0.3617289964646528,12,12
103,Brango,Dibang Valley,Unknown,Arunachal Pradesh,True,28.9405604,95.8173923,32.29183869008044,control (non-VVP),True,-0.12156242296355856,-0.15253009654086946,148,170,0.2821249958872795,0.24068611130118367,12,12
104,Akunli,Dibang Valley,Unknown,Arunachal Pradesh,True,28.8111887,95.8962517,32.5355921450053,control (non-VVP),True,-0.10240141056585131,-0.09689817735235146,294,340,3.5068791919357176,0.8144386378945886,12,12
105,Karu,Dibang Valley,Unknown,Arunachal Pradesh,True,28.8049354,95.8992688,32.587821958149284,control (non-VVP),True,-0.052995929526990296,-0.07693848392618358,294,340,1.2788977740488392,0.9069199846310763,12,12
106,Tanga II,Dibang Valley,Unknown,Arunachal Pradesh,True,28.8136293,95.893295,32.67631994699575,control (non-VVP),True,-0.113902790077079,-0.12467102627109374,294,340,4.6961099115093194,0.47718657058688385,12,12
107,Akhunli,Dibang Valley,Unknown,Arunachal Pradesh,True,28.6685127,96.059513,32.993165287526374,control (non-VVP),True,-0.27684459556012764,-0.2846206542682334,294,342,0.3180868290118035,0.3123960661934175,12,12
108,Maro,Dibang Valley,Unknown,Arunachal Pradesh,True,28.8314281,95.8735957,33.65500502664909,control (non-VVP),True,-0.136346897872535,-0.1717091970282609,294,340,0.3038986435509671,0.21577936235884804,12,12
109,Tapo,Dibang Valley,Unknown,Arunachal Pradesh,True,28.8150846,95.8784431,33.92158477451002,control (non-VVP),True,-0.2704834073472274,-0.29022011694993505,294,340,3.903708321295425,0.24483314953228033,12,12
110,Amboli,Dibang Valley,Unknown,Arunachal Pradesh,True,28.7782095,95.9006268,33.951810510469485,control (non-VVP),True,-0.20351054832238952,-0.22851273173424844,147,170,0.33763153262222567,0.24641832038266764,12,12
111,Charkilo,Dibang Valley,Unknown,Arunachal Pradesh,True,28.8156575,95.8773093,33.996313730005284,control (non-VVP),True,-0.2757735562077415,-0.2915166987821979,294,340,3.351836295247209,0.23424183873191262,12,12
112,Maroli,Dibang Valley,Unknown,Arunachal Pradesh,True,28.8551403,95.8604802,34.02008814842359,control (non-VVP),True,-0.2126495431460316,-0.2364673108288904,296,340,0.2793419642562645,0.2287600958957808,12,12
113,Angulin,Dibang Valley,Unknown,Arunachal Pradesh,True,28.7972034,95.8857247,34.1570920023645,control (non-VVP),True,-0.11527090239280006,-0.13176553750082376,147,170,0.9514952379353631,0.7493087636558922,12,12
114,Athunli,Dibang Valley,Unknown,Arunachal Pradesh,True,28.6575175,96.0218393,35.703524383599735,control (non-VVP),True,-0.21596962019236735,-0.1661991999962191,294,342,0.30204880616282886,0.21818508443252813,12,12
115,Anose,Dibang Valley,Unknown,Arunachal Pradesh,True,28.6322763,96.0147489,35.94683270524162,control (non-VVP),True,-0.32604066365015555,-0.3405427423264198,294,342,0.32504346841051096,0.24095356950616997,12,12
116,恰帕,Dibang Valley,Unknown,Arunachal Pradesh,True,28.6587596,96.0107761,36.10892685686056,control (non-VVP),True,-0.25467388197512714,-0.2280376840245168,294,342,0.3073198947500675,0.22961926161575427,12,12
117,Ilupu,Dibang Valley,Unknown,Arunachal Pradesh,True,28.7766747,95.8707591,36.53752328568139,control (non-VVP),True,-0.15178168786078944,-0.18555188394772237,147,170,0.7953340724227408,0.2262150034859092,12,12
118,Alombro,Dibang Valley,Unknown,Arunachal Pradesh,True,28.8912928,95.8139536,37.44827678081757,control (non-VVP),True,-0.1914783422490405,-0.1663128270250866,296,340,0.3009465460256904,0.20333797005077783,12,12
119,岷东,Dibang Valley,Unknown,Arunachal Pradesh,True,28.7733786,95.8573956,37.85177130688197,control (non-VVP),True,-0.18506019808027963,-0.21549590296840096,147,170,0.3017251894392962,0.20710516623828717,12,12
120,昂里,Dibang Valley,Unknown,Arunachal Pradesh,True,28.6444365,95.9929441,38.360632618269065,control (non-VVP),True,-0.26736047032902066,-0.2805605948500147,294,342,0.31502110757229085,0.23461545890582816,12,12
121,Aruko,Dibang Valley,Unknown,Arunachal Pradesh,True,28.6365123,96.0073067,38.42709422070483,control (non-VVP),True,-0.30768850533889147,-0.3194765579288555,294,342,0.2989640883648593,0.25380019240945745,12,12
122,阿米里,Dibang Valley,Unknown,Arunachal Pradesh,True,28.3999197,95.9040857,39.043917134710846,control (non-VVP),True,-0.13161114108401323,-0.13230576822466356,146,169,0.32731814932233166,0.23953974897333152,12,12
123,Ashambra,Dibang Valley,Unknown,Arunachal Pradesh,True,28.4083935,95.8960457,39.78552162439113,control (non-VVP),True,-0.1157289186672988,-0.14953829235087202,146,169,0.2812303798482022,0.24210575610532892,12,12
124,Immli,Dibang Valley,Unknown,Arunachal Pradesh,True,28.7250516,95.8683257,39.89816301809222,control (non-VVP),True,-0.1991160350658673,-0.19751445919958913,147,169,0.46717058641112275,0.2458827879200591,12,12
125,Koronli,Dibang Valley,Unknown,Arunachal Pradesh,True,28.4146922,95.8929454,40.07023852433401,control (non-VVP),True,-0.08727750512922326,-0.14308658286629433,146,169,0.31353495960494926,0.22827598879260574,12,12
126,柯委,Dibang Valley,Unknown,Arunachal Pradesh,True,28.7183921,95.8681743,40.35795197178727,control (non-VVP),True,-0.2079626953891442,-0.23685081898444368,147,169,0.3556189696679934,0.23807071396595653,12,12
127,鲁波,Dibang Valley,Unknown,Arunachal Pradesh,True,28.4499048,95.8843525,41.02762145083768,control (non-VVP),True,-0.32216461047970607,-0.34914779204682606,146,169,0.2950373669844037,0.2285743608502796,12,12
128,Ichigo,Dibang Valley,Unknown,Arunachal Pradesh,True,28.5155155,95.8937841,41.32167078574314,control (non-VVP),True,-0.31520512958165847,-0.3373078150734306,146,170,0.3420532103441449,0.18626622200940424,12,12
129,Arope,Dibang Valley,Unknown,Arunachal Pradesh,True,28.6313227,95.9389968,42.48747530154613,control (non-VVP),True,-0.2981501294703621,-0.30683968766077313,294,342,0.31187546156530144,0.4995814812530074,12,12
130,Waing,East Kameng,Unknown,Arunachal Pradesh,True,27.7737215,92.9303658,28.808420130737865,control (non-VVP),True,-0.28961006362540814,-0.30785764643800695,146,170,0.27719351467159065,0.25141203163398634,12,12
131,Saria Takhong,East Kameng,Unknown,Arunachal Pradesh,True,27.7461293,92.9324466,30.596867243551923,control (non-VVP),True,-0.2591607462186151,-0.27580012051669295,146,170,0.31755272033608845,0.24229189535224607,12,12
132,Takung Sullung,East Kameng,Unknown,Arunachal Pradesh,True,27.737803,92.9545701,32.951598760424496,control (non-VVP),True,-0.26637624113625363,-0.2937248313125818,146,170,0.2942592593365245,0.2536963001721435,12,12
133,Weigung Sullung,East Kameng,Unknown,Arunachal Pradesh,True,27.7282868,92.9780365,35.489345723754084,control (non-VVP),True,-0.27017152999010324,-0.29311834464747666,146,171,0.31462088137765615,0.24975806333795933,12,12
134,Mechar,East Kameng,Unknown,Arunachal Pradesh,True,27.7792152,93.0216134,36.19220014344069,control (non-VVP),True,-0.2529766863583694,-0.2754327857649463,292,343,0.3347821653021854,0.22729607264576557,12,12
135,Mechi,East Kameng,Unknown,Arunachal Pradesh,True,27.7740086,93.0208212,36.435710208882135,control (non-VVP),True,-0.2480149859891349,-0.26842720240850565,292,343,0.35387265551626007,0.22402902680836367,12,12
136,Yakli,East Kameng,Unknown,Arunachal Pradesh,True,27.7643991,93.0211222,37.03298419591293,control (non-VVP),True,-0.2388889384836852,-0.24910774055324916,292,343,0.33256779760964167,0.2463888918612636,12,12
137,Venia,East Kameng,Unknown,Arunachal Pradesh,True,27.7340861,93.0020799,37.180052358596086,control (non-VVP),True,-0.21245082997784773,-0.21780593265600218,292,343,0.33475490322344975,0.341334836346801,12,12
138,Veo,East Kameng,Unknown,Arunachal Pradesh,True,27.7219814,93.017386,39.18026752602492,control (non-VVP),True,-0.29992024908145,-0.3249385234177279,292,345,0.3375952615258961,0.294764148739149,12,12
139,Kapa,East Kameng,Unknown,Arunachal Pradesh,True,27.6655139,92.9735655,39.40773498381321,control (non-VVP),True,-0.2718967481136303,-0.2494477815928338,146,171,0.32100319550246803,0.33628847493647457,12,12
140,Chaling,East Kameng,Unknown,Arunachal Pradesh,True,27.66365,92.9723051,39.46081918358346,control (non-VVP),True,-0.2637761845746784,-0.23254625199008064,146,171,0.2998037087917328,0.3448379655016793,12,12
141,Lamniya,East Kameng,Unknown,Arunachal Pradesh,True,27.7095829,93.0130663,39.54090859836912,control (non-VVP),True,-0.2636537892455816,-0.30385028969130606,292,345,0.3192306963067278,0.2933286950821865,12,12
142,Parte,East Kameng,Unknown,Arunachal Pradesh,True,27.689839,93.0024418,39.80447048442179,control (non-VVP),True,-0.3088636267608674,-0.2368430376491691,292,343,0.3214928983906994,0.27490564375581233,12,12
143,Tabey,East Kameng,Unknown,Arunachal Pradesh,True,27.6122188,92.9122259,39.99774466973592,control (non-VVP),True,-0.280326484930365,-0.29775116539914326,146,171,0.34284163837659665,0.30485371043768494,12,12
144,Yacho,East Kameng,Unknown,Arunachal Pradesh,True,27.6396662,92.9601837,40.53666042307762,control (non-VVP),True,-0.27675609179762867,-0.3013613879280233,146,171,0.2808575902180068,0.29245520345574666,12,12
145,Wagyang,East Kameng,Unknown,Arunachal Pradesh,True,27.6713461,93.0008935,40.980446902147314,control (non-VVP),True,-0.31192600564159173,-0.3147400964232182,292,345,0.36104817984492654,0.3187844132605408,12,12
146,Nampe,East Kameng,Unknown,Arunachal Pradesh,True,27.6900524,93.018259,41.12206662038251,control (non-VVP),True,-0.2804062766824179,-0.2804678051485294,292,343,0.29229351994064123,0.29008611222108205,12,12
147,Jomoh,East Kameng,Unknown,Arunachal Pradesh,True,27.6573981,92.9985809,41.82844426537984,control (non-VVP),True,-0.2007266279428618,-0.2262649748007467,292,345,0.32111975994868597,0.29698275687697206,12,12
148,Hanche,East Kameng,Unknown,Arunachal Pradesh,True,27.7421636,93.0637776,41.93292929038523,control (non-VVP),True,-0.2976600132229822,-0.3279767916557891,292,343,0.3302046199308502,0.29765833324856233,12,12
149,Byale,East Kameng,Unknown,Arunachal Pradesh,True,27.7356495,93.0675738,42.63914939786015,control (non-VVP),True,-0.2698379587496218,-0.28486576919391066,292,343,0.3477759125248697,0.2841144566167921,12,12
150,Waii,East Kameng,Unknown,Arunachal Pradesh,True,27.5965694,92.9464187,43.36805820629529,control (non-VVP),True,-0.25714070172793446,-0.2790912956509874,146,171,0.3382185781647874,0.32114277352866955,12,12
151,Namta Yangfo,East Kameng,Unknown,Arunachal Pradesh,True,27.7018661,93.0532147,43.38193597017538,control (non-VVP),True,-0.27412822480993515,-0.2794052036866624,292,345,0.31899629063076435,0.32091018435027857,12,12
152,Lapung,East Kameng,Unknown,Arunachal Pradesh,True,27.5627371,92.8898001,43.56340878215714,control (non-VVP),True,-0.23371465015855997,-0.2698161561510443,146,171,0.29555741681661934,0.34550224928609724,12,12
153,Bodo,East Kameng,Unknown,Arunachal Pradesh,True,27.680324,93.0406964,43.58582808883735,control (non-VVP),True,-0.2394920707076838,-0.2592321851031464,292,343,0.31178225293522177,0.3342188669064434,12,12
154,Jokhio,East Kameng,Unknown,Arunachal Pradesh,True,27.6531478,93.0282798,44.345881287237766,control (non-VVP),True,-0.23167983347621682,-0.26756200634200117,292,345,0.297181652804439,0.33735767706726366,12,12
155,Sawa,East Kameng,Unknown,Arunachal Pradesh,True,27.6833826,93.0522114,44.37900635323837,control (non-VVP),True,-0.22134258062658224,-0.22623900198668784,292,343,0.30595676020152857,0.3006505168692306,12,12
156,Tungi,East Kameng,Unknown,Arunachal Pradesh,True,27.674452,93.0461713,44.39177806986576,control (non-VVP),True,-0.23837739927957685,-0.28358718413910056,292,343,0.3072262620126735,0.32884077549646684,12,12
157,Bengde,East Kameng,Unknown,Arunachal Pradesh,True,27.6619285,93.0379357,44.46874619346225,control (non-VVP),True,-0.22238386808129137,-0.26942299457936175,292,345,0.2995958497646256,0.336022434729225,12,12
158,Pangia,East Kameng,Unknown,Arunachal Pradesh,True,27.633391,93.0158758,44.88700945558452,control (non-VVP),True,-0.25134824695686186,-0.2763824835334691,292,345,0.33173263634460565,0.509723146822939,12,12
159,Kapak Leyak Docha,East Kameng,Unknown,Arunachal Pradesh,True,27.5303152,92.8464486,45.07935601529687,control (non-VVP),True,-0.21705914340090435,-0.2364302522867894,146,170,0.3188442686294538,0.317631032031316,12,12
160,Jattom Sollung,East Kameng,Unknown,Arunachal Pradesh,True,27.7610472,93.1233315,45.52894522093924,control (non-VVP),True,-0.31638349590041426,-0.3166906149281714,146,173,0.2715914246056472,0.3311154947996678,12,12
161,Krema Pao,East Kameng,Unknown,Arunachal Pradesh,True,27.6579303,93.0508089,45.750519494240194,control (non-VVP),True,-0.19968400583110366,-0.26929153556704555,292,345,0.3217620362838109,0.3042314785387781,12,12
162,Khenawa,East Kameng,Unknown,Arunachal Pradesh,True,27.6180869,93.016777,46.12843128494904,control (non-VVP),True,-0.213785894256378,-0.2346195943650032,292,345,0.4960743451741699,0.4226928057606945,12,12
163,Tagampu Sollung,East Kameng,Unknown,Arunachal Pradesh,True,27.7343114,93.1143115,46.50540156670997,control (non-VVP),True,-0.30554447958148573,-0.3148746434064901,146,173,0.2820819421061154,0.30691601158647036,12,12
164,Norang,East Kameng,Unknown,Arunachal Pradesh,True,27.5824001,92.9783276,46.53440226970117,control (non-VVP),True,-0.28911124699044394,-0.2873435087650892,146,171,0.3237059935090247,0.2753689117980807,12,12
165,Margingia Camp,East Kameng,Unknown,Arunachal Pradesh,True,27.631307,93.0389871,46.72768006177675,control (non-VVP),True,-0.1700799455395127,-0.16532916948670004,292,345,0.30977349943509863,0.3360975840016103,12,12
166,Tarawa Yangfo,East Kameng,Unknown,Arunachal Pradesh,True,27.7267073,93.1157187,47.12625814259949,control (non-VVP),True,-0.3076733690172583,-0.2983778828713063,146,173,0.27438038902690365,0.27316554826008593,12,12
167,Pordung,East Kameng,Unknown,Arunachal Pradesh,True,27.6065455,93.0184293,47.150571405851686,control (non-VVP),True,-0.2359309243306415,-0.27102786848605026,292,345,0.32811610407373876,0.2944438233804167,12,12
168,Keyang,East Kameng,Unknown,Arunachal Pradesh,True,27.7303152,93.1297477,47.99146668996831,control (non-VVP),True,-0.28809707453025923,-0.30034109977558215,146,173,0.2968132830409536,0.2988706409997558,12,12
169,Kamke,East Kameng,Unknown,Arunachal Pradesh,True,27.6740303,93.089903,48.10858079900222,control (non-VVP),True,-0.21761805903786097,-0.25849291716968875,292,343,0.3341045867037827,0.30372930222251887,12,12
170,Bameng,East Kameng,Unknown,Arunachal Pradesh,True,27.5435197,92.9483413,48.31642452509473,control (non-VVP),True,-0.18171631860957188,-0.2068558721654122,146,170,0.739271417077842,0.6874879626463996,12,12
171,Killo,East Kameng,Unknown,Arunachal Pradesh,True,27.685517,93.1001025,48.35318148630564,control (non-VVP),True,-0.23720553232470476,-0.25905748181429994,292,344,0.34191694792704,0.3200185389089107,12,12
172,Mangfi Mangam,East Kameng,Unknown,Arunachal Pradesh,True,27.6440742,93.0724919,48.392638431502654,control (non-VVP),True,-0.20397570916038596,-0.2024691743702839,292,345,0.3526187845420732,0.30852450161574946,12,12
173,Nari Camp,East Kameng,Unknown,Arunachal Pradesh,True,27.6463432,93.0774393,48.677497437885805,control (non-VVP),True,-0.19296070944182026,-0.20148129193784242,292,345,0.3427508347475675,0.3206633267261777,12,12
174,Yangfo,East Kameng,Unknown,Arunachal Pradesh,True,27.7351995,93.144567,48.866778809306034,control (non-VVP),True,-0.25488192898146655,-0.2698293495184754,146,173,0.3503718463575313,0.29929879422501016,12,12
175,Rebe,East Kameng,Unknown,Arunachal Pradesh,True,27.6978845,93.1212163,49.3862257923554,control (non-VVP),True,-0.21701238646148868,-0.26380383491136844,146,174,0.3170583294166459,0.3014194449451234,12,12
176,Bosu Camp,East Kameng,Unknown,Arunachal Pradesh,True,27.655767,93.0931091,49.44864618048417,control (non-VVP),True,-0.2631903135664554,-0.30066676575142914,292,345,0.3017982956896369,0.3246737125850758,12,12
177,Domdila Tajo,East Kameng,Unknown,Arunachal Pradesh,True,27.6694255,93.1075453,49.86757546501422,control (non-VVP),True,-0.21952287127349432,-0.251499527030272,146,173,0.3411388233170382,0.32755698985315757,12,12
178,Chome,Kra daadi,Unknown,Arunachal Pradesh,True,28.1503359,93.5386063,38.70554999309764,control (non-VVP),True,-0.31678313901918204,-0.331097500307553,73,85,0.3221779231019194,0.2289876349080572,12,12
179,Raha,Kra daadi,Unknown,Arunachal Pradesh,True,28.1361584,93.5375846,39.50271163222105,control (non-VVP),True,-0.2790199466071027,-0.3131057485094914,73,85,0.30625000369362115,0.23112322401747068,12,12
180,Nikbia,Kra daadi,Unknown,Arunachal Pradesh,True,28.1267124,93.561505,42.03044209811645,control (non-VVP),True,-0.28528334490848695,-0.32924268599653717,73,85,0.28784922274147595,0.2388165184604355,12,12
181,Biya,Kra daadi,Unknown,Arunachal Pradesh,True,28.1035778,93.5745502,44.55838696481046,control (non-VVP),True,-0.2945617082401608,-0.32822217315129065,73,85,0.29742611447970074,0.26030396384957394,12,12
182,海马西,Kra daadi,Unknown,Arunachal Pradesh,True,28.2122563,93.6474944,45.41824863990996,control (non-VVP),True,-0.29502920556005413,-0.3179388976260337,73,85,0.33455291265143755,0.20959992672160133,12,12
183,Neorum,Kra daadi,Unknown,Arunachal Pradesh,True,28.1946749,93.6465911,45.98565409524642,control (non-VVP),True,-0.2912097321868277,-0.3388585606614357,73,85,0.3085596854499068,0.20995564861202448,12,12
184,Korapu,Kra daadi,Unknown,Arunachal Pradesh,True,28.1693463,93.6556686,47.866969739768685,control (non-VVP),True,-0.2728298040093025,-0.3270804507289179,73,85,0.3066555460846596,0.22869113697623777,12,12
185,Dongmar Langpu,Kra daadi,Unknown,Arunachal Pradesh,True,28.1625815,93.6543169,48.049304595056384,control (non-VVP),True,-0.3054685542266805,-0.354409754402718,73,85,0.31954012772975826,0.27156725997643066,12,12
186,Raba Karsang,Kra daadi,Unknown,Arunachal Pradesh,True,28.1380163,93.6578323,49.54112017283783,control (non-VVP),True,-0.3001070100053335,-0.32958666756883376,73,85,0.28269612338002875,0.23526519266939958,12,12
187,Pipsorang,Kra daadi,Unknown,Arunachal Pradesh,True,28.1542122,93.6754322,50.32113443595387,control (non-VVP),True,-0.29259030111555684,-0.29372005710406507,73,85,0.3122209906578064,0.24830377386044508,12,12
188,Samba Karsang,Kra daadi,Unknown,Arunachal Pradesh,True,28.1421137,93.6699491,50.403600823355866,control (non-VVP),True,-0.3120206428247824,-0.3398410398838736,73,85,0.2940407367216217,0.2528462950388591,12,12
189,Lungba,Kra daadi,Unknown,Arunachal Pradesh,True,28.0563852,93.6123875,50.68892085304349,control (non-VVP),True,-0.294863246945591,-0.30188468462655804,73,85,0.29655511859967815,0.287307831547794,12,12
190,Barbia,Kra daadi,Unknown,Arunachal Pradesh,True,28.0190623,93.587875,51.595167768399534,control (non-VVP),True,-0.26116993130583804,-0.28194617897263635,146,169,0.3259636014369534,0.2711705500032844,12,12
191,Sangyo,Kra daadi,Unknown,Arunachal Pradesh,True,28.0739291,93.639461,51.65878822091823,control (non-VVP),True,-0.27953788437751115,-0.2603722834804944,73,85,0.3044484466182155,0.2808444169897198,12,12
192,Yame,Kra daadi,Unknown,Arunachal Pradesh,True,28.0522324,93.6242896,51.89243002350344,control (non-VVP),True,-0.29794114432860885,-0.29102216554718396,73,85,0.29227457431758325,0.2825545008953025,12,12
193,Furak,Kurung Kumey,Unknown,Arunachal Pradesh,True,28.1295763,93.2446185,23.644251699452592,control (non-VVP),True,-0.2763994874139182,-0.2890384456140447,146,170,0.34315153012508043,0.21348006675145692,12,12
194,Terreline,Kurung Kumey,Unknown,Arunachal Pradesh,True,28.1411574,93.3572171,26.51802186153796,control (non-VVP),True,-0.29379362304727613,-0.2959096178428109,146,170,0.3165647185812093,0.22401140901175415,12,12
195,Terik,Kurung Kumey,Unknown,Arunachal Pradesh,True,28.1291371,93.339988,26.77954567696128,control (non-VVP),True,-0.29779035703923823,-0.26611948540978714,146,170,0.2950932090134584,0.24023070490835519,12,12
196,Tikla,Kurung Kumey,Unknown,Arunachal Pradesh,True,28.1115397,93.3098102,27.28139338097069,control (non-VVP),True,-0.2445393101743403,-0.26488109481864847,146,170,0.3179398138655557,0.2849694469571114,12,12
197,Nayapuk,Kurung Kumey,Unknown,Arunachal Pradesh,True,28.1297215,93.3536247,27.39755940715146,control (non-VVP),True,-0.30449763264733315,-0.30392551338537005,146,170,0.2847715511703068,0.23181834694548004,12,12
198,帕普,Kurung Kumey,Unknown,Arunachal Pradesh,True,28.1632499,93.405407,27.60392116681208,control (non-VVP),True,-0.33864058665340346,-0.33070166838812715,146,170,0.3201328978057979,0.17744001858390182,12,12
199,Sayang,Kurung Kumey,Unknown,Arunachal Pradesh,True,28.1575101,93.4060193,28.10214916095901,control (non-VVP),True,-0.347796735237545,-0.323062967215168,146,170,0.3330558696938627,0.18593016661412223,12,12
200,Hagra,Kurung Kumey,Unknown,Arunachal Pradesh,True,28.0961261,93.2908666,28.286611791674424,control (non-VVP),True,-0.25934978781055135,-0.2864892982354302,146,170,0.327700405079513,0.24069631074698977,12,12
201,哈德,Kurung Kumey,Unknown,Arunachal Pradesh,True,28.1661506,93.419094,28.34298124436513,control (non-VVP),True,-0.3163411674566181,-0.31433566123367174,146,170,0.3346952060638871,0.2372200721699889,12,12
202,Putong,Kurung Kumey,Unknown,Arunachal Pradesh,True,28.1031564,93.3259013,28.747518787759585,control (non-VVP),True,-0.284398639333046,-0.27600826412361096,146,170,0.31623569728264117,0.28137689073088423,12,12
203,Tarla,Kurung Kumey,Unknown,Arunachal Pradesh,True,28.1131762,93.3533548,28.96445497287652,control (non-VVP),True,-0.28745271045822074,-0.3305391710391412,146,170,0.3098216282085432,0.21481326672610898,12,12
204,Kelong,Kurung Kumey,Unknown,Arunachal Pradesh,True,28.1556657,93.4203969,29.23949044212164,control (non-VVP),True,-0.33542276523262876,-0.32460376136160746,146,170,0.33129203266092483,0.2194095652199647,12,12
205,Sareng,Kurung Kumey,Unknown,Arunachal Pradesh,True,28.1433941,93.4071107,29.32352059865547,control (non-VVP),True,-0.3336716141475515,-0.33682162059832965,146,170,0.2917558148771793,0.19926895719726342,12,12
206,Chera,Kurung Kumey,Unknown,Arunachal Pradesh,True,28.105217,93.352456,29.69292920662148,control (non-VVP),True,-0.240944773765154,-0.2839907860836822,146,170,0.29032731866863454,0.2789484562676055,12,12
207,Nayap,Kurung Kumey,Unknown,Arunachal Pradesh,True,28.1058646,93.3579216,29.890658452078466,control (non-VVP),True,-0.2804464454040093,-0.3179846785786089,146,170,0.3164099751239908,0.2371391345680292,12,12
208,Sitam,Kurung Kumey,Unknown,Arunachal Pradesh,True,28.0986373,93.3539313,30.40360630101741,control (non-VVP),True,-0.2935122472715247,-0.31901885781056366,146,170,0.31460089618112985,0.25786493251104314,12,12
209,Hiniyum,Kurung Kumey,Unknown,Arunachal Pradesh,True,28.127374,93.403807,30.464343482992355,control (non-VVP),True,-0.3031379949282878,-0.33061932669447364,146,170,0.31628410808280505,0.2227765520688443,12,12
210,Cheya,Kurung Kumey,Unknown,Arunachal Pradesh,True,28.0965707,93.3537616,30.597999096369417,control (non-VVP),True,-0.3032187168135999,-0.3274116572026872,146,170,0.31531874402663657,0.2622690353451706,12,12
211,Lubupa,Kurung Kumey,Unknown,Arunachal Pradesh,True,28.0922288,93.3535062,31.012561168714097,control (non-VVP),True,-0.29673804995848113,-0.3181710722970404,146,170,0.3134025487166597,0.2719032924149842,12,12
212,Bamo,Kurung Kumey,Unknown,Arunachal Pradesh,True,28.0971546,93.3686732,31.254154202601,control (non-VVP),True,-0.3174872240999593,-0.3473850633436797,146,170,0.32496212075924924,0.2473170756798097,12,12
213,Dania,Kurung Kumey,Unknown,Arunachal Pradesh,True,28.1225512,93.411611,31.36375991835551,control (non-VVP),True,-0.29813947371721583,-0.3252050484016091,146,170,0.31376543815020896,0.25301159520275,12,12
214,Hala,Kurung Kumey,Unknown,Arunachal Pradesh,True,28.1166163,93.416693,32.188850811278364,control (non-VVP),True,-0.31524766631894546,-0.3122787905517121,146,170,0.29354421260221947,0.22452552679442406,12,12
215,Pilpu,Kurung Kumey,Unknown,Arunachal Pradesh,True,28.0798871,93.3655125,32.77271304001295,control (non-VVP),True,-0.3120496858297226,-0.3530314899160894,146,169,0.3305971148110617,0.2913479563121184,12,12
216,Goa,Kurung Kumey,Unknown,Arunachal Pradesh,True,28.0881033,93.3835385,32.86599086613841,control (non-VVP),True,-0.31356677189495386,-0.33876553863472364,146,170,0.3006026191040791,0.2758351725960359,12,12
217,Omla,Kurung Kumey,Unknown,Arunachal Pradesh,True,28.0789469,93.3730704,33.22055553315639,control (non-VVP),True,-0.30172390787753217,-0.3376563122858476,146,169,0.30905704268377887,0.27220549729290344,12,12
218,Meruk,Kurung Kumey,Unknown,Arunachal Pradesh,True,28.0723991,93.3604476,33.279858619395576,control (non-VVP),True,-0.3000466460115051,-0.2978487796836861,146,169,0.306815841217726,0.2348499093760443,12,12
219,Nampe,Kurung Kumey,Unknown,Arunachal Pradesh,True,28.0957497,93.4106276,33.64910123388011,control (non-VVP),True,-0.2858835221062912,-0.3324267898610807,146,170,0.2958584729519636,0.24475698472734272,12,12
220,Dogwa,Kurung Kumey,Unknown,Arunachal Pradesh,True,28.0967706,93.4122381,33.6519244414456,control (non-VVP),True,-0.2780653138738142,-0.3216145717060346,146,170,0.3030060216885388,0.2408982323940936,12,12
221,Mariangha,Kurung Kumey,Unknown,Arunachal Pradesh,True,28.0768186,93.3779326,33.66090017580559,control (non-VVP),True,-0.29568786800481067,-0.3442094064836533,146,169,0.30506644553916396,0.25816814127818555,12,12
222,Vitalin,Kurung Kumey,Unknown,Arunachal Pradesh,True,27.8829315,93.061541,33.975486802444344,control (non-VVP),True,-0.2895331227675651,-0.2827226190708652,292,341,0.2835065549679016,0.26845412192384843,12,12
223,Hirik,Kurung Kumey,Unknown,Arunachal Pradesh,True,28.0857154,93.4141714,34.7540263686586,control (non-VVP),True,-0.295367133099165,-0.3166283336607308,146,170,0.32833979607553543,0.287091649457515,12,12
224,Subuk,Kurung Kumey,Unknown,Arunachal Pradesh,True,28.0825535,93.4104364,34.82883747652445,control (non-VVP),True,-0.3041590585374152,-0.3313148725821056,146,170,0.3266666744342136,0.29754157209079174,12,12
225,Jali,Kurung Kumey,Unknown,Arunachal Pradesh,True,28.0713102,93.3941648,34.998439529192474,control (non-VVP),True,-0.29784851780553195,-0.33890711013874636,146,169,0.308406236625853,0.2860880370353939,12,12
226,Peni,Kurung Kumey,Unknown,Arunachal Pradesh,True,28.0675109,93.390127,35.154770319287536,control (non-VVP),True,-0.3113636423117103,-0.33204636116358877,146,169,0.3100988088504847,0.2522026435440819,12,12
227,Kodela,Kurung Kumey,Unknown,Arunachal Pradesh,True,28.0167667,93.2132294,35.25202747790925,control (non-VVP),True,-0.31058226833984465,-0.30446171220581514,292,341,0.295860103528497,0.22016611309146566,12,12
228,Retung,Kurung Kumey,Unknown,Arunachal Pradesh,True,28.0126009,93.220157,35.844726407084124,control (non-VVP),True,-0.27444682164537526,-0.2821483928791391,292,341,0.28423033658038366,0.228798688194725,12,12
229,Furang,Kurung Kumey,Unknown,Arunachal Pradesh,True,28.0069345,93.2141257,36.33741974223333,control (non-VVP),True,-0.30318297177922593,-0.3022915363397747,292,341,0.3101450126386632,0.23081262061151409,12,12
230,Taba,Kurung Kumey,Unknown,Arunachal Pradesh,True,28.0616364,93.4126933,36.876981618513945,control (non-VVP),True,-0.2885391294217074,-0.33016850857972846,146,169,0.30074917158725917,0.2712994757026731,12,12
231,Sejik,Kurung Kumey,Unknown,Arunachal Pradesh,True,28.0651757,93.4212354,37.01681620549449,control (non-VVP),True,-0.26528702528643894,-0.30049560622345367,146,169,0.3131979994301801,0.29278550251439894,12,12
232,Gone,Kurung Kumey,Unknown,Arunachal Pradesh,True,27.9567194,93.1119431,37.800271257200585,control (non-VVP),True,-0.2925693632843453,-0.29990625697761963,292,341,0.2865169971124032,0.27178307782916433,12,12
233,Kaney,Kurung Kumey,Unknown,Arunachal Pradesh,True,27.9880893,93.1999363,37.82599979539341,control (non-VVP),True,-0.3004861923707342,-0.28239141118264194,292,341,0.3178829778138454,0.2601513477951981,12,12
234,Hanglik,Kurung Kumey,Unknown,Arunachal Pradesh,True,28.0712841,93.4547212,38.44375648651784,control (non-VVP),True,-0.29787415903073955,-0.3174755349367871,81,92,0.29795219708782766,0.26246031382815255,12,12
235,Upper Lichila,Kurung Kumey,Unknown,Arunachal Pradesh,True,27.9798598,93.2015731,38.745249754930015,control (non-VVP),True,-0.3138552598076824,-0.2861147625839406,292,341,0.3062787739630532,0.2527626196631876,12,12
236,Palo,Kurung Kumey,Unknown,Arunachal Pradesh,True,27.9441662,93.1157356,39.226567277213874,control (non-VVP),True,-0.26347647339051705,-0.2907213723393669,292,341,0.2913288554178774,0.29291993157660706,12,12
237,Nade,Kurung Kumey,Unknown,Arunachal Pradesh,True,27.9617646,93.1869151,40.214666278583984,control (non-VVP),True,-0.283925593444847,-0.2902258649260013,292,341,0.2958721331839022,0.30528178252692756,12,12
238,Lamnia,Kurung Kumey,Unknown,Arunachal Pradesh,True,28.0504537,93.4555379,40.311592515249735,control (non-VVP),True,-0.24352530989549445,-0.25634889218322504,75,86,0.3195671792970279,0.30946844241943866,12,12
239,Lee,Kurung Kumey,Unknown,Arunachal Pradesh,True,27.9633075,93.202655,40.5273712000208,control (non-VVP),True,-0.271900993052021,-0.28020726307088006,292,341,0.3353948342295129,0.3064511271158323,12,12
240,Chotte,Kurung Kumey,Unknown,Arunachal Pradesh,True,28.0474404,93.455651,40.58526244923831,control (non-VVP),True,-0.21325537824832902,-0.22318420282136572,75,85,0.3294189065828451,0.3364499254077004,12,12
241,Mala,Kurung Kumey,Unknown,Arunachal Pradesh,True,28.0438593,93.4527315,40.733939823600245,control (non-VVP),True,-0.1952077079992521,-0.244577748858268,75,86,0.34357473915742587,0.3263300054941273,12,12
242,Pachik,Kurung Kumey,Unknown,Arunachal Pradesh,True,28.0431644,93.4563404,41.00603214290621,control (non-VVP),True,-0.1921260253510803,-0.23235441812073496,74,85,0.3266066155518238,0.3477771605660275,12,12
243,Lower Lichila,Kurung Kumey,Unknown,Arunachal Pradesh,True,27.9634244,93.228221,41.34605860852293,control (non-VVP),True,-0.29016093135071,-0.3207086705631258,292,341,0.2942219781071212,0.24403484454131238,12,12
244,Baribayang,Kurung Kumey,Unknown,Arunachal Pradesh,True,27.9405099,93.1576514,41.57653710677136,control (non-VVP),True,-0.29610751841017746,-0.32672985229170504,292,341,0.3082304335011788,0.2572098598795817,12,12
245,Sipe,Kurung Kumey,Unknown,Arunachal Pradesh,True,27.9473278,93.1919733,41.89340447326483,control (non-VVP),True,-0.28934321887605874,-0.2892545057899073,292,341,0.3367160147128824,0.25095903012672616,12,12
246,Kodela,Kurung Kumey,Unknown,Arunachal Pradesh,True,27.9589181,93.2421602,42.11795642501733,control (non-VVP),True,-0.265638795018249,-0.29609607867489335,292,341,0.34652102082572156,0.28492716891048236,12,12
247,Haleba,Kurung Kumey,Unknown,Arunachal Pradesh,True,27.9535172,93.2212596,42.28019632157901,control (non-VVP),True,-0.2933350445893158,-0.3059453725282964,292,341,0.31063083444971257,0.2715798842012549,12,12
248,Sewaring,Kurung Kumey,Unknown,Arunachal Pradesh,True,27.9487419,93.2097591,42.281563352875466,control (non-VVP),True,-0.2674085839508835,-0.2833715099026345,292,341,0.32109785205648417,0.24954401805054202,12,12
249,Kelin,Kurung Kumey,Unknown,Arunachal Pradesh,True,28.0334539,93.4679615,42.55146449585489,control (non-VVP),True,-0.19719839884192902,-0.21222694363424505,73,84,0.3124302456022373,0.3214443794651223,12,12
250,Tai,Kurung Kumey,Unknown,Arunachal Pradesh,True,27.9557116,93.2503551,42.63224130132467,control (non-VVP),True,-0.28645820511528153,-0.3233559190290979,292,341,0.32767685357067317,0.33242500209146075,12,12
251,Mangio,Kurung Kumey,Unknown,Arunachal Pradesh,True,28.0318367,93.4689617,42.75388023518099,control (non-VVP),True,-0.1963817481463149,-0.2136301692524283,73,84,0.31321296539571547,0.32396110998259653,12,12
252,Hashi,Kurung Kumey,Unknown,Arunachal Pradesh,True,28.029797,93.4690502,42.94030383895248,control (non-VVP),True,-0.19598444972375814,-0.21044222007049854,73,84,0.31914813238070733,0.3189636636960494,12,12
253,Ruktepu,Kurung Kumey,Unknown,Arunachal Pradesh,True,27.945805,93.2387355,43.47181854815469,control (non-VVP),True,-0.2648106032660193,-0.3020145562271892,292,341,0.3142255896537259,0.28346708189491204,12,12
254,Rilong,Kurung Kumey,Unknown,Arunachal Pradesh,True,27.9510659,93.2673215,43.48068010680575,control (non-VVP),True,-0.2914229985002128,-0.2943444635758425,292,341,0.32229397847356395,0.3285929428830644,12,12
255,Fua,Kurung Kumey,Unknown,Arunachal Pradesh,True,27.9448103,93.2637154,44.0865288735071,control (non-VVP),True,-0.2922538535192221,-0.29281359753435454,292,341,0.2894861119654443,0.35801851948102315,12,12
256,Dome,Kurung Kumey,Unknown,Arunachal Pradesh,True,27.9445671,93.2883561,44.5896695685161,control (non-VVP),True,-0.2930403224009303,-0.25636366540764877,292,341,0.32671447123397723,0.27204911953888,12,12
257,Solung,Kurung Kumey,Unknown,Arunachal Pradesh,True,28.016221,93.4805766,44.82397118514112,control (non-VVP),True,-0.21380024777424506,-0.24545686327085506,146,169,0.32068273765417,0.3032843593813627,12,12
258,Pariuk,Kurung Kumey,Unknown,Arunachal Pradesh,True,27.9393093,93.2903924,45.19870782941564,control (non-VVP),True,-0.2924321005517703,-0.2778926146095024,292,341,0.3148566413005105,0.2585627069153082,12,12
259,Rakte,Kurung Kumey,Unknown,Arunachal Pradesh,True,27.926534,93.2636139,46.06823846479028,control (non-VVP),True,-0.3026263868809828,-0.30949669736464813,146,172,0.32347749070530485,0.23119140647551306,12,12
260,Patuk,Kurung Kumey,Unknown,Arunachal Pradesh,True,28.0084129,93.4938419,46.299794565268975,control (non-VVP),True,-0.19335211768897478,-0.23890832621998379,146,169,0.30952605076481127,0.36736049987127933,12,12
261,Sebi,Kurung Kumey,Unknown,Arunachal Pradesh,True,27.9282641,93.3018993,46.61433157331805,control (non-VVP),True,-0.2879225107536762,-0.3236673914146862,146,172,0.3534201192028178,0.28738708468727675,12,12
262,Joku,Kurung Kumey,Unknown,Arunachal Pradesh,True,28.0070922,93.4973613,46.62628909613486,control (non-VVP),True,-0.1930893826005978,-0.23822100079597824,146,169,0.3164699334145123,0.35658965128700026,12,12
263,Digging,Kurung Kumey,Unknown,Arunachal Pradesh,True,27.9235664,93.283198,46.78763481249497,control (non-VVP),True,-0.27918261061460026,-0.2661047362141183,146,172,0.3549168546355748,0.27332408798903945,12,12
264,Mangdo,Kurung Kumey,Unknown,Arunachal Pradesh,True,28.0051556,93.4984123,46.859501027541725,control (non-VVP),True,-0.2001470467287466,-0.24372962668674805,146,169,0.3281154536335162,0.3378789658320016,12,12
265,Relung,Kurung Kumey,Unknown,Arunachal Pradesh,True,27.9267335,93.3063161,46.86825949798589,control (non-VVP),True,-0.28910889876038465,-0.3165054993809183,146,172,0.35212962859541214,0.2729152648403454,12,12
266,Lungte Tacha,Kurung Kumey,Unknown,Arunachal Pradesh,True,28.0384138,93.5537004,47.69094966353208,control (non-VVP),True,-0.29370119453079924,-0.3419431623553366,73,84,0.33450224526285194,0.2870050602675289,12,12
267,Toba,Kurung Kumey,Unknown,Arunachal Pradesh,True,27.9156223,93.2907437,47.78939326062448,control (non-VVP),True,-0.274509737723321,-0.26639784916817005,146,172,0.3165362491525635,0.3093572021456855,12,12
268,Kanchangjana,Kurung Kumey,Unknown,Arunachal Pradesh,True,27.9125039,93.3209425,48.71997667860336,control (non-VVP),True,-0.2952746402408995,-0.30771517534926,146,172,0.3686188600092594,0.28031622769776726,12,12
269,Mara,Kurung Kumey,Unknown,Arunachal Pradesh,True,27.9118254,93.3236314,48.85404267322851,control (non-VVP),True,-0.28674466154097245,-0.2989142215824873,146,172,0.35356286969200695,0.30194598484157986,12,12
270,Jeevandept,Kurung Kumey,Unknown,Arunachal Pradesh,True,27.9115014,93.3332283,49.11695225445854,control (non-VVP),True,-0.2653303347273429,-0.27751227750671503,146,172,0.3465244786887519,0.45374105687195293,12,12
271,Parsi-Parlo,Kurung Kumey,Unknown,Arunachal Pradesh,True,27.9895698,93.5138011,49.151363014137466,control (non-VVP),True,-0.15760956791346228,-0.17849822498415183,146,169,0.3650713223661926,0.3714001569057907,12,12
272,Nikja,Kurung Kumey,Unknown,Arunachal Pradesh,True,27.9157176,93.3536671,49.21145406736955,control (non-VVP),True,-0.2769758747908503,-0.30038980202136606,146,172,0.3960704981686665,0.3588464356637081,12,12
273,Tumbia,Kurung Kumey,Unknown,Arunachal Pradesh,True,28.0021269,93.5328877,49.2503520875537,control (non-VVP),True,-0.22707967390293862,-0.2539533512935987,146,169,0.30212306259344524,0.30269216371084795,12,12
274,Satum,Kurung Kumey,Unknown,Arunachal Pradesh,True,27.9120184,93.3437143,49.33027572220367,control (non-VVP),True,-0.25867705362046234,-0.2630262771507227,146,172,0.45659338631651447,0.5419851733033525,12,12
275,Labia,Kurung Kumey,Unknown,Arunachal Pradesh,True,27.9932164,93.5228247,49.38217287727649,control (non-VVP),True,-0.21399249358007671,-0.24586871508877972,146,169,0.3174270894440306,0.34487356659713914,12,12
276,Papin,Kurung Kumey,Unknown,Arunachal Pradesh,True,27.9124359,93.3585619,49.70071264139772,control (non-VVP),True,-0.26402724324785093,-0.2886694954838046,146,172,0.5001212916771571,0.7312472176882956,12,12
277,Taipa,Kurung Kumey,Unknown,Arunachal Pradesh,True,27.9074231,93.3503798,50.000254036204005,control (non-VVP),True,-0.12903990786377267,-0.16423253691499257,146,172,0.78954023659826,1.596492393396057,12,12
278,Manghe 2,Kurung Kumey,Unknown,Arunachal Pradesh,True,27.9065246,93.3469471,50.00261881257338,control (non-VVP),True,-0.14929520521665407,-0.19752544131470404,146,172,0.6958370774048861,1.3166059524221805,12,12
279,Chingkongne,Kurung Kumey,Unknown,Arunachal Pradesh,True,27.9172781,93.3867833,50.09319948839584,control (non-VVP),True,-0.29035686952568895,-0.3122168429517432,146,171,0.35951798338778684,0.27647386592407774,12,12
280,Leya,Kurung Kumey,Unknown,Arunachal Pradesh,True,27.9788093,93.5157141,50.2141330349661,control (non-VVP),True,-0.23652765647361557,-0.26164041785426634,146,169,0.2940739664636301,0.29991666731539746,12,12
281,Jog,Kurung Kumey,Unknown,Arunachal Pradesh,True,27.9050355,93.3500017,50.24400761445297,control (non-VVP),True,-0.08454095144577434,-0.12869168976377815,146,172,0.8763833597780989,1.8754401831399825,12,12
282,Furek,Kurung Kumey,Unknown,Arunachal Pradesh,True,27.9140344,93.3859036,50.39997565229497,control (non-VVP),True,-0.30277580524897096,-0.32082221695005725,146,171,0.3678372163333808,0.2745528468601984,12,12
283,Boa,Kurung Kumey,Unknown,Arunachal Pradesh,True,27.9822237,93.5256281,50.50814300303482,control (non-VVP),True,-0.2354504701936012,-0.284711729661558,146,169,0.3175601960910362,0.2797121881395915,12,12
284,Renchiporing II,Kurung Kumey,Unknown,Arunachal Pradesh,True,27.9814404,93.5279667,50.71855795214688,control (non-VVP),True,-0.22690623941144608,-0.2886458820308169,146,169,0.32145140741326067,0.27895232826933897,12,12
285,Radang,Kurung Kumey,Unknown,Arunachal Pradesh,True,27.9076277,93.3755482,50.7270090896494,control (non-VVP),True,-0.2857075001825674,-0.3252129147329201,146,172,0.3959233228146561,0.42608737040424244,12,12
286,Pinging,Kurung Kumey,Unknown,Arunachal Pradesh,True,27.8985446,93.3430694,50.75289219387971,control (non-VVP),True,-0.17635298649867015,-0.20821879468543977,146,172,0.49093750344069154,0.8173855184703258,12,12
287,Sangkun,Kurung Kumey,Unknown,Arunachal Pradesh,True,27.9292256,93.435367,50.76845974976534,control (non-VVP),True,-0.23810111079793264,-0.275467397079319,73,85,0.2968292741844237,0.3083425689893393,12,12
288,Harrang,Kurung Kumey,Unknown,Arunachal Pradesh,True,27.9315942,93.4420695,50.82750254588048,control (non-VVP),True,-0.2775385554451343,-0.3010245484904141,73,85,0.290256046549568,0.2941992536270419,12,12
289,Rambo,Kurung Kumey,Unknown,Arunachal Pradesh,True,27.8974975,93.3425604,50.85186545393655,control (non-VVP),True,-0.20831755170655486,-0.22231559557170757,146,172,0.46229940458411445,0.7199803167038478,12,12
290,马拉,Kurung Kumey,Unknown,Arunachal Pradesh,True,27.8886329,93.2980263,50.85905616580256,control (non-VVP),True,-0.26310242414778123,-0.2811282744354214,146,172,0.3546950250234169,0.34705783673733037,12,12
291,Nyobia,Kurung Kumey,Unknown,Arunachal Pradesh,True,27.8863971,93.2907263,50.97484316509296,control (non-VVP),True,-0.25618723239546826,-0.2804028110947122,146,172,0.32196175696987883,0.3351846693751541,12,12
292,Yerik,Kurung Kumey,Unknown,Arunachal Pradesh,True,28.0082819,93.5670426,50.99247097556977,control (non-VVP),True,-0.2097124636978115,-0.22862344670787912,146,169,0.30264704956463245,0.28651498233306155,12,12
293,Deyang,Kurung Kumey,Unknown,Arunachal Pradesh,True,27.8852661,93.2892168,51.06698450676937,control (non-VVP),True,-0.26012909288888075,-0.2838379479228779,146,172,0.31387990849188013,0.34586395618644744,12,12
294,Konkup,Kurung Kumey,Unknown,Arunachal Pradesh,True,28.0111367,93.5726645,51.14934662725592,control (non-VVP),True,-0.2285158870704865,-0.25600568387208317,146,169,0.29033906054073855,0.2856642671276355,12,12
295,Renchiporing,Kurung Kumey,Unknown,Arunachal Pradesh,True,27.9775535,93.5336956,51.4060132841194,control (non-VVP),True,-0.22003950235908673,-0.29109524142726784,146,169,0.32110403170871105,0.2765142277312649,12,12
296,Johak,Kurung Kumey,Unknown,Arunachal Pradesh,True,27.8807287,93.2817346,51.40770745829745,control (non-VVP),True,-0.26845283629403865,-0.2964599570656101,146,172,0.32745158192831714,0.3495130284205495,12,12
297,Sullung Tapin,Kurung Kumey,Unknown,Arunachal Pradesh,True,27.8941928,93.3556556,51.55323025971673,control (non-VVP),True,-0.28625199395483963,-0.29308437830687495,146,172,0.5231273326297734,1.0522725672796536,12,12
298,Yapak 2,Kurung Kumey,Unknown,Arunachal Pradesh,True,27.900174,93.3802795,51.65969396405898,control (non-VVP),True,-0.202258097658283,-0.20646673183920333,146,172,0.3910430646782754,0.8196196867782264,12,12
299,Tapone,Kurung Kumey,Unknown,Arunachal Pradesh,True,27.905549,93.4006325,51.79468143929064,control (non-VVP),True,-0.24488736183306978,-0.276131120747651,113,122,0.3538968981039233,0.30512842506236354,12,12
300,Sangsar,Kurung Kumey,Unknown,Arunachal Pradesh,True,27.9123798,93.4211037,51.870012288391685,control (non-VVP),True,-0.2823258355227156,-0.30025093872879344,74,85,0.3099066840108905,0.2382723569638713,12,12
301,Jiri,Kurung Kumey,Unknown,Arunachal Pradesh,True,27.9024698,93.394667,51.902330560889375,control (non-VVP),True,-0.24740487516237464,-0.29027833798302694,136,137,0.367822458894234,0.3646784766720706,12,12
302,Rate,Kurung Kumey,Unknown,Arunachal Pradesh,True,27.9025231,93.4035863,52.21322105588406,control (non-VVP),True,-0.2220828724710112,-0.2525515125914811,102,101,0.3457843748526384,0.33054613760635687,12,12
303,Molo,Kurung Kumey,Unknown,Arunachal Pradesh,True,27.9634667,93.5271662,52.25035030613911,control (non-VVP),True,-0.25475956270119426,-0.31522279553044213,146,169,0.32712491035064944,0.20500739234315848,12,12
304,Kokpunayer,Kurung Kumey,Unknown,Arunachal Pradesh,True,27.8696105,93.2638666,52.25205034776048,control (non-VVP),True,-0.2781246788313601,-0.2887069043090381,146,172,0.3126538776449685,0.26857064294735505,12,12
305,Rite,Kurung Kumey,Unknown,Arunachal Pradesh,True,27.9046219,93.4117605,52.29938591724223,control (non-VVP),True,-0.2744073438028814,-0.2815273448088801,77,89,0.3395582779014031,0.28445248733915574,12,12
306,Yarpu,Kurung Kumey,Unknown,Arunachal Pradesh,True,27.9101363,93.4264549,52.31129939409694,control (non-VVP),True,-0.29775079124300724,-0.30675197074624255,73,85,0.33666850676029064,0.28047209905415044,12,12
307,Manghe 1,Kurung Kumey,Unknown,Arunachal Pradesh,True,27.8964882,93.3905192,52.38200201966226,control (non-VVP),True,-0.29526748910776307,-0.30102571376966875,142,147,0.3679319947725421,0.5061157535815585,12,12
308,Najibibuk,Kurung Kumey,Unknown,Arunachal Pradesh,True,27.8683639,93.2642347,52.3948285914516,control (non-VVP),True,-0.2759863455748518,-0.28861077498167986,146,172,0.3172611075913386,0.27399216794220094,12,12
309,Taram,Kurung Kumey,Unknown,Arunachal Pradesh,True,27.9628134,93.5366038,52.86940455626912,control (non-VVP),True,-0.26258454553371724,-0.31613054247153977,146,169,0.3340435155232748,0.28134444461928476,12,12
310,Tabumna,Kurung Kumey,Unknown,Arunachal Pradesh,True,27.8598023,93.2528662,53.09351796866028,control (non-VVP),True,-0.2815925285022606,-0.2825718741302022,146,172,0.34699079048270703,0.24834648933862208,12,12
311,Yarpu,Kurung Kumey,Unknown,Arunachal Pradesh,True,27.894643,93.4225849,53.73157852709238,control (non-VVP),True,-0.23909401924677098,-0.2574836114576984,73,85,0.329378064835733,0.35055397671994365,12,12
312,Langbang,Kurung Kumey,Unknown,Arunachal Pradesh,True,27.9544909,93.540336,53.82502054267635,control (non-VVP),True,-0.2457742380623884,-0.28825451584314554,146,169,0.3211875706745703,0.3108342620032477,12,12
313,Made,Kurung Kumey,Unknown,Arunachal Pradesh,True,27.9780177,93.5788669,54.24125028274002,control (non-VVP),True,-0.23208654999945724,-0.28625204611595867,146,169,0.2797000741509768,0.27253045235757417,12,12
314,Kele,Kurung Kumey,Unknown,Arunachal Pradesh,True,27.9032308,93.4632364,54.57472977853739,control (non-VVP),True,-0.30135956049797197,-0.2980399374741401,73,85,0.3261707391966967,0.2612745637556867,12,12
315,Sera,Kurung Kumey,Unknown,Arunachal Pradesh,True,27.9554003,93.5546431,54.61031844795788,control (non-VVP),True,-0.2506950090494209,-0.29228490112514033,146,169,0.3166862240716732,0.29657728558812063,12,12
316,Byate,Kurung Kumey,Unknown,Arunachal Pradesh,True,27.8878009,93.4444302,55.29752731979862,control (non-VVP),True,-0.2359442627038535,-0.2764958980961545,73,85,0.3559550325341581,0.26666201989985633,12,12
317,Keya,Kurung Kumey,Unknown,Arunachal Pradesh,True,27.8850396,93.4612545,56.28702084330097,control (non-VVP),True,-0.2370796357804982,-0.2792849324841515,73,85,0.36826872718468145,0.3120898868930474,12,12
318,Panyi,Kurung Kumey,Unknown,Arunachal Pradesh,True,27.8742022,93.4525059,56.99915437798174,control (non-VVP),True,-0.2204348803287031,-0.26325665492541445,73,85,0.35413151972831025,0.31349426891642324,12,12
319,Kush Lami,Kurung Kumey,Unknown,Arunachal Pradesh,True,27.8754594,93.4559652,57.017342103096205,control (non-VVP),True,-0.23804688251973916,-0.25943335262862627,73,85,0.36124674604591717,0.32618063508465306,12,12
320,Pari,Kurung Kumey,Unknown,Arunachal Pradesh,True,27.8773703,93.4806463,57.90796227435106,control (non-VVP),True,-0.2783411793562234,-0.31202550599329354,73,85,0.3619602923958627,0.31282717739575666,12,12
321,Nibi,Kurung Kumey,Unknown,Arunachal Pradesh,True,27.8906614,93.5152047,58.290531000282,control (non-VVP),True,-0.14862601843363984,-0.26131758566044583,73,85,0.3043363322959574,0.32119516822162714,12,12
322,Leba,Kurung Kumey,Unknown,Arunachal Pradesh,True,27.889732,93.5177222,58.507068066069465,control (non-VVP),True,-0.17500865639365437,-0.27029017851618353,73,85,0.30483537925673376,0.3293759320263884,12,12
323,Sara,Kurung Kumey,Unknown,Arunachal Pradesh,True,27.8764655,93.5162563,59.69502349076612,control (non-VVP),True,-0.2430228203478,-0.30749220904122326,73,85,0.36126755092070006,0.30769308516032945,12,12
324,Hiba,Kurung Kumey,Unknown,Arunachal Pradesh,True,27.8672206,93.4999319,59.79411601184075,control (non-VVP),True,-0.26890745380353553,-0.29314800773603483,73,85,0.33685724494034935,0.32497196704683823,12,12
325,Langria,Kurung Kumey,Unknown,Arunachal Pradesh,True,27.7303718,93.2723198,59.90006834905566,control (non-VVP),True,-0.24509629622282147,-0.26017626114954484,146,173,0.3092269879207844,0.30212602281490786,12,12
326,Dengba,Kurung Kumey,Unknown,Arunachal Pradesh,True,27.8559794,93.479899,59.98757661935535,control (non-VVP),True,-0.2536111882277057,-0.2742422399518842,73,85,0.35822833952136734,0.29854799456751924,12,12
327,Payu,Kurung Kumey,Unknown,Arunachal Pradesh,True,27.7289942,93.2749594,60.20162200196997,control (non-VVP),True,-0.25435861786325353,-0.27812490564746534,146,173,0.3043352153004899,0.30725706462132724,12,12
328,Sangme,Kurung Kumey,Unknown,Arunachal Pradesh,True,27.8554992,93.4857201,60.29218859321547,control (non-VVP),True,-0.19057397523569247,-0.2409625948206882,73,85,0.3718108246102929,0.34889788260417326,12,12
329,Cheki,Kurung Kumey,Unknown,Arunachal Pradesh,True,27.8689915,93.5175395,60.47393621617884,control (non-VVP),True,-0.264809837613266,-0.30499564485257663,73,85,0.3513372360266131,0.2911683406622744,12,12
330,Palang,Kurung Kumey,Unknown,Arunachal Pradesh,True,27.7081538,93.27106,61.00002383100187,control (non-VVP),True,-0.29528540226846745,-0.3103184585368629,146,173,0.3313882584462251,0.29248411482358727,12,12
331,Phassang,Kurung Kumey,Unknown,Arunachal Pradesh,True,27.7243116,93.2813307,61.00114956989782,control (non-VVP),True,-0.22717505124705925,-0.25402268771761904,146,173,0.3149222209718492,0.3442287070883645,12,12
332,Leel,Kurung Kumey,Unknown,Arunachal Pradesh,True,27.8437826,93.4758359,61.027728437158686,control (non-VVP),True,-0.2058482825325001,-0.24754976060157394,73,85,0.34900943205570933,0.3580281170504736,12,12
333,Dara,Kurung Kumey,Unknown,Arunachal Pradesh,True,27.8616633,93.5158884,61.097009884854096,control (non-VVP),True,-0.2515012739439316,-0.2981599734238309,73,85,0.37175129483720026,0.28034691110120286,12,12
334,Sangripo,Kurung Kumey,Unknown,Arunachal Pradesh,True,27.7227416,93.282713,61.20402338700937,control (non-VVP),True,-0.2364863912131008,-0.26065983747053817,146,173,0.33107568746978544,0.3564112639133829,12,12
335,Sangte,Kurung Kumey,Unknown,Arunachal Pradesh,True,27.7291192,93.288153,61.34319384028954,control (non-VVP),True,-0.23477945339574197,-0.2613615908291237,146,173,0.30559630206424204,0.3491461336746195,12,12
336,Mujariang,Kurung Kumey,Unknown,Arunachal Pradesh,True,27.7257548,93.2911669,61.78015811059391,control (non-VVP),True,-0.21844356425160583,-0.22735695118681923,146,173,0.30695472860041956,0.3925663986390689,12,12
337,Leya,Kurung Kumey,Unknown,Arunachal Pradesh,True,27.7282734,93.2932093,61.82821044976273,control (non-VVP),True,-0.18835998142288313,-0.20409260799080653,146,173,0.3225721431426811,0.37649740759990324,12,12
338,Leel Camp,Kurung Kumey,Unknown,Arunachal Pradesh,True,27.8432284,93.497014,62.00909168626551,control (non-VVP),True,-0.17863294011621067,-0.20099373631746187,73,85,0.4260305512944858,0.460073137945599,12,12
339,Saleriang,Kurung Kumey,Unknown,Arunachal Pradesh,True,27.7854605,93.3201249,62.49683818805669,control (non-VVP),True,-0.2841073107644895,-0.30507828979554064,146,173,0.3210580814361042,0.2838910459545952,12,12
340,Yaki,Kurung Kumey,Unknown,Arunachal Pradesh,True,27.836181,93.4940102,62.57138583180046,control (non-VVP),True,-0.2555580090345119,-0.2976608765110853,73,85,0.37519619299825535,0.3757838158797256,12,12
341,恰吐姆,Kurung Kumey,Unknown,Arunachal Pradesh,True,27.8448117,93.5145294,62.66270137690602,control (non-VVP),True,-0.260495094535739,-0.3055872810733568,73,85,0.3589155484722661,0.3159235501329282,12,12
342,Tumlang,Kurung Kumey,Unknown,Arunachal Pradesh,True,27.8281634,93.4904133,63.21063792357364,control (non-VVP),True,-0.235271725818603,-0.2975695088822625,73,85,0.3264657395746973,0.2977648131052653,12,12
343,Tagum,Kurung Kumey,Unknown,Arunachal Pradesh,True,27.8357436,93.5079409,63.24155626114598,control (non-VVP),True,-0.20676737110610802,-0.20729171737280358,73,85,0.44751782899907055,0.38292605198315677,12,12
344,6 Mile Camp,Kurung Kumey,Unknown,Arunachal Pradesh,True,27.8329405,93.5083348,63.53466159203505,control (non-VVP),True,-0.2192057069602322,-0.23800611120842807,73,85,0.45581085789069703,0.39852715231729363,12,12
345,Kamayer,Kurung Kumey,Unknown,Arunachal Pradesh,True,27.7905642,93.3910095,63.553019802162574,control (non-VVP),True,-0.3164621200100345,-0.3411195022090552,73,86,0.3271627799832901,0.29772265235627043,12,12
346,Rowa,Kurung Kumey,Unknown,Arunachal Pradesh,True,27.8428454,93.5296997,63.58239405799619,control (non-VVP),True,-0.2290923436788621,-0.27331287999129805,73,85,0.37807285828770737,0.2952623245315636,12,12
347,Pagrang,Kurung Kumey,Unknown,Arunachal Pradesh,True,27.8509062,93.5452982,63.59431330152693,control (non-VVP),True,-0.146453788535848,-0.21476903833303893,73,85,0.4268803896531212,0.461882271568204,12,12
348,Pinchi,Kurung Kumey,Unknown,Arunachal Pradesh,True,27.7735733,93.316873,63.73939593102888,control (non-VVP),True,-0.21961031771178433,-0.25492126075599203,146,173,0.294342787731211,0.2895216885809108,12,12
349,Pagga,Kurung Kumey,Unknown,Arunachal Pradesh,True,27.8504991,93.5494243,63.84511944565142,control (non-VVP),True,-0.1882904020482555,-0.24729180172234475,73,85,0.3937035950693097,0.4194274385748037,12,12
350,Powak Korar,Kurung Kumey,Unknown,Arunachal Pradesh,True,27.8375593,93.5258798,63.90711936348984,control (non-VVP),True,-0.18888402531595072,-0.25284868635694663,73,85,0.39594086348281154,0.3749888762085801,12,12
351,Reyup,Kurung Kumey,Unknown,Arunachal Pradesh,True,27.8567715,93.5619177,63.9144594974527,control (non-VVP),True,-0.23372032546479016,-0.2547618647680727,73,85,0.36976902956708835,0.3393477372940786,12,12
352,Yarte,Kurung Kumey,Unknown,Arunachal Pradesh,True,27.831632,93.5141164,63.928763556397165,control (non-VVP),True,-0.22577098455601255,-0.26259156181677445,73,85,0.42533816003480485,0.4829468589894881,12,12
353,Lengro,Kurung Kumey,Unknown,Arunachal Pradesh,True,27.8547999,93.559177,63.95219245497713,control (non-VVP),True,-0.23049517193026742,-0.26218042366135724,73,85,0.36996794623487134,0.3573293681867521,12,12
354,Jugriang,Kurung Kumey,Unknown,Arunachal Pradesh,True,27.7707148,93.3182278,64.07412331265515,control (non-VVP),True,-0.232918666173027,-0.2662651279507007,146,173,0.29388145353217326,0.3073885121871795,12,12
355,Dangu,Kurung Kumey,Unknown,Arunachal Pradesh,True,27.835467,93.5289814,64.25878085878584,control (non-VVP),True,-0.16450606237200155,-0.23166564348716934,73,85,0.39317332997041593,0.43857842842561434,12,12
356,Raris,Kurung Kumey,Unknown,Arunachal Pradesh,True,27.7680851,93.3146271,64.30181164190407,control (non-VVP),True,-0.1976888390922068,-0.23663975975114432,146,173,0.3179587436370659,0.2976174586091798,12,12
357,Kaung,Kurung Kumey,Unknown,Arunachal Pradesh,True,27.8225472,93.5040159,64.36416345609699,control (non-VVP),True,-0.2622647248144524,-0.3044634873215633,73,85,0.3521651820787181,0.31296430265202235,12,12
358,Nyori,Kurung Kumey,Unknown,Arunachal Pradesh,True,27.8475995,93.5552271,64.41930892283993,control (non-VVP),True,-0.2226323448714041,-0.2702567334237008,73,85,0.3797676331652506,0.3643719760527937,12,12
359,Kaglang,Kurung Kumey,Unknown,Arunachal Pradesh,True,27.8501585,93.5616729,64.5179983500826,control (non-VVP),True,-0.27271977685373383,-0.2927237297439868,73,85,0.3530948393395324,0.31561618432701305,12,12
360,Tachak,Kurung Kumey,Unknown,Arunachal Pradesh,True,27.841908,93.5484681,64.60881049685287,control (non-VVP),True,-0.242311586011018,-0.29797604359391816,73,85,0.40732336497898164,0.34950300600913087,12,12
361,Regba,Kurung Kumey,Unknown,Arunachal Pradesh,True,27.8236364,93.5159119,64.79457267348194,control (non-VVP),True,-0.21379558378617045,-0.24980831207071785,73,85,0.39603055192364583,0.3685546310411559,12,12
362,Miba,Kurung Kumey,Unknown,Arunachal Pradesh,True,27.824202,93.5173691,64.80624403518753,control (non-VVP),True,-0.2044630146592595,-0.2435161295506368,73,85,0.40032555872407,0.3890418059685651,12,12
363,Byasi,Kurung Kumey,Unknown,Arunachal Pradesh,True,27.8372182,93.5436135,64.80999552177649,control (non-VVP),True,-0.23028882637835107,-0.2755192758417589,73,85,0.399860947031333,0.31197533879980227,12,12
364,Kamrung,Kurung Kumey,Unknown,Arunachal Pradesh,True,27.8336301,93.5467063,65.30729308696289,control (non-VVP),True,-0.23610905609156746,-0.25978915885923537,73,85,0.3875900065580296,0.3308463222399055,12,12
365,Dilanggang,Kurung Kumey,Unknown,Arunachal Pradesh,True,27.7796166,93.41419,65.38837481129138,control (non-VVP),True,-0.1909234261409986,-0.24779581542078677,73,86,0.3737701598651229,0.34264248069815745,12,12
366,Lower Happa,Kurung Kumey,Unknown,Arunachal Pradesh,True,27.825885,93.5332832,65.39224214605467,control (non-VVP),True,-0.23051057189317714,-0.2663501609574487,73,85,0.41028177814182315,0.4005275331024585,12,12
367,Paching,Kurung Kumey,Unknown,Arunachal Pradesh,True,27.8225097,93.5290614,65.51800095183597,control (non-VVP),True,-0.24314922423709906,-0.266149196180864,73,85,0.430279320471824,0.5031714615692178,12,12
368,Longlefoth,Kurung Kumey,Unknown,Arunachal Pradesh,True,27.776484,93.4150439,65.74452729572074,control (non-VVP),True,-0.19487630079935223,-0.24757322233558193,73,86,0.3935506899203365,0.35246947933645806,12,12
369,Lumte,Kurung Kumey,Unknown,Arunachal Pradesh,True,27.7863252,93.446526,65.74813459784494,control (non-VVP),True,-0.2551111486313931,-0.2667781366234611,73,86,0.3407441884077884,0.3321227462844805,12,12
370,Rangdo,Kurung Kumey,Unknown,Arunachal Pradesh,True,27.7820948,93.4575729,66.57919253927102,control (non-VVP),True,-0.16976507739418661,-0.21978292299141947,73,86,0.36030648628870643,0.4095962935023837,12,12
371,Rayer Sollung,Kurung Kumey,Unknown,Arunachal Pradesh,True,27.7426766,93.3108399,66.98295878047651,control (non-VVP),True,-0.28796123614061264,-0.3182108632827212,146,173,0.3090803592003268,0.319341121345161,12,12
372,Gangnee,Kurung Kumey,Unknown,Arunachal Pradesh,True,27.7541489,93.3737844,67.00109804923758,control (non-VVP),True,-0.2442435413859608,-0.31244099430944045,75,88,0.3389736464068725,0.31911841287113774,12,12
373,Dolo,Kurung Kumey,Unknown,Arunachal Pradesh,True,27.7568896,93.4009912,67.41071862560815,control (non-VVP),True,-0.26979985191852157,-0.33284826656886074,73,86,0.521230107704622,0.6084193340549193,12,12
374,Hiya,Kurung Kumey,Unknown,Arunachal Pradesh,True,27.7752174,93.4614457,67.4283307908398,control (non-VVP),True,-0.20065256720444977,-0.2514301558755272,73,86,0.38136844910108136,0.5348402187311265,12,12
375,Pinchi Sollung,Kurung Kumey,Unknown,Arunachal Pradesh,True,27.7385004,93.3140943,67.50228529054776,control (non-VVP),True,-0.2778565515568836,-0.3164646890867986,146,173,0.3090187260608995,0.360128278075979,12,12
376,Raluguha,Kurung Kumey,Unknown,Arunachal Pradesh,True,27.7354085,93.2990876,67.53347139988598,control (non-VVP),True,-0.2575125732839116,-0.2850716840572302,146,173,0.30732461531337496,0.30232925348000433,12,12
377,Guha,Kurung Kumey,Unknown,Arunachal Pradesh,True,27.7590364,93.4164824,67.62875159555058,control (non-VVP),True,-0.21135177059605056,-0.2903340169253725,73,86,0.37016685829146684,0.3697599202759142,12,12
378,Diba Koyar,Kurung Kumey,Unknown,Arunachal Pradesh,True,27.7381059,93.3187116,67.63877302643341,control (non-VVP),True,-0.26556314257532293,-0.305629783542241,146,173,0.3061042569009712,0.3745076651998165,12,12
379,Sulo,Kurung Kumey,Unknown,Arunachal Pradesh,True,27.7369819,93.3154143,67.69388921371875,control (non-VVP),True,-0.2684160362475975,-0.3088900748771403,146,173,0.3128690226128818,0.36922833049511167,12,12
380,Delung,Kurung Kumey,Unknown,Arunachal Pradesh,True,27.7778716,93.4788091,67.80729335239351,control (non-VVP),True,-0.20321892088176116,-0.2601180258914344,73,86,0.34415442515901246,0.3523323911394776,12,12
381,Nyapin,Kurung Kumey,Unknown,Arunachal Pradesh,True,27.7515445,93.3946648,67.80823653295108,control (non-VVP),True,-0.15885768989317695,-0.20366149853390347,73,86,0.7729410641902201,0.9274249231224662,12,12
382,Sona,Kurung Kumey,Unknown,Arunachal Pradesh,True,27.810017,93.5520226,67.8322265029122,control (non-VVP),True,-0.18059614105159685,-0.2318392306315236,73,85,0.4796158865293753,0.6574004801389361,12,12
383,Tumrung,Kurung Kumey,Unknown,Arunachal Pradesh,True,27.8072923,93.5473433,67.86695827647416,control (non-VVP),True,-0.23528311084438658,-0.2731784452592918,73,85,0.5364280379440359,0.8992379039162138,12,12
384,Takyo,Kurung Kumey,Unknown,Arunachal Pradesh,True,27.7755045,93.474237,67.87400271627023,control (non-VVP),True,-0.2273860475514554,-0.28692795644844826,73,86,0.3364115444308553,0.378107076683524,12,12
385,Kaberiang,Kurung Kumey,Unknown,Arunachal Pradesh,True,27.7579212,93.4227791,67.93657565114344,control (non-VVP),True,-0.1579863508879189,-0.2184865553359599,73,86,0.3515946112094064,0.3561585307649921,12,12
386,Sango,Kurung Kumey,Unknown,Arunachal Pradesh,True,27.7353472,93.3216355,67.99462871072794,control (non-VVP),True,-0.2632877822781362,-0.31177358133760175,146,173,0.31025855140095304,0.3714267130209399,12,12
387,Pitak,Kurung Kumey,Unknown,Arunachal Pradesh,True,27.7803185,93.4909939,68.03914430272035,control (non-VVP),True,-0.1884291184852353,-0.2493142942782547,73,86,0.3417611115839746,0.4068740724523862,12,12
388,Kampu,Kurung Kumey,Unknown,Arunachal Pradesh,True,27.7422153,93.363991,68.06100190171477,control (non-VVP),True,-0.2214231736783236,-0.2748447739965339,81,93,0.3140890612504435,0.31480875214822013,12,12
389,Lower Guha,Kurung Kumey,Unknown,Arunachal Pradesh,True,27.7568463,93.4246871,68.10831490512865,control (non-VVP),True,-0.1595417932092116,-0.21641673430487832,73,86,0.34448426355918244,0.35696758462323086,12,12
390,Gida Lower,Kurung Kumey,Unknown,Arunachal Pradesh,True,27.812502,93.5626447,68.12205948065873,control (non-VVP),True,-0.2235017798023727,-0.3080578832627716,73,85,0.44007052736717767,0.4662611304983529,12,12
391,Yorung,Kurung Kumey,Unknown,Arunachal Pradesh,True,27.7375945,93.3427203,68.12211382853434,control (non-VVP),True,-0.25420445993869745,-0.2956043203245349,145,167,0.3232217270082662,0.3439936757287277,12,12
392,Yuba,Kurung Kumey,Unknown,Arunachal Pradesh,True,27.7589677,93.4327095,68.13685629560878,control (non-VVP),True,-0.19996073464071518,-0.26992874259500177,73,86,0.344666674733162,0.35361203955279463,12,12
393,Lower Lorio,Kurung Kumey,Unknown,Arunachal Pradesh,True,27.7523573,93.4107096,68.16634041229064,control (non-VVP),True,-0.110599295415141,-0.17733501832330817,73,86,0.517790732185046,0.7399388978878657,12,12
394,Kish,Kurung Kumey,Unknown,Arunachal Pradesh,True,27.7567747,93.4282494,68.22629173018069,control (non-VVP),True,-0.1648186024672132,-0.2230497264214514,73,86,0.3368546353114976,0.3523351786202855,12,12
395,Sikey,Kurung Kumey,Unknown,Arunachal Pradesh,True,27.7436405,93.3784517,68.24267311258743,control (non-VVP),True,-0.14859366955867284,-0.21273905350031605,73,86,0.3253653512836176,0.41515536261143654,12,12
396,Takapop,Kurung Kumey,Unknown,Arunachal Pradesh,True,27.7756383,93.4844687,68.25483530538766,control (non-VVP),True,-0.16817361396086833,-0.22038770288876885,73,86,0.3654768604524517,0.4259574831743003,12,12
397,Bik,Kurung Kumey,Unknown,Arunachal Pradesh,True,27.7507883,93.4085147,68.26997555031484,control (non-VVP),True,-0.10767409585571203,-0.1725714244815313,73,86,0.5672138553598653,0.855680974464087,12,12
398,Kampong,Kurung Kumey,Unknown,Arunachal Pradesh,True,27.7748258,93.4827864,68.27181680211848,control (non-VVP),True,-0.17075539026499675,-0.22200268940828224,73,86,0.34783796171347303,0.40746573716402057,12,12
399,Naiayahutung,Kurung Kumey,Unknown,Arunachal Pradesh,True,27.7764281,93.4870179,68.27488938090762,control (non-VVP),True,-0.1677475565115859,-0.23283965018469402,73,86,0.38540277630090714,0.44643425540791615,12,12
400,Chebang,Kurung Kumey,Unknown,Arunachal Pradesh,True,27.7364834,93.3455625,68.29776819030579,control (non-VVP),True,-0.2206653952204667,-0.25420040841335634,143,150,0.33007710766765724,0.3414873637616169,12,12
401,Pagba,Kurung Kumey,Unknown,Arunachal Pradesh,True,27.7763826,93.4887431,68.34786080412654,control (non-VVP),True,-0.17444825216760043,-0.24120768565272052,73,86,0.3853498516409327,0.4534316962970657,12,12
402,Ralung,Kurung Kumey,Unknown,Arunachal Pradesh,True,27.7371862,93.353664,68.38401997207357,control (non-VVP),True,-0.2199643255403181,-0.2718357331584677,116,123,0.3679829384050062,0.32216537436335724,12,12
403,买翁里,Lower Dibang,Unknown,Arunachal Pradesh,True,28.2822374,96.0953096,25.407835270210374,control (non-VVP),True,-0.28139344117147064,-0.2865899984478435,146,170,0.269960278550167,0.26578621825661736,12,12
404,Runli,Lower Dibang,Unknown,Arunachal Pradesh,True,28.2991992,96.0743049,26.056838914762896,control (non-VVP),True,-0.31649185462203105,-0.32773232396498075,146,170,0.2754074404988669,0.2704858023640329,12,12
405,阿蒙岗,Lower Dibang,Unknown,Arunachal Pradesh,True,28.2700017,96.0942481,26.3303897145259,control (non-VVP),True,-0.32122308562298324,-0.3222072171690029,146,170,0.2765884045079268,0.2753453013975976,12,12
406,西登,Upper Siang,Unknown,Arunachal Pradesh,True,29.1329116,94.9651923,2.505001083633425,control (non-VVP),True,-0.2539126545729082,-0.27319668368612,74,86,0.31706550269174005,0.24162001744256198,12,12
407,Norbuling,Upper Siang,Unknown,Arunachal Pradesh,True,29.1263536,94.9733788,3.1696388194268548,control (non-VVP),True,-0.3141350921740893,-0.31290608324150954,74,86,0.3577087982732465,0.25417310177095676,12,12
408,Tuting Panikheti,Upper Siang,Unknown,Arunachal Pradesh,True,28.973338,94.8719848,20.82893586119011,control (non-VVP),True,-0.3399775234515579,-0.3014865686774824,74,86,0.33391464296029366,0.2578430806860229,12,12
409,Payendum,Upper Siang,Unknown,Arunachal Pradesh,True,28.926458,95.0315768,21.777163753897447,control (non-VVP),True,-0.24771498925424626,-0.2553680418071167,74,86,0.30409951853436346,0.22665563349100137,12,12
410,Nyereng,Upper Siang,Unknown,Arunachal Pradesh,True,28.9574,94.9011,22.37714039025296,control (non-VVP),True,-0.34654969542330905,-0.32951850063100474,75,86,0.3192424263367367,0.20590724490434265,12,12
411,Nyokong,Upper Siang,Unknown,Arunachal Pradesh,True,28.919363,95.0271109,22.65893213504973,control (non-VVP),True,-0.3336330316001402,-0.3236161915028549,74,86,0.2596694441470835,0.21398518712984188,12,12
412,Ninging,Upper Siang,Unknown,Arunachal Pradesh,True,28.953851,94.8333181,23.61479779607889,control (non-VVP),True,-0.292326891915297,-0.24285561311253312,74,86,0.3328269222935477,0.2300393786895406,12,12
413,Devkota,Upper Siang,Unknown,Arunachal Pradesh,True,28.8829865,95.0820892,24.04487877231385,control (non-VVP),True,-0.3027089981033019,-0.29107582420923545,296,342,0.2612656349641071,0.22380242567451844,12,12
414,Yortung,Upper Siang,Unknown,Arunachal Pradesh,True,28.8942055,95.0642733,24.25512447047973,control (non-VVP),True,-0.3327515943368292,-0.321183736820738,296,342,0.2296866970722047,0.22205255483713537,12,12
415,Silipu,Upper Siang,Unknown,Arunachal Pradesh,True,28.8527517,95.1306768,24.67380216696391,control (non-VVP),True,-0.35421307796824225,-0.34649145377807405,296,342,0.2836501851514145,0.2953882767276449,12,12
416,Simuge,Upper Siang,Unknown,Arunachal Pradesh,True,28.8399841,95.1568258,25.20475166338972,control (non-VVP),True,-0.30239163741959807,-0.3001596248224121,148,171,0.2534500182890708,0.27495130636989085,12,12
417,Singa Old,Upper Siang,Unknown,Arunachal Pradesh,True,28.8313255,95.1691884,25.85196385039524,control (non-VVP),True,-0.30126843976553525,-0.31552677405974705,148,171,0.2555956280244605,0.23547815497029195,12,12
418,Silage,Upper Siang,Unknown,Arunachal Pradesh,True,28.8331926,95.1580815,25.900649272498462,control (non-VVP),True,-0.315803720333824,-0.3157144734027258,148,171,0.26012728135664387,0.2361337036385641,12,12
419,Tamid Arung,Upper Siang,Unknown,Arunachal Pradesh,True,28.8998406,94.5747584,26.11436496765807,control (non-VVP),True,-0.2883264351059449,-0.2817232336714284,148,171,0.3195819668840654,0.20062889506255566,12,12
420,Angachi,Upper Siang,Unknown,Arunachal Pradesh,True,28.8255056,95.1704914,26.4572050125452,control (non-VVP),True,-0.2834475985938864,-0.3076442386194019,148,171,0.2718959768413164,0.23667598590754818,12,12
421,Simuling,Upper Siang,Unknown,Arunachal Pradesh,True,28.8155203,95.2010538,27.10770570136025,control (non-VVP),True,-0.28808351124804404,-0.30820853158127726,74,85,0.3067563808586171,0.2780789897656203,12,12
422,Singing,Upper Siang,Unknown,Arunachal Pradesh,True,28.8977681,94.7841203,29.794800301747745,control (non-VVP),True,-0.29496728271835004,-0.2847520976158568,148,171,0.31820117728169267,0.21752478036258194,12,12
423,Migging,Upper Siang,Unknown,Arunachal Pradesh,True,28.8529247,94.7729372,34.7789608532419,control (non-VVP),True,-0.2935479293919045,-0.25324274197973423,148,171,0.28226769675986957,0.25783185853697027,12,12
424,Palling,Upper Siang,Unknown,Arunachal Pradesh,True,28.836535,94.8097586,36.58065758723632,control (non-VVP),True,-0.31631927611041905,-0.29903311024884466,148,171,0.3007948730673109,0.2172115412714717,12,12
425,Likor,Upper Siang,Unknown,Arunachal Pradesh,True,28.8267883,94.8955464,36.85504783931048,control (non-VVP),True,-0.29643372355474445,-0.27361284157290483,148,171,0.318559853938403,0.27889134663244636,12,12
426,Mosing,Upper Siang,Unknown,Arunachal Pradesh,True,28.8091508,94.7915356,39.60618311251698,control (non-VVP),True,-0.31552851329779386,-0.31058093763143857,74,85,0.32337394574551886,0.21731635467752666,12,12
427,Pugging,Upper Siang,Unknown,Arunachal Pradesh,True,28.7438597,94.9345829,44.02389953987662,control (non-VVP),True,-0.27355989394684554,-0.24807866802757816,73,85,0.2586334409758383,0.2641409690192355,12,12
428,Gujinboluo,Upper Siang,Unknown,Arunachal Pradesh,True,28.7553138,94.9111952,44.64011679191498,control (non-VVP),True,-0.26132613496240387,-0.26128641397935026,73,85,0.33589765589509235,0.245073640773227,12,12
429,Gette,Upper Siang,Unknown,Arunachal Pradesh,True,28.6863056,95.0089723,46.40504836633465,control (non-VVP),True,-0.29293412585280715,-0.30580019677052733,73,85,0.24718890000017762,0.2418815425258848,12,12
430,Dojubing,Upper Subansiri,Unknown,Arunachal Pradesh,True,28.4315441,93.1898276,0.249045833450518,control (non-VVP),True,-0.0961951429073512,-0.1453839818968819,146,169,0.34781504202708435,0.23157335730257161,12,12
431,Ishneya,Upper Subansiri,Unknown,Arunachal Pradesh,True,28.4397601,93.1851781,0.7217224156134714,control (non-VVP),True,-0.10632524004925417,-0.17309787119623307,146,169,0.29510638294668506,0.2377883484555786,12,12
432,Juga,Upper Subansiri,Unknown,Arunachal Pradesh,True,28.4467134,93.1498404,3.925174649555216,control (non-VVP),True,-0.17585914984052778,-0.23087582359363643,146,169,0.31254706591994796,0.23644887597391906,12,12
433,Yorlung,Upper Subansiri,Unknown,Arunachal Pradesh,True,28.6720499,93.9704579,4.196776668375604,control (non-VVP),True,-0.18775488504833393,-0.22342338364926334,76,84,0.32688600458368855,0.21245319575136978,12,12
434,Gelemo,Upper Subansiri,Unknown,Arunachal Pradesh,True,28.472442,93.4628099,18.05313388179516,control (non-VVP),True,-0.2533688524066497,-0.2653426695005779,148,170,0.2942373505793513,0.22749348645031992,12,12
435,Gelemo Camp,Upper Subansiri,Unknown,Arunachal Pradesh,True,28.4568913,93.4620422,18.606676953286467,control (non-VVP),True,-0.21172877576080606,-0.22721793464268716,148,170,0.3326185265804467,0.35310822671080105,12,12
436,Dojbung,Upper Subansiri,Unknown,Arunachal Pradesh,True,28.3729191,93.4561501,23.285044542759053,control (non-VVP),True,-0.2788607638474157,-0.2761967018720726,146,169,0.30991341225261787,0.2229674092051703,12,12
437,Gelinceniak,Upper Subansiri,Unknown,Arunachal Pradesh,True,28.3631529,93.4766991,25.48664596200368,control (non-VVP),True,-0.2201364378547234,-0.2445904956547613,146,169,0.321441323255861,0.21840048015578165,12,12
438,Chingring,Upper Subansiri,Unknown,Arunachal Pradesh,True,28.4192393,93.8246305,29.258085111764327,control (non-VVP),True,-0.26624279994905525,-0.26915239219029247,73,84,0.3180306342947126,0.20872923538732369,12,12
439,Poba,Upper Subansiri,Unknown,Arunachal Pradesh,True,28.414467,93.8159723,29.67407778677813,control (non-VVP),True,-0.2866552102643318,-0.28974602161599805,73,84,0.3135493439669049,0.19459869671800284,12,12
440,贾德普,Upper Subansiri,Unknown,Arunachal Pradesh,True,28.4082012,93.7972842,30.217130636717734,control (non-VVP),True,-0.29056987938461,-0.28272820079523703,73,84,0.3120971600961896,0.20360895622093064,12,12
441,嘎如,Upper Subansiri,Unknown,Arunachal Pradesh,True,28.4068583,93.7942953,30.352527848657463,control (non-VVP),True,-0.28159353054983066,-0.2778139442554317,73,84,0.30914820438603624,0.21359080360049293,12,12
442,阿赖根布,Upper Subansiri,Unknown,Arunachal Pradesh,True,28.4059921,93.808704,30.537852652997465,control (non-VVP),True,-0.2773627657331722,-0.2856752751148129,73,84,0.3233582846605593,0.20820768326190514,12,12
443,Orak Camp,Upper Subansiri,Unknown,Arunachal Pradesh,True,28.3665963,93.5461814,30.58926154225035,control (non-VVP),True,-0.19711628380553786,-0.20199526720298194,74,84,0.31052646070488754,0.18700936934453777,12,12
444,Ketha,Upper Subansiri,Unknown,Arunachal Pradesh,True,28.4307648,94.061466,30.83898483127514,control (non-VVP),True,-0.2956079428792433,-0.2824845805970532,146,169,0.30263221523615236,0.2160912458790081,12,12
445,Raba,Upper Subansiri,Unknown,Arunachal Pradesh,True,28.4054645,93.8353976,30.93107120811105,control (non-VVP),True,-0.2736812151022632,-0.25744025298020007,73,84,0.3352338589047536,0.20356440064569895,12,12
446,AkI,Upper Subansiri,Unknown,Arunachal Pradesh,True,28.4045203,93.7242887,31.0993071581252,control (non-VVP),True,-0.25599415846308143,-0.24757362396563332,73,84,0.31930803244800443,0.1961541985427695,12,12
447,Mojang,Upper Subansiri,Unknown,Arunachal Pradesh,True,28.4013177,93.8229042,31.20281418527646,control (non-VVP),True,-0.27680151483627274,-0.275715872379332,73,84,0.3323666253034642,0.19694444152298354,12,12
448,Ngoju,Upper Subansiri,Unknown,Arunachal Pradesh,True,28.399193,93.7068591,31.30343407328185,control (non-VVP),True,-0.26915451617548086,-0.25596752845774434,73,84,0.3145156533019977,0.2235570864288846,12,12
449,Keojariang,Upper Subansiri,Unknown,Arunachal Pradesh,True,28.4009028,93.8320953,31.37704816497124,control (non-VVP),True,-0.2152286134726044,-0.19733068716502924,73,84,0.34472805713262183,0.22559550066635142,12,12
450,Bogun,Upper Subansiri,Unknown,Arunachal Pradesh,True,28.3958767,93.6960267,31.409263037611804,control (non-VVP),True,-0.2587159997159604,-0.2707976731447614,73,84,0.28206810470699334,0.21257844275216325,12,12
451,Nava,Upper Subansiri,Unknown,Arunachal Pradesh,True,28.3909608,93.6799521,31.63847804253896,control (non-VVP),True,-0.23680640538994083,-0.26277969177706445,73,84,0.30490168614333935,0.23051217071126015,12,12
452,Nilo,Upper Subansiri,Unknown,Arunachal Pradesh,True,28.3872503,93.6546784,31.726628462853856,control (non-VVP),True,-0.25386670035177844,-0.26131868528704694,73,84,0.27772283606766335,0.19755064461441987,12,12
453,Myabe,Upper Subansiri,Unknown,Arunachal Pradesh,True,28.3992853,93.8502203,31.879304201323723,control (non-VVP),True,-0.21378600187889452,-0.2646177036532243,73,84,0.3555330045695299,0.21128939509855893,12,12
454,贡岗,West Kameng,Unknown,Arunachal Pradesh,True,26.8952222,92.1170503,4.154187721357816,control (non-VVP),True,-0.03927386269047855,-0.08130427498978038,77,86,1.2276929800951524,1.8391317000589362,12,12
455,Balem,West Kameng,Unknown,Arunachal Pradesh,True,26.9649897,92.1516917,7.302075731076228,control (non-VVP),True,-0.20455167229407717,-0.21330539728236697,73,85,0.30525358213423603,0.3936085940351313,12,12
456,Rongthangjurpam,West Kameng,Unknown,Arunachal Pradesh,True,27.0382758,92.1315055,7.891072038314255,control (non-VVP),True,-0.23519899139349054,-0.24837734428056893,146,169,0.41718458335049874,0.4536011616166469,12,12
457,若波朗钦,West Kameng,Unknown,Arunachal Pradesh,True,27.0752385,92.1082163,7.903609763820291,control (non-VVP),True,-0.18861455228596366,-0.1911544690477494,146,169,0.34787108812348116,0.4427985470475895,12,12
458,Yukmadung,West Kameng,Unknown,Arunachal Pradesh,True,27.4213253,92.1244746,8.333393795069465,control (non-VVP),True,-0.10321546796572795,-0.1429086664824073,73,84,0.45937594333115755,0.6804751180011224,12,12
459,Warrangpam,West Kameng,Unknown,Arunachal Pradesh,True,27.1186044,92.0745879,8.98308426545462,control (non-VVP),True,-0.2350607784763506,-0.24089302422308914,292,340,0.32711934036544943,0.360072961359313,12,12
460,Ghāstoli,Chamoli,Unknown,Uttarakhand,True,30.8592089,79.4699913,11.914449524802585,control (non-VVP),True,-0.5692363598056457,-0.03629647841492379,73,87,0.40079984955497716,0.4849638083664525,12,12
461,Niti,Chamoli,Unknown,Uttarakhand,True,30.7776642,79.8411215,13.810147936633122,control (non-VVP),True,0.0014097620429884313,-0.016243322710062492,73,87,0.40331226839469025,0.5972747207342922,12,12
462,MAHAR GAON,Chamoli,Unknown,Uttarakhand,True,30.7109424,79.8743727,18.82830218116584,control (non-VVP),True,0.0916468798060048,0.06511661774635262,146,174,0.3446657560562175,0.5053897929321872,12,12
463,Pharkia,Chamoli,Unknown,Uttarakhand,True,30.7318289,79.8262831,18.89002530397776,control (non-VVP),True,0.02819351711510913,-0.028471085032598327,146,174,0.3741207215592668,0.4128477380404601,12,12
464,Kurkuti,Chamoli,Unknown,Uttarakhand,True,30.7065954,79.8754333,19.257221680206065,control (non-VVP),True,0.015734835432383958,0.0022080709666406446,146,174,0.37489560204628475,0.5120977286901123,12,12
465,Ryal Bagar,Chamoli,Unknown,Uttarakhand,True,30.7110763,79.8435457,19.93625372763593,control (non-VVP),True,-0.1780621263006327,-0.15505644299287027,146,174,0.3585486457476746,0.39644143839140195,12,12
466,Kosa,Chamoli,Unknown,Uttarakhand,True,30.67793,79.8609495,22.70652399985677,control (non-VVP),True,-0.013016294545907652,0.0003433166551016923,146,174,0.3707467520133757,0.4894886387762053,12,12
467,Ghangaria,Chamoli,Unknown,Uttarakhand,True,30.7014544,79.5938002,26.31062216633642,control (non-VVP),True,-0.13228215202316063,-0.17472004090018586,146,174,0.3733704717910808,0.48086231483713443,12,12
468,Kajila,Chamoli,Unknown,Uttarakhand,True,30.6972318,79.5898879,26.75920046410928,control (non-VVP),True,-0.09740717017138789,-0.13977825376277564,146,174,0.37053243434106975,0.47403243016552277,12,12
469,SINGLA,Chamoli,Unknown,Uttarakhand,True,30.6462444,79.8258027,27.175157144580066,control (non-VVP),True,0.09775001097582789,0.09496494781369205,146,174,0.3719453534467625,0.46952822661139276,12,12
470,Jelam,Chamoli,Unknown,Uttarakhand,True,30.6441526,79.8259171,27.38526145533936,control (non-VVP),True,0.09513377453439234,0.08660340297621191,146,174,0.374019283036738,0.4817821940155008,12,12
471,Hanumanchatti,Chamoli,Unknown,Uttarakhand,True,30.6955217,79.5141532,27.604198128101256,control (non-VVP),True,-0.007265483325892015,-0.023194171975393998,146,174,0.46420532461766156,0.5557785047039373,12,12
472,DRONAGIRI,Chamoli,Unknown,Uttarakhand,True,30.5991704,79.8680413,27.76162744355928,control (non-VVP),True,0.008696458089129453,-0.0326287330945646,73,86,0.374483166456746,0.4727917960982946,12,12
473,Lambagad,Chamoli,Unknown,Uttarakhand,True,30.692639,79.5132394,27.935227028140023,control (non-VVP),True,-0.006692996641853494,-0.02602771634157444,146,174,0.5223633587167487,0.6353317150663275,12,12
474,GARPAK,Chamoli,Unknown,Uttarakhand,True,30.6269079,79.854244,28.23676669151424,control (non-VVP),True,0.002714669555138773,-0.022580838652702016,73,87,0.34826846415932117,0.4184018103174261,12,12
475,Bhyudar,Chamoli,Unknown,Uttarakhand,True,30.674709,79.5913479,29.259897647969115,control (non-VVP),True,0.012497004593546203,-0.054439685248635836,146,174,0.354343576324654,0.46494072743145554,12,12
476,Khirao,Chamoli,Unknown,Uttarakhand,True,30.6849562,79.4763374,29.81393619398809,control (non-VVP),True,0.007433910373318642,-0.01432761936624627,146,174,0.3641122086115651,0.4322312941088915,12,12
477,KAGA,Chamoli,Unknown,Uttarakhand,True,30.6124584,79.8238599,30.73137382810968,control (non-VVP),True,-0.19956339686470273,-0.1695662012062081,73,87,0.34176396576133933,0.4221351232399811,12,12
478,Jumma,Chamoli,Unknown,Uttarakhand,True,30.60791,79.80606,31.82623184079268,control (non-VVP),True,0.01862322439413992,0.003979670559925933,73,86,0.389230563721698,0.46977141042507503,12,12
479,Sal,Chamoli,Unknown,Uttarakhand,True,30.6497801,79.5825101,31.99807128252253,control (non-VVP),True,0.0006540423777225945,-0.028615035816182438,146,173,0.3926325305354881,0.3909976400905705,12,12
480,Lambagarh,Chamoli,Unknown,Uttarakhand,True,30.6541078,79.5165784,32.0553341957228,control (non-VVP),True,0.013796271548520518,-0.012068086436633575,146,171,1.9638024860378949,2.600202609714517,12,12
481,Nayachutti,Chamoli,Unknown,Uttarakhand,True,30.6485378,79.5332429,32.41449625832039,control (non-VVP),True,-0.0030344502420343315,-0.046539346138612936,146,171,0.5563784789474525,0.6914592412862484,12,12
482,Pulna,Chamoli,Unknown,Uttarakhand,True,30.6357595,79.5716275,33.554494849387154,control (non-VVP),True,0.030818821814232355,0.010769082923144001,146,170,0.428101441166971,0.473567025039507,12,12
483,Will Pulna,Chamoli,Unknown,Uttarakhand,True,30.635211,79.5724562,33.61399138587271,control (non-VVP),True,0.005615035282578745,-0.013656818622839307,146,170,0.4279710057636966,0.4739501772691374,12,12
484,Sumla,Uttarkashi,Unknown,Uttarakhand,True,31.3643581,79.1315444,5.627779859426751,control (non-VVP),True,-0.22084185031803794,0.001328608073002494,146,170,0.40810185008578825,0.4723084615401453,12,12
485,波林三多,Uttarkashi,Unknown,Uttarakhand,True,31.3063902,79.1304897,8.97346728316324,control (non-VVP),True,-0.09414204287877069,0.005670594629788676,147,170,0.4206850642112802,0.46489282088136624,12,12
486,Tirpani,Uttarkashi,Unknown,Uttarakhand,True,31.2764904,79.1066801,12.781892511914991,control (non-VVP),True,-0.08026284174448771,-0.03248504104548682,147,170,0.3763040352736511,0.41235529734390725,12,12
487,Nilapani,Uttarkashi,Unknown,Uttarakhand,True,31.1133518,79.1553581,15.061773828748594,control (non-VVP),True,0.04862251919149894,0.057899062321229856,146,170,0.380309447985907,0.4205175544682337,12,12
488,桑村,Uttarkashi,Unknown,Uttarakhand,True,31.1815194,79.044165,15.272434644969527,control (non-VVP),True,-0.13454953916135698,-0.06225890405462995,146,170,0.4033638928186032,0.4517448608479197,12,12
489,葱莎,Uttarkashi,Unknown,Uttarakhand,True,31.1126554,79.0053748,19.17764189917796,control (non-VVP),True,0.1032241788176903,0.11669104060945477,292,341,0.43870340213980724,0.5249865422646205,12,12
490,Hindoligad,Uttarkashi,Unknown,Uttarakhand,True,31.0767806,78.9614641,21.732777927080967,control (non-VVP),True,-0.02778478144981593,-0.01350900911245675,292,341,0.3604175624084371,0.4054463013749699,12,12
491,Karchha,Uttarkashi,Unknown,Uttarakhand,True,31.04462,78.92578,24.95764711311822,control (non-VVP),True,-0.03657114390996382,-0.021437951767383955,292,341,0.33405172124761956,0.4053322557231475,12,12
492,Mukhba,Uttarkashi,Unknown,Uttarakhand,True,31.0449555,78.7799246,26.980573712116133,control (non-VVP),True,-0.030856730173968647,-0.035962285183424064,146,172,0.5759653870525256,1.5239435566579058,12,12
493,Lanka,Uttarkashi,Unknown,Uttarakhand,True,31.0302365,78.8679805,27.02544209422259,control (non-VVP),True,-0.2198091426703912,-0.17993707978353757,146,172,0.3587853250620158,0.5016485377174357,12,12
494,Bhaironghati,Uttarkashi,Unknown,Uttarakhand,True,31.0267173,78.8678798,27.410613091794325,control (non-VVP),True,-0.2414454673333162,-0.2024244006296344,146,172,0.36671869416668035,0.5001228761942446,12,12
495,Harsil,Uttarkashi,Unknown,Uttarakhand,True,31.0369099,78.7506484,28.055064151573287,control (non-VVP),True,-0.1508467262285429,-0.14059192714727226,146,172,0.8653470115111226,2.1414491142655656,12,12
496,Halunga,Uttarkashi,Unknown,Uttarakhand,True,31.0334361,78.7436711,28.520791760275166,control (non-VVP),True,-0.20699469897608744,-0.1874701386156964,146,172,0.5208709640849022,0.9971809849944168,12,12
497,Dhakroliya,Uttarkashi,Unknown,Uttarakhand,True,31.0349208,78.7312391,28.54448149749177,control (non-VVP),True,-0.195292863008746,-0.18514668192305686,146,172,0.3633396573477867,0.4398345977326536,12,12
498,Sunagar,Uttarkashi,Unknown,Uttarakhand,True,31.01578,78.71155,31.0016111786727,control (non-VVP),True,-0.032829855958926825,-0.03149096958542192,146,172,0.6435959629690113,1.1115621423253317,12,12
499,Suki,Uttarkashi,Unknown,Uttarakhand,True,31.0029571,78.7013016,32.61251940187505,control (non-VVP),True,-0.0029469610973274596,0.003654824520288262,146,172,0.45098738129074506,0.8639369394328144,12,12
500,Bhojwasa,Uttarkashi,Unknown,Uttarakhand,True,30.9504464,79.051513,33.50614382681282,control (non-VVP),True,-0.036930335379118565,0.06539938413714091,146,171,0.3774496556421443,0.43264113988691166,12,12
501,Cherbasa,Uttarkashi,Unknown,Uttarakhand,True,30.9798732,79.0239489,33.59856849202152,control (non-VVP),True,-0.0173213148247517,0.027990193633370384,146,171,0.3518064582399813,0.42549292256239973,12,12
502,Bhangeli,Uttarkashi,Unknown,Uttarakhand,True,30.9173929,78.6694748,42.55822493242618,control (non-VVP),True,-0.019630893905214292,-0.017741987959446023,146,174,0.36560350918614515,0.4473905170843992,12,12
503,Gangnani (village),Uttarkashi,Unknown,Uttarakhand,True,30.9124564,78.67581,42.93741159736116,control (non-VVP),True,-0.03225738674943847,-0.044973961959409024,146,174,0.3615297545869666,0.4320125902991697,12,12
504,Seema,Uttarkashi,Unknown,Uttarakhand,True,31.1170286,78.3499378,43.2062044546696,control (non-VVP),True,-0.07161138034405386,-0.03852269637807357,73,87,0.35144981697041505,0.4388646938467539,12,12
505,Yamunotri,Uttarkashi,Unknown,Uttarakhand,True,30.999214,78.4626951,43.56636837738584,control (non-VVP),True,-0.1897722154227248,-0.16220550577812715,73,87,0.3413586588897582,0.8139538422933427,12,12
506,Osla,Uttarkashi,Unknown,Uttarakhand,True,31.1188962,78.3427722,43.702470708703984,control (non-VVP),True,0.030098119008538756,0.0683701061407983,73,87,0.35853089019656176,0.45048850909646204,12,12
507,Hurri,Uttarkashi,Unknown,Uttarakhand,True,30.900444,78.694016,43.85649707889107,control (non-VVP),True,-0.24331756959384968,-0.20236022853938615,146,174,0.35947973328463095,0.40874865801906685,12,12
508,Gangnani,Uttarkashi,Unknown,Uttarakhand,True,30.9029774,78.6797824,43.870251674210536,control (non-VVP),True,-0.07220872742811328,-0.08096571596539671,146,174,0.3932119612784489,0.5778342305318169,12,12
509,Sungar,Uttarkashi,Unknown,Uttarakhand,True,30.8932364,78.6782549,44.95526774068584,control (non-VVP),True,-0.08355322657327488,-0.11261774071766202,146,174,0.35017191684207244,0.3711038735026775,12,12
510,Panwani,Uttarkashi,Unknown,Uttarakhand,True,31.1162624,78.3290382,44.99273687783485,control (non-VVP),True,0.02600937551253345,0.06462213939746934,73,87,0.3389599303730199,0.3751985439511596,12,12
511,Gangwar,Uttarkashi,Unknown,Uttarakhand,True,31.1081301,78.3128214,46.782319991467176,control (non-VVP),True,0.0012163338964828211,0.014899157844259778,73,87,0.3527038612846652,0.4050634854149408,12,12
512,Janki Chatti,Uttarkashi,Unknown,Uttarakhand,True,30.9764513,78.4383369,46.98872281721196,control (non-VVP),True,2.9388383617857295e-05,0.04331747055331004,73,87,0.708703496197903,4.571371326300456,12,12
513,Kharsālī,Uttarkashi,Unknown,Uttarakhand,True,30.9727889,78.4382202,47.31439009250329,control (non-VVP),True,0.01805211686673364,0.050196383076493704,73,87,0.7110683374564024,3.6275493740008895,12,12
514,Buri,Tawang,Unknown,Arunachal Pradesh,True,27.5138525,91.6470731,1.3784428309811594,control (non-VVP),True,-0.03448264693787101,-0.11808727895111502,73,85,0.36095144952248254,0.39749256205478944,12,12
515,Dudunghar,Tawang,Unknown,Arunachal Pradesh,True,27.5069344,91.6530079,1.5845961590826654,control (non-VVP),True,-0.04850619608403222,-0.10167590419102777,73,85,0.41237936512399087,1.047565893633063,12,12
516,Blaiteng,Tawang,Unknown,Arunachal Pradesh,True,27.505442,91.6575862,1.9598216987706023,control (non-VVP),True,-0.07164443775378042,-0.10460504068998525,73,85,0.411564948644243,1.3283351974150903,12,12
517,Dongmareng,Tawang,Unknown,Arunachal Pradesh,True,27.5064997,91.6610772,2.297958008278038,control (non-VVP),True,-0.09715586188542646,-0.11663622569371981,73,85,0.3965311798459969,1.1481328871441314,12,12
518,Kaben,Tawang,Unknown,Arunachal Pradesh,True,27.489457,91.7279816,3.0298278851124576,control (non-VVP),True,-0.0448164647009213,-0.06429861256649938,73,85,0.41243855327201295,0.5240195507443818,12,12
519,Marmey,Tawang,Unknown,Arunachal Pradesh,True,27.5382332,91.6496721,3.3525511690259813,control (non-VVP),True,-0.11151572754627195,-0.16872464950191424,73,85,0.3376928879973594,0.35639420031161795,12,12
520,Hatung La,Tawang,Unknown,Arunachal Pradesh,True,27.7767145,91.7101807,3.605519688388505,control (non-VVP),True,-0.11849895716246028,-0.10887925886839082,73,85,0.28813276930717424,0.28062617384781274,12,12
521,Chelengdung,Tawang,Unknown,Arunachal Pradesh,True,27.5402668,91.6598059,4.1381078596207095,control (non-VVP),True,-0.05393908473061142,-0.07442477040221471,73,85,0.3665358757625246,0.3446337799186664,12,12
522,Dungjee,Tawang,Unknown,Arunachal Pradesh,True,27.4989655,92.0097869,4.297136495986306,control (non-VVP),True,-0.22307300889420315,-0.17530733669330592,146,169,0.3607325481807799,0.31939529571661357,12,12
523,Benig,Tawang,Unknown,Arunachal Pradesh,True,27.499111,91.7352285,4.302094159838689,control (non-VVP),True,-0.18271609268619138,-0.20898585200692552,73,85,0.3869886784949122,0.4168736028976589,12,12
524,User,Tawang,Unknown,Arunachal Pradesh,True,27.5441215,91.6573264,4.332662551885869,control (non-VVP),True,-0.05005932925496813,-0.09143021335654908,73,85,0.3335254323442688,0.35078415304488747,12,12
525,Phomang,Tawang,Unknown,Arunachal Pradesh,True,27.5125531,91.694958,4.594783190459134,control (non-VVP),True,0.045277547970965594,0.026983520128450997,73,85,0.4063511524673029,0.4051206306054492,12,12
526,Sanghar,Tawang,Unknown,Arunachal Pradesh,True,27.5320099,91.6739901,4.655048653488116,control (non-VVP),True,-0.0725447226123954,-0.08121085442975493,73,85,0.45436699984439605,0.4160261473389296,12,12
527,Tsechu,Tawang,Unknown,Arunachal Pradesh,True,27.7228408,92.0148221,4.839255499380271,control (non-VVP),True,0.04124582000720509,0.05796233134048848,146,169,0.3993962495640563,0.5251275431069117,12,12
528,Dormeleng,Tawang,Unknown,Arunachal Pradesh,True,27.536051,91.6739209,4.872489192383831,control (non-VVP),True,-0.04515744227346451,-0.070745117461916,73,85,0.46526041307619637,0.4351990310408707,12,12
529,Bagajang Gompa,Tawang,Unknown,Arunachal Pradesh,True,27.5002605,92.0203955,4.958258166043775,control (non-VVP),True,0.06046220262309706,0.12105470447520053,146,169,0.34393374236893814,0.3452960262386198,12,12
530,Hoongla,Tawang,Unknown,Arunachal Pradesh,True,27.5133024,91.7221181,5.219682444374062,control (non-VVP),True,-0.03289796748545634,-0.06591511068723162,73,85,0.4585728919012701,0.4233715474872249,12,12
531,Kharung,Tawang,Unknown,Arunachal Pradesh,True,27.5083212,91.7443344,5.472869874542752,control (non-VVP),True,-0.12955931015951025,-0.1484213028758503,73,85,0.42974322758463657,0.4041309252078592,12,12
532,Sazo,Tawang,Unknown,Arunachal Pradesh,True,27.5211872,91.6919115,5.481263190914099,control (non-VVP),True,0.015536197495291181,-0.004651157930419835,73,85,0.5699336544815201,0.396791852843601,12,12
533,Bulaisen,Tawang,Unknown,Arunachal Pradesh,True,27.7447203,91.6940265,5.82737530462685,control (non-VVP),True,-0.05948998736409416,-0.12708646475958785,73,85,0.31877589488433583,0.270651599411237,12,12
534,Zirkhim,Tawang,Unknown,Arunachal Pradesh,True,27.759106,91.6987037,5.859782408176547,control (non-VVP),True,-0.002672507165409629,-0.04335248866481511,73,85,0.3009962977965672,0.31457685033480326,12,12
535,Kharteng,Tawang,Unknown,Arunachal Pradesh,True,27.5322737,91.68881,5.999022821529483,control (non-VVP),True,-0.10551638521506754,-0.14607156477726577,73,85,0.4742240760392614,0.44553425626622306,12,12
536,Taktsang,Tawang,Unknown,Arunachal Pradesh,True,27.7202129,91.7987847,6.611126228743398,control (non-VVP),True,-0.04986711583178671,-0.053688933079504245,73,85,0.30263440945787606,0.41045142575949245,12,12
537,Baghar,Tawang,Unknown,Arunachal Pradesh,True,27.5386646,91.692876,6.666281448423297,control (non-VVP),True,-0.0969370379936809,-0.10547933803730318,73,85,0.4864297917245603,0.4194592305987499,12,12
538,Surbin,Tawang,Unknown,Arunachal Pradesh,True,27.6044729,91.6478797,6.702895702948471,control (non-VVP),True,-0.18639812170661058,-0.23996639447798837,73,85,0.3037182345585438,0.301318194132482,12,12
539,Yabab,Tawang,Unknown,Arunachal Pradesh,True,27.5495362,91.6993454,7.79234841016766,control (non-VVP),True,-0.028388004922022415,-0.046172126224897164,73,85,0.6512769636631545,0.3718359283770302,12,12
540,Gyandong,Tawang,Unknown,Arunachal Pradesh,True,27.5360362,91.8767708,7.960987720661884,control (non-VVP),True,-0.036918507604471414,-0.10933493529223208,73,85,0.38492915591004173,0.4964699802516024,12,12
541,Socktsen,Tawang,Unknown,Arunachal Pradesh,True,27.7317783,91.7136439,8.176378417682914,control (non-VVP),True,-0.05977448838844146,-0.14203832283972626,73,85,0.3740409158237345,0.7888457153563025,12,12
542,乃林芒,Tawang,Unknown,Arunachal Pradesh,True,27.7304581,91.7122753,8.346887659670452,control (non-VVP),True,-0.07002929043930167,-0.1425826954296618,73,85,0.37138333257701656,0.7927907286749947,12,12
543,Khet,Tawang,Unknown,Arunachal Pradesh,True,27.5420105,91.8651408,8.438906817105366,control (non-VVP),True,-0.06748579281315585,-0.1368870166765743,73,85,0.4325159706822108,0.6002048039315384,12,12
544,Mangnam,Tawang,Unknown,Arunachal Pradesh,True,27.5434452,91.7277148,8.576480853707107,control (non-VVP),True,-0.0817539535379782,-0.14862091270765462,73,85,0.9025583437085152,1.1584509174691306,12,12
545,Duola,Tawang,Unknown,Arunachal Pradesh,True,27.6806026,91.7051828,8.700719158387184,control (non-VVP),True,-0.1526610878269168,-0.2140035372637117,73,85,0.3341629313809226,0.26823452885118904,12,12
546,Thiksi,Tawang,Unknown,Arunachal Pradesh,True,27.6742312,91.7039224,8.938675902140462,control (non-VVP),True,-0.16316181084970333,-0.22497782659549215,73,85,0.3312564802832073,0.29952221888634883,12,12
547,Mukto,Tawang,Unknown,Arunachal Pradesh,True,27.5459298,91.925351,9.033768782544565,control (non-VVP),True,-0.0844333912087136,-0.1488242821543496,73,85,0.5162570449988764,0.7548816335107185,12,12
548,朗楚,Tawang,Unknown,Arunachal Pradesh,True,27.6665478,92.018261,9.170429339437083,control (non-VVP),True,-0.03814258122588618,-0.11172052570253285,146,169,0.289702717077772,0.3186519835040455,12,12
549,Gispu,Tawang,Unknown,Arunachal Pradesh,True,27.5798,91.68915,9.375706517611604,control (non-VVP),True,-0.09349164570739191,-0.15454152097571228,73,85,0.36471538404200937,0.40897816589805075,12,12
550,Buikung,Tawang,Unknown,Arunachal Pradesh,True,27.5418739,91.7759019,9.411678782317772,control (non-VVP),True,-0.050674224638645335,-0.12691658135344816,73,85,0.41527870623031454,0.4193766247003506,12,12
551,Momai,Tawang,Unknown,Arunachal Pradesh,True,27.5468143,91.9076102,9.41491744136239,control (non-VVP),True,-0.12302584102042873,-0.17225890659950177,73,85,0.5102953702873653,0.5194425933228598,12,12
552,Khangkar,Tawang,Unknown,Arunachal Pradesh,True,27.5483269,91.8982714,9.65310951987415,control (non-VVP),True,-0.16678181265314984,-0.2105151835526127,73,85,0.48339988329815514,0.5606955267044771,12,12
553,Thrillam,Tawang,Unknown,Arunachal Pradesh,True,27.5444139,91.7737903,9.676984165349417,control (non-VVP),True,-0.08042931841486942,-0.1622219891720791,73,85,0.4237303815681839,0.4221337838557804,12,12
554,Gomkelleng,Tawang,Unknown,Arunachal Pradesh,True,27.557721,91.9476161,9.843283809332174,control (non-VVP),True,-0.07800100810337122,-0.13424157727109515,73,85,0.41011636385375316,0.4745992733551575,12,12
555,Nuranang,Tawang,Unknown,Arunachal Pradesh,True,27.5495863,92.0246679,9.896721816486076,control (non-VVP),True,-0.12650361663736356,-0.1329292818676015,146,169,0.4984708343328307,0.4838535879035724,12,12
556,Khelengteng,Tawang,Unknown,Arunachal Pradesh,True,27.700347,91.7260819,9.96298258283976,control (non-VVP),True,-0.051621384267789755,-0.13810922932900355,73,85,0.4044798707114386,0.7186136086961218,12,12
557,Mirba,Tawang,Unknown,Arunachal Pradesh,True,27.5628166,91.9670658,10.046901244397526,control (non-VVP),True,-0.0599665267706264,-0.11740060515102034,73,85,0.3902513208100044,0.4079327288330818,12,12
558,Bomja,Tawang,Unknown,Arunachal Pradesh,True,27.5628997,91.9964314,10.2441602229928,control (non-VVP),True,-0.09225226551391291,-0.08210563019901518,146,169,0.39847895506404024,0.707712331713254,12,12
559,Ajidong,Tawang,Unknown,Arunachal Pradesh,True,27.5640002,91.954525,10.34812753629876,control (non-VVP),True,-0.13688243422115826,-0.16397340518824804,73,85,0.41208380484311596,0.4623832366897562,12,12
560,Chakzam,Tawang,Unknown,Arunachal Pradesh,True,27.557929,91.9220578,10.39932444051828,control (non-VVP),True,-0.051273290292887914,-0.12155195151150279,73,85,0.4674096821739686,0.5439460048795411,12,12
561,Xiongbaze,Tawang,Unknown,Arunachal Pradesh,True,27.5673678,91.9761893,10.520480542245313,control (non-VVP),True,-0.1115756509588647,-0.17278564043614267,73,85,0.45457298959485565,0.4752548845909519,12,12
562,Kanchi Mor,Tawang,Unknown,Arunachal Pradesh,True,27.6276338,91.9591421,10.791124997082466,control (non-VVP),True,-0.18766747323913802,-0.257499237182604,73,85,0.36379773883321,0.3157174677419185,12,12
563,Senu,Tawang,Unknown,Arunachal Pradesh,True,27.568186,91.8640359,11.32095577800408,control (non-VVP),True,-0.023195648911826343,-0.0789957055660307,73,85,0.5403795457364191,0.6791156256915731,12,12
564,Kharsa,Tawang,Unknown,Arunachal Pradesh,True,27.5768922,91.9742501,11.575637862711783,control (non-VVP),True,-0.07283807769887012,-0.14524261147591416,73,85,0.5850321253816557,0.6701190375687043,12,12
565,Tsewkhar,Tawang,Unknown,Arunachal Pradesh,True,27.5723837,91.9352289,11.769604232081706,control (non-VVP),True,-0.059757586658341064,-0.12438911917996197,73,85,0.6446549755550617,1.1040950584061007,12,12
566,Jamkhar,Tawang,Unknown,Arunachal Pradesh,True,27.5741023,91.8498361,11.97109277897478,control (non-VVP),True,-0.11109986381268235,-0.204212442985357,73,85,0.4290359322629179,0.4143246783965328,12,12
567,Topgye,Tawang,Unknown,Arunachal Pradesh,True,27.7071071,92.2145841,12.010850218777836,control (non-VVP),True,-0.10606659852599928,-0.12640933844195662,73,84,0.3206407996495745,0.3321479839417294,12,12
568,Lhou,Tawang,Unknown,Arunachal Pradesh,True,27.574306,91.9287482,12.083796379688184,control (non-VVP),True,-0.09401910062926425,-0.13215098417972415,73,85,1.0221083647424238,1.4038121973751385,12,12
569,Bomdir,Tawang,Unknown,Arunachal Pradesh,True,27.5798,91.88004,12.800691542574553,control (non-VVP),True,-0.040989724811802596,-0.0924312287878809,73,85,1.5345936203751334,2.327316890917552,12,12
570,Urgeling,Tawang,Unknown,Arunachal Pradesh,True,27.5810786,91.8710988,12.806217009504952,control (non-VVP),True,-0.05879943091640459,-0.1144880150955209,73,85,1.4704324197769165,2.521899057759179,12,12
571,Geibi,Tawang,Unknown,Arunachal Pradesh,True,27.579271,91.8861143,12.841084848187418,control (non-VVP),True,-0.044333489487570175,-0.08969488310267477,73,85,1.308324962554697,1.7499692634497273,12,12
572,Sazhe,Tawang,Unknown,Arunachal Pradesh,True,27.5776458,91.7988206,13.004782979435044,control (non-VVP),True,-0.08847878446006768,-0.174930985145882,73,85,0.36947299648263604,0.360638729753441,12,12
573,Aodong,Tawang,Unknown,Arunachal Pradesh,True,27.5803197,91.893275,13.071617730047157,control (non-VVP),True,-0.05763473322084856,-0.10696052967361294,73,85,1.0755249283311068,1.4950637492876084,12,12
574,Bangde,Tawang,Unknown,Arunachal Pradesh,True,27.5840299,91.8834414,13.318371109342184,control (non-VVP),True,-0.04893722985560298,-0.08902496932255602,73,85,2.345631788672678,3.6989558159042497,12,12
575,Shyo,Tawang,Unknown,Arunachal Pradesh,True,27.5891423,91.8597993,13.622892569252397,control (non-VVP),True,-0.02978052016712823,-0.10906431011632885,73,85,0.902132025662433,1.474459704857194,12,12
576,Beghar,Tawang,Unknown,Arunachal Pradesh,True,27.5889112,91.8791928,13.783557607535824,control (non-VVP),True,-0.005429966914102838,-0.04547464243283724,73,85,4.00352093265423,7.168658946298545,12,12
577,Mandreling,Tawang,Unknown,Arunachal Pradesh,True,27.5917248,91.8595869,13.908525964520482,control (non-VVP),True,-0.019014054002289827,-0.10395186319754926,73,85,0.8413236863886289,1.2433926265550006,12,12
578,Nyuri,Tawang,Unknown,Arunachal Pradesh,True,27.6891295,92.2040611,14.228594022329878,control (non-VVP),True,-0.020374083681021907,-0.05202611067137005,73,84,0.30806339439635355,0.37191591423601916,12,12
579,Tseretse,Tawang,Unknown,Arunachal Pradesh,True,27.5930753,91.8967033,14.52226112151756,control (non-VVP),True,-0.06547258641597639,-0.12502813577102037,73,85,1.127443882083786,1.5811373129838244,12,12
580,楚木巴,Tawang,Unknown,Arunachal Pradesh,True,27.6549106,92.2710437,14.899982744148126,control (non-VVP),True,0.08365065717382672,0.11124032730855739,73,84,0.3242101796165903,0.33300227454517817,12,12
581,Neygang,North,Unknown,Sikkim,True,26.8222735,89.2456924,0.0354397827185006,control (non-VVP),False,-0.18973769455531783,-0.20068557082586447,74,87,0.5880555450644124,0.7681373639466013,12,12
582,Mangalbare,North,Unknown,Sikkim,True,26.9641686,88.0931146,0.0646404924804474,control (non-VVP),False,-0.16050452995408654,-0.19812376872078458,294,348,0.40174803114365515,0.4691657319949265,12,12
583,Tingtingma,North,Unknown,Sikkim,True,26.83608,89.2607505,0.1374003726741908,control (non-VVP),False,-0.1828305794374885,-0.15453534917923625,74,87,0.4788032439057067,0.5239854287272612,12,12
584,Tading,North,Unknown,Sikkim,True,26.842835,89.2980981,0.1836409106089793,control (non-VVP),False,-0.18901856053318322,-0.240250898292197,74,87,0.480425073026007,0.5311220056406585,12,12
585,Katao,North,Unknown,Sikkim,True,27.6714244,88.8140893,0.4093092829809311,control (non-VVP),False,-0.03811449285186779,-0.037501112176750236,73,87,0.38892260698273873,0.453501297729318,12,12
586,Kupup,North,Unknown,Sikkim,True,27.35065,88.8396693,0.4220779702879976,control (non-VVP),False,0.1230559220292546,0.15445115273374882,73,87,0.4246530994705485,0.5926046506312098,12,12
587,Kumai,North,Unknown,Sikkim,True,26.9721659,88.8529694,0.4496922242930337,control (non-VVP),False,-0.10061813683617517,-0.11921262732951599,74,88,0.4978223346402621,0.5928811192241275,12,12
588,Sherathang,North,Unknown,Sikkim,True,27.3803999,88.8152126,0.4936963693973037,control (non-VVP),False,0.08350252210842632,0.1477002175579996,73,87,0.5048700619552094,0.4432467035991323,12,12
589,Gidaibir,North,Unknown,Sikkim,True,26.8366987,89.2715013,0.4987423550079105,control (non-VVP),False,-0.11434296141937185,-0.0982906302161718,74,87,0.4410404896349015,0.48479842448821925,12,12
590,Marwatraya,North,Unknown,Sikkim,True,26.8521011,89.3113536,0.537664567588106,control (non-VVP),False,-0.1082960272791059,-0.1345513526755586,74,87,0.5893530189720374,0.7312722297789154,12,12
591,Daduwachok,North,Unknown,Sikkim,True,27.278697,88.0127539,0.6010992404530895,control (non-VVP),False,-0.027007498451344567,-0.04948422563190792,294,357,0.3059671950016626,0.3457070168664013,12,12
592,Doomshinggang,North,Unknown,Sikkim,True,26.819084,89.1416207,0.6994205554095879,control (non-VVP),False,-0.15853802344950121,-0.20520400403991834,74,87,0.5527471918068575,0.5206376346979248,12,12
593,Nyoenpalingmaed,North,Unknown,Sikkim,True,26.8229454,89.2250516,0.7472079788470537,control (non-VVP),False,-0.05712586177133259,-0.06934273371362862,74,87,1.5247968466373802,2.3016572355413114,12,12
594,Shri Antu,North,Unknown,Sikkim,True,26.8809868,88.1307377,0.8495012448518934,control (non-VVP),False,-0.17685547494807652,-0.18139708865283577,73,88,0.6680704704600425,0.928015471304823,12,12
595,Doleg,North,Unknown,Sikkim,True,26.819408,89.1716232,0.9051630724290842,control (non-VVP),False,-0.15106883391919426,-0.17717852010674595,74,87,0.8824546851496194,0.7719224208073601,12,12
596,Rongo,North,Unknown,Sikkim,True,27.0385628,88.8358784,0.9661025806763252,control (non-VVP),False,-0.15303060862808604,-0.16522107759491578,148,179,0.4617117045631818,0.5881925715586626,12,12
597,Todey,North,Unknown,Sikkim,True,27.1108271,88.8252278,1.0056724908623245,control (non-VVP),False,-0.2110009199509022,-0.20782533365849634,146,180,0.40023567369081314,0.41859352214438883,12,12
598,Dugpoling,North,Unknown,Sikkim,True,26.8538049,89.2820477,1.014366765057029,control (non-VVP),False,-0.24639754293735155,-0.27859524534264063,74,87,0.3965969102549876,0.4059228886643686,12,12
599,Hauri,North,Unknown,Sikkim,True,26.8351402,89.2827694,1.0515924551522455,control (non-VVP),False,-0.19647619558109294,-0.2213409012832484,74,87,0.5350868160227821,0.48051151613011905,12,12
600,Totopara,North,Unknown,Sikkim,True,26.8357066,89.3075323,1.1217663315424862,control (non-VVP),False,-0.2766149428192234,-0.3018135677260947,74,87,0.5445408138558439,0.6980054886027529,12,12
601,Gorkhe Bazar,North,Unknown,Sikkim,True,26.9554832,88.0775912,1.8877153943244096,control (non-VVP),False,-0.1839075428283293,-0.18892449083606844,296,356,0.3829495071156605,0.536805553344993,12,12
602,Tumliṅ,North,Unknown,Sikkim,True,27.0312588,88.0689601,1.952452896070509,control (non-VVP),False,0.0034186899290569836,0.01776604331074151,592,707,0.3452095059087876,0.33761180166192895,12,12
603,Gariabas,North,Unknown,Sikkim,True,27.024001,88.8656552,1.9886380969430395,control (non-VVP),False,-0.19811661841836276,-0.2013978438481639,148,178,0.5720145934492383,0.6917190457099484,12,12
604,Lachhungthang,North,Unknown,Sikkim,True,26.8295321,89.1899901,2.040227433577781,control (non-VVP),False,-0.09261202497102802,-0.10592945765710228,74,87,0.7878717160387289,0.9843794984254608,12,12
605,Gurãse,North,Unknown,Sikkim,True,27.027135,88.0744586,2.092496369904318,control (non-VVP),False,0.0320135194696481,0.02742157006377014,592,707,0.3321990175319848,0.35401052831930707,12,12
606,Gairibas,North,Unknown,Sikkim,True,27.0592783,88.0246254,2.0927719373359936,control (non-VVP),False,-0.13628368421764653,-0.17327830648826828,592,704,0.29745748135643485,0.319578603484463,12,12
607,Dangreyboog,North,Unknown,Sikkim,True,26.9392244,89.008113,2.139504061456761,control (non-VVP),False,-0.12725492434905733,-0.13988573165800622,74,88,0.5282406426547618,0.7000299734345983,12,12
608,काला पोखरी,North,Unknown,Sikkim,True,27.0788791,88.0171082,2.2196151166504423,control (non-VVP),False,-0.0018795897227168663,-0.009795953286338149,592,701,0.31167236755484184,0.39974915155527124,12,12
609,Dadheli,North,Unknown,Sikkim,True,27.0860589,87.9548391,2.2898595952271785,control (non-VVP),False,-0.15803565111577414,-0.15731761449900197,296,350,0.3371837447221215,0.3611608469137201,12,12
610,लुम्चोक,North,Unknown,Sikkim,True,27.0800523,87.9589886,2.3395745634031484,control (non-VVP),False,-0.18958802929814206,-0.19422438055857003,296,352,0.33270124881581115,0.39847789116862675,12,12
611,Kandan,North,Unknown,Sikkim,True,27.2632886,87.9854179,2.387155050260856,control (non-VVP),False,-0.2217114104222454,-0.21664307720365503,147,178,0.32713210855173563,0.44363712184671045,12,12
612,Magargau,North,Unknown,Sikkim,True,27.2531652,87.9799507,2.4259457880824007,control (non-VVP),False,-0.14223463824281274,-0.16503152513520172,147,178,0.33421135997639034,0.3894366829754921,12,12
613,Changgu,North,Unknown,Sikkim,True,27.3778843,88.7709213,2.4303020148375434,control (non-VVP),False,0.13377781158029722,0.17570273476905582,73,87,0.6345689259843283,0.7294379429540772,12,12
614,Bikeybhanjan,North,Unknown,Sikkim,True,27.0929468,88.01296,2.4946215039078736,control (non-VVP),False,-0.08538518784636842,-0.09981651713188151,592,701,0.3216241569070319,0.31971939124352805,12,12
615,Megma,North,Unknown,Sikkim,True,27.0239524,88.0828861,2.5710113040084863,control (non-VVP),False,-0.019353140870769153,-0.04081945681938341,296,354,0.33095813780888783,0.364986864161921,12,12
616,Sandakphu,North,Unknown,Sikkim,True,27.104806,88.0015441,2.579681664896949,control (non-VVP),False,-0.0562838258496111,-0.04012655873656233,296,350,0.33874530422392185,0.30000469917515377,12,12
617,Katrepakha,North,Unknown,Sikkim,True,26.9903319,88.9319658,2.607344879343358,control (non-VVP),False,-0.13932192204488014,-0.18519303723743716,74,88,0.6710127129683046,0.6132286962105019,12,12
618,Bugkha,North,Unknown,Sikkim,True,26.869138,89.2872405,2.6784303130882674,control (non-VVP),False,-0.24334433088142113,-0.27255580943049135,74,87,0.4341097434717757,0.4340994733845667,12,12
619,Chamurchi,North,Unknown,Sikkim,True,26.8827274,89.0903663,2.7225711132266324,control (non-VVP),False,-0.07979697826982537,-0.09641282679528426,148,175,1.0989010524000518,1.175491942701115,12,12
620,Jhalong,North,Unknown,Sikkim,True,27.0401327,88.8732963,2.7465010739437283,control (non-VVP),False,-0.12530319978909243,-0.14381738521980006,146,179,1.205216142369076,1.1751564531602958,12,12
621,Khamzangling,North,Unknown,Sikkim,True,26.9747954,88.9498508,2.9095350172627934,control (non-VVP),False,-0.18116733127995552,-0.20712398498678974,74,88,0.4768521574386281,0.5202125220890813,12,12
622,Tharphu,North,Unknown,Sikkim,True,26.9893377,88.9368045,2.9102798377936985,control (non-VVP),False,-0.17607847122312617,-0.21738326941929328,74,88,0.5490215777286462,0.5505152536955263,12,12
623,Yugo,North,Unknown,Sikkim,True,26.8975661,89.0839157,2.916803936913932,control (non-VVP),False,-0.07612152929004368,-0.10773842162783429,148,175,1.2619680612265656,2.182059746210267,12,12
624,Kardo,North,Unknown,Sikkim,True,26.9492965,88.9928788,2.9572807826624348,control (non-VVP),False,-0.1528905269338186,-0.19709087795038796,74,88,0.41352029468994395,0.48922491046729183,12,12
625,Paren,North,Unknown,Sikkim,True,27.0636736,88.8734078,2.979857761316277,control (non-VVP),False,-0.17905254134663928,-0.19023663242679603,146,179,0.8057490416887131,0.8003967944532632,12,12
626,Tonglu,North,Unknown,Sikkim,True,27.033721,88.0805457,3.013399463859864,control (non-VVP),False,-0.003212918808666142,0.007669199166354059,592,707,0.30661166931025396,0.35625000334692747,12,12
627,Samarjun,North,Unknown,Sikkim,True,27.2603728,87.975741,3.134339894708016,control (non-VVP),False,-0.17088847255162645,-0.20735480826691396,147,178,0.33680493254298055,0.4288826596509715,12,12
628,Chhubakha,North,Unknown,Sikkim,True,27.8241475,88.815369,3.225655994048761,control (non-VVP),False,-0.006278770683968638,0.02187650856716726,73,87,0.35164818167686457,0.37882760091129264,12,12
629,Sisne,North,Unknown,Sikkim,True,27.2634845,87.9756726,3.281271091190319,control (non-VVP),False,-0.21543921308263528,-0.22717597830363287,147,178,0.3347478457993678,0.4172328399458672,12,12
630,Sampheling,North,Unknown,Sikkim,True,27.1213407,88.8490569,3.357082188195897,control (non-VVP),False,-0.1904268494001684,-0.17816075143593924,73,90,0.4780611460507582,0.475201334062572,12,12
631,Rabi,North,Unknown,Sikkim,True,27.3014656,87.9929991,3.4248380521192847,control (non-VVP),False,-0.18257929365241593,-0.20565390300252556,147,179,0.3339652944447468,0.3945109442639723,12,12
632,Samphelgang,North,Unknown,Sikkim,True,27.1264595,88.8453086,3.601970449961409,control (non-VVP),False,-0.1760241918919993,-0.17082945101082583,73,90,0.5150326923738681,0.48169469228640804,12,12
633,Sepi,North,Unknown,Sikkim,True,27.2967297,87.9885069,3.618710893016439,control (non-VVP),False,-0.15685547809801537,-0.19695004970900895,147,179,0.3545147511393474,0.3993558359673832,12,12
634,Depheling,North,Unknown,Sikkim,True,26.9742504,88.9581871,3.6261462396301702,control (non-VVP),False,-0.0949713545173356,-0.1308197046905601,74,88,0.44434676565488535,0.4853350082944248,12,12
635,Nojangsa Nyipa,North,Unknown,Sikkim,True,26.8786124,89.3011236,3.641663302075516,control (non-VVP),False,-0.18792475416240986,-0.224501228097775,74,87,0.41372103564808727,0.46277092557584226,12,12
636,Norgeygang,North,Unknown,Sikkim,True,27.1251166,88.8483354,3.649812594241609,control (non-VVP),False,-0.15018998666159666,-0.1516504114677384,73,90,0.5688783091900731,0.5286496830947723,12,12
637,Tsomgo,North,Unknown,Sikkim,True,27.3754372,88.7566799,3.682317154899109,control (non-VVP),False,0.11187906721248626,0.18506996431655728,73,87,0.5034137610366985,0.6358931890775595,12,12
638,Ekrate,North,Unknown,Sikkim,True,27.252172,87.9651893,3.722050764424155,control (non-VVP),False,-0.22527508371098576,-0.2453960094515622,147,178,0.3326778336277221,0.42557448671516757,12,12
639,Karmaling,North,Unknown,Sikkim,True,27.1204516,88.8555324,3.729363223002584,control (non-VVP),False,-0.18706698606705663,-0.18764372231854123,73,90,0.4979578068186016,0.4803036171245251,12,12
640,Timbure,North,Unknown,Sikkim,True,27.2927386,87.9850534,3.751930497106271,control (non-VVP),False,-0.16043843877948258,-0.20425134312260346,147,179,0.34393261151972604,0.39102868646349537,12,12
641,Norbuling,North,Unknown,Sikkim,True,26.8925739,89.0972757,3.822535323022741,control (non-VVP),False,-0.057143893442912416,-0.08067720148185051,148,175,2.774912452563054,4.358287128216803,12,12
642,Sugure,North,Unknown,Sikkim,True,27.2608375,87.9680869,3.850674336389128,control (non-VVP),False,-0.20684156488439845,-0.19561513170527417,147,178,0.355041482397334,0.44746135077460314,12,12
643,Kuengaling,North,Unknown,Sikkim,True,27.1353079,88.8366105,3.865136594950476,control (non-VVP),False,-0.22653856089501054,-0.2524609869926045,73,90,0.3779120108312263,0.41618675625483903,12,12
644,Khangzhima,North,Unknown,Sikkim,True,26.9887258,88.950355,3.9124028155231376,control (non-VVP),False,-0.13637673600257938,-0.18369064098731686,74,89,0.5051696431850159,0.5961707677083793,12,12
645,Kharsaling,North,Unknown,Sikkim,True,26.9981042,88.9418471,3.919752320650081,control (non-VVP),False,-0.07445257893636839,-0.13876499498570286,74,89,0.43551223853887133,0.4992438696198545,12,12
646,Bindu,North,Unknown,Sikkim,True,27.0986121,88.8716429,3.9264302281607857,control (non-VVP),False,-0.17125728009226807,-0.16921858500718504,146,179,0.7647545079345359,0.6305812652439352,12,12
647,Sagadada,North,Unknown,Sikkim,True,27.2743415,87.9725518,4.055684917075906,control (non-VVP),False,-0.16516436466120268,-0.201729410867192,147,179,0.3380771403846977,0.4168965793004981,12,12
648,Nagrakata,North,Unknown,Sikkim,True,26.887366,88.9115671,4.089471232915417,control (non-VVP),False,-0.08240900873288365,-0.09066166520735859,74,88,1.3662840930575675,1.7465871224349196,12,12
649,Beteni,North,Unknown,Sikkim,True,27.2990623,87.9842607,4.109805314172164,control (non-VVP),False,-0.17597041599088561,-0.21404875834589526,147,179,0.36389013866739944,0.407586232582013,12,12
650,Samsing,North,Unknown,Sikkim,True,26.9891656,88.8036059,4.215283346249905,control (non-VVP),False,-0.12703355041066708,-0.1372698033418035,74,88,0.5192652058762471,0.6489742826502601,12,12
651,राम्चे (Ramche),North,Unknown,Sikkim,True,27.5940731,88.0313801,4.2397145853402165,control (non-VVP),False,0.18002562163891925,0.14448660515609055,294,351,0.3317473139593148,0.3602159744640346,12,12
652,Migphelgang,North,Unknown,Sikkim,True,27.1290662,88.8545122,4.363893173569808,control (non-VVP),False,-0.1388111379651949,-0.15484782745593267,73,90,0.5177048386475228,0.5091405939123483,12,12
653,Chamilindada,North,Unknown,Sikkim,True,27.2564045,87.9589886,4.476766394844066,control (non-VVP),False,-0.17280415190996248,-0.1620965673108774,147,178,0.3475516065955162,0.4659112179735759,12,12
654,Patshaling,North,Unknown,Sikkim,True,27.1459569,88.8314001,4.497957969345004,control (non-VVP),False,-0.2356043723828278,-0.292890301247013,73,90,0.3457561376105462,0.39247953432745164,12,12
655,Sisne,North,Unknown,Sikkim,True,27.278902,87.9695767,4.532116420063161,control (non-VVP),False,-0.20833707587732592,-0.23636426718644715,147,179,0.3333463791166109,0.4336595780297415,12,12
656,Nojangsa Dangpa,North,Unknown,Sikkim,True,26.8871962,89.2838824,4.684382905124696,control (non-VVP),False,-0.20553105344426942,-0.2357277412926105,74,87,0.40411329189043377,0.47859176387277885,12,12
657,Pangpema,North,Unknown,Sikkim,True,27.7878398,88.1100906,4.6922108464505925,control (non-VVP),False,0.13982569346964924,0.12894018841185426,294,351,0.34153103114104716,0.32099404864619535,12,12
658,Simana,North,Unknown,Sikkim,True,26.9846521,88.1356918,4.755966616225002,control (non-VVP),False,-0.1518326939543911,-0.19078293951973865,74,88,0.3540163463508666,0.43919955471188266,12,12
659,Gashingma,North,Unknown,Sikkim,True,26.8543744,89.1888303,4.791395856513222,control (non-VVP),False,-0.133533713693152,-0.1510471171541572,74,87,0.47063514779270166,0.47454322538721466,12,12
660,Perunge,North,Unknown,Sikkim,True,27.2523041,87.9531478,4.821995927290392,control (non-VVP),False,-0.19851938347192377,-0.22860418026209442,147,178,0.3473567100604195,0.4123237167413418,12,12
661,Joenleksa,North,Unknown,Sikkim,True,26.9988785,88.9532304,4.8527674534351,control (non-VVP),False,-0.14141945839973824,-0.1959273282645661,74,89,0.41482960958054604,0.4655959030436404,12,12
662,Phanchebun,North,Unknown,Sikkim,True,27.0558235,87.9505824,4.880443684657196,control (non-VVP),False,-0.19374831981680501,-0.1892307436212873,296,354,0.48106439675797114,0.5566297235136682,12,12
663,Dombang,North,Unknown,Sikkim,True,27.7456823,88.777401,4.952018864728949,control (non-VVP),False,-0.07585287635828702,-0.12300936797235958,73,87,0.46838708432418225,0.6266944688207184,12,12
664,Tserima,North,Unknown,Sikkim,True,26.8970136,89.1079938,5.0001862830661485,control (non-VVP),False,-0.1719323562994984,-0.19078926164144758,148,175,1.6730772938722926,3.089608909186323,12,12
665,Baichhadrangra,North,Unknown,Sikkim,True,26.8907462,89.1119796,5.051882633741652,control (non-VVP),False,-0.18922302526101034,-0.18553939706325406,148,175,0.7773486530063644,1.2219532720076511,12,12
666,Gangawa,North,Unknown,Sikkim,True,27.2961738,87.9718593,5.105567853365814,control (non-VVP),False,-0.2272542072658761,-0.23671411225726013,147,179,0.3581363572654399,0.3644365450875326,12,12
667,Muklabu,North,Unknown,Sikkim,True,27.2868659,87.9666335,5.15947744905538,control (non-VVP),False,-0.16792732724121118,-0.2065396953928026,147,179,0.3454287266213538,0.4115469569220044,12,12
668,Tirsuley,North,Unknown,Sikkim,True,27.0096612,88.9474797,5.17216692808125,control (non-VVP),False,-0.10881742150326564,-0.16495691763684217,74,89,0.4076485366230588,0.440559600968532,12,12
669,Serpe,North,Unknown,Sikkim,True,27.0734953,87.9288146,5.236702331017508,control (non-VVP),False,-0.1911796646148167,-0.21912864824620218,296,354,0.3363649921377278,0.35899534568440317,12,12
670,Chyanthapu,North,Unknown,Sikkim,True,27.2635164,87.9541546,5.237476189395344,control (non-VVP),False,-0.13447028314881107,-0.15296025603980512,147,178,0.3663352177304737,0.46210735110239787,12,12
671,Memekha,North,Unknown,Sikkim,True,26.8941073,89.3031281,5.251209710485094,control (non-VVP),False,-0.16401073922801152,-0.19466559543342934,74,87,0.40445989326369886,0.6812731609441907,12,12
672,Nibhare,North,Unknown,Sikkim,True,27.3091311,87.9755405,5.356886421662148,control (non-VVP),False,-0.13221599346894414,-0.13506813004605916,147,179,0.3309284327057122,0.38511769950053115,12,12
673,Fikkal,North,Unknown,Sikkim,True,26.8952118,88.0661527,5.522309970347057,control (non-VVP),False,-0.13253764234517126,-0.1637072348734774,298,356,0.833387303250757,0.8814015347849239,12,12
674,Narayan Ashram,Pithoragarh,Unknown,Uttarakhand,True,29.9707,80.65476,0.0323530316101096,control (non-VVP),True,-0.025844494579752412,-0.05561791069158582,73,87,0.3785711636600412,0.49324526928349,12,12
675,Napalcho,Pithoragarh,Unknown,Uttarakhand,True,30.1820716,80.8515056,0.0730629720601801,control (non-VVP),True,-0.018300688384241353,0.01535955144431463,144,170,0.36010600260475223,0.6894810061182892,12,12
676,Bagrihat,Pithoragarh,Unknown,Uttarakhand,True,29.74274,80.36225,0.1180550634206112,control (non-VVP),True,-0.08367744564743346,-0.10063372066015187,146,175,2.3898100910165976,3.841922094023735,12,12
677,Titri,Pithoragarh,Unknown,Uttarakhand,True,29.73587,80.36225,0.4402156242512728,control (non-VVP),True,-0.024108273020386546,-0.0616822970257521,73,88,1.096750275519318,1.496685758801817,12,12
678,Majarkana,Pithoragarh,Unknown,Uttarakhand,True,29.58069,80.36362,0.4476146132273144,control (non-VVP),True,-0.070766541022112,-0.08510526087741781,73,86,0.535887095666966,0.6102697305605064,12,12
679,Chhiyalekh,Pithoragarh,Unknown,Uttarakhand,True,30.1200614,80.8384468,0.520514503646884,control (non-VVP),True,-0.024571019759321015,-0.057703697856962166,144,171,0.3411597782042652,0.42499365021147334,12,12
680,Gullah,Pithoragarh,Unknown,Uttarakhand,True,30.02426,80.7193,0.5764591109992325,control (non-VVP),True,-0.04274314153768085,-0.10268269969360079,73,87,0.35480338256177735,0.417532152318639,12,12
681,Tawaghat,Pithoragarh,Unknown,Uttarakhand,True,29.9614818,80.5995242,0.6439112012307722,control (non-VVP),True,-0.02369017274396326,-0.034321160387408615,73,87,0.43529658169205,0.5255249202511716,12,12
682,Bachkot,Pithoragarh,Unknown,Uttarakhand,True,29.68918,80.36774,0.6834376358003158,control (non-VVP),True,-0.11020689283813838,-0.13446115796721647,73,88,0.4897398637589333,0.4910779485044448,12,12
683,Khela,Pithoragarh,Unknown,Uttarakhand,True,29.9624674,80.5911762,0.8549461818637469,control (non-VVP),True,-0.021136393688017518,-0.03776291548576769,73,87,0.4498101080215609,0.5223165414238398,12,12
684,Jauljibi,Pithoragarh,Unknown,Uttarakhand,True,29.7524071,80.376287,0.9286296961076403,control (non-VVP),True,-0.05171836272538997,-0.07476980840272955,146,175,0.7704579616827062,0.8127973560851051,12,12
685,Nabhidang Camp,Pithoragarh,Unknown,Uttarakhand,True,30.2390998,80.9760112,0.951191793935628,control (non-VVP),True,-0.3047028798210988,0.0006177285874660702,144,173,0.3469752077494589,0.5224583782862374,12,12
686,Ela Gad,Pithoragarh,Unknown,Uttarakhand,True,29.92127,80.57099,1.0376171956303184,control (non-VVP),True,0.009423294639122032,0.00500447132320172,73,85,0.6850625753272994,1.6243035546843454,12,12
687,Pipali,Pithoragarh,Unknown,Uttarakhand,True,29.67957,80.37598,1.0672403964005457,control (non-VVP),True,-0.11566956569056461,-0.15840003749739873,73,88,0.5157653445577148,0.6151194293154642,12,12
688,Bhungti,Pithoragarh,Unknown,Uttarakhand,True,30.02838,80.71656,1.0844439643766843,control (non-VVP),True,0.002895545280532897,-0.060572717486984465,73,87,0.342648387440641,0.37328175425400045,12,12
689,Kalika,Pithoragarh,Unknown,Uttarakhand,True,29.80866,80.49271,1.0908230484568096,control (non-VVP),True,-0.08787654598603993,-0.12533111619682735,146,171,0.5693344428673782,0.7984605375512512,12,12
690,Guariat,Pithoragarh,Unknown,Uttarakhand,True,29.56833,80.34165,1.0940235634343112,control (non-VVP),True,-0.0009875028386739397,-0.038378922305085286,73,86,0.5592945824740859,0.6062467412503065,12,12
691,Kulagad,Pithoragarh,Unknown,Uttarakhand,True,29.90891,80.56824,1.2061540183517458,control (non-VVP),True,-0.024349509262337497,-0.026604283531942812,73,85,0.40908514270963875,0.5108795323125694,12,12
692,Budhi,Pithoragarh,Unknown,Uttarakhand,True,30.1021621,80.8278931,1.2169752384701875,control (non-VVP),True,0.03939883704434554,-0.025761013146496974,142,165,0.3509271360160224,0.5279990879564338,12,12
693,Arkini,Pithoragarh,Unknown,Uttarakhand,True,29.53262,80.31143,1.3601773144358649,control (non-VVP),True,-0.05758866579649945,-0.09847167599350641,73,87,0.5372213112526253,0.5929526435221479,12,12
694,Mangti,Pithoragarh,Unknown,Uttarakhand,True,29.9975052,80.714547,1.386471653484554,control (non-VVP),True,0.024988765606334028,-0.030625237380429576,73,87,0.3694925578331376,0.3929783882074107,12,12
695,Nigalpani,Pithoragarh,Unknown,Uttarakhand,True,29.82788,80.51468,1.4345252586515271,control (non-VVP),True,-0.04537409657290431,-0.08669832063560617,146,171,2.0537995148121078,3.178323265900399,12,12
696,Sunkholi,Pithoragarh,Unknown,Uttarakhand,True,29.6727,80.38559,1.6108121518240937,control (non-VVP),True,-0.05647403417368656,-0.06715244884965943,73,88,0.48525010239114263,0.5178580666961332,12,12
697,Pangla,Pithoragarh,Unknown,Uttarakhand,True,29.9800668,80.6895435,1.6210846454452084,control (non-VVP),True,-0.024616856000087624,-0.07609112724826221,73,87,0.3962354767491355,0.6452587182939962,12,12
698,Jhulāghāt,Pithoragarh,Unknown,Uttarakhand,True,29.57245,80.38422,1.669445047328484,control (non-VVP),True,-0.10013273430473892,-0.11792914161587001,73,86,0.5534070991427521,0.6424307793867393,12,12
699,Balwakot,Pithoragarh,Unknown,Uttarakhand,True,29.80042,80.42954,1.6922467821054537,control (non-VVP),True,-0.08133599796355566,-0.103914391221808,146,177,0.6945234228063514,0.8970252498822016,12,12
700,Matoli,Pithoragarh,Unknown,Uttarakhand,True,29.67407,80.34714,1.7446487149080665,control (non-VVP),True,-0.175913507615522,-0.21099594732524976,73,88,0.5372134250584647,0.4999881678923769,12,12
701,Bagrigaon,Pithoragarh,Unknown,Uttarakhand,True,29.68506,80.38147,1.8045535437812656,control (non-VVP),True,-0.05264037197766088,-0.08369567440777075,73,88,0.49282816184305506,0.5265154896584231,12,12
702,Dwalisera,Pithoragarh,Unknown,Uttarakhand,True,29.70017,80.37735,1.95335447596369,control (non-VVP),True,-0.045653777410205584,-0.07262017885351778,73,88,0.5059860851840574,0.5881778293592869,12,12
703,Dobat,Pithoragarh,Unknown,Uttarakhand,True,29.87732,80.56275,2.0576548562319417,control (non-VVP),True,-0.038800582612281836,-0.05302561534105383,73,85,0.5550363101470964,0.9700653572487675,12,12
704,Ghasku,Pithoragarh,Unknown,Uttarakhand,True,29.9704962,80.6856052,2.1159743868697984,control (non-VVP),True,-0.010874052805185642,-0.04243623721081199,73,87,0.38192656642738065,0.44217829368886663,12,12
705,Sosa,Pithoragarh,Unknown,Uttarakhand,True,29.98306,80.63553,2.150443728067402,control (non-VVP),True,-0.09314845259368527,-0.12144515818227782,73,87,0.41988834388115825,0.4886800912016098,12,12
706,Tapovan,Pithoragarh,Unknown,Uttarakhand,True,29.8666326,80.559451,2.4136628364519885,control (non-VVP),True,0.016904902218504547,0.000838665553094513,73,85,1.1604116939926354,5.6815639384570265,12,12
707,Badari,Pithoragarh,Unknown,Uttarakhand,True,29.54361,80.2977,2.519961978082271,control (non-VVP),True,-0.062334044580496246,-0.11429962802552815,73,87,0.5220096355948485,0.6129050739482458,12,12
708,Pangu,Pithoragarh,Unknown,Uttarakhand,True,29.98444,80.61631,2.963014823972661,control (non-VVP),True,-0.06897119555547829,-0.11506842777997356,73,87,0.44355677631530144,0.48225824963915487,12,12
709,कालापानी,Pithoragarh,Unknown,Uttarakhand,True,30.2233426,80.9121926,3.087215901421682,control (non-VVP),True,-0.08619657228581407,-0.06465626184185619,144,173,0.37034526767932413,0.4558694829392588,12,12
710,Bharalu,Pithoragarh,Unknown,Uttarakhand,True,29.5697,80.30457,3.208758661003287,control (non-VVP),True,-0.0635208351788305,-0.08439959310053083,73,86,0.7772288922399413,0.9119140994470712,12,12
711,Askot,Pithoragarh,Unknown,Uttarakhand,True,29.7645899,80.3346048,3.3481721320454376,control (non-VVP),True,-0.0830223494343924,-0.12801340474706394,146,175,0.9491067520283926,1.0913226286310516,12,12
712,Chhirkala,Pithoragarh,Unknown,Uttarakhand,True,29.98032,80.56549,3.531308933184691,control (non-VVP),True,-0.06728027027234358,-0.09558445289914429,73,87,0.6343766054605732,0.795786782168872,12,12
713,Chharandeo,Pithoragarh,Unknown,Uttarakhand,True,29.67545,80.32105,4.1042790874662,control (non-VVP),True,-0.12945214493358032,-0.16171396132492435,73,88,0.5893624204443002,0.5454116398887761,12,12
714,Balmara,Pithoragarh,Unknown,Uttarakhand,True,29.79767,80.35813,4.111956217174881,control (non-VVP),True,-0.09975581296597814,-0.1167311962803954,146,175,0.5764338592796221,0.4875126810825389,12,12
715,Imkhola,Pithoragarh,Unknown,Uttarakhand,True,29.8196229,80.3827692,4.920765939256588,control (non-VVP),True,-0.1317542376688348,-0.15526030181384592,146,175,0.5431626817629489,0.4442565318740791,12,12
716,Barabe,Pithoragarh,Unknown,Uttarakhand,True,29.51202,80.23728,5.100446408044568,control (non-VVP),True,-0.0700213807092424,-0.08348933299836922,73,87,0.45658086408398896,0.6427875231351676,12,12
717,Wadda,Pithoragarh,Unknown,Uttarakhand,True,29.56558,80.27848,5.11031452087313,control (non-VVP),True,0.03242227941870365,-0.016930726416528645,73,87,1.5784475242235383,2.209216374060067,12,12
718,Sangri,Pithoragarh,Unknown,Uttarakhand,True,29.67545,80.30731,5.37223428645033,control (non-VVP),True,-0.13103350754379484,-0.18763118646568183,73,88,0.6214782172971448,0.6233735692357126,12,12
719,Bagour,Pithoragarh,Unknown,Uttarakhand,True,29.63562,80.32517,5.447181654842486,control (non-VVP),True,-0.14513151203100766,-0.17746760260102304,73,87,0.46440187477750056,0.45979234927807255,12,12
720,Khanpaira,Pithoragarh,Unknown,Uttarakhand,True,29.82376,80.36499,5.991249511303318,control (non-VVP),True,-0.058091148180117555,-0.09745678278309099,146,175,0.5278968218289076,0.47622461915676245,12,12
721,Patharkhani,Pithoragarh,Unknown,Uttarakhand,True,29.53674,80.25101,6.078954259117757,control (non-VVP),True,-0.11805509987624173,-0.15119566077594615,73,87,0.5757428901760202,0.6188550874460161,12,12
