village_id,village,district,block,state,is_core_sample,latitude,longitude,distance_to_border_km,village_source,district_verified,ndbi_before,ndbi_after,ndbi_before_image_count,ndbi_after_image_count,lights_before,lights_after,lights_before_image_count,lights_after_image_count
1,Upper Traflagam 266829,Anjaw,Unknown,Arunachal Pradesh,True,28.3500638,96.6336613,10.208156031306832,control (non-VVP),True,-0.30287704703838036,-0.18011804604752177,24,29,0.3517960872397076,0.087044693779346,4,4
2,Tarampa,Anjaw,Unknown,Arunachal Pradesh,True,28.3416126,96.6186283,11.259931743843367,control (non-VVP),True,-0.2564959606908624,-0.19248768475478512,24,29,0.40611856789130235,0.08135906117707825,4,4
3,Matkrong,Anjaw,Unknown,Arunachal Pradesh,True,27.8559038,96.9824133,12.21174958433055,control (non-VVP),True,-0.266430958937965,-0.2914269050032022,48,57,0.3770130315831402,0.22153454141465617,4,4
4,Abochagan,Anjaw,Unknown,Arunachal Pradesh,True,28.3136489,96.6140466,14.385494242096671,control (non-VVP),True,-0.22788019657266623,-0.17497911278247,24,29,0.37706714656853124,0.11229189691215456,4,4
5,Khalega,Anjaw,Unknown,Arunachal Pradesh,True,28.2806477,96.5718641,17.389387120162088,control (non-VVP),True,-0.22903541712929773,-0.21145202570338384,24,29,0.28808223128845095,0.21224613574890636,4,4
6,Shirong,Anjaw,Unknown,Arunachal Pradesh,True,27.903587,96.9409105,18.879751233480885,control (non-VVP),True,-0.243076586866017,-0.2590514361171298,24,29,0.2302502840086902,0.11349550538242734,4,4
7,Khampti Pani,Anjaw,Unknown,Arunachal Pradesh,True,27.9282865,96.9573301,20.07481274759241,control (non-VVP),True,-0.20892118539813043,-0.23187718076454938,48,58,0.275880205718417,0.18946006873997578,4,4
8,Xiao Madengliang,Anjaw,Unknown,Arunachal Pradesh,True,28.2208547,96.5152684,20.66721205919266,control (non-VVP),True,-0.21899848153150914,-0.23727550888924195,24,29,0.3077277777333094,0.0900253092260409,4,4
9,Tilam,Anjaw,Unknown,Arunachal Pradesh,True,28.1432798,97.0060273,21.122207787766506,control (non-VVP),True,-0.2607779702404492,-0.287642138063411,48,58,0.3143331490656627,0.20437500301548941,4,4
10,Minjong,Anjaw,Unknown,Arunachal Pradesh,True,27.9447015,96.9531849,21.775446122663485,control (non-VVP),True,-0.2326796098583286,-0.27208195408835906,48,58,0.14754764389062947,0.12811659133654807,4,4
11,Jiliang,Anjaw,Unknown,Arunachal Pradesh,True,28.2187403,96.536865,21.785872271677064,control (non-VVP),True,-0.2065959508725616,-0.27173376756547957,24,29,0.37602891261638605,0.20880978793999772,4,4
12,Walang,Anjaw,Unknown,Arunachal Pradesh,True,27.882509,96.8550641,21.853357578949343,control (non-VVP),True,-0.26892683268687584,-0.26370808140691143,24,29,0.39546995367171095,0.3180533906442835,4,4
13,Tinai,Anjaw,Unknown,Arunachal Pradesh,True,28.1383669,97.0271327,22.12939324344721,control (non-VVP),True,-0.1523979924804315,-0.15301287404109667,48,58,0.31427247196101066,0.3648314646120822,4,4
14,Kalin,Anjaw,Unknown,Arunachal Pradesh,True,27.9654847,96.9709934,22.15837709115443,control (non-VVP),True,-0.2086709215674636,-0.2125681154417983,96,115,0.2893624125044351,0.1670441847352907,4,4
15,Halla,Anjaw,Unknown,Arunachal Pradesh,True,27.9655372,96.962708,22.66191626116016,control (non-VVP),True,-0.19587291170770596,-0.22287113771640893,96,115,0.23897157069565597,0.10449554079285966,4,4
16,Yashong Camp,Anjaw,Unknown,Arunachal Pradesh,True,27.9752592,96.9686698,23.166499666887443,control (non-VVP),True,-0.22352401730031587,-0.240696463518372,96,115,0.20031596631009935,0.09330654175675364,4,4
17,Kaladun,Anjaw,Unknown,Arunachal Pradesh,True,27.9839219,96.9737606,23.672719201131454,control (non-VVP),True,-0.21331691147377185,-0.2303541134799051,96,115,0.12346392531439307,0.09958568037295422,4,4
18,Menilkrai,Anjaw,Unknown,Arunachal Pradesh,True,28.1024223,97.0047561,25.56053181319565,control (non-VVP),True,-0.09963012765112049,-0.1273940199477299,48,58,0.33117680755015966,0.20546452719550415,4,4
19,Sarti,Anjaw,Unknown,Arunachal Pradesh,True,28.0081411,96.9619129,26.55964309895621,control (non-VVP),True,-0.21768686665147186,-0.23850030254666763,96,115,0.23286632584695446,0.2206711362238965,4,4
20,Tarafliang,Anjaw,Unknown,Arunachal Pradesh,True,28.1541848,96.5174198,27.7622677852453,control (non-VVP),True,-0.21371554270844878,-0.23000509055029655,24,29,0.35940701340248427,0.09656458773664747,4,4
21,Chinagam,Anjaw,Unknown,Arunachal Pradesh,True,28.1625933,96.5530756,28.042568905542584,control (non-VVP),True,-0.1978135888368768,-0.26689322769716317,24,29,0.25468611046671863,0.18007499986224704,4,4
22,Nilang,Anjaw,Unknown,Arunachal Pradesh,True,28.1764497,96.6564414,28.486893314419977,control (non-VVP),True,-0.22639973860136414,-0.28563712974565547,24,29,0.3521188313116407,0.2753923817500138,4,4
23,Chipru,Anjaw,Unknown,Arunachal Pradesh,True,28.1503735,96.5374173,28.7529084694698,control (non-VVP),True,-0.18691997139873096,-0.20757772705761846,24,29,0.39555032574365623,0.2505337352971587,4,4
24,Jiongming,Anjaw,Unknown,Arunachal Pradesh,True,28.0367462,96.9717952,28.828837329459443,control (non-VVP),True,-0.17295572076653346,-0.20474255140447287,48,58,0.2571516848179731,0.28611236629861125,4,4
25,Warti,Anjaw,Unknown,Arunachal Pradesh,True,28.0392081,96.9729224,29.015113460311976,control (non-VVP),True,-0.1729614153835393,-0.20754669687570945,48,58,0.2727685530452369,0.2822176146084816,4,4
26,Chareimna,Anjaw,Unknown,Arunachal Pradesh,True,28.1695789,96.6589609,29.05506117418188,control (non-VVP),True,-0.21854209208870548,-0.2857751158079343,24,29,0.44652546894378703,0.2503516123210341,4,4
27,Bringkong,Anjaw,Unknown,Arunachal Pradesh,True,28.1715853,96.6504862,29.235932788914383,control (non-VVP),True,-0.2523889184694409,-0.29590701693080845,24,29,0.29605512072089524,0.26212695011981085,4,4
28,Baligam,Anjaw,Unknown,Arunachal Pradesh,True,28.1433091,96.5356291,29.43782006027962,control (non-VVP),True,-0.22331960218672295,-0.2607975990291073,24,29,0.31468049745856375,0.23776344533992985,4,4
29,Sethi,Anjaw,Unknown,Arunachal Pradesh,True,28.055845,96.9797354,30.465233345920453,control (non-VVP),True,-0.19772263130787845,-0.19247806312501442,48,58,0.25858025028716297,0.1925505023913753,4,4
30,Challang,Anjaw,Unknown,Arunachal Pradesh,True,28.1551886,96.6522501,30.782237092846348,control (non-VVP),True,-0.20571967401046184,-0.2562880036091312,24,29,0.23857986182812496,0.2352418461887855,4,4
31,Matiliang 266674,Anjaw,Unknown,Arunachal Pradesh,True,28.1076072,96.445203,30.920931427207496,control (non-VVP),True,-0.15983690936795683,-0.2186991437704493,24,29,0.3592388858894507,0.17570556150542366,4,4
32,Tololiang,Anjaw,Unknown,Arunachal Pradesh,True,28.1256641,96.547808,31.674637251537064,control (non-VVP),True,-0.22179721248127368,-0.26582353914856005,24,29,0.1534988953018557,0.20482891617100232,4,4
33,Chamemla,Anjaw,Unknown,Arunachal Pradesh,True,28.1286743,96.5620271,31.85281522562808,control (non-VVP),True,-0.22843417279970676,-0.28716176245675223,24,29,0.3944363866134414,0.1909179718765829,4,4
34,Bulimina,Anjaw,Unknown,Arunachal Pradesh,True,28.1406221,96.6583188,31.954247870225128,control (non-VVP),True,-0.2120685767412292,-0.26535621457627745,24,29,0.4152413043041957,0.22417789165821136,4,4
35,Hoiliang 266714,Anjaw,Unknown,Arunachal Pradesh,True,28.0981287,96.4478867,32.0053640309043,control (non-VVP),True,-0.20147115902820392,-0.2322766400342302,24,29,0.37095896909612236,0.1927854762868976,4,4
36,Tuboka,Anjaw,Unknown,Arunachal Pradesh,True,28.1222299,96.5542939,32.24772241518634,control (non-VVP),True,-0.2258415276288899,-0.2798426068016549,24,29,0.2512984499087761,0.20935492948572235,4,4
37,Tikromna,Anjaw,Unknown,Arunachal Pradesh,True,28.1182382,96.5447809,32.358005180805385,control (non-VVP),True,-0.20203059194277934,-0.20804894105235794,24,29,0.15034482811263725,0.21970521913089266,4,4
38,Adomla,Anjaw,Unknown,Arunachal Pradesh,True,28.1135364,96.5375112,32.63931418458326,control (non-VVP),True,-0.20837883179125768,-0.1849440958785929,24,29,0.14727069276657948,0.23098993034704152,4,4
39,Tafraliang,Anjaw,Unknown,Arunachal Pradesh,True,28.0886403,96.4529695,33.153023601738646,control (non-VVP),True,-0.22537665332709358,-0.23610324033092348,24,29,0.2900859261233104,0.24212860248305582,4,4
40,Paluliang,Anjaw,Unknown,Arunachal Pradesh,True,28.1167741,96.5706359,33.39289000170816,control (non-VVP),True,-0.23671484161467057,-0.2609716311681675,24,29,0.24391195882660474,0.18679125233247035,4,4
41,Tikromla,Anjaw,Unknown,Arunachal Pradesh,True,28.0971168,96.5348369,34.31385251032624,control (non-VVP),True,-0.24980712057270857,-0.24290853767557188,24,29,0.2914657071562467,0.2006139431841078,4,4
42,Champhai,Anjaw,Unknown,Arunachal Pradesh,True,28.1085212,96.57408,34.3674923444699,control (non-VVP),True,-0.2406172373540514,-0.24981691461761038,24,29,0.15115039436905475,0.19573512440913188,4,4
43,Chirang 266667,Anjaw,Unknown,Arunachal Pradesh,True,28.0684239,96.4069505,34.51581155631747,control (non-VVP),True,-0.17181173553775161,-0.23775119257051155,24,29,0.21752489236208195,0.2805199094644163,4,4
44,Barafu,Anjaw,Unknown,Arunachal Pradesh,True,28.1017011,96.558488,34.52797727422521,control (non-VVP),True,-0.23695285580238135,-0.25615627011534564,24,29,0.2426141465792146,0.18232182381811543,4,4
45,Langum,Anjaw,Unknown,Arunachal Pradesh,True,28.1218659,96.6112899,34.76622900601115,control (non-VVP),True,-0.21131404357303873,-0.2355777882017416,24,29,0.3248945632732404,0.19566869811794732,4,4
46,Khupa Village 266673,Anjaw,Unknown,Arunachal Pradesh,True,28.0771387,96.4736667,34.92083910596573,control (non-VVP),True,-0.2506459293372629,-0.2366387592777389,24,29,0.4317136387411073,0.22607102877593765,4,4
47,Hayugam,Anjaw,Unknown,Arunachal Pradesh,True,28.0893566,96.5438268,35.3843601683056,control (non-VVP),True,-0.25033120729903136,-0.27918841461707194,24,29,0.38281494093313395,0.21920568465256235,4,4
48,Kalamdia,Anjaw,Unknown,Arunachal Pradesh,True,28.0994655,96.5765815,35.38966199183561,control (non-VVP),True,-0.23156442918402637,-0.26029557466775033,24,29,0.17424360487829724,0.1662708558432252,4,4
49,Khugam,Anjaw,Unknown,Arunachal Pradesh,True,28.0970181,96.5765587,35.64039244454056,control (non-VVP),True,-0.220748686241397,-0.24608433414576056,24,29,0.16755260353864626,0.12995016852090527,4,4
50,Swami Camp,Anjaw,Unknown,Arunachal Pradesh,True,28.0761921,96.5004673,35.71663701514807,control (non-VVP),True,-0.19930794987611627,-0.16516368784604138,24,29,0.5850804611527828,0.32384849021358053,4,4
51,Chameliang,Anjaw,Unknown,Arunachal Pradesh,True,28.081538,96.5395274,36.10070905223501,control (non-VVP),True,-0.20359912544052788,-0.23649458152984432,24,29,0.41625839341806886,0.4461633055002098,4,4
52,Nenuliang,Anjaw,Unknown,Arunachal Pradesh,True,28.0695914,96.5025516,36.47740878026867,control (non-VVP),True,-0.1878222063823921,-0.17071990866919876,24,29,0.5065770644834988,0.27574278792560497,4,4
53,Khupa Township,Anjaw,Unknown,Arunachal Pradesh,True,28.0654038,96.4926664,36.669653927690405,control (non-VVP),True,-0.19398592333324433,-0.15994994503233928,24,29,0.6955633566050786,0.6249831730307753,4,4
54,Amliang,Anjaw,Unknown,Arunachal Pradesh,True,28.0586788,96.4688356,36.772239821896335,control (non-VVP),True,-0.23763431946604072,-0.17202423893542437,24,29,0.43823744364956907,0.21413128271116225,4,4
55,Mompani,Anjaw,Unknown,Arunachal Pradesh,True,28.0513007,96.4415599,36.90022530314944,control (non-VVP),True,-0.21072551075900098,-0.2331188065693693,24,29,0.23159807697022508,0.19935174486279614,4,4
56,Langjon,Anjaw,Unknown,Arunachal Pradesh,True,28.053427,96.4586965,37.07185575220221,control (non-VVP),True,-0.21154162775090096,-0.2052854060415417,24,29,0.22818562106012372,0.19700389811426502,4,4
57,Thamptong 266699,Anjaw,Unknown,Arunachal Pradesh,True,28.0678982,96.519264,37.09174843787751,control (non-VVP),True,-0.2605775627224846,-0.23795331843992482,24,29,0.28730918574188136,0.184070800538216,4,4
58,Talang,Anjaw,Unknown,Arunachal Pradesh,True,28.0840788,96.5820921,37.17372787408739,control (non-VVP),True,-0.25063872202525456,-0.24681053135492634,24,29,0.3228409086455263,0.2571369107407899,4,4
59,Mahikong,Anjaw,Unknown,Arunachal Pradesh,True,28.0544424,96.4828253,37.58834433224498,control (non-VVP),True,-0.19684234835084174,-0.20888479223626977,24,29,0.36180862764605376,0.20388826843252228,4,4
60,Tepang,Anjaw,Unknown,Arunachal Pradesh,True,27.9688421,96.7188848,37.9259149195321,control (non-VVP),True,-0.23549776299638375,-0.24127779449272718,48,58,0.16030022389894116,0.1485381592754965,4,4
61,Blom,Anjaw,Unknown,Arunachal Pradesh,True,28.0783604,96.5876028,37.96428159431192,control (non-VVP),True,-0.23766430601040262,-0.25451658164233726,24,29,0.4092410732659378,0.2477790148862238,4,4
62,布拉母哈岗,Anjaw,Unknown,Arunachal Pradesh,True,28.0669816,96.5559722,38.103619818542384,control (non-VVP),True,-0.14757076234473465,-0.15685780609300737,24,29,0.952528117478095,1.1413835827575491,4,4
63,Kamba,Anjaw,Unknown,Arunachal Pradesh,True,28.0665856,96.5608784,38.29061279666109,control (non-VVP),True,-0.21711181252964917,-0.24112309983741426,24,29,0.6537318801135656,0.6400724584641664,4,4
64,Chillang,Anjaw,Unknown,Arunachal Pradesh,True,28.0356469,96.4227016,38.30913224271945,control (non-VVP),True,-0.2106862461258331,-0.27522387455047065,24,29,0.29578195973362087,0.20704036358025577,4,4
65,Chingraliang 266703,Anjaw,Unknown,Arunachal Pradesh,True,28.0460551,96.4835718,38.5057562974661,control (non-VVP),True,-0.21100016345293368,-0.2534946800897536,24,29,0.24744173231122232,0.17729467004702965,4,4
66,Mele 266697,Anjaw,Unknown,Arunachal Pradesh,True,28.0533163,96.5470204,39.31156367802646,control (non-VVP),True,-0.21497089207191797,-0.25590044412700313,24,29,0.3144623039170538,0.13812084563753824,4,4
67,Karangliang,Anjaw,Unknown,Arunachal Pradesh,True,28.0328845,96.4619146,39.35483127096242,control (non-VVP),True,-0.22455419804284982,-0.24846259775944785,24,29,0.19399944268407898,0.13589743753207834,4,4
68,Naraliang,Anjaw,Unknown,Arunachal Pradesh,True,28.0272329,96.4412739,39.516581462951535,control (non-VVP),True,-0.21256513416352651,-0.2313848091892499,24,29,0.29672259949064356,0.19349552334288353,4,4
69,Takaliang,Anjaw,Unknown,Arunachal Pradesh,True,28.0190688,96.4160791,40.05087119190448,control (non-VVP),True,-0.24391771053014016,-0.28754272277922355,24,29,0.41105598924958253,0.23567350471429446,4,4
70,Chiphugam 266713,Anjaw,Unknown,Arunachal Pradesh,True,28.0127703,96.4014324,40.608662519250345,control (non-VVP),True,-0.25360394966601574,-0.24800210080485346,24,29,0.3245399110762613,0.16152439312699626,4,4
71,Khorlang,Anjaw,Unknown,Arunachal Pradesh,True,28.0257952,96.487329,40.77244573605165,control (non-VVP),True,-0.20697034626919017,-0.25295721383437547,24,29,0.3964463525113807,0.1570077418572212,4,4
72,Tummla,Anjaw,Unknown,Arunachal Pradesh,True,28.0474659,96.582792,40.9916149981248,control (non-VVP),True,-0.2019029865127694,-0.22107951515131746,24,29,0.15406879514322452,0.19262584580537723,4,4
73,Matong,Anjaw,Unknown,Arunachal Pradesh,True,28.0593901,96.6181031,41.1988576731284,control (non-VVP),True,-0.22236821782087288,-0.2540616365206969,24,29,0.42225663706792144,0.19535398264044687,4,4
74,Paya,Anjaw,Unknown,Arunachal Pradesh,True,28.0083682,96.4228615,41.3081896196448,control (non-VVP),True,-0.25121594786484436,-0.2669863077128354,24,29,0.36329180490666974,0.2679955680521488,4,4
75,Supnung,Anjaw,Unknown,Arunachal Pradesh,True,28.0571961,96.6182474,41.42029518150113,control (non-VVP),True,-0.21616342128272054,-0.24472856370990065,24,29,0.39715393044359787,0.18961794174390775,4,4
76,Bruini,Dibang Valley,Unknown,Arunachal Pradesh,True,29.1545325,96.1488625,4.739801400488968,control (non-VVP),True,-0.2701834857944,-0.25011869057908914,98,118,0.29032960584043793,0.27867038962561325,4,4
77,Andrala Omkar,Dibang Valley,Unknown,Arunachal Pradesh,True,29.0623725,95.6169709,12.5097504539976,control (non-VVP),True,-0.3017596186832545,-0.33076595035817274,25,31,0.2886710877005312,0.1868909202012773,4,4
78,阿进,Dibang Valley,Unknown,Arunachal Pradesh,True,29.0685,96.0265797,14.471694450516267,control (non-VVP),True,-0.2376288659035832,-0.21081827013607787,98,118,0.3804460303111223,0.21365363242736474,4,4
79,Mawu,Dibang Valley,Unknown,Arunachal Pradesh,True,29.0571162,96.0144078,15.67462930303044,control (non-VVP),True,-0.2166293847599576,-0.2208838884871113,98,118,0.3883717074467425,0.22998628714693742,4,4
80,阿普衣,Dibang Valley,Unknown,Arunachal Pradesh,True,29.0043871,95.9701987,20.09789314478475,control (non-VVP),True,-0.24677518394801673,-0.23761130408479403,98,118,0.37169045559922903,0.025894620301432983,4,4
81,Dambuen,Dibang Valley,Unknown,Arunachal Pradesh,True,28.931081,95.9752764,21.21593602485472,control (non-VVP),True,-0.20956741480842203,-0.24435181871078324,98,118,0.3478779362604306,0,4,4
82,Basam,Dibang Valley,Unknown,Arunachal Pradesh,True,29.0406371,95.8135986,21.81207441458054,control (non-VVP),True,-0.26319412562974837,-0.22231141341947747,49,59,0.3867211690102343,0.1911668606317228,4,4
83,Rilley,Dibang Valley,Unknown,Arunachal Pradesh,True,28.8599437,95.9809166,22.764206356793835,control (non-VVP),True,-0.21019968837408676,-0.2540773272001797,196,236,0.41418045598018516,0.09567604889932846,4,4
84,dian,Dibang Valley,Unknown,Arunachal Pradesh,True,28.9488654,95.6849583,23.39036782499988,control (non-VVP),True,-0.31791932170236487,-0.2693912137419192,49,59,0.35398015455479387,0.07745589927463178,4,4
85,埃巴尼,Dibang Valley,Unknown,Arunachal Pradesh,True,29.0173756,95.8081057,23.9627626264192,control (non-VVP),True,-0.23559673828725625,-0.24920427629767347,49,59,0.3644593799349767,0.11480790538596794,4,4
86,Atalin,Dibang Valley,Unknown,Arunachal Pradesh,True,28.8368966,95.9659782,25.176539267310137,control (non-VVP),True,-0.18551362406160926,-0.20140228841898217,196,236,0.4166022141335419,0.26451932473406614,4,4
87,Ahunli,Dibang Valley,Unknown,Arunachal Pradesh,True,28.8345474,95.9597204,25.83864178208416,control (non-VVP),True,-0.16564698167303543,-0.18250367131680997,196,236,0.4592793344785381,0.23369832796424458,4,4
88,Abali,Dibang Valley,Unknown,Arunachal Pradesh,True,28.99724,95.8076255,26.034179785880767,control (non-VVP),True,-0.24767743177499693,-0.2346808532108439,49,59,0.37370299083073577,0.10785674672178198,4,4
89,Beyanli,Dibang Valley,Unknown,Arunachal Pradesh,True,28.9959135,95.8079275,26.18250955105191,control (non-VVP),True,-0.24890319630761626,-0.23381239899541262,49,59,0.3754139276580851,0.10662828891930219,4,4
90,Awalin,Dibang Valley,Unknown,Arunachal Pradesh,True,28.7056681,96.1699665,26.211338075489483,control (non-VVP),True,-0.23995798244025382,-0.2214247295444327,48,57,0.4065264029340251,0.1673404863319381,4,4
91,Singo,Dibang Valley,Unknown,Arunachal Pradesh,True,28.8257925,95.9457494,27.496207989464107,control (non-VVP),True,-0.18134746155199116,-0.1896229998228776,196,236,0.4024752470919795,0.25482673075857476,4,4
92,Mihundo,Dibang Valley,Unknown,Arunachal Pradesh,True,28.829056,95.9393137,27.89030060387755,control (non-VVP),True,-0.20403258422401715,-0.21773548024433134,196,236,0.37524862335531756,0.25442817556923925,4,4
93,Akolin,Dibang Valley,Unknown,Arunachal Pradesh,True,28.8236778,95.9416852,27.95640540054999,control (non-VVP),True,-0.18272144367255713,-0.1839596098257952,196,236,0.3565528583323116,0.24673457977070687,4,4
94,Ayongo,Dibang Valley,Unknown,Arunachal Pradesh,True,28.8230669,95.9418373,27.97493894289717,control (non-VVP),True,-0.18142439736641053,-0.18052304903105557,196,236,0.35137087303203535,0.24219230611573206,4,4
95,Ahunli,Dibang Valley,Unknown,Arunachal Pradesh,True,28.8140704,95.9419262,28.44828524069856,control (non-VVP),True,-0.18742872943275904,-0.22022252044921142,196,236,0.42730494573876093,0.18295329339229144,4,4
96,Angulin,Dibang Valley,Unknown,Arunachal Pradesh,True,28.9748478,95.8112262,28.49318519693004,control (non-VVP),True,-0.2224266082008676,-0.21788145744071985,49,59,0.44451396781639013,0.17176815166486703,4,4
97,Makuni,Dibang Valley,Unknown,Arunachal Pradesh,True,28.8221427,95.9310087,28.9594463116276,control (non-VVP),True,-0.21146337426198525,-0.23290631504054904,196,236,0.38957351026377157,0.2234483767305025,4,4
98,Etabe,Dibang Valley,Unknown,Arunachal Pradesh,True,28.8079186,95.9351971,29.358010050916832,control (non-VVP),True,-0.20391846277382686,-0.21888242570428984,196,236,0.420448294436053,0.1955335500052791,4,4
99,Baro,Dibang Valley,Unknown,Arunachal Pradesh,True,28.7934003,95.9284162,30.75864356991968,control (non-VVP),True,-0.21216501695424647,-0.218355529641245,98,118,0.4894828526715262,0.16377765235318023,4,4
100,Apanli,Dibang Valley,Unknown,Arunachal Pradesh,True,28.6700204,96.1056557,31.29422934107572,control (non-VVP),True,-0.2505522940680641,-0.30163103204251457,100,118,0.37547084111135637,0.23068105287415563,4,4
101,Larango,Dibang Valley,Unknown,Arunachal Pradesh,True,28.7880718,95.918821,31.86607740091618,control (non-VVP),True,-0.19819980555503625,-0.2190933833642012,49,59,0.46437361458147863,0.195943710244123,4,4
102,Amuli,Dibang Valley,Unknown,Arunachal Pradesh,True,28.7875753,95.9141519,32.28166853802251,control (non-VVP),True,-0.1797265855144981,-0.2102448435525012,49,59,0.49159790560750677,0.2655968113963229,4,4
103,Brango,Dibang Valley,Unknown,Arunachal Pradesh,True,28.9405604,95.8173923,32.29183869008044,control (non-VVP),True,-0.19349933467172842,-0.21411588147784286,49,59,0.3682166614631811,0.1456861077952716,4,4
104,Akunli,Dibang Valley,Unknown,Arunachal Pradesh,True,28.8111887,95.8962517,32.5355921450053,control (non-VVP),True,-0.25083193732029113,-0.20736625384017207,98,118,0.5519588015564195,0.5242472524662595,4,4
105,Karu,Dibang Valley,Unknown,Arunachal Pradesh,True,28.8049354,95.8992688,32.587821958149284,control (non-VVP),True,-0.21483581089238182,-0.19554875304832434,98,118,0.5500000059473358,0.7015666330175779,4,4
106,Tanga II,Dibang Valley,Unknown,Arunachal Pradesh,True,28.8136293,95.893295,32.67631994699575,control (non-VVP),True,-0.2727312691783982,-0.23611844248660216,98,118,0.44594027365730926,0.28110619639334955,4,4
107,Akhunli,Dibang Valley,Unknown,Arunachal Pradesh,True,28.6685127,96.059513,32.993165287526374,control (non-VVP),True,-0.23321819520028297,-0.2799050550364454,100,118,0.383170537469666,0.1709906156308472,4,4
108,Maro,Dibang Valley,Unknown,Arunachal Pradesh,True,28.8314281,95.8735957,33.65500502664909,control (non-VVP),True,-0.24276851473395353,-0.2359160700552417,98,118,0.3952853952490537,0.20036223620732452,4,4
109,Tapo,Dibang Valley,Unknown,Arunachal Pradesh,True,28.8150846,95.8784431,33.92158477451002,control (non-VVP),True,-0.26446875327229613,-0.2650548674822379,98,118,0.2813806406604444,0.2295544536003579,4,4
110,Amboli,Dibang Valley,Unknown,Arunachal Pradesh,True,28.7782095,95.9006268,33.951810510469485,control (non-VVP),True,-0.20149172110659577,-0.22748234998589673,49,59,0.36758830511806817,0.2369619189179759,4,4
111,Charkilo,Dibang Valley,Unknown,Arunachal Pradesh,True,28.8156575,95.8773093,33.996313730005284,control (non-VVP),True,-0.26135184145487483,-0.2618573953037674,98,118,0.2822002213452384,0.21971947015380963,4,4
112,Maroli,Dibang Valley,Unknown,Arunachal Pradesh,True,28.8551403,95.8604802,34.02008814842359,control (non-VVP),True,-0.2487170736209555,-0.2653748596259678,98,118,0.3499449439642186,0.15242841262124182,4,4
113,Angulin,Dibang Valley,Unknown,Arunachal Pradesh,True,28.7972034,95.8857247,34.1570920023645,control (non-VVP),True,-0.22349201575367525,-0.21718175993709843,49,59,0.35121011684830045,0.49806931093581047,4,4
114,Athunli,Dibang Valley,Unknown,Arunachal Pradesh,True,28.6575175,96.0218393,35.703524383599735,control (non-VVP),True,-0.20460274463075023,-0.19942507460226366,100,118,0.3858231995645807,0.1498922668932551,4,4
115,Anose,Dibang Valley,Unknown,Arunachal Pradesh,True,28.6322763,96.0147489,35.94683270524162,control (non-VVP),True,-0.22136175867334634,-0.3117317776026102,100,118,0.4303385116548569,0.17572420030898445,4,4
116,恰帕,Dibang Valley,Unknown,Arunachal Pradesh,True,28.6587596,96.0107761,36.10892685686056,control (non-VVP),True,-0.22392056324495077,-0.24406759202174894,100,118,0.3750783859148271,0.13869260654504195,4,4
117,Ilupu,Dibang Valley,Unknown,Arunachal Pradesh,True,28.7766747,95.8707591,36.53752328568139,control (non-VVP),True,-0.17402082769622473,-0.21365852574248154,49,59,0.76699047176061,0.22297592627975465,4,4
118,Alombro,Dibang Valley,Unknown,Arunachal Pradesh,True,28.8912928,95.8139536,37.44827678081757,control (non-VVP),True,-0.2600834475081069,-0.19431149169656556,98,118,0.3861915331441736,0.1972438808041054,4,4
119,岷东,Dibang Valley,Unknown,Arunachal Pradesh,True,28.7733786,95.8573956,37.85177130688197,control (non-VVP),True,-0.2090692309383837,-0.23894134848216678,49,59,0.3369063529016714,0.2254208448273415,4,4
120,昂里,Dibang Valley,Unknown,Arunachal Pradesh,True,28.6444365,95.9929441,38.360632618269065,control (non-VVP),True,-0.2114916127447379,-0.25363778733945724,100,118,0.4295429601149412,0.2378717014311694,4,4
121,Aruko,Dibang Valley,Unknown,Arunachal Pradesh,True,28.6365123,96.0073067,38.42709422070483,control (non-VVP),True,-0.21927965018369297,-0.3016093696741055,100,118,0.38429282264814857,0.19343646509541992,4,4
122,阿米里,Dibang Valley,Unknown,Arunachal Pradesh,True,28.3999197,95.9040857,39.043917134710846,control (non-VVP),True,-0.13512510930185742,-0.11770048470302094,49,59,0.3435545577777652,0.1663413932054598,4,4
123,Ashambra,Dibang Valley,Unknown,Arunachal Pradesh,True,28.4083935,95.8960457,39.78552162439113,control (non-VVP),True,-0.13486183131386112,-0.15019989371633444,49,59,0.32902185719109434,0.1604456312018927,4,4
124,Immli,Dibang Valley,Unknown,Arunachal Pradesh,True,28.7250516,95.8683257,39.89816301809222,control (non-VVP),True,-0.18522855759477108,-0.17130165392890864,50,59,0.3403807375225482,0.24535274211930536,4,4
125,Koronli,Dibang Valley,Unknown,Arunachal Pradesh,True,28.4146922,95.8929454,40.07023852433401,control (non-VVP),True,-0.1188739373878503,-0.14281894309177412,49,59,0.37249444916298596,0.1408157608617556,4,4
126,柯委,Dibang Valley,Unknown,Arunachal Pradesh,True,28.7183921,95.8681743,40.35795197178727,control (non-VVP),True,-0.18508565822536674,-0.20336031446534178,50,59,0.4193652552326431,0.26685412395704033,4,4
127,鲁波,Dibang Valley,Unknown,Arunachal Pradesh,True,28.4499048,95.8843525,41.02762145083768,control (non-VVP),True,-0.24172493238548626,-0.2916989391141546,49,59,0.38366872169110805,0.17972813105636648,4,4
128,Ichigo,Dibang Valley,Unknown,Arunachal Pradesh,True,28.5155155,95.8937841,41.32167078574314,control (non-VVP),True,-0.267338664881949,-0.28899067998728445,49,59,0.40072580678046615,0.11412958819854245,4,4
129,Arope,Dibang Valley,Unknown,Arunachal Pradesh,True,28.6313227,95.9389968,42.48747530154613,control (non-VVP),True,-0.21341171777974424,-0.28587869063684057,100,118,0.3929390347577315,0.36303969926015384,4,4
130,Waing,East Kameng,Unknown,Arunachal Pradesh,True,27.7737215,92.9303658,28.808420130737865,control (non-VVP),True,-0.26986728972411156,-0.27855003122372385,49,59,0.37476388821999235,0.22305555941330063,4,4
131,Saria Takhong,East Kameng,Unknown,Arunachal Pradesh,True,27.7461293,92.9324466,30.596867243551923,control (non-VVP),True,-0.2218766048679246,-0.24376075857715435,49,59,0.3795283056390405,0.21786347780785997,4,4
132,Takung Sullung,East Kameng,Unknown,Arunachal Pradesh,True,27.737803,92.9545701,32.951598760424496,control (non-VVP),True,-0.2331351655972621,-0.22833158882498403,49,59,0.36546665983067617,0.23541666456394725,4,4
133,Weigung Sullung,East Kameng,Unknown,Arunachal Pradesh,True,27.7282868,92.9780365,35.489345723754084,control (non-VVP),True,-0.23925245279340257,-0.2202208249893486,49,59,0.3684399313603148,0.22114294139177298,4,4
134,Mechar,East Kameng,Unknown,Arunachal Pradesh,True,27.7792152,93.0216134,36.19220014344069,control (non-VVP),True,-0.248054474228429,-0.22545346324734783,98,120,0.41711902860407046,0.247666850851826,4,4
135,Mechi,East Kameng,Unknown,Arunachal Pradesh,True,27.7740086,93.0208212,36.435710208882135,control (non-VVP),True,-0.24719380894494333,-0.23003531230192922,98,120,0.42637359094753696,0.23747752680537407,4,4
136,Yakli,East Kameng,Unknown,Arunachal Pradesh,True,27.7643991,93.0211222,37.03298419591293,control (non-VVP),True,-0.22950587991555607,-0.22351019178061748,98,120,0.38614688286673543,0.2859435033326768,4,4
137,Venia,East Kameng,Unknown,Arunachal Pradesh,True,27.7340861,93.0020799,37.180052358596086,control (non-VVP),True,-0.2081578959853542,-0.16640274190507146,98,120,0.41105769180199675,0.3761708109020108,4,4
138,Veo,East Kameng,Unknown,Arunachal Pradesh,True,27.7219814,93.017386,39.18026752602492,control (non-VVP),True,-0.2722578506337887,-0.22203877616627252,98,120,0.33648723767415,0.2722114273631216,4,4
139,Kapa,East Kameng,Unknown,Arunachal Pradesh,True,27.6655139,92.9735655,39.40773498381321,control (non-VVP),True,-0.23990378820609928,-0.22178606706019804,49,60,0.37006474631997915,0.26640765088702645,4,4
140,Chaling,East Kameng,Unknown,Arunachal Pradesh,True,27.66365,92.9723051,39.46081918358346,control (non-VVP),True,-0.23646761710190153,-0.21010252526252993,49,60,0.3276722170909246,0.2867138804164198,4,4
141,Lamniya,East Kameng,Unknown,Arunachal Pradesh,True,27.7095829,93.0130663,39.54090859836912,control (non-VVP),True,-0.24888902462633822,-0.2086748296106637,98,120,0.3611831730086447,0.2533379708871013,4,4
142,Parte,East Kameng,Unknown,Arunachal Pradesh,True,27.689839,93.0024418,39.80447048442179,control (non-VVP),True,-0.27527336001024044,-0.22452933511240325,98,120,0.3715863270609903,0.2216171564809945,4,4
143,Tabey,East Kameng,Unknown,Arunachal Pradesh,True,27.6122188,92.9122259,39.99774466973592,control (non-VVP),True,-0.25137804723374646,-0.2712975437649246,49,60,0.40748018589997204,0.21863250068197967,4,4
144,Yacho,East Kameng,Unknown,Arunachal Pradesh,True,27.6396662,92.9601837,40.53666042307762,control (non-VVP),True,-0.24931186651528933,-0.2861106938097838,49,60,0.251797310332168,0.22617301531761788,4,4
145,Wagyang,East Kameng,Unknown,Arunachal Pradesh,True,27.6713461,93.0008935,40.980446902147314,control (non-VVP),True,-0.27343818307972984,-0.28381865408595947,98,122,0.42114397294686307,0.2527176341973245,4,4
146,Nampe,East Kameng,Unknown,Arunachal Pradesh,True,27.6900524,93.018259,41.12206662038251,control (non-VVP),True,-0.2249125220230449,-0.22248686081249577,98,120,0.40657777819368573,0.2181861097448402,4,4
147,Jomoh,East Kameng,Unknown,Arunachal Pradesh,True,27.6573981,92.9985809,41.82844426537984,control (non-VVP),True,-0.22351259831404968,-0.22851179507261524,98,122,0.3781924380343802,0.27535317317728736,4,4
148,Hanche,East Kameng,Unknown,Arunachal Pradesh,True,27.7421636,93.0637776,41.93292929038523,control (non-VVP),True,-0.268811761508758,-0.269378967334056,98,120,0.3778444444139799,0.24404443959395097,4,4
149,Byale,East Kameng,Unknown,Arunachal Pradesh,True,27.7356495,93.0675738,42.63914939786015,control (non-VVP),True,-0.25140758021101056,-0.24623819930311672,98,120,0.4057410488392682,0.27911633346438136,4,4
150,Waii,East Kameng,Unknown,Arunachal Pradesh,True,27.5965694,92.9464187,43.36805820629529,control (non-VVP),True,-0.2696815903206579,-0.27275820937228634,49,60,0.3974887142735733,0.2605445841432425,4,4
151,Namta Yangfo,East Kameng,Unknown,Arunachal Pradesh,True,27.7018661,93.0532147,43.38193597017538,control (non-VVP),True,-0.23665049989627404,-0.2360478709461939,98,120,0.4320444405410025,0.332799996137619,4,4
152,Lapung,East Kameng,Unknown,Arunachal Pradesh,True,27.5627371,92.8898001,43.56340878215714,control (non-VVP),True,-0.23461184979976415,-0.25548744483090163,49,60,0.40474186016520525,0.3242901106073399,4,4
153,Bodo,East Kameng,Unknown,Arunachal Pradesh,True,27.680324,93.0406964,43.58582808883735,control (non-VVP),True,-0.20971679802692408,-0.2307412309113534,98,120,0.4218092832455966,0.3228020110653017,4,4
154,Jokhio,East Kameng,Unknown,Arunachal Pradesh,True,27.6531478,93.0282798,44.345881287237766,control (non-VVP),True,-0.2541380932948666,-0.2365953182395888,98,122,0.3227415728769945,0.279853928742114,4,4
155,Sawa,East Kameng,Unknown,Arunachal Pradesh,True,27.6833826,93.0522114,44.37900635323837,control (non-VVP),True,-0.23709725051073385,-0.23273998618425581,98,120,0.40674554369099153,0.2810300662117971,4,4
156,Tungi,East Kameng,Unknown,Arunachal Pradesh,True,27.674452,93.0461713,44.39177806986576,control (non-VVP),True,-0.22623302129983136,-0.2703929232578725,98,120,0.4216647894355838,0.34319552636013356,4,4
157,Bengde,East Kameng,Unknown,Arunachal Pradesh,True,27.6619285,93.0379357,44.46874619346225,control (non-VVP),True,-0.21893686366921106,-0.24519966320434422,98,122,0.31077029704384607,0.34370411373882065,4,4
158,Pangia,East Kameng,Unknown,Arunachal Pradesh,True,27.633391,93.0158758,44.88700945558452,control (non-VVP),True,-0.25120334731460486,-0.2651835666638011,98,122,0.3001114864944747,0.35893811795490915,4,4
159,Kapak Leyak Docha,East Kameng,Unknown,Arunachal Pradesh,True,27.5303152,92.8464486,45.07935601529687,control (non-VVP),True,-0.2358103420089495,-0.22678550945171408,49,60,0.42931844374982486,0.301894788996936,4,4
160,Jattom Sollung,East Kameng,Unknown,Arunachal Pradesh,True,27.7610472,93.1233315,45.52894522093924,control (non-VVP),True,-0.3014260223738573,-0.2871925196667592,49,61,0.2878470628040907,0.3216760775776533,4,4
161,Krema Pao,East Kameng,Unknown,Arunachal Pradesh,True,27.6579303,93.0508089,45.750519494240194,control (non-VVP),True,-0.2365972089263889,-0.2571128792151548,98,122,0.37154999501175345,0.36041110936138365,4,4
162,Khenawa,East Kameng,Unknown,Arunachal Pradesh,True,27.6180869,93.016777,46.12843128494904,control (non-VVP),True,-0.2350965668852067,-0.22065856668548878,98,122,0.3675444846490069,0.2736206854941185,4,4
163,Tagampu Sollung,East Kameng,Unknown,Arunachal Pradesh,True,27.7343114,93.1143115,46.50540156670997,control (non-VVP),True,-0.27952727460311433,-0.294833525634369,49,61,0.3443965551850528,0.3629810819039753,4,4
164,Norang,East Kameng,Unknown,Arunachal Pradesh,True,27.5824001,92.9783276,46.53440226970117,control (non-VVP),True,-0.3067821249091949,-0.27442720232492207,49,60,0.36869943794909493,0.24196909815073014,4,4
165,Margingia Camp,East Kameng,Unknown,Arunachal Pradesh,True,27.631307,93.0389871,46.72768006177675,control (non-VVP),True,-0.18750229151337094,-0.1824073510770526,98,122,0.3151500453225349,0.3564326217395938,4,4
166,Tarawa Yangfo,East Kameng,Unknown,Arunachal Pradesh,True,27.7267073,93.1157187,47.12625814259949,control (non-VVP),True,-0.26111134164239713,-0.2779846666991052,49,61,0.3644460168142287,0.2928177770499572,4,4
167,Pordung,East Kameng,Unknown,Arunachal Pradesh,True,27.6065455,93.0184293,47.150571405851686,control (non-VVP),True,-0.27248932470431475,-0.2576431207141465,98,122,0.3402640484692005,0.27091011766637313,4,4
168,Keyang,East Kameng,Unknown,Arunachal Pradesh,True,27.7303152,93.1297477,47.99146668996831,control (non-VVP),True,-0.26898843630904873,-0.27765552230344964,49,61,0.3400890871318251,0.35331848104440816,4,4
169,Kamke,East Kameng,Unknown,Arunachal Pradesh,True,27.6740303,93.089903,48.10858079900222,control (non-VVP),True,-0.23963649284589741,-0.2539697768038802,98,120,0.4034367963907142,0.31674097390933714,4,4
170,Bameng,East Kameng,Unknown,Arunachal Pradesh,True,27.5435197,92.9483413,48.31642452509473,control (non-VVP),True,-0.19717319528944766,-0.20170183408659945,49,60,0.6308453777873344,0.535914901697861,4,4
171,Killo,East Kameng,Unknown,Arunachal Pradesh,True,27.685517,93.1001025,48.35318148630564,control (non-VVP),True,-0.26012039804990583,-0.25301857676505907,98,120,0.40459956014912174,0.3487124537864702,4,4
172,Mangfi Mangam,East Kameng,Unknown,Arunachal Pradesh,True,27.6440742,93.0724919,48.392638431502654,control (non-VVP),True,-0.2443241074318807,-0.21975477535795462,98,122,0.40822662612244914,0.27390311668338646,4,4
173,Nari Camp,East Kameng,Unknown,Arunachal Pradesh,True,27.6463432,93.0774393,48.677497437885805,control (non-VVP),True,-0.23298217030363116,-0.2162105458711121,98,122,0.3764297656523876,0.25290412305456605,4,4
174,Yangfo,East Kameng,Unknown,Arunachal Pradesh,True,27.7351995,93.144567,48.866778809306034,control (non-VVP),True,-0.2587245253349979,-0.2597813768854672,49,61,0.3929983016993694,0.3144252511882566,4,4
175,Rebe,East Kameng,Unknown,Arunachal Pradesh,True,27.6978845,93.1212163,49.3862257923554,control (non-VVP),True,-0.2374748632490724,-0.26979025164612347,49,61,0.3816166621115472,0.2779694456689887,4,4
176,Bosu Camp,East Kameng,Unknown,Arunachal Pradesh,True,27.655767,93.0931091,49.44864618048417,control (non-VVP),True,-0.24849860093615303,-0.2549163718701165,98,122,0.3762541668566235,0.36767519886156874,4,4
177,Domdila Tajo,East Kameng,Unknown,Arunachal Pradesh,True,27.6694255,93.1075453,49.86757546501422,control (non-VVP),True,-0.22312764431536708,-0.2572462063997974,49,61,0.3829091894252419,0.34423486824928384,4,4
178,Chome,Kra daadi,Unknown,Arunachal Pradesh,True,28.1503359,93.5386063,38.70554999309764,control (non-VVP),True,-0.31343917512761493,-0.2858446753788245,25,30,0.3760769652369806,0.11651716441543128,4,4
179,Raha,Kra daadi,Unknown,Arunachal Pradesh,True,28.1361584,93.5375846,39.50271163222105,control (non-VVP),True,-0.28642808441897527,-0.29085457844814433,25,30,0.3831711422143633,0.12532718031265055,4,4
180,Nikbia,Kra daadi,Unknown,Arunachal Pradesh,True,28.1267124,93.561505,42.03044209811645,control (non-VVP),True,-0.30849921582385575,-0.2971338709470144,25,30,0.3055349218012753,0.18157705104602148,4,4
181,Biya,Kra daadi,Unknown,Arunachal Pradesh,True,28.1035778,93.5745502,44.55838696481046,control (non-VVP),True,-0.3077431128372115,-0.3038844046310237,25,30,0.35767395598719814,0.27008137019930195,4,4
182,海马西,Kra daadi,Unknown,Arunachal Pradesh,True,28.2122563,93.6474944,45.41824863990996,control (non-VVP),True,-0.30618701392282477,-0.28586878312910613,25,30,0.40801991462971254,0.2883185830989243,4,4
183,Neorum,Kra daadi,Unknown,Arunachal Pradesh,True,28.1946749,93.6465911,45.98565409524642,control (non-VVP),True,-0.30897696842909683,-0.3009972313010209,25,30,0.3843181783833155,0.26567073475296904,4,4
184,Korapu,Kra daadi,Unknown,Arunachal Pradesh,True,28.1693463,93.6556686,47.866969739768685,control (non-VVP),True,-0.29389768970698443,-0.25489164375159495,25,30,0.3744966613503796,0.31765850506582033,4,4
185,Dongmar Langpu,Kra daadi,Unknown,Arunachal Pradesh,True,28.1625815,93.6543169,48.049304595056384,control (non-VVP),True,-0.3077396259141999,-0.2844086356759477,25,30,0.41214883779336514,0.24816889854910118,4,4
186,Raba Karsang,Kra daadi,Unknown,Arunachal Pradesh,True,28.1380163,93.6578323,49.54112017283783,control (non-VVP),True,-0.2887589534770896,-0.2780934269292812,25,30,0.3309917168064013,0.29968232598094,4,4
187,Pipsorang,Kra daadi,Unknown,Arunachal Pradesh,True,28.1542122,93.6754322,50.32113443595387,control (non-VVP),True,-0.33889237161601654,-0.2632886640574665,25,30,0.37616961844215896,0.312078712454392,4,4
188,Samba Karsang,Kra daadi,Unknown,Arunachal Pradesh,True,28.1421137,93.6699491,50.403600823355866,control (non-VVP),True,-0.3119560876465539,-0.2727474281549604,25,30,0.3494027781817648,0.31849721819162363,4,4
189,Lungba,Kra daadi,Unknown,Arunachal Pradesh,True,28.0563852,93.6123875,50.68892085304349,control (non-VVP),True,-0.2889284330231095,-0.28076036767555435,25,30,0.3190916761571564,0.31712879513728737,4,4
190,Barbia,Kra daadi,Unknown,Arunachal Pradesh,True,28.0190623,93.587875,51.595167768399534,control (non-VVP),True,-0.2434612282181163,-0.2650937029262575,50,60,0.34928492679696393,0.29945953510817297,4,4
191,Sangyo,Kra daadi,Unknown,Arunachal Pradesh,True,28.0739291,93.639461,51.65878822091823,control (non-VVP),True,-0.2854889230374034,-0.2737842278424759,25,30,0.29557095088081187,0.3245094333942608,4,4
192,Yame,Kra daadi,Unknown,Arunachal Pradesh,True,28.0522324,93.6242896,51.89243002350344,control (non-VVP),True,-0.295339341786057,-0.2756685750817944,25,30,0.2874113162050226,0.31163525948106846,4,4
193,Furak,Kurung Kumey,Unknown,Arunachal Pradesh,True,28.1295763,93.2446185,23.644251699452592,control (non-VVP),True,-0.25581535397535093,-0.240593619393514,49,60,0.3949584558292613,0.25102159438669225,4,4
194,Terreline,Kurung Kumey,Unknown,Arunachal Pradesh,True,28.1411574,93.3572171,26.51802186153796,control (non-VVP),True,-0.2502246893960036,-0.29791898426242647,49,60,0.34903198871949703,0.21409090699504663,4,4
195,Terik,Kurung Kumey,Unknown,Arunachal Pradesh,True,28.1291371,93.339988,26.77954567696128,control (non-VVP),True,-0.28347802307903386,-0.26978141561499097,49,60,0.4193632408630017,0.2093244736409795,4,4
196,Tikla,Kurung Kumey,Unknown,Arunachal Pradesh,True,28.1115397,93.3098102,27.28139338097069,control (non-VVP),True,-0.2567678525488222,-0.23809299292795386,49,60,0.3883777764439584,0.28095277768042354,4,4
197,Nayapuk,Kurung Kumey,Unknown,Arunachal Pradesh,True,28.1297215,93.3536247,27.39755940715146,control (non-VVP),True,-0.2642223686878419,-0.25307889004836687,49,60,0.3629300826199179,0.22280244530074209,4,4
198,帕普,Kurung Kumey,Unknown,Arunachal Pradesh,True,28.1632499,93.405407,27.60392116681208,control (non-VVP),True,-0.32327420254025957,-0.3226334291736864,49,60,0.41024639915390265,0.18087209150574665,4,4
199,Sayang,Kurung Kumey,Unknown,Arunachal Pradesh,True,28.1575101,93.4060193,28.10214916095901,control (non-VVP),True,-0.3310335781663429,-0.30035281183456575,49,60,0.4164860329814463,0.14976257074145632,4,4
200,Hagra,Kurung Kumey,Unknown,Arunachal Pradesh,True,28.0961261,93.2908666,28.286611791674424,control (non-VVP),True,-0.254950431778606,-0.26349038210872233,49,60,0.3754166783702453,0.2855005620976689,4,4
201,哈德,Kurung Kumey,Unknown,Arunachal Pradesh,True,28.1661506,93.419094,28.34298124436513,control (non-VVP),True,-0.30261276480214416,-0.29848564335057987,49,60,0.4464364607031175,0.16918232101761835,4,4
202,Putong,Kurung Kumey,Unknown,Arunachal Pradesh,True,28.1031564,93.3259013,28.747518787759585,control (non-VVP),True,-0.28045903144812817,-0.25219363663398053,49,60,0.3544767453754991,0.24163621132688007,4,4
203,Tarla,Kurung Kumey,Unknown,Arunachal Pradesh,True,28.1131762,93.3533548,28.96445497287652,control (non-VVP),True,-0.25991613166433475,-0.2823424590769693,49,60,0.3102034504131862,0.12534838218819205,4,4
204,Kelong,Kurung Kumey,Unknown,Arunachal Pradesh,True,28.1556657,93.4203969,29.23949044212164,control (non-VVP),True,-0.29166977666286314,-0.3005590916185557,49,60,0.3884977585063922,0.13207959575002237,4,4
205,Sareng,Kurung Kumey,Unknown,Arunachal Pradesh,True,28.1433941,93.4071107,29.32352059865547,control (non-VVP),True,-0.3196554881857934,-0.31433458758845695,49,60,0.3536289418200114,0.12488175437760514,4,4
206,Chera,Kurung Kumey,Unknown,Arunachal Pradesh,True,28.105217,93.352456,29.69292920662148,control (non-VVP),True,-0.237064161828905,-0.2566605325454354,49,60,0.3363939084062189,0.2104288884028624,4,4
207,Nayap,Kurung Kumey,Unknown,Arunachal Pradesh,True,28.1058646,93.3579216,29.890658452078466,control (non-VVP),True,-0.23361672339676007,-0.28392452449045363,49,60,0.3994084896985441,0.2150864929925384,4,4
208,Sitam,Kurung Kumey,Unknown,Arunachal Pradesh,True,28.0986373,93.3539313,30.40360630101741,control (non-VVP),True,-0.2849303581951601,-0.27647210629233704,49,60,0.37270510272678414,0.254952882616853,4,4
209,Hiniyum,Kurung Kumey,Unknown,Arunachal Pradesh,True,28.127374,93.403807,30.464343482992355,control (non-VVP),True,-0.2854894412911004,-0.2980960902664472,49,60,0.41624999155117354,0.16073562110057188,4,4
210,Cheya,Kurung Kumey,Unknown,Arunachal Pradesh,True,28.0965707,93.3537616,30.597999096369417,control (non-VVP),True,-0.2921020350227718,-0.2799663495624829,49,60,0.3694456822658061,0.2622865866002381,4,4
211,Lubupa,Kurung Kumey,Unknown,Arunachal Pradesh,True,28.0922288,93.3535062,31.012561168714097,control (non-VVP),True,-0.2941040054375607,-0.27520885502382536,49,60,0.3579573599176375,0.2529012349619207,4,4
212,Bamo,Kurung Kumey,Unknown,Arunachal Pradesh,True,28.0971546,93.3686732,31.254154202601,control (non-VVP),True,-0.25817585266700194,-0.28722234719479656,49,60,0.34567627548642804,0.262378048341713,4,4
213,Dania,Kurung Kumey,Unknown,Arunachal Pradesh,True,28.1225512,93.411611,31.36375991835551,control (non-VVP),True,-0.27576831513953715,-0.2701480791853162,49,60,0.41695005133095814,0.12904882186858607,4,4
214,Hala,Kurung Kumey,Unknown,Arunachal Pradesh,True,28.1166163,93.416693,32.188850811278364,control (non-VVP),True,-0.2978124404831179,-0.26344923679579846,49,60,0.37851831849486656,0.1496476131790089,4,4
215,Pilpu,Kurung Kumey,Unknown,Arunachal Pradesh,True,28.0798871,93.3655125,32.77271304001295,control (non-VVP),True,-0.29776212707780575,-0.29343486449560685,49,60,0.3979443181620406,0.2650731074193197,4,4
216,Goa,Kurung Kumey,Unknown,Arunachal Pradesh,True,28.0881033,93.3835385,32.86599086613841,control (non-VVP),True,-0.2699491582950838,-0.2621850343837972,49,60,0.38631506186651104,0.22840531226474453,4,4
217,Omla,Kurung Kumey,Unknown,Arunachal Pradesh,True,28.0789469,93.3730704,33.22055553315639,control (non-VVP),True,-0.3036039436894635,-0.29352678975724955,49,60,0.3972631018762471,0.23256688921347904,4,4
218,Meruk,Kurung Kumey,Unknown,Arunachal Pradesh,True,28.0723991,93.3604476,33.279858619395576,control (non-VVP),True,-0.2690393980633471,-0.26842673260372546,49,60,0.40261603188778156,0.24881216068623474,4,4
219,Nampe,Kurung Kumey,Unknown,Arunachal Pradesh,True,28.0957497,93.4106276,33.64910123388011,control (non-VVP),True,-0.2874648351199857,-0.2568886530975323,49,60,0.32784077798188066,0.3205754215823872,4,4
220,Dogwa,Kurung Kumey,Unknown,Arunachal Pradesh,True,28.0967706,93.4122381,33.6519244414456,control (non-VVP),True,-0.2773041913382307,-0.25841057245044413,49,60,0.33670428701367394,0.318970093003245,4,4
221,Mariangha,Kurung Kumey,Unknown,Arunachal Pradesh,True,28.0768186,93.3779326,33.66090017580559,control (non-VVP),True,-0.3084301024304477,-0.30432272193374854,49,60,0.39529622733130937,0.20625138672219295,4,4
222,Vitalin,Kurung Kumey,Unknown,Arunachal Pradesh,True,27.8829315,93.061541,33.975486802444344,control (non-VVP),True,-0.2601892955119268,-0.27205595265786614,98,120,0.4047528079721364,0.3057387640636958,4,4
223,Hirik,Kurung Kumey,Unknown,Arunachal Pradesh,True,28.0857154,93.4141714,34.7540263686586,control (non-VVP),True,-0.2915471237562976,-0.28266721733484423,49,60,0.3866407967723923,0.34375831623563746,4,4
224,Subuk,Kurung Kumey,Unknown,Arunachal Pradesh,True,28.0825535,93.4104364,34.82883747652445,control (non-VVP),True,-0.2962134646265603,-0.28818167918679805,49,60,0.3662361427976392,0.3611945653635752,4,4
225,Jali,Kurung Kumey,Unknown,Arunachal Pradesh,True,28.0713102,93.3941648,34.998439529192474,control (non-VVP),True,-0.2838166128990027,-0.2825271282268727,49,60,0.3944684392128012,0.3137347607781588,4,4
226,Peni,Kurung Kumey,Unknown,Arunachal Pradesh,True,28.0675109,93.390127,35.154770319287536,control (non-VVP),True,-0.3024413369143028,-0.2900922365602129,49,60,0.38102069070408545,0.3063562540899987,4,4
227,Kodela,Kurung Kumey,Unknown,Arunachal Pradesh,True,28.0167667,93.2132294,35.25202747790925,control (non-VVP),True,-0.3157394258420764,-0.2623624327174284,98,121,0.3751218153590776,0.24291251254900223,4,4
228,Retung,Kurung Kumey,Unknown,Arunachal Pradesh,True,28.0126009,93.220157,35.844726407084124,control (non-VVP),True,-0.28189833033909245,-0.2277150898022899,98,121,0.2958735998761788,0.18330898643209695,4,4
229,Furang,Kurung Kumey,Unknown,Arunachal Pradesh,True,28.0069345,93.2141257,36.33741974223333,control (non-VVP),True,-0.3104124883621508,-0.24942109054347128,98,121,0.3337655410928242,0.201819211311933,4,4
230,Taba,Kurung Kumey,Unknown,Arunachal Pradesh,True,28.0616364,93.4126933,36.876981618513945,control (non-VVP),True,-0.29530578097214416,-0.2764204137887595,49,60,0.3515815768270989,0.3309600440564086,4,4
231,Sejik,Kurung Kumey,Unknown,Arunachal Pradesh,True,28.0651757,93.4212354,37.01681620549449,control (non-VVP),True,-0.2727924789667786,-0.2450843941737607,49,60,0.33335094520194386,0.3497886519145648,4,4
232,Gone,Kurung Kumey,Unknown,Arunachal Pradesh,True,27.9567194,93.1119431,37.800271257200585,control (non-VVP),True,-0.26617946627061867,-0.2944792417524728,98,121,0.3692378067719169,0.3143070939837433,4,4
233,Kaney,Kurung Kumey,Unknown,Arunachal Pradesh,True,27.9880893,93.1999363,37.82599979539341,control (non-VVP),True,-0.29904706526798747,-0.2631681254218099,98,121,0.39104097900068513,0.2873394247866416,4,4
234,Hanglik,Kurung Kumey,Unknown,Arunachal Pradesh,True,28.0712841,93.4547212,38.44375648651784,control (non-VVP),True,-0.30864927476110604,-0.2611923775065374,28,33,0.3722868164710429,0.23073089796047277,4,4
235,Upper Lichila,Kurung Kumey,Unknown,Arunachal Pradesh,True,27.9798598,93.2015731,38.745249754930015,control (non-VVP),True,-0.31133313410592567,-0.26219169312411816,98,121,0.40060134185581797,0.2986998908503815,4,4
236,Palo,Kurung Kumey,Unknown,Arunachal Pradesh,True,27.9441662,93.1157356,39.226567277213874,control (non-VVP),True,-0.25080160899504356,-0.26510180622485263,98,121,0.35089025074931035,0.41545632041047964,4,4
237,Nade,Kurung Kumey,Unknown,Arunachal Pradesh,True,27.9617646,93.1869151,40.214666278583984,control (non-VVP),True,-0.3121755456090017,-0.2968844687279917,98,121,0.31661031337376444,0.3144013295879385,4,4
238,Lamnia,Kurung Kumey,Unknown,Arunachal Pradesh,True,28.0504537,93.4555379,40.311592515249735,control (non-VVP),True,-0.30816886293187035,-0.23254307066628774,25,30,0.3643936856277493,0.33533222252216316,4,4
239,Lee,Kurung Kumey,Unknown,Arunachal Pradesh,True,27.9633075,93.202655,40.5273712000208,control (non-VVP),True,-0.29712695564295966,-0.2859635736559764,98,121,0.38690635269567986,0.33286788798827127,4,4
240,Chotte,Kurung Kumey,Unknown,Arunachal Pradesh,True,28.0474404,93.455651,40.58526244923831,control (non-VVP),True,-0.28249431624851656,-0.21105136076408842,25,30,0.38379484181179596,0.36636210373297934,4,4
241,Mala,Kurung Kumey,Unknown,Arunachal Pradesh,True,28.0438593,93.4527315,40.733939823600245,control (non-VVP),True,-0.25976404328045155,-0.22568340824409638,25,30,0.39202552782444,0.35536348485655583,4,4
242,Pachik,Kurung Kumey,Unknown,Arunachal Pradesh,True,28.0431644,93.4563404,41.00603214290621,control (non-VVP),True,-0.25496333705294133,-0.21641626239774195,25,30,0.38432094910721026,0.3608176291914049,4,4
243,Lower Lichila,Kurung Kumey,Unknown,Arunachal Pradesh,True,27.9634244,93.228221,41.34605860852293,control (non-VVP),True,-0.2927187698292191,-0.2889380300893095,98,121,0.40582135088939586,0.2555033220060632,4,4
244,Baribayang,Kurung Kumey,Unknown,Arunachal Pradesh,True,27.9405099,93.1576514,41.57653710677136,control (non-VVP),True,-0.27376551658339404,-0.2891088773803103,98,121,0.348598445317106,0.2948109028535637,4,4
245,Sipe,Kurung Kumey,Unknown,Arunachal Pradesh,True,27.9473278,93.1919733,41.89340447326483,control (non-VVP),True,-0.2644335249421851,-0.25483250804120827,98,121,0.36574300880538685,0.2679469354159339,4,4
246,Kodela,Kurung Kumey,Unknown,Arunachal Pradesh,True,27.9589181,93.2421602,42.11795642501733,control (non-VVP),True,-0.2798029632494292,-0.28046344509319554,98,121,0.41981193944152484,0.2543252167514468,4,4
247,Haleba,Kurung Kumey,Unknown,Arunachal Pradesh,True,27.9535172,93.2212596,42.28019632157901,control (non-VVP),True,-0.2865375777572457,-0.27648428244989015,98,121,0.38760918562382896,0.27772675980245415,4,4
248,Sewaring,Kurung Kumey,Unknown,Arunachal Pradesh,True,27.9487419,93.2097591,42.281563352875466,control (non-VVP),True,-0.25478590196707646,-0.26876405322933095,98,121,0.4105133200922235,0.2906992173155193,4,4
249,Kelin,Kurung Kumey,Unknown,Arunachal Pradesh,True,28.0334539,93.4679615,42.55146449585489,control (non-VVP),True,-0.24242333320382753,-0.18370284054355804,25,30,0.3789425190272075,0.32568079312997195,4,4
250,Tai,Kurung Kumey,Unknown,Arunachal Pradesh,True,27.9557116,93.2503551,42.63224130132467,control (non-VVP),True,-0.29913734856915164,-0.28318572531712,98,121,0.38718888355626,0.38375556184185877,4,4
251,Mangio,Kurung Kumey,Unknown,Arunachal Pradesh,True,28.0318367,93.4689617,42.75388023518099,control (non-VVP),True,-0.2414485526209078,-0.18518458797368478,25,30,0.38008610675732296,0.32339443405469265,4,4
252,Hashi,Kurung Kumey,Unknown,Arunachal Pradesh,True,28.029797,93.4690502,42.94030383895248,control (non-VVP),True,-0.24339592857200654,-0.18539148954180829,25,30,0.39654059424681454,0.31877641225683284,4,4
253,Ruktepu,Kurung Kumey,Unknown,Arunachal Pradesh,True,27.945805,93.2387355,43.47181854815469,control (non-VVP),True,-0.2601327762572478,-0.261311383236712,98,121,0.39989899053718103,0.2778507278757599,4,4
254,Rilong,Kurung Kumey,Unknown,Arunachal Pradesh,True,27.9510659,93.2673215,43.48068010680575,control (non-VVP),True,-0.30272269659019674,-0.2724811383938142,98,121,0.43564579046089746,0.4638248321552763,4,4
255,Fua,Kurung Kumey,Unknown,Arunachal Pradesh,True,27.9448103,93.2637154,44.0865288735071,control (non-VVP),True,-0.29681896347701114,-0.24759267278413258,98,121,0.3424166721767849,0.46477499779727727,4,4
256,Dome,Kurung Kumey,Unknown,Arunachal Pradesh,True,27.9445671,93.2883561,44.5896695685161,control (non-VVP),True,-0.28141494142105095,-0.24069673909789982,98,121,0.330179975827982,0.31830426227590497,4,4
257,Solung,Kurung Kumey,Unknown,Arunachal Pradesh,True,28.016221,93.4805766,44.82397118514112,control (non-VVP),True,-0.25107296572329396,-0.2284403513194047,50,60,0.3990243896015996,0.34616961886903924,4,4
258,Pariuk,Kurung Kumey,Unknown,Arunachal Pradesh,True,27.9393093,93.2903924,45.19870782941564,control (non-VVP),True,-0.2632215782366221,-0.25170518766320316,98,121,0.3206881227821409,0.2765982210239216,4,4
259,Rakte,Kurung Kumey,Unknown,Arunachal Pradesh,True,27.926534,93.2636139,46.06823846479028,control (non-VVP),True,-0.2634057223527708,-0.2807604191305441,49,61,0.39845982223882204,0.2633203074968021,4,4
260,Patuk,Kurung Kumey,Unknown,Arunachal Pradesh,True,28.0084129,93.4938419,46.299794565268975,control (non-VVP),True,-0.2408631914078535,-0.2345553405218877,50,60,0.3373475582431796,0.3949029945547459,4,4
261,Sebi,Kurung Kumey,Unknown,Arunachal Pradesh,True,27.9282641,93.3018993,46.61433157331805,control (non-VVP),True,-0.2727891990574397,-0.25966720114731107,49,61,0.3990817457137156,0.3163941830296533,4,4
262,Joku,Kurung Kumey,Unknown,Arunachal Pradesh,True,28.0070922,93.4973613,46.62628909613486,control (non-VVP),True,-0.2379201257296917,-0.23200492142544615,50,60,0.3364059000145354,0.37680401140305414,4,4
263,Digging,Kurung Kumey,Unknown,Arunachal Pradesh,True,27.9235664,93.283198,46.78763481249497,control (non-VVP),True,-0.29063584359234584,-0.24893177709920242,49,61,0.3922671840883411,0.40210643004287366,4,4
264,Mangdo,Kurung Kumey,Unknown,Arunachal Pradesh,True,28.0051556,93.4984123,46.859501027541725,control (non-VVP),True,-0.23944420228177624,-0.23255307625361366,50,60,0.3712234607954931,0.3482206732201177,4,4
265,Relung,Kurung Kumey,Unknown,Arunachal Pradesh,True,27.9267335,93.3063161,46.86825949798589,control (non-VVP),True,-0.2673315575622498,-0.2699412838622024,49,61,0.4029461301269488,0.29226711880745976,4,4
266,Lungte Tacha,Kurung Kumey,Unknown,Arunachal Pradesh,True,28.0384138,93.5537004,47.69094966353208,control (non-VVP),True,-0.3221786792608263,-0.3056235385042663,25,30,0.37731721725721334,0.3502502844357786,4,4
267,Toba,Kurung Kumey,Unknown,Arunachal Pradesh,True,27.9156223,93.2907437,47.78939326062448,control (non-VVP),True,-0.2600058368377297,-0.2363951470721757,49,61,0.3467591480661047,0.3849361802510232,4,4
268,Kanchangjana,Kurung Kumey,Unknown,Arunachal Pradesh,True,27.9125039,93.3209425,48.71997667860336,control (non-VVP),True,-0.29278614813703685,-0.2998449227970594,49,61,0.4105636183105941,0.21960100644667235,4,4
269,Mara,Kurung Kumey,Unknown,Arunachal Pradesh,True,27.9118254,93.3236314,48.85404267322851,control (non-VVP),True,-0.2889102492217407,-0.2900686478886109,49,61,0.3821183642850513,0.22315265675100077,4,4
270,Jeevandept,Kurung Kumey,Unknown,Arunachal Pradesh,True,27.9115014,93.3332283,49.11695225445854,control (non-VVP),True,-0.28659283394268414,-0.26259333693676934,49,61,0.3374999932313369,0.27103954691671384,4,4
271,Parsi-Parlo,Kurung Kumey,Unknown,Arunachal Pradesh,True,27.9895698,93.5138011,49.151363014137466,control (non-VVP),True,-0.17984458740563983,-0.17568896315315913,50,60,0.3625112611565504,0.30677365560319514,4,4
272,Nikja,Kurung Kumey,Unknown,Arunachal Pradesh,True,27.9157176,93.3536671,49.21145406736955,control (non-VVP),True,-0.26695264120388723,-0.27292590145842704,49,61,0.3695847195380286,0.22021318163520606,4,4
273,Tumbia,Kurung Kumey,Unknown,Arunachal Pradesh,True,28.0021269,93.5328877,49.2503520875537,control (non-VVP),True,-0.2391719431505013,-0.239823382228611,50,60,0.35963691870151226,0.3574113056823578,4,4
274,Satum,Kurung Kumey,Unknown,Arunachal Pradesh,True,27.9120184,93.3437143,49.33027572220367,control (non-VVP),True,-0.2799455838622129,-0.24219060275026358,49,61,0.44295096686351393,0.37844701272591935,4,4
275,Labia,Kurung Kumey,Unknown,Arunachal Pradesh,True,27.9932164,93.5228247,49.38217287727649,control (non-VVP),True,-0.2221902145592401,-0.22085782930451486,50,60,0.2853820652000664,0.3538787385091961,4,4
276,Papin,Kurung Kumey,Unknown,Arunachal Pradesh,True,27.9124359,93.3585619,49.70071264139772,control (non-VVP),True,-0.26092973985260026,-0.27042960314805703,49,61,0.4119666727052794,0.3316583295166492,4,4
277,Taipa,Kurung Kumey,Unknown,Arunachal Pradesh,True,27.9074231,93.3503798,50.000254036204005,control (non-VVP),True,-0.18558716853211038,-0.17712850478215952,49,61,0.5991991122850985,0.7284343692166388,4,4
278,Manghe 2,Kurung Kumey,Unknown,Arunachal Pradesh,True,27.9065246,93.3469471,50.00261881257338,control (non-VVP),True,-0.21867647690746483,-0.20049004201823115,49,61,0.6124019042793412,0.6888817284139283,4,4
279,Chingkongne,Kurung Kumey,Unknown,Arunachal Pradesh,True,27.9172781,93.3867833,50.09319948839584,control (non-VVP),True,-0.2382807043643049,-0.25096158842084126,49,60,0.4046078985007904,0.3447775315323448,4,4
280,Leya,Kurung Kumey,Unknown,Arunachal Pradesh,True,27.9788093,93.5157141,50.2141330349661,control (non-VVP),True,-0.2683777643224639,-0.2425080747192245,50,60,0.2882949453056528,0.30357022191701305,4,4
281,Jog,Kurung Kumey,Unknown,Arunachal Pradesh,True,27.9050355,93.3500017,50.24400761445297,control (non-VVP),True,-0.1593279875748584,-0.151081001473561,49,61,0.7115836017089561,0.8987513743629751,4,4
282,Furek,Kurung Kumey,Unknown,Arunachal Pradesh,True,27.9140344,93.3859036,50.39997565229497,control (non-VVP),True,-0.2632044006951573,-0.2591385472331995,49,60,0.4085587575007437,0.35900775675234403,4,4
283,Boa,Kurung Kumey,Unknown,Arunachal Pradesh,True,27.9822237,93.5256281,50.50814300303482,control (non-VVP),True,-0.27550094079737286,-0.2622825230886325,50,60,0.2959367891197549,0.22497460104811004,4,4
284,Renchiporing II,Kurung Kumey,Unknown,Arunachal Pradesh,True,27.9814404,93.5279667,50.71855795214688,control (non-VVP),True,-0.27690010975067963,-0.26676005344621395,50,60,0.30883314581112964,0.22758314441352626,4,4
285,Radang,Kurung Kumey,Unknown,Arunachal Pradesh,True,27.9076277,93.3755482,50.7270090896494,control (non-VVP),True,-0.2931731702351962,-0.2717094116369275,49,61,0.45423228959935325,0.4140157497773959,4,4
286,Pinging,Kurung Kumey,Unknown,Arunachal Pradesh,True,27.8985446,93.3430694,50.75289219387971,control (non-VVP),True,-0.23890061270641585,-0.1895352208424511,49,61,0.4519172227597451,0.7128293986793036,4,4
287,Sangkun,Kurung Kumey,Unknown,Arunachal Pradesh,True,27.9292256,93.435367,50.76845974976534,control (non-VVP),True,-0.2577664048096995,-0.2650006657127901,25,30,0.23556264174354577,0.3332538786127403,4,4
288,Harrang,Kurung Kumey,Unknown,Arunachal Pradesh,True,27.9315942,93.4420695,50.82750254588048,control (non-VVP),True,-0.2898628606144877,-0.2536360315859918,25,30,0.2316368705733529,0.33955027391124715,4,4
289,Rambo,Kurung Kumey,Unknown,Arunachal Pradesh,True,27.8974975,93.3425604,50.85186545393655,control (non-VVP),True,-0.2497965782774284,-0.19783201373580836,49,61,0.4337514003631905,0.6786698554176314,4,4
290,马拉,Kurung Kumey,Unknown,Arunachal Pradesh,True,27.8886329,93.2980263,50.85905616580256,control (non-VVP),True,-0.2602748266509187,-0.2603351409571541,49,61,0.4429671755754643,0.3663876438565196,4,4
291,Nyobia,Kurung Kumey,Unknown,Arunachal Pradesh,True,27.8863971,93.2907263,50.97484316509296,control (non-VVP),True,-0.259374971887548,-0.26150295508831867,49,61,0.3577672615813254,0.3912834024973595,4,4
292,Yerik,Kurung Kumey,Unknown,Arunachal Pradesh,True,28.0082819,93.5670426,50.99247097556977,control (non-VVP),True,-0.22628872870860928,-0.2137988802388837,50,60,0.359852943350287,0.30241953367398394,4,4
293,Deyang,Kurung Kumey,Unknown,Arunachal Pradesh,True,27.8852661,93.2892168,51.06698450676937,control (non-VVP),True,-0.25548774106559524,-0.26030064439994965,49,61,0.33590478886474745,0.3839894172741735,4,4
294,Konkup,Kurung Kumey,Unknown,Arunachal Pradesh,True,28.0111367,93.5726645,51.14934662725592,control (non-VVP),True,-0.23272751283715004,-0.22019738275852851,50,60,0.3348059902037856,0.3309977817165349,4,4
295,Renchiporing,Kurung Kumey,Unknown,Arunachal Pradesh,True,27.9775535,93.5336956,51.4060132841194,control (non-VVP),True,-0.27018814983698347,-0.2687179553485563,50,60,0.342843680483539,0.24550720495884276,4,4
296,Johak,Kurung Kumey,Unknown,Arunachal Pradesh,True,27.8807287,93.2817346,51.40770745829745,control (non-VVP),True,-0.2526856574285577,-0.2610011147102883,49,61,0.36733240435243325,0.37548323316947035,4,4
297,Sullung Tapin,Kurung Kumey,Unknown,Arunachal Pradesh,True,27.8941928,93.3556556,51.55323025971673,control (non-VVP),True,-0.29964078728719407,-0.25578014554934303,49,61,0.47126956890760124,0.9818987491013488,4,4
298,Yapak 2,Kurung Kumey,Unknown,Arunachal Pradesh,True,27.900174,93.3802795,51.65969396405898,control (non-VVP),True,-0.23081367451062892,-0.18964454898090924,49,61,0.3931543622707628,0.5136744954041987,4,4
299,Tapone,Kurung Kumey,Unknown,Arunachal Pradesh,True,27.905549,93.4006325,51.79468143929064,control (non-VVP),True,-0.2347135618958895,-0.23609475568819602,42,45,0.39425996966874777,0.3671064313063336,4,4
300,Sangsar,Kurung Kumey,Unknown,Arunachal Pradesh,True,27.9123798,93.4211037,51.870012288391685,control (non-VVP),True,-0.25955038284842236,-0.25969895154136696,25,30,0.3038525463075702,0.21761086710342548,4,4
301,Jiri,Kurung Kumey,Unknown,Arunachal Pradesh,True,27.9024698,93.394667,51.902330560889375,control (non-VVP),True,-0.23250089372715854,-0.22250512349994955,49,51,0.38210629642479066,0.3911979722426901,4,4
302,Rate,Kurung Kumey,Unknown,Arunachal Pradesh,True,27.9025231,93.4035863,52.21322105588406,control (non-VVP),True,-0.23647383507199057,-0.22210125574416956,39,34,0.34869491340076864,0.3359971760693244,4,4
303,Molo,Kurung Kumey,Unknown,Arunachal Pradesh,True,27.9634667,93.5271662,52.25035030613911,control (non-VVP),True,-0.28142036641793666,-0.28184368770797263,50,60,0.4024307147957004,0.16444290496260258,4,4
304,Kokpunayer,Kurung Kumey,Unknown,Arunachal Pradesh,True,27.8696105,93.2638666,52.25205034776048,control (non-VVP),True,-0.2526626268112515,-0.2570338097746318,49,61,0.3527474991803175,0.31807007984536906,4,4
305,Rite,Kurung Kumey,Unknown,Arunachal Pradesh,True,27.9046219,93.4117605,52.29938591724223,control (non-VVP),True,-0.255449501308927,-0.24938299471910208,25,31,0.319507242228114,0.2662889767761751,4,4
306,Yarpu,Kurung Kumey,Unknown,Arunachal Pradesh,True,27.9101363,93.4264549,52.31129939409694,control (non-VVP),True,-0.273520744991272,-0.25746816371715076,25,30,0.3400360278438306,0.28716740955468556,4,4
307,Manghe 1,Kurung Kumey,Unknown,Arunachal Pradesh,True,27.8964882,93.3905192,52.38200201966226,control (non-VVP),True,-0.2794788066436993,-0.24081989026345393,49,53,0.37549053200644134,0.5337430447705481,4,4
308,Najibibuk,Kurung Kumey,Unknown,Arunachal Pradesh,True,27.8683639,93.2642347,52.3948285914516,control (non-VVP),True,-0.24600522491732663,-0.25845643480670943,49,61,0.3536786139011383,0.3312933926552968,4,4
309,Taram,Kurung Kumey,Unknown,Arunachal Pradesh,True,27.9628134,93.5366038,52.86940455626912,control (non-VVP),True,-0.25269009136547305,-0.2709270468524593,50,60,0.39995833661821156,0.30623055795828497,4,4
310,Tabumna,Kurung Kumey,Unknown,Arunachal Pradesh,True,27.8598023,93.2528662,53.09351796866028,control (non-VVP),True,-0.2629631346249943,-0.2770465210120291,49,61,0.3930721516472107,0.30113866968918274,4,4
311,Yarpu,Kurung Kumey,Unknown,Arunachal Pradesh,True,27.894643,93.4225849,53.73157852709238,control (non-VVP),True,-0.2244066677162797,-0.22382968207994738,25,30,0.2818431529223851,0.3218827886530119,4,4
312,Langbang,Kurung Kumey,Unknown,Arunachal Pradesh,True,27.9544909,93.540336,53.82502054267635,control (non-VVP),True,-0.26332967791797884,-0.26003869196221646,50,60,0.3466675905024966,0.3553579330907414,4,4
313,Made,Kurung Kumey,Unknown,Arunachal Pradesh,True,27.9780177,93.5788669,54.24125028274002,control (non-VVP),True,-0.2514018149704599,-0.259531002904824,50,60,0.3260409692725206,0.28411682489702467,4,4
314,Kele,Kurung Kumey,Unknown,Arunachal Pradesh,True,27.9032308,93.4632364,54.57472977853739,control (non-VVP),True,-0.2807610397489555,-0.27061413248040045,25,30,0.3832675205653449,0.2751334826063129,4,4
315,Sera,Kurung Kumey,Unknown,Arunachal Pradesh,True,27.9554003,93.5546431,54.61031844795788,control (non-VVP),True,-0.251080033142541,-0.26483349343207124,50,60,0.3598798963943673,0.3581117299015961,4,4
316,Byate,Kurung Kumey,Unknown,Arunachal Pradesh,True,27.8878009,93.4444302,55.29752731979862,control (non-VVP),True,-0.24975380320203586,-0.2468201126835578,25,30,0.39078595513351255,0.21607023570582753,4,4
317,Keya,Kurung Kumey,Unknown,Arunachal Pradesh,True,27.8850396,93.4612545,56.28702084330097,control (non-VVP),True,-0.28473811317516495,-0.25770931852580964,25,30,0.41712920967112765,0.3132471933960915,4,4
318,Panyi,Kurung Kumey,Unknown,Arunachal Pradesh,True,27.8742022,93.4525059,56.99915437798174,control (non-VVP),True,-0.2547021678166149,-0.22940616504272626,25,30,0.35016092722542935,0.26981964606489905,4,4
319,Kush Lami,Kurung Kumey,Unknown,Arunachal Pradesh,True,27.8754594,93.4559652,57.017342103096205,control (non-VVP),True,-0.2613866733796521,-0.22013438332787325,25,30,0.3056787693300727,0.25412290500861967,4,4
320,Pari,Kurung Kumey,Unknown,Arunachal Pradesh,True,27.8773703,93.4806463,57.90796227435106,control (non-VVP),True,-0.3052239400580308,-0.26514662760318,25,30,0.3983668886641795,0.3584927291144727,4,4
321,Nibi,Kurung Kumey,Unknown,Arunachal Pradesh,True,27.8906614,93.5152047,58.290531000282,control (non-VVP),True,-0.20623512406701472,-0.2412826053969679,25,30,0.2938610835606389,0.4399240727633807,4,4
322,Leba,Kurung Kumey,Unknown,Arunachal Pradesh,True,27.889732,93.5177222,58.507068066069465,control (non-VVP),True,-0.2329374773455348,-0.24176973184564138,25,30,0.27462053797873004,0.4382868312365775,4,4
323,Sara,Kurung Kumey,Unknown,Arunachal Pradesh,True,27.8764655,93.5162563,59.69502349076612,control (non-VVP),True,-0.26676723507870004,-0.25620650922448013,25,30,0.38805432730001255,0.3687500037137263,4,4
324,Hiba,Kurung Kumey,Unknown,Arunachal Pradesh,True,27.8672206,93.4999319,59.79411601184075,control (non-VVP),True,-0.2640514893259413,-0.23233738471285872,25,30,0.34261771328246116,0.352228137727142,4,4
325,Langria,Kurung Kumey,Unknown,Arunachal Pradesh,True,27.7303718,93.2723198,59.90006834905566,control (non-VVP),True,-0.27416060623224564,-0.27964932903469025,49,61,0.354212147720938,0.31972438840398815,4,4
326,Dengba,Kurung Kumey,Unknown,Arunachal Pradesh,True,27.8559794,93.479899,59.98757661935535,control (non-VVP),True,-0.284257374724029,-0.23494737634672205,25,30,0.39016310527032355,0.3291647906244405,4,4
327,Payu,Kurung Kumey,Unknown,Arunachal Pradesh,True,27.7289942,93.2749594,60.20162200196997,control (non-VVP),True,-0.27727392790947636,-0.2886264888356006,49,61,0.33579096996178054,0.33201412683152876,4,4
328,Sangme,Kurung Kumey,Unknown,Arunachal Pradesh,True,27.8554992,93.4857201,60.29218859321547,control (non-VVP),True,-0.226327229717344,-0.22038630151601094,25,30,0.40712332219949793,0.4312472130238477,4,4
329,Cheki,Kurung Kumey,Unknown,Arunachal Pradesh,True,27.8689915,93.5175395,60.47393621617884,control (non-VVP),True,-0.25766538355058005,-0.2507495486494302,25,30,0.3902616910387519,0.3115924373435018,4,4
330,Palang,Kurung Kumey,Unknown,Arunachal Pradesh,True,27.7081538,93.27106,61.00002383100187,control (non-VVP),True,-0.3073236885977434,-0.29191496586625665,49,61,0.38955998243638745,0.3068161467466119,4,4
331,Phassang,Kurung Kumey,Unknown,Arunachal Pradesh,True,27.7243116,93.2813307,61.00114956989782,control (non-VVP),True,-0.25073796751066335,-0.25594994857352077,49,61,0.3311027717590332,0.36223332650131645,4,4
332,Leel,Kurung Kumey,Unknown,Arunachal Pradesh,True,27.8437826,93.4758359,61.027728437158686,control (non-VVP),True,-0.23047264869616785,-0.24863721762723598,25,30,0.3503884559664689,0.4348501634518393,4,4
333,Dara,Kurung Kumey,Unknown,Arunachal Pradesh,True,27.8616633,93.5158884,61.097009884854096,control (non-VVP),True,-0.27573065530278174,-0.23392075670330995,25,30,0.41512834932655096,0.3003320316451468,4,4
334,Sangripo,Kurung Kumey,Unknown,Arunachal Pradesh,True,27.7227416,93.282713,61.20402338700937,control (non-VVP),True,-0.24944041937602612,-0.25639738145409285,49,61,0.3519910435281877,0.35741610088337716,4,4
335,Sangte,Kurung Kumey,Unknown,Arunachal Pradesh,True,27.7291192,93.288153,61.34319384028954,control (non-VVP),True,-0.27270405477025156,-0.2662821897550171,49,61,0.3388745863520418,0.3788353877532122,4,4
336,Mujariang,Kurung Kumey,Unknown,Arunachal Pradesh,True,27.7257548,93.2911669,61.78015811059391,control (non-VVP),True,-0.25073546409421016,-0.24730905154297786,49,61,0.357306398593483,0.4142031472272477,4,4
337,Leya,Kurung Kumey,Unknown,Arunachal Pradesh,True,27.7282734,93.2932093,61.82821044976273,control (non-VVP),True,-0.24412522499647824,-0.2478505271839917,49,61,0.3648168684110525,0.39874029516776843,4,4
338,Leel Camp,Kurung Kumey,Unknown,Arunachal Pradesh,True,27.8432284,93.497014,62.00909168626551,control (non-VVP),True,-0.2094761861360993,-0.1856669089671419,25,30,0.38658333553208246,0.5260083392262459,4,4
339,Saleriang,Kurung Kumey,Unknown,Arunachal Pradesh,True,27.7854605,93.3201249,62.49683818805669,control (non-VVP),True,-0.3087656001652851,-0.31018216924463793,49,61,0.3189289663793244,0.2636820187380787,4,4
340,Yaki,Kurung Kumey,Unknown,Arunachal Pradesh,True,27.836181,93.4940102,62.57138583180046,control (non-VVP),True,-0.2608121282063681,-0.23957006589068733,25,30,0.39429091668850635,0.4663116542346809,4,4
341,恰吐姆,Kurung Kumey,Unknown,Arunachal Pradesh,True,27.8448117,93.5145294,62.66270137690602,control (non-VVP),True,-0.27762081946833655,-0.24427202766058914,25,30,0.3799079200918121,0.3480719894702945,4,4
342,Tumlang,Kurung Kumey,Unknown,Arunachal Pradesh,True,27.8281634,93.4904133,63.21063792357364,control (non-VVP),True,-0.27829917969603335,-0.24655991540409786,25,30,0.3958111075891388,0.32733333941962983,4,4
343,Tagum,Kurung Kumey,Unknown,Arunachal Pradesh,True,27.8357436,93.5079409,63.24155626114598,control (non-VVP),True,-0.2117023189146172,-0.18176839462176697,25,30,0.4357122663106468,0.38342061883828676,4,4
344,6 Mile Camp,Kurung Kumey,Unknown,Arunachal Pradesh,True,27.8329405,93.5083348,63.53466159203505,control (non-VVP),True,-0.21610818165644638,-0.21117210467005634,25,30,0.47012639658504657,0.38462641195634784,4,4
345,Kamayer,Kurung Kumey,Unknown,Arunachal Pradesh,True,27.7905642,93.3910095,63.553019802162574,control (non-VVP),True,-0.2882969318525019,-0.28032717116703637,25,30,0.3313525516019428,0.3577743921007656,4,4
346,Rowa,Kurung Kumey,Unknown,Arunachal Pradesh,True,27.8428454,93.5296997,63.58239405799619,control (non-VVP),True,-0.26021964227346234,-0.24269911891382948,25,30,0.42330088641274893,0.3206201281245214,4,4
347,Pagrang,Kurung Kumey,Unknown,Arunachal Pradesh,True,27.8509062,93.5452982,63.59431330152693,control (non-VVP),True,-0.19116151770702872,-0.2021912840683533,25,30,0.4113048437911561,0.3710686060923694,4,4
348,Pinchi,Kurung Kumey,Unknown,Arunachal Pradesh,True,27.7735733,93.316873,63.73939593102888,control (non-VVP),True,-0.2663890185064996,-0.2676341300148095,49,61,0.23628753778401418,0.3042130169269108,4,4
349,Pagga,Kurung Kumey,Unknown,Arunachal Pradesh,True,27.8504991,93.5494243,63.84511944565142,control (non-VVP),True,-0.20976242782797067,-0.22830914265123678,25,30,0.3501475534686002,0.3439058950191617,4,4
350,Powak Korar,Kurung Kumey,Unknown,Arunachal Pradesh,True,27.8375593,93.5258798,63.90711936348984,control (non-VVP),True,-0.22371842611223644,-0.228368792425267,25,30,0.4569910935087914,0.3859788607370867,4,4
351,Reyup,Kurung Kumey,Unknown,Arunachal Pradesh,True,27.8567715,93.5619177,63.9144594974527,control (non-VVP),True,-0.2648032379468526,-0.22703723863834402,25,30,0.33644401934617374,0.32083424694522256,4,4
352,Yarte,Kurung Kumey,Unknown,Arunachal Pradesh,True,27.831632,93.5141164,63.928763556397165,control (non-VVP),True,-0.23288970622427901,-0.22718450704871637,25,30,0.451346143698081,0.43578038247532674,4,4
353,Lengro,Kurung Kumey,Unknown,Arunachal Pradesh,True,27.8547999,93.559177,63.95219245497713,control (non-VVP),True,-0.26092469372832416,-0.23391144941727324,25,30,0.3432607572711162,0.32652431750054817,4,4
354,Jugriang,Kurung Kumey,Unknown,Arunachal Pradesh,True,27.7707148,93.3182278,64.07412331265515,control (non-VVP),True,-0.2718432504821178,-0.2738357650011922,49,61,0.22719063338228693,0.31313544933745424,4,4
355,Dangu,Kurung Kumey,Unknown,Arunachal Pradesh,True,27.835467,93.5289814,64.25878085878584,control (non-VVP),True,-0.1918826663597632,-0.21605566443796204,25,30,0.4256964440351056,0.4382852331118102,4,4
356,Raris,Kurung Kumey,Unknown,Arunachal Pradesh,True,27.7680851,93.3146271,64.30181164190407,control (non-VVP),True,-0.261787866173847,-0.2635449429467185,49,61,0.30023862181704797,0.29811320522516865,4,4
357,Kaung,Kurung Kumey,Unknown,Arunachal Pradesh,True,27.8225472,93.5040159,64.36416345609699,control (non-VVP),True,-0.266683351312979,-0.2461087073861548,25,30,0.3887347412294605,0.3454189744098867,4,4
358,Nyori,Kurung Kumey,Unknown,Arunachal Pradesh,True,27.8475995,93.5552271,64.41930892283993,control (non-VVP),True,-0.24562639399533034,-0.22553833663185827,25,30,0.38025196505687536,0.3663549766962365,4,4
359,Kaglang,Kurung Kumey,Unknown,Arunachal Pradesh,True,27.8501585,93.5616729,64.5179983500826,control (non-VVP),True,-0.28392401170981213,-0.24522690921354792,25,30,0.35082962392167677,0.3173218243703545,4,4
360,Tachak,Kurung Kumey,Unknown,Arunachal Pradesh,True,27.841908,93.5484681,64.60881049685287,control (non-VVP),True,-0.24850292007421457,-0.24312902339933867,25,30,0.4333934560838115,0.3255383322580287,4,4
361,Regba,Kurung Kumey,Unknown,Arunachal Pradesh,True,27.8236364,93.5159119,64.79457267348194,control (non-VVP),True,-0.21399346300030267,-0.2160567079828045,25,30,0.42158610797590673,0.39832499821980794,4,4
362,Miba,Kurung Kumey,Unknown,Arunachal Pradesh,True,27.824202,93.5173691,64.80624403518753,control (non-VVP),True,-0.20592091197013287,-0.21515360297974936,25,30,0.4292369534186068,0.4225138722527173,4,4
363,Byasi,Kurung Kumey,Unknown,Arunachal Pradesh,True,27.8372182,93.5436135,64.80999552177649,control (non-VVP),True,-0.24868730165025232,-0.22138021380711576,25,30,0.45560622739049306,0.31892380416724786,4,4
364,Kamrung,Kurung Kumey,Unknown,Arunachal Pradesh,True,27.8336301,93.5467063,65.30729308696289,control (non-VVP),True,-0.2434432740926163,-0.20951947441639326,25,30,0.4299721493487369,0.32987193789806024,4,4
365,Dilanggang,Kurung Kumey,Unknown,Arunachal Pradesh,True,27.7796166,93.41419,65.38837481129138,control (non-VVP),True,-0.23499422365492736,-0.22747569036581775,25,30,0.3588020209855786,0.38637794234084866,4,4
366,Lower Happa,Kurung Kumey,Unknown,Arunachal Pradesh,True,27.825885,93.5332832,65.39224214605467,control (non-VVP),True,-0.26917282957203015,-0.24273618798491892,25,30,0.44775498306539796,0.34843681009275684,4,4
367,Paching,Kurung Kumey,Unknown,Arunachal Pradesh,True,27.8225097,93.5290614,65.51800095183597,control (non-VVP),True,-0.27706374659624394,-0.2373044530298067,25,30,0.42862652809453194,0.4327802498980976,4,4
368,Longlefoth,Kurung Kumey,Unknown,Arunachal Pradesh,True,27.776484,93.4150439,65.74452729572074,control (non-VVP),True,-0.23242808340115698,-0.2347051565452704,25,30,0.38247780576265605,0.39028856025948777,4,4
369,Lumte,Kurung Kumey,Unknown,Arunachal Pradesh,True,27.7863252,93.446526,65.74813459784494,control (non-VVP),True,-0.23836734491034847,-0.22729870368202737,25,30,0.4210613686087969,0.42139358758120926,4,4
370,Rangdo,Kurung Kumey,Unknown,Arunachal Pradesh,True,27.7820948,93.4575729,66.57919253927102,control (non-VVP),True,-0.2284609287243461,-0.21718504983897033,25,30,0.3800499993231561,0.4849805487857925,4,4
371,Rayer Sollung,Kurung Kumey,Unknown,Arunachal Pradesh,True,27.7426766,93.3108399,66.98295878047651,control (non-VVP),True,-0.2774746059717644,-0.2768502205931287,49,61,0.3470044558523493,0.3756291751142068,4,4
372,Gangnee,Kurung Kumey,Unknown,Arunachal Pradesh,True,27.7541489,93.3737844,67.00109804923758,control (non-VVP),True,-0.22763322576344566,-0.2669962929571849,25,30,0.37465201895725486,0.36449888013386245,4,4
373,Dolo,Kurung Kumey,Unknown,Arunachal Pradesh,True,27.7568896,93.4009912,67.41071862560815,control (non-VVP),True,-0.2769296603824856,-0.2801362928275026,25,30,0.4679744705045131,0.6457852250529447,4,4
374,Hiya,Kurung Kumey,Unknown,Arunachal Pradesh,True,27.7752174,93.4614457,67.4283307908398,control (non-VVP),True,-0.24213068409157057,-0.2385685663648756,25,30,0.36661092423675057,0.5832497259579109,4,4
375,Pinchi Sollung,Kurung Kumey,Unknown,Arunachal Pradesh,True,27.7385004,93.3140943,67.50228529054776,control (non-VVP),True,-0.26700567788821744,-0.2846867306932939,49,61,0.3678314558575663,0.4254831470465392,4,4
376,Raluguha,Kurung Kumey,Unknown,Arunachal Pradesh,True,27.7354085,93.2990876,67.53347139988598,control (non-VVP),True,-0.2784790365517746,-0.27129167975695867,49,61,0.33020044318949987,0.319100774542526,4,4
377,Guha,Kurung Kumey,Unknown,Arunachal Pradesh,True,27.7590364,93.4164824,67.62875159555058,control (non-VVP),True,-0.2686411723511233,-0.2619164004681351,25,30,0.4018103392158653,0.4215211320307947,4,4
378,Diba Koyar,Kurung Kumey,Unknown,Arunachal Pradesh,True,27.7381059,93.3187116,67.63877302643341,control (non-VVP),True,-0.26752141703551957,-0.28291798234903354,49,61,0.3820571749066023,0.4364938394170705,4,4
379,Sulo,Kurung Kumey,Unknown,Arunachal Pradesh,True,27.7369819,93.3154143,67.69388921371875,control (non-VVP),True,-0.26042222575647317,-0.28188672687564725,49,61,0.38208800063138587,0.4319983200575205,4,4
380,Delung,Kurung Kumey,Unknown,Arunachal Pradesh,True,27.7778716,93.4788091,67.80729335239351,control (non-VVP),True,-0.2694652180275394,-0.22395795562109738,25,30,0.33551694467916326,0.39892655462868465,4,4
381,Nyapin,Kurung Kumey,Unknown,Arunachal Pradesh,True,27.7515445,93.3946648,67.80823653295108,control (non-VVP),True,-0.22185982273465646,-0.19599039767685972,25,30,0.610675680073532,0.8674605997564556,4,4
382,Sona,Kurung Kumey,Unknown,Arunachal Pradesh,True,27.810017,93.5520226,67.8322265029122,control (non-VVP),True,-0.22858858371412583,-0.22718781448050943,25,30,0.44941964066986523,0.7139369546701865,4,4
383,Tumrung,Kurung Kumey,Unknown,Arunachal Pradesh,True,27.8072923,93.5473433,67.86695827647416,control (non-VVP),True,-0.2606369735625452,-0.2486463530871415,25,30,0.445943394723399,0.8955438586239279,4,4
384,Takyo,Kurung Kumey,Unknown,Arunachal Pradesh,True,27.7755045,93.474237,67.87400271627023,control (non-VVP),True,-0.2756510241910403,-0.23314958390777227,25,30,0.31649720703756345,0.4107150842357615,4,4
385,Kaberiang,Kurung Kumey,Unknown,Arunachal Pradesh,True,27.7579212,93.4227791,67.93657565114344,control (non-VVP),True,-0.2298355585072048,-0.22313789193359648,25,30,0.3595038859912931,0.38497782655539375,4,4
386,Sango,Kurung Kumey,Unknown,Arunachal Pradesh,True,27.7353472,93.3216355,67.99462871072794,control (non-VVP),True,-0.26799666401247313,-0.2928448831189785,49,61,0.40522321599668687,0.43943080775040605,4,4
387,Pitak,Kurung Kumey,Unknown,Arunachal Pradesh,True,27.7803185,93.4909939,68.03914430272035,control (non-VVP),True,-0.2457800702493447,-0.21910389494236268,25,30,0.2939861045281092,0.44280001014471054,4,4
388,Kampu,Kurung Kumey,Unknown,Arunachal Pradesh,True,27.7422153,93.363991,68.06100190171477,control (non-VVP),True,-0.26137485738062827,-0.26007589854447927,27,33,0.32695675801543594,0.3577355934748893,4,4
389,Lower Guha,Kurung Kumey,Unknown,Arunachal Pradesh,True,27.7568463,93.4246871,68.10831490512865,control (non-VVP),True,-0.22479252990007553,-0.21792121802812497,25,30,0.3462111161152522,0.384461106856664,4,4
390,Gida Lower,Kurung Kumey,Unknown,Arunachal Pradesh,True,27.812502,93.5626447,68.12205948065873,control (non-VVP),True,-0.24267331280551702,-0.2598755864122668,25,30,0.4264003298927787,0.5515812998160488,4,4
391,Yorung,Kurung Kumey,Unknown,Arunachal Pradesh,True,27.7375945,93.3427203,68.12211382853434,control (non-VVP),True,-0.2734478746282891,-0.271685773734603,49,59,0.3071902939949983,0.4069140655587295,4,4
392,Yuba,Kurung Kumey,Unknown,Arunachal Pradesh,True,27.7589677,93.4327095,68.13685629560878,control (non-VVP),True,-0.24324946916321805,-0.23240694053633595,25,30,0.3650916620095572,0.39827499137984385,4,4
393,Lower Lorio,Kurung Kumey,Unknown,Arunachal Pradesh,True,27.7523573,93.4107096,68.16634041229064,control (non-VVP),True,-0.22940948995920202,-0.20855156769707509,25,30,0.4814472171001964,0.7770916732814577,4,4
394,Kish,Kurung Kumey,Unknown,Arunachal Pradesh,True,27.7567747,93.4282494,68.22629173018069,control (non-VVP),True,-0.22225824626818697,-0.21817707528266406,25,30,0.35449722078111445,0.39166110330157816,4,4
395,Sikey,Kurung Kumey,Unknown,Arunachal Pradesh,True,27.7436405,93.3784517,68.24267311258743,control (non-VVP),True,-0.21321973036220893,-0.22101464534460047,25,30,0.3225282478467219,0.4402259923307236,4,4
396,Takapop,Kurung Kumey,Unknown,Arunachal Pradesh,True,27.7756383,93.4844687,68.25483530538766,control (non-VVP),True,-0.2376308986624235,-0.20338869220745476,25,30,0.2747065425928236,0.4577539475386621,4,4
397,Bik,Kurung Kumey,Unknown,Arunachal Pradesh,True,27.7507883,93.4085147,68.26997555031484,control (non-VVP),True,-0.21882245643329487,-0.20186659539947394,25,30,0.48246934279018694,0.8743980081716642,4,4
398,Kampong,Kurung Kumey,Unknown,Arunachal Pradesh,True,27.7748258,93.4827864,68.27181680211848,control (non-VVP),True,-0.24436451324591463,-0.2026283714302438,25,30,0.2653944403926532,0.44906110939052374,4,4
399,Naiayahutung,Kurung Kumey,Unknown,Arunachal Pradesh,True,27.7764281,93.4870179,68.27488938090762,control (non-VVP),True,-0.2356044404078541,-0.21113335466697838,25,30,0.2981499984198146,0.4663805539740456,4,4
400,Chebang,Kurung Kumey,Unknown,Arunachal Pradesh,True,27.7364834,93.3455625,68.29776819030579,control (non-VVP),True,-0.24651800376643038,-0.24209403099843527,49,54,0.3095261990990793,0.4027675594906079,4,4
401,Pagba,Kurung Kumey,Unknown,Arunachal Pradesh,True,27.7763826,93.4887431,68.34786080412654,control (non-VVP),True,-0.2416388324422636,-0.21333774949662831,25,30,0.30939866399977406,0.4674276164950665,4,4
402,Ralung,Kurung Kumey,Unknown,Arunachal Pradesh,True,27.7371862,93.353664,68.38401997207357,control (non-VVP),True,-0.2514143827792162,-0.2562600867595767,42,45,0.35726362970700126,0.36566740970590356,4,4
403,买翁里,Lower Dibang,Unknown,Arunachal Pradesh,True,28.2822374,96.0953096,25.407835270210374,control (non-VVP),True,-0.21606544779668638,-0.2505474968804896,48,57,0.39237527863149363,0.2961723942251797,4,4
404,Runli,Lower Dibang,Unknown,Arunachal Pradesh,True,28.2991992,96.0743049,26.056838914762896,control (non-VVP),True,-0.2666477694285986,-0.25525413582225115,48,57,0.37558904827564166,0.26290652564669076,4,4
405,阿蒙岗,Lower Dibang,Unknown,Arunachal Pradesh,True,28.2700017,96.0942481,26.3303897145259,control (non-VVP),True,-0.2374838343164525,-0.2544918755181496,48,57,0.35906629769841614,0.29091437244942175,4,4
406,西登,Upper Siang,Unknown,Arunachal Pradesh,True,29.1329116,94.9651923,2.505001083633425,control (non-VVP),True,-0.28154291212631805,-0.2846978225595328,25,31,0.3794950661949741,0.2952222812973969,4,4
407,Norbuling,Upper Siang,Unknown,Arunachal Pradesh,True,29.1263536,94.9733788,3.1696388194268548,control (non-VVP),True,-0.3010283678858714,-0.2940970604676212,25,31,0.4695971313428141,0.2363189839106259,4,4
408,Tuting Panikheti,Upper Siang,Unknown,Arunachal Pradesh,True,28.973338,94.8719848,20.82893586119011,control (non-VVP),True,-0.31722637071167986,-0.26679902536192013,25,31,0.3382312334399613,0.28539458943518586,4,4
409,Payendum,Upper Siang,Unknown,Arunachal Pradesh,True,28.926458,95.0315768,21.777163753897447,control (non-VVP),True,-0.2683598585160899,-0.26584796654675014,26,31,0.3187417162964676,0.2602097183531746,4,4
410,Nyereng,Upper Siang,Unknown,Arunachal Pradesh,True,28.9574,94.9011,22.37714039025296,control (non-VVP),True,-0.3128855810685752,-0.299829968689007,26,31,0.37704822345081296,0.22583980460190725,4,4
411,Nyokong,Upper Siang,Unknown,Arunachal Pradesh,True,28.919363,95.0271109,22.65893213504973,control (non-VVP),True,-0.3037633219870585,-0.29032781544776115,26,31,0.25342500183317396,0.2198888925380177,4,4
412,Ninging,Upper Siang,Unknown,Arunachal Pradesh,True,28.953851,94.8333181,23.61479779607889,control (non-VVP),True,-0.28343439637542783,-0.22960399162790443,26,31,0.34720603840036707,0.25576922611875846,4,4
413,Devkota,Upper Siang,Unknown,Arunachal Pradesh,True,28.8829865,95.0820892,24.04487877231385,control (non-VVP),True,-0.2866581582269368,-0.2732663260512945,104,123,0.17236203479089218,0.23007450960000878,4,4
414,Yortung,Upper Siang,Unknown,Arunachal Pradesh,True,28.8942055,95.0642733,24.25512447047973,control (non-VVP),True,-0.28639813862647945,-0.2903893940365328,104,123,0.20839580954304074,0.244796028407958,4,4
415,Silipu,Upper Siang,Unknown,Arunachal Pradesh,True,28.8527517,95.1306768,24.67380216696391,control (non-VVP),True,-0.30676384129809725,-0.3324903389028293,104,123,0.3080494441501387,0.18858791522599833,4,4
416,Simuge,Upper Siang,Unknown,Arunachal Pradesh,True,28.8399841,95.1568258,25.20475166338972,control (non-VVP),True,-0.3060308213825492,-0.297882754479193,52,62,0.27560088160019597,0.25409867014025384,4,4
417,Singa Old,Upper Siang,Unknown,Arunachal Pradesh,True,28.8313255,95.1691884,25.85196385039524,control (non-VVP),True,-0.31512686599792217,-0.3059255724755873,52,62,0.2924697130984147,0.18287444922104806,4,4
418,Silage,Upper Siang,Unknown,Arunachal Pradesh,True,28.8331926,95.1580815,25.900649272498462,control (non-VVP),True,-0.3104931524360347,-0.3061143627353611,52,62,0.30481593752955344,0.1722637380708705,4,4
419,Tamid Arung,Upper Siang,Unknown,Arunachal Pradesh,True,28.8998406,94.5747584,26.11436496765807,control (non-VVP),True,-0.2777207629345941,-0.24248774750236604,52,61,0.41274203004354426,0.21197469560357732,4,4
420,Angachi,Upper Siang,Unknown,Arunachal Pradesh,True,28.8255056,95.1704914,26.4572050125452,control (non-VVP),True,-0.3124602211340664,-0.3027521801215536,52,62,0.34348433906466636,0.20925056079290058,4,4
421,Simuling,Upper Siang,Unknown,Arunachal Pradesh,True,28.8155203,95.2010538,27.10770570136025,control (non-VVP),True,-0.3214573891842918,-0.33429648728627454,26,31,0.3491121009571041,0.262796893947397,4,4
422,Singing,Upper Siang,Unknown,Arunachal Pradesh,True,28.8977681,94.7841203,29.794800301747745,control (non-VVP),True,-0.2914348255188534,-0.2540319020558523,52,61,0.2896117866367496,0.18366189232087873,4,4
423,Migging,Upper Siang,Unknown,Arunachal Pradesh,True,28.8529247,94.7729372,34.7789608532419,control (non-VVP),True,-0.2747330365815639,-0.24078804905930362,52,61,0.19216537744268378,0.3219579608566992,4,4
424,Palling,Upper Siang,Unknown,Arunachal Pradesh,True,28.836535,94.8097586,36.58065758723632,control (non-VVP),True,-0.2892704831835645,-0.27830914135249113,52,61,0.30297527485168896,0.20023901094119625,4,4
425,Likor,Upper Siang,Unknown,Arunachal Pradesh,True,28.8267883,94.8955464,36.85504783931048,control (non-VVP),True,-0.2770351100980837,-0.2418420874640275,52,61,0.31628176318018475,0.18380938592207366,4,4
426,Mosing,Upper Siang,Unknown,Arunachal Pradesh,True,28.8091508,94.7915356,39.60618311251698,control (non-VVP),True,-0.2903172341443072,-0.2764912231099189,26,30,0.33904761267394856,0.16190475807963547,4,4
427,Pugging,Upper Siang,Unknown,Arunachal Pradesh,True,28.7438597,94.9345829,44.02389953987662,control (non-VVP),True,-0.25377340252163993,-0.21430625721727445,25,30,0.2677147623463349,0.2653083671130535,4,4
428,Gujinboluo,Upper Siang,Unknown,Arunachal Pradesh,True,28.7553138,94.9111952,44.64011679191498,control (non-VVP),True,-0.29968303540725666,-0.24915310408739302,25,30,0.3734955217947629,0.2863590604140188,4,4
429,Gette,Upper Siang,Unknown,Arunachal Pradesh,True,28.6863056,95.0089723,46.40504836633465,control (non-VVP),True,-0.28786925591285567,-0.2434906394838499,25,30,0.23760930667610444,0.2828615573255738,4,4
430,Dojubing,Upper Subansiri,Unknown,Arunachal Pradesh,True,28.4315441,93.1898276,0.249045833450518,control (non-VVP),True,-0.2882392225572746,-0.2773427151427115,49,60,0.41793237928871046,0.22705376694214321,4,4
431,Ishneya,Upper Subansiri,Unknown,Arunachal Pradesh,True,28.4397601,93.1851781,0.7217224156134714,control (non-VVP),True,-0.2754860108716967,-0.2874265241788764,49,60,0.3176147823304371,0.2453051440059004,4,4
432,Juga,Upper Subansiri,Unknown,Arunachal Pradesh,True,28.4467134,93.1498404,3.925174649555216,control (non-VVP),True,-0.27018812928389296,-0.29566336005832883,49,60,0.3484772947407508,0.2206921377451317,4,4
433,Yorlung,Upper Subansiri,Unknown,Arunachal Pradesh,True,28.6720499,93.9704579,4.196776668375604,control (non-VVP),True,-0.24074329468828,-0.2738641039856922,27,30,0.4009746628185726,0.24264316774478048,4,4
434,Gelemo,Upper Subansiri,Unknown,Arunachal Pradesh,True,28.472442,93.4628099,18.05313388179516,control (non-VVP),True,-0.2757425255244308,-0.3018818116329364,49,61,0.3592243347583073,0.2684932972770185,4,4
435,Gelemo Camp,Upper Subansiri,Unknown,Arunachal Pradesh,True,28.4568913,93.4620422,18.606676953286467,control (non-VVP),True,-0.2664010011875567,-0.2655630990985244,49,61,0.4095920615448577,0.3451516061791248,4,4
436,Dojbung,Upper Subansiri,Unknown,Arunachal Pradesh,True,28.3729191,93.4561501,23.285044542759053,control (non-VVP),True,-0.3169369971440583,-0.28799498407381136,49,60,0.3802625725056206,0.26746926442537894,4,4
437,Gelinceniak,Upper Subansiri,Unknown,Arunachal Pradesh,True,28.3631529,93.4766991,25.48664596200368,control (non-VVP),True,-0.2625161267861808,-0.26510898767706126,49,60,0.38673840887499167,0.190551875064573,4,4
438,Chingring,Upper Subansiri,Unknown,Arunachal Pradesh,True,28.4192393,93.8246305,29.258085111764327,control (non-VVP),True,-0.29026801142822295,-0.2562725954412743,25,30,0.4058444027356795,0.17005813884180646,4,4
439,Poba,Upper Subansiri,Unknown,Arunachal Pradesh,True,28.414467,93.8159723,29.67407778677813,control (non-VVP),True,-0.306943420996701,-0.27511870815550127,25,30,0.4165502854232681,0.21139106509072816,4,4
440,贾德普,Upper Subansiri,Unknown,Arunachal Pradesh,True,28.4082012,93.7972842,30.217130636717734,control (non-VVP),True,-0.3100784894406055,-0.26919897637877815,25,30,0.36617809029675163,0.22132465882902652,4,4
441,嘎如,Upper Subansiri,Unknown,Arunachal Pradesh,True,28.4068583,93.7942953,30.352527848657463,control (non-VVP),True,-0.301496017137999,-0.26527015815363353,25,30,0.3589756321801432,0.2148089606731569,4,4
442,阿赖根布,Upper Subansiri,Unknown,Arunachal Pradesh,True,28.4059921,93.808704,30.537852652997465,control (non-VVP),True,-0.30432599379854564,-0.2615537802839498,25,30,0.4022366991658961,0.20029656192547993,4,4
443,Orak Camp,Upper Subansiri,Unknown,Arunachal Pradesh,True,28.3665963,93.5461814,30.58926154225035,control (non-VVP),True,-0.2673235642567552,-0.23893670488688304,25,30,0.393263508262813,0.14839580909748454,4,4
444,Ketha,Upper Subansiri,Unknown,Arunachal Pradesh,True,28.4307648,94.061466,30.83898483127514,control (non-VVP),True,-0.2788202621238619,-0.25149025717554524,50,60,0.32564245788744706,0.2142234618770343,4,4
445,Raba,Upper Subansiri,Unknown,Arunachal Pradesh,True,28.4054645,93.8353976,30.93107120811105,control (non-VVP),True,-0.28491877917294883,-0.2465851941696409,25,30,0.3830178142390431,0.19412583447909834,4,4
446,AkI,Upper Subansiri,Unknown,Arunachal Pradesh,True,28.4045203,93.7242887,31.0993071581252,control (non-VVP),True,-0.2796102283661452,-0.22912268410304165,25,30,0.37296874947579844,0.16512834827881304,4,4
447,Mojang,Upper Subansiri,Unknown,Arunachal Pradesh,True,28.4013177,93.8229042,31.20281418527646,control (non-VVP),True,-0.30595799386200323,-0.2607384835671818,25,30,0.3891804628485349,0.18302703839593112,4,4
448,Ngoju,Upper Subansiri,Unknown,Arunachal Pradesh,True,28.399193,93.7068591,31.30343407328185,control (non-VVP),True,-0.2884055758341757,-0.2573536637954572,25,30,0.3887320442423636,0.18832596851646566,4,4
449,Keojariang,Upper Subansiri,Unknown,Arunachal Pradesh,True,28.4009028,93.8320953,31.37704816497124,control (non-VVP),True,-0.2624841208741436,-0.19725331618337058,25,30,0.3549861663342577,0.20804203834087975,4,4
450,Bogun,Upper Subansiri,Unknown,Arunachal Pradesh,True,28.3958767,93.6960267,31.409263037611804,control (non-VVP),True,-0.29452561185731047,-0.27539061060826564,25,30,0.33508029134566597,0.22947120278710673,4,4
451,Nava,Upper Subansiri,Unknown,Arunachal Pradesh,True,28.3909608,93.6799521,31.63847804253896,control (non-VVP),True,-0.30148736126466286,-0.2661999092610265,25,30,0.3788314602348242,0.20417415367418462,4,4
452,Nilo,Upper Subansiri,Unknown,Arunachal Pradesh,True,28.3872503,93.6546784,31.726628462853856,control (non-VVP),True,-0.29257505320337995,-0.2528187384485626,25,30,0.307107731452963,0.17711601794095333,4,4
453,Myabe,Upper Subansiri,Unknown,Arunachal Pradesh,True,28.3992853,93.8502203,31.879304201323723,control (non-VVP),True,-0.24775600669045322,-0.2555437670143381,25,30,0.3258648478945052,0.1545216938246609,4,4
454,贡岗,West Kameng,Unknown,Arunachal Pradesh,True,26.8952222,92.1170503,4.154187721357816,control (non-VVP),True,-0.1563784489032473,-0.18434879136241344,27,30,0.7268558419927972,1.7644778560428427,4,4
455,Balem,West Kameng,Unknown,Arunachal Pradesh,True,26.9649897,92.1516917,7.302075731076228,control (non-VVP),True,-0.2810669888759597,-0.21363131779607392,24,30,0.21549773989961696,0.40166006523829245,4,4
456,Rongthangjurpam,West Kameng,Unknown,Arunachal Pradesh,True,27.0382758,92.1315055,7.891072038314255,control (non-VVP),True,-0.24346437567424417,-0.1773214969688646,48,59,0.4183062743166126,0.4394904795245655,4,4
457,若波朗钦,West Kameng,Unknown,Arunachal Pradesh,True,27.0752385,92.1082163,7.903609763820291,control (non-VVP),True,-0.22148573399247304,-0.21448992387245597,48,59,0.44843192358634304,0.4621512223301189,4,4
458,Yukmadung,West Kameng,Unknown,Arunachal Pradesh,True,27.4213253,92.1244746,8.333393795069465,control (non-VVP),True,-0.2445426621300711,-0.20724199640126492,24,29,0.45854071962617643,0.6872002307780727,4,4
459,Warrangpam,West Kameng,Unknown,Arunachal Pradesh,True,27.1186044,92.0745879,8.98308426545462,control (non-VVP),True,-0.25901515590734925,-0.19723824812852697,96,119,0.3643013393102939,0.3220538708698067,4,4
460,Ghāstoli,Chamoli,Unknown,Uttarakhand,True,30.8592089,79.4699913,11.914449524802585,control (non-VVP),True,0.10561063586182047,0.09525012142493612,24,30,0.4045575440706571,0.4989332114381717,4,4
461,Niti,Chamoli,Unknown,Uttarakhand,True,30.7776642,79.8411215,13.810147936633122,control (non-VVP),True,-0.022575950961264576,-0.02098252724452219,24,30,0.42609340646764726,0.6212609907427986,4,4
462,MAHAR GAON,Chamoli,Unknown,Uttarakhand,True,30.7109424,79.8743727,18.82830218116584,control (non-VVP),True,-0.012370333429906594,0.020865563005676546,48,60,0.3728196751550247,0.632707657123524,4,4
463,Pharkia,Chamoli,Unknown,Uttarakhand,True,30.7318289,79.8262831,18.89002530397776,control (non-VVP),True,-0.025766666864298023,-0.008904203242720966,48,60,0.42838918093088507,0.30812702233726913,4,4
464,Kurkuti,Chamoli,Unknown,Uttarakhand,True,30.7065954,79.8754333,19.257221680206065,control (non-VVP),True,-0.03386429200790728,-0.016377362609122547,48,60,0.43839362080231076,0.6327483701010759,4,4
465,Ryal Bagar,Chamoli,Unknown,Uttarakhand,True,30.7110763,79.8435457,19.93625372763593,control (non-VVP),True,-0.10294469016392796,-0.09370214760703313,48,60,0.35751081254031203,0.26204594465526376,4,4
466,Kosa,Chamoli,Unknown,Uttarakhand,True,30.67793,79.8609495,22.70652399985677,control (non-VVP),True,-0.04142470181189575,-0.02864119827440677,48,60,0.3789339873504329,0.4465476091289934,4,4
467,Ghangaria,Chamoli,Unknown,Uttarakhand,True,30.7014544,79.5938002,26.31062216633642,control (non-VVP),True,-0.23648568605555953,-0.2155435293918436,48,60,0.4132961977111256,0.5700326023542365,4,4
468,Kajila,Chamoli,Unknown,Uttarakhand,True,30.6972318,79.5898879,26.75920046410928,control (non-VVP),True,-0.22018362209142084,-0.2046869305555952,48,60,0.39827838378983577,0.5637594636710914,4,4
469,SINGLA,Chamoli,Unknown,Uttarakhand,True,30.6462444,79.8258027,27.175157144580066,control (non-VVP),True,-0.02342304019677204,0.015507384948127994,48,60,0.40333332031802405,0.4973415278020452,4,4
470,Jelam,Chamoli,Unknown,Uttarakhand,True,30.6441526,79.8259171,27.38526145533936,control (non-VVP),True,-0.027792791270159403,-0.0016959655605514714,48,60,0.4164410387389524,0.5205349371032423,4,4
471,Hanumanchatti,Chamoli,Unknown,Uttarakhand,True,30.6955217,79.5141532,27.604198128101256,control (non-VVP),True,-0.17362126093140015,-0.16225477856815837,48,60,0.4751537207196574,0.5546817772146697,4,4
472,DRONAGIRI,Chamoli,Unknown,Uttarakhand,True,30.5991704,79.8680413,27.76162744355928,control (non-VVP),True,-0.12988587559077086,-0.14072740794330535,24,30,0.40221460495638933,0.46343304126898627,4,4
473,Lambagad,Chamoli,Unknown,Uttarakhand,True,30.692639,79.5132394,27.935227028140023,control (non-VVP),True,-0.1882194312229535,-0.1704374387990372,48,60,0.4866747578049427,0.5640426153375364,4,4
474,GARPAK,Chamoli,Unknown,Uttarakhand,True,30.6269079,79.854244,28.23676669151424,control (non-VVP),True,-0.08648388311612265,-0.09245038998590388,24,30,0.37102703081594934,0.46768107787982843,4,4
475,Bhyudar,Chamoli,Unknown,Uttarakhand,True,30.674709,79.5913479,29.259897647969115,control (non-VVP),True,-0.20625277754986324,-0.2037976669150491,48,60,0.4045635800615979,0.5620474183996175,4,4
476,Khirao,Chamoli,Unknown,Uttarakhand,True,30.6849562,79.4763374,29.81393619398809,control (non-VVP),True,-0.1325644986260239,-0.10992032587081013,48,60,0.40718410188466114,0.46611927917190626,4,4
477,KAGA,Chamoli,Unknown,Uttarakhand,True,30.6124584,79.8238599,30.73137382810968,control (non-VVP),True,-0.2044176754095006,-0.13035081808622145,24,30,0.39136486546413324,0.3932189082454991,4,4
478,Jumma,Chamoli,Unknown,Uttarakhand,True,30.60791,79.80606,31.82623184079268,control (non-VVP),True,-0.02971396394625996,-0.012440962534701738,24,30,0.38956263374947575,0.45744059687041827,4,4
479,Sal,Chamoli,Unknown,Uttarakhand,True,30.6497801,79.5825101,31.99807128252253,control (non-VVP),True,-0.1659972943405056,-0.19166254443031208,48,60,0.45422384899296264,0.32131808762456854,4,4
480,Lambagarh,Chamoli,Unknown,Uttarakhand,True,30.6541078,79.5165784,32.0553341957228,control (non-VVP),True,-0.15643099123498438,-0.15571332250402822,48,59,1.302261764352972,1.4434419669953522,4,4
481,Nayachutti,Chamoli,Unknown,Uttarakhand,True,30.6485378,79.5332429,32.41449625832039,control (non-VVP),True,-0.18542275042641207,-0.18931611770241172,48,59,0.5696365684927297,0.7144465760906363,4,4
482,Pulna,Chamoli,Unknown,Uttarakhand,True,30.6357595,79.5716275,33.554494849387154,control (non-VVP),True,-0.10934277331283322,-0.12498714186779593,48,58,0.4417037935684556,0.2597826071407484,4,4
483,Will Pulna,Chamoli,Unknown,Uttarakhand,True,30.635211,79.5724562,33.61399138587271,control (non-VVP),True,-0.13042997683867222,-0.14128399537913194,48,58,0.4400760763689228,0.2613804323517758,4,4
484,Sumla,Uttarkashi,Unknown,Uttarakhand,True,31.3643581,79.1315444,5.627779859426751,control (non-VVP),True,0.08247893372603694,0.06803390381710313,48,60,0.3927260261994821,0.4567047899065454,4,4
485,波林三多,Uttarkashi,Unknown,Uttarakhand,True,31.3063902,79.1304897,8.97346728316324,control (non-VVP),True,0.03483825629150141,0.034029746765507324,48,60,0.3927411486864856,0.47363076243242136,4,4
486,Tirpani,Uttarkashi,Unknown,Uttarakhand,True,31.2764904,79.1066801,12.781892511914991,control (non-VVP),True,0.015498299295216232,0.01824060511571515,48,60,0.39743300508967294,0.37482314877060324,4,4
487,Nilapani,Uttarkashi,Unknown,Uttarakhand,True,31.1133518,79.1553581,15.061773828748594,control (non-VVP),True,0.10216618584587786,0.09427315951244275,48,60,0.39290987959902135,0.4242399488287562,4,4
488,桑村,Uttarkashi,Unknown,Uttarakhand,True,31.1815194,79.044165,15.272434644969527,control (non-VVP),True,-0.03526233701325637,-0.030200554379050223,48,60,0.3859627875373845,0.4514617032603539,4,4
489,葱莎,Uttarkashi,Unknown,Uttarakhand,True,31.1126554,79.0053748,19.17764189917796,control (non-VVP),True,0.08969698174165347,0.11419865854445792,96,120,0.435013438777257,0.5004247360011583,4,4
490,Hindoligad,Uttarkashi,Unknown,Uttarakhand,True,31.0767806,78.9614641,21.732777927080967,control (non-VVP),True,0.00034191221731573755,0.029606924847176395,96,120,0.4210317895009087,0.42904904057625043,4,4
491,Karchha,Uttarkashi,Unknown,Uttarakhand,True,31.04462,78.92578,24.95764711311822,control (non-VVP),True,-0.037616684403956976,-0.007720918568633888,96,120,0.35817080370054155,0.44089978467673074,4,4
492,Mukhba,Uttarkashi,Unknown,Uttarakhand,True,31.0449555,78.7799246,26.980573712116133,control (non-VVP),True,-0.17954092294300553,-0.12705870527427074,48,60,0.4995082084598438,1.5207595896851172,4,4
493,Lanka,Uttarkashi,Unknown,Uttarakhand,True,31.0302365,78.8679805,27.02544209422259,control (non-VVP),True,-0.20882333875239267,-0.16633469602177062,48,60,0.37100815322736036,0.574236398546592,4,4
494,Bhaironghati,Uttarkashi,Unknown,Uttarakhand,True,31.0267173,78.8678798,27.410613091794325,control (non-VVP),True,-0.23167795004209404,-0.19575479125863016,48,60,0.37601453216648206,0.5865957863685004,4,4
495,Harsil,Uttarkashi,Unknown,Uttarakhand,True,31.0369099,78.7506484,28.055064151573287,control (non-VVP),True,-0.1774947320020692,-0.1621363613712429,48,60,0.659687156108848,1.2541693647702534,4,4
496,Halunga,Uttarkashi,Unknown,Uttarakhand,True,31.0334361,78.7436711,28.520791760275166,control (non-VVP),True,-0.2645645543675591,-0.24462908802792227,48,60,0.49832526108910963,0.8290483854470715,4,4
497,Dhakroliya,Uttarkashi,Unknown,Uttarakhand,True,31.0349208,78.7312391,28.54448149749177,control (non-VVP),True,-0.21905437569561104,-0.2142586460561141,48,60,0.39726951401559496,0.42911604179348195,4,4
498,Sunagar,Uttarkashi,Unknown,Uttarakhand,True,31.01578,78.71155,31.0016111786727,control (non-VVP),True,-0.17265774720012456,-0.1575882417199556,48,60,0.4204607433360171,0.7487704381427951,4,4
499,Suki,Uttarkashi,Unknown,Uttarakhand,True,31.0029571,78.7013016,32.61251940187505,control (non-VVP),True,-0.24236185157833998,-0.20395326898406124,48,60,0.41252432571875075,0.6238216219721613,4,4
500,Bhojwasa,Uttarkashi,Unknown,Uttarakhand,True,30.9504464,79.051513,33.50614382681282,control (non-VVP),True,-0.025362154002613227,-0.0005538240374488109,48,60,0.39635652666981813,0.4435490814741891,4,4
501,Cherbasa,Uttarkashi,Unknown,Uttarakhand,True,30.9798732,79.0239489,33.59856849202152,control (non-VVP),True,-0.03958159732968551,-0.02370745115653529,48,60,0.37222767126196615,0.4679738598062063,4,4
502,Bhangeli,Uttarkashi,Unknown,Uttarakhand,True,30.9173929,78.6694748,42.55822493242618,control (non-VVP),True,-0.2601964538967113,-0.20844063239914512,48,61,0.3709880683437621,0.4366965139533487,4,4
503,Gangnani (village),Uttarkashi,Unknown,Uttarakhand,True,30.9124564,78.67581,42.93741159736116,control (non-VVP),True,-0.2047147289719677,-0.187795721014104,48,61,0.3775109530539789,0.37243701917448807,4,4
504,Seema,Uttarkashi,Unknown,Uttarakhand,True,31.1170286,78.3499378,43.2062044546696,control (non-VVP),True,-0.2750079261154527,-0.23448630672029325,24,31,0.3826962387369525,0.4602553680699359,4,4
505,Yamunotri,Uttarkashi,Unknown,Uttarakhand,True,30.999214,78.4626951,43.56636837738584,control (non-VVP),True,-0.2795257224500312,-0.22859263818806172,24,31,0.36531250660532505,0.9272306258950768,4,4
506,Osla,Uttarkashi,Unknown,Uttarakhand,True,31.1188962,78.3427722,43.702470708703984,control (non-VVP),True,-0.20846600114366462,-0.18594703018478756,24,31,0.3905765009594374,0.4661422300248824,4,4
507,Hurri,Uttarkashi,Unknown,Uttarakhand,True,30.900444,78.694016,43.85649707889107,control (non-VVP),True,-0.28094510853659105,-0.2329781427099947,48,61,0.3936786899910547,0.33586382686257743,4,4
508,Gangnani,Uttarkashi,Unknown,Uttarakhand,True,30.9029774,78.6797824,43.870251674210536,control (non-VVP),True,-0.22407155138429546,-0.21985548094127486,48,61,0.40995923031283465,0.44318206307032837,4,4
509,Sungar,Uttarkashi,Unknown,Uttarakhand,True,30.8932364,78.6782549,44.95526774068584,control (non-VVP),True,-0.2436987057586282,-0.25219681215038636,48,61,0.36315689934063694,0.2871389816172348,4,4
510,Panwani,Uttarkashi,Unknown,Uttarakhand,True,31.1162624,78.3290382,44.99273687783485,control (non-VVP),True,-0.22420679224231171,-0.1710851599875,24,31,0.3756448078350942,0.3395874289867006,4,4
511,Gangwar,Uttarkashi,Unknown,Uttarakhand,True,31.1081301,78.3128214,46.782319991467176,control (non-VVP),True,-0.22599057136293854,-0.171878894653644,24,31,0.4088572986072225,0.42214860143579636,4,4
512,Janki Chatti,Uttarkashi,Unknown,Uttarakhand,True,30.9764513,78.4383369,46.98872281721196,control (non-VVP),True,-0.22782542011652532,-0.10274674532686519,24,31,0.674808540281634,4.650894482887026,4,4
513,Kharsālī,Uttarkashi,Unknown,Uttarakhand,True,30.9727889,78.4382202,47.31439009250329,control (non-VVP),True,-0.19418736923475483,-0.08017796083114533,24,31,0.6932588752812282,3.8406459170085876,4,4
514,Buri,Tawang,Unknown,Arunachal Pradesh,True,27.5138525,91.6470731,1.3784428309811594,control (non-VVP),True,-0.19160481197226464,-0.24669043947973804,24,30,0.4105301363659757,0.41159878125680344,4,4
515,Dudunghar,Tawang,Unknown,Arunachal Pradesh,True,27.5069344,91.6530079,1.5845961590826654,control (non-VVP),True,-0.1887316611234496,-0.2300525838498476,24,30,0.42276170361944715,0.5682043450778735,4,4
516,Blaiteng,Tawang,Unknown,Arunachal Pradesh,True,27.505442,91.6575862,1.9598216987706023,control (non-VVP),True,-0.18453639856972967,-0.2103808449433366,24,30,0.42055992026211575,1.2034462367300223,4,4
517,Dongmareng,Tawang,Unknown,Arunachal Pradesh,True,27.5064997,91.6610772,2.297958008278038,control (non-VVP),True,-0.19476784913470943,-0.21502839965994008,24,30,0.41518931827592953,1.3538446339440504,4,4
518,Kaben,Tawang,Unknown,Arunachal Pradesh,True,27.489457,91.7279816,3.0298278851124576,control (non-VVP),True,-0.2068267171196133,-0.19829791187176754,24,30,0.4060865927674917,0.5382234547724272,4,4
519,Marmey,Tawang,Unknown,Arunachal Pradesh,True,27.5382332,91.6496721,3.3525511690259813,control (non-VVP),True,-0.25675008303899244,-0.25108606549869533,24,30,0.3795421446307322,0.319348316413633,4,4
520,Hatung La,Tawang,Unknown,Arunachal Pradesh,True,27.7767145,91.7101807,3.605519688388505,control (non-VVP),True,-0.14578254445812783,-0.2201319365203532,24,30,0.3061920911242059,0.25715253427203766,4,4
521,Chelengdung,Tawang,Unknown,Arunachal Pradesh,True,27.5402668,91.6598059,4.1381078596207095,control (non-VVP),True,-0.24987869396477838,-0.22351883484353444,24,30,0.39917320464090383,0.3266788082940696,4,4
522,Dungjee,Tawang,Unknown,Arunachal Pradesh,True,27.4989655,92.0097869,4.297136495986306,control (non-VVP),True,-0.23129720801370554,-0.23787709079478675,48,59,0.39472003793396043,0.24496080376800203,4,4
523,Benig,Tawang,Unknown,Arunachal Pradesh,True,27.499111,91.7352285,4.302094159838689,control (non-VVP),True,-0.25215656436661626,-0.23766952872277236,24,30,0.43468541716679704,0.3851364105276117,4,4
524,User,Tawang,Unknown,Arunachal Pradesh,True,27.5441215,91.6573264,4.332662551885869,control (non-VVP),True,-0.24763804646373394,-0.23656167445013287,24,30,0.3805233876330815,0.31742483656231174,4,4
525,Phomang,Tawang,Unknown,Arunachal Pradesh,True,27.5125531,91.694958,4.594783190459134,control (non-VVP),True,-0.23579299248921726,-0.14440535356647932,24,30,0.48166201899205663,0.3878841889329371,4,4
526,Sanghar,Tawang,Unknown,Arunachal Pradesh,True,27.5320099,91.6739901,4.655048653488116,control (non-VVP),True,-0.22509231914772168,-0.1666444782636499,24,30,0.4812725626991779,0.40974886675047817,4,4
527,Tsechu,Tawang,Unknown,Arunachal Pradesh,True,27.7228408,92.0148221,4.839255499380271,control (non-VVP),True,-0.1876287329411058,-0.17527540418936066,48,59,0.3679024925510359,0.46140306589960234,4,4
528,Dormeleng,Tawang,Unknown,Arunachal Pradesh,True,27.536051,91.6739209,4.872489192383831,control (non-VVP),True,-0.23017877900262793,-0.1757935611139516,24,30,0.472851557490815,0.41268973099067807,4,4
529,Bagajang Gompa,Tawang,Unknown,Arunachal Pradesh,True,27.5002605,92.0203955,4.958258166043775,control (non-VVP),True,-0.03350415112053107,-0.041121484785798475,48,59,0.3719181562120505,0.26033128620455154,4,4
530,Hoongla,Tawang,Unknown,Arunachal Pradesh,True,27.5133024,91.7221181,5.219682444374062,control (non-VVP),True,-0.23418305559084723,-0.2065292180399126,24,30,0.4771784047952435,0.3345833281075928,4,4
531,Kharung,Tawang,Unknown,Arunachal Pradesh,True,27.5083212,91.7443344,5.472869874542752,control (non-VVP),True,-0.2645734991217317,-0.24173569513889434,24,30,0.44022290018422877,0.344562638559406,4,4
532,Sazo,Tawang,Unknown,Arunachal Pradesh,True,27.5211872,91.6919115,5.481263190914099,control (non-VVP),True,-0.21948741958085252,-0.16301697472535395,24,30,0.44896580803421043,0.3727914789198759,4,4
533,Bulaisen,Tawang,Unknown,Arunachal Pradesh,True,27.7447203,91.6940265,5.82737530462685,control (non-VVP),True,-0.21625999817709804,-0.2680620049302831,24,30,0.3728220283311639,0.2769463307439944,4,4
534,Zirkhim,Tawang,Unknown,Arunachal Pradesh,True,27.759106,91.6987037,5.859782408176547,control (non-VVP),True,-0.18568389040791622,-0.23687334096627555,24,30,0.3582166693276829,0.3394777774148517,4,4
535,Kharteng,Tawang,Unknown,Arunachal Pradesh,True,27.5322737,91.68881,5.999022821529483,control (non-VVP),True,-0.24573740803806554,-0.22620168264405324,24,30,0.44044444786177744,0.3487277776334021,4,4
536,Taktsang,Tawang,Unknown,Arunachal Pradesh,True,27.7202129,91.7987847,6.611126228743398,control (non-VVP),True,-0.17029579542311404,-0.2543784308894895,24,30,0.3532564015489265,0.3624054483563801,4,4
537,Baghar,Tawang,Unknown,Arunachal Pradesh,True,27.5386646,91.692876,6.666281448423297,control (non-VVP),True,-0.24504996612274152,-0.20019627865243833,24,30,0.4759965968969049,0.34575878372278795,4,4
538,Surbin,Tawang,Unknown,Arunachal Pradesh,True,27.6044729,91.6478797,6.702895702948471,control (non-VVP),True,-0.27679444891303,-0.28638551159772985,24,30,0.3634389006436673,0.27748598094879245,4,4
539,Yabab,Tawang,Unknown,Arunachal Pradesh,True,27.5495362,91.6993454,7.79234841016766,control (non-VVP),True,-0.22769792143006984,-0.19617472536524183,24,30,0.4326450918867652,0.3636969882063568,4,4
540,Gyandong,Tawang,Unknown,Arunachal Pradesh,True,27.5360362,91.8767708,7.960987720661884,control (non-VVP),True,-0.22072092630426093,-0.23226238011061046,24,30,0.38931768022527624,0.421820463416827,4,4
541,Socktsen,Tawang,Unknown,Arunachal Pradesh,True,27.7317783,91.7136439,8.176378417682914,control (non-VVP),True,-0.23065566728106052,-0.2516216088520471,24,30,0.4293637445179728,0.7129560735848574,4,4
542,乃林芒,Tawang,Unknown,Arunachal Pradesh,True,27.7304581,91.7122753,8.346887659670452,control (non-VVP),True,-0.2272446543099641,-0.24148146802561904,24,30,0.4423666679859162,0.7619694391886394,4,4
543,Khet,Tawang,Unknown,Arunachal Pradesh,True,27.5420105,91.8651408,8.438906817105366,control (non-VVP),True,-0.19387713031587955,-0.2355473428326429,24,30,0.43553551315858097,0.37308907112381773,4,4
544,Mangnam,Tawang,Unknown,Arunachal Pradesh,True,27.5434452,91.7277148,8.576480853707107,control (non-VVP),True,-0.21574855363781928,-0.25458102119599674,24,30,0.6839055455724399,0.9626111245817609,4,4
545,Duola,Tawang,Unknown,Arunachal Pradesh,True,27.6806026,91.7051828,8.700719158387184,control (non-VVP),True,-0.2358003060473853,-0.2377958762040599,24,30,0.4277376918584709,0.22976509738355141,4,4
546,Thiksi,Tawang,Unknown,Arunachal Pradesh,True,27.6742312,91.7039224,8.938675902140462,control (non-VVP),True,-0.22756171117995125,-0.26070485638633206,24,30,0.39510832813051006,0.2546194434497091,4,4
547,Mukto,Tawang,Unknown,Arunachal Pradesh,True,27.5459298,91.925351,9.033768782544565,control (non-VVP),True,-0.24089000247309753,-0.25855473121239225,24,30,0.4925056281326319,0.5043348478155447,4,4
548,朗楚,Tawang,Unknown,Arunachal Pradesh,True,27.6665478,92.018261,9.170429339437083,control (non-VVP),True,-0.2928642859686259,-0.3142529133836126,48,59,0.34277034111512017,0.3276672245002245,4,4
549,Gispu,Tawang,Unknown,Arunachal Pradesh,True,27.5798,91.68915,9.375706517611604,control (non-VVP),True,-0.24129646964029786,-0.24023104419536506,24,30,0.4485974229062925,0.3818868920957922,4,4
550,Buikung,Tawang,Unknown,Arunachal Pradesh,True,27.5418739,91.7759019,9.411678782317772,control (non-VVP),True,-0.2153193020071131,-0.22611297968798652,24,30,0.4241722454394784,0.2726867263067261,4,4
551,Momai,Tawang,Unknown,Arunachal Pradesh,True,27.5468143,91.9076102,9.41491744136239,control (non-VVP),True,-0.2473625003595779,-0.26653442939477356,24,30,0.5465361146794425,0.39044721795452964,4,4
552,Khangkar,Tawang,Unknown,Arunachal Pradesh,True,27.5483269,91.8982714,9.65310951987415,control (non-VVP),True,-0.246315132840123,-0.2646674883886461,24,30,0.504794697391437,0.43597019543395665,4,4
553,Thrillam,Tawang,Unknown,Arunachal Pradesh,True,27.5444139,91.7737903,9.676984165349417,control (non-VVP),True,-0.22589897695178057,-0.24914985798124892,24,30,0.45428531830754515,0.2966563851643571,4,4
554,Gomkelleng,Tawang,Unknown,Arunachal Pradesh,True,27.557721,91.9476161,9.843283809332174,control (non-VVP),True,-0.2413977910925987,-0.2753490933147413,24,30,0.4659938013164309,0.3850337753559018,4,4
555,Nuranang,Tawang,Unknown,Arunachal Pradesh,True,27.5495863,92.0246679,9.896721816486076,control (non-VVP),True,-0.2439179312521001,-0.26730128593917474,48,59,0.4424331078229008,0.3399581889411145,4,4
556,Khelengteng,Tawang,Unknown,Arunachal Pradesh,True,27.700347,91.7260819,9.96298258283976,control (non-VVP),True,-0.2529495858054377,-0.27370603257108117,24,30,0.45704288588958725,0.6935976432220123,4,4
557,Mirba,Tawang,Unknown,Arunachal Pradesh,True,27.5628166,91.9670658,10.046901244397526,control (non-VVP),True,-0.2573443670582621,-0.24008772576250484,24,30,0.4652097511386114,0.32523809522052466,4,4
558,Bomja,Tawang,Unknown,Arunachal Pradesh,True,27.5628997,91.9964314,10.2441602229928,control (non-VVP),True,-0.1624705784348324,-0.2033391490119833,48,59,0.39198703390232204,0.5345687628665933,4,4
559,Ajidong,Tawang,Unknown,Arunachal Pradesh,True,27.5640002,91.954525,10.34812753629876,control (non-VVP),True,-0.2785927889544339,-0.29364004513208686,24,30,0.4747824893496131,0.3822514112723075,4,4
560,Chakzam,Tawang,Unknown,Arunachal Pradesh,True,27.557929,91.9220578,10.39932444051828,control (non-VVP),True,-0.27823748379892393,-0.28679777632512093,24,30,0.5263519460595519,0.5058324155860772,4,4
561,Xiongbaze,Tawang,Unknown,Arunachal Pradesh,True,27.5673678,91.9761893,10.520480542245313,control (non-VVP),True,-0.24105667466913688,-0.2494101938875122,24,30,0.4771642252365569,0.44976579258323524,4,4
562,Kanchi Mor,Tawang,Unknown,Arunachal Pradesh,True,27.6276338,91.9591421,10.791124997082466,control (non-VVP),True,-0.2604834267991986,-0.3006158304333216,24,30,0.46455505888109344,0.3192658464489578,4,4
563,Senu,Tawang,Unknown,Arunachal Pradesh,True,27.568186,91.8640359,11.32095577800408,control (non-VVP),True,-0.25530729908983146,-0.257121810874537,24,30,0.5644988800608501,0.5542733853139431,4,4
564,Kharsa,Tawang,Unknown,Arunachal Pradesh,True,27.5768922,91.9742501,11.575637862711783,control (non-VVP),True,-0.21548723083982987,-0.23974366511236572,24,30,0.49476757665880683,0.5851247227516304,4,4
565,Tsewkhar,Tawang,Unknown,Arunachal Pradesh,True,27.5723837,91.9352289,11.769604232081706,control (non-VVP),True,-0.2398183275287299,-0.27407382067717484,24,30,0.4270842753654152,0.9423416429515339,4,4
566,Jamkhar,Tawang,Unknown,Arunachal Pradesh,True,27.5741023,91.8498361,11.97109277897478,control (non-VVP),True,-0.26715851417965986,-0.3091194463210259,24,30,0.5136992190680708,0.36227990094883444,4,4
567,Topgye,Tawang,Unknown,Arunachal Pradesh,True,27.7071071,92.2145841,12.010850218777836,control (non-VVP),True,-0.2540907389126797,-0.2748491025613024,24,29,0.36276614021336917,0.2728227620452879,4,4
568,Lhou,Tawang,Unknown,Arunachal Pradesh,True,27.574306,91.9287482,12.083796379688184,control (non-VVP),True,-0.22475566594651555,-0.2568108169034031,24,30,0.5705233861781441,1.2530206208903438,4,4
569,Bomdir,Tawang,Unknown,Arunachal Pradesh,True,27.5798,91.88004,12.800691542574553,control (non-VVP),True,-0.21764867887461795,-0.2192703309358155,24,30,0.9120992106707105,1.731207964799864,4,4
570,Urgeling,Tawang,Unknown,Arunachal Pradesh,True,27.5810786,91.8710988,12.806217009504952,control (non-VVP),True,-0.23047422651080393,-0.2448505963537287,24,30,0.9539694479438994,1.6297750233279336,4,4
571,Geibi,Tawang,Unknown,Arunachal Pradesh,True,27.579271,91.8861143,12.841084848187418,control (non-VVP),True,-0.22714263350158323,-0.22593644422829218,24,30,0.8733072415410473,1.2629972024336873,4,4
572,Sazhe,Tawang,Unknown,Arunachal Pradesh,True,27.5776458,91.7988206,13.004782979435044,control (non-VVP),True,-0.244977166990078,-0.2840447052665624,24,30,0.4178268161565898,0.31075698323755957,4,4
573,Aodong,Tawang,Unknown,Arunachal Pradesh,True,27.5803197,91.893275,13.071617730047157,control (non-VVP),True,-0.24388734366432618,-0.25778559567813103,24,30,0.8224746838329345,1.1803937426970432,4,4
574,Bangde,Tawang,Unknown,Arunachal Pradesh,True,27.5840299,91.8834414,13.318371109342184,control (non-VVP),True,-0.20089743631253631,-0.19002350940389867,24,30,1.1285256082264743,3.100061253959121,4,4
575,Shyo,Tawang,Unknown,Arunachal Pradesh,True,27.5891423,91.8597993,13.622892569252397,control (non-VVP),True,-0.190489510912839,-0.19001581637423595,24,30,0.7104101092627879,1.0067528134986254,4,4
576,Beghar,Tawang,Unknown,Arunachal Pradesh,True,27.5889112,91.8791928,13.783557607535824,control (non-VVP),True,-0.17495677654959904,-0.16260962365341763,24,30,1.4963947315524042,5.244930470441125,4,4
577,Mandreling,Tawang,Unknown,Arunachal Pradesh,True,27.5917248,91.8595869,13.908525964520482,control (non-VVP),True,-0.19088943728982458,-0.2010271711730933,24,30,0.6902057747952267,0.8664766393925111,4,4
578,Nyuri,Tawang,Unknown,Arunachal Pradesh,True,27.6891295,92.2040611,14.228594022329878,control (non-VVP),True,-0.2397630942579332,-0.22761174622312494,24,29,0.3372968401986911,0.32349322790082363,4,4
579,Tseretse,Tawang,Unknown,Arunachal Pradesh,True,27.5930753,91.8967033,14.52226112151756,control (non-VVP),True,-0.23003524672108328,-0.2615091654718077,24,30,0.8209343390700256,1.0246408587754372,4,4
580,楚木巴,Tawang,Unknown,Arunachal Pradesh,True,27.6549106,92.2710437,14.899982744148126,control (non-VVP),True,-0.047000971126981775,-0.11417731559580951,24,29,0.375295121810493,0.26477014967721385,4,4
581,Neygang,North,Unknown,Sikkim,True,26.8222735,89.2456924,0.0354397827185006,control (non-VVP),False,-0.2314783916879365,-0.241064984021692,25,31,0.5690810625275522,0.6562556982992991,4,4
582,Mangalbare,North,Unknown,Sikkim,True,26.9641686,88.0931146,0.0646404924804474,control (non-VVP),False,-0.28458906464760997,-0.28848951641235676,100,121,0.3802805772065848,0.367929285456971,4,4
583,Tingtingma,North,Unknown,Sikkim,True,26.83608,89.2607505,0.1374003726741908,control (non-VVP),False,-0.20819384055431234,-0.18841562404484846,25,31,0.5283688344228428,0.2914461910123248,4,4
584,Tading,North,Unknown,Sikkim,True,26.842835,89.2980981,0.1836409106089793,control (non-VVP),False,-0.23264240925574034,-0.261913679998432,25,31,0.4025672573278837,0.4905689513068562,4,4
585,Katao,North,Unknown,Sikkim,True,27.6714244,88.8140893,0.4093092829809311,control (non-VVP),False,-0.015221286459731517,-0.10042551661726672,24,31,0.40408963914172424,0.4433574606156296,4,4
586,Kupup,North,Unknown,Sikkim,True,27.35065,88.8396693,0.4220779702879976,control (non-VVP),False,-0.07517995188793647,-0.109408346902943,24,31,0.46273190757403004,0.5283597313643041,4,4
587,Kumai,North,Unknown,Sikkim,True,26.9721659,88.8529694,0.4496922242930337,control (non-VVP),False,-0.17479396703667754,-0.20957043348229343,25,31,0.429015924058541,0.329308868217387,4,4
588,Sherathang,North,Unknown,Sikkim,True,27.3803999,88.8152126,0.4936963693973037,control (non-VVP),False,-0.0953490443042804,-0.10484034500157269,24,31,0.4639745772895166,0.3288841789051638,4,4
589,Gidaibir,North,Unknown,Sikkim,True,26.8366987,89.2715013,0.4987423550079105,control (non-VVP),False,-0.14156189184146264,-0.14540025429310946,25,31,0.4769512938892454,0.37625420030127177,4,4
590,Marwatraya,North,Unknown,Sikkim,True,26.8521011,89.3113536,0.537664567588106,control (non-VVP),False,-0.15077020195260943,-0.168688801308136,25,31,0.5627440458732349,0.49631100926848465,4,4
591,Daduwachok,North,Unknown,Sikkim,True,27.278697,88.0127539,0.6010992404530895,control (non-VVP),False,-0.19526412883131455,-0.2002228895714916,100,126,0.2738461579739778,0.2867562178168362,4,4
592,Doomshinggang,North,Unknown,Sikkim,True,26.819084,89.1416207,0.6994205554095879,control (non-VVP),False,-0.22610201786128664,-0.23957790071012572,25,31,0.585185390811288,0.2814915791991051,4,4
593,Nyoenpalingmaed,North,Unknown,Sikkim,True,26.8229454,89.2250516,0.7472079788470537,control (non-VVP),False,-0.10158750903446927,-0.11915518630454641,25,31,0.6909183477328209,1.4780300632626022,4,4
594,Shri Antu,North,Unknown,Sikkim,True,26.8809868,88.1307377,0.8495012448518934,control (non-VVP),False,-0.24411935673691665,-0.22257869041322387,24,31,0.563959735818624,0.6644351329712793,4,4
595,Doleg,North,Unknown,Sikkim,True,26.819408,89.1716232,0.9051630724290842,control (non-VVP),False,-0.2224907756514509,-0.2307515188240223,25,31,0.7162712250803497,0.409173274397985,4,4
596,Rongo,North,Unknown,Sikkim,True,27.0385628,88.8358784,0.9661025806763252,control (non-VVP),False,-0.16147161454192552,-0.18150433220809797,50,64,0.43964527463456543,0.46823479423114855,4,4
597,Todey,North,Unknown,Sikkim,True,27.1108271,88.8252278,1.0056724908623245,control (non-VVP),False,-0.22963363942206877,-0.22033809325723172,48,65,0.40238686907210497,0.24850961606427016,4,4
598,Dugpoling,North,Unknown,Sikkim,True,26.8538049,89.2820477,1.014366765057029,control (non-VVP),False,-0.19606307944461485,-0.22938776982381845,25,31,0.39595022888609727,0.3224179855299212,4,4
599,Hauri,North,Unknown,Sikkim,True,26.8351402,89.2827694,1.0515924551522455,control (non-VVP),False,-0.19782918191868523,-0.2151392515582635,25,31,0.47047281558894355,0.4165005696893143,4,4
600,Totopara,North,Unknown,Sikkim,True,26.8357066,89.3075323,1.1217663315424862,control (non-VVP),False,-0.2859198986390902,-0.28482976758225714,25,31,0.31472788622725306,0.5844699575517184,4,4
601,Gorkhe Bazar,North,Unknown,Sikkim,True,26.9554832,88.0775912,1.8877153943244096,control (non-VVP),False,-0.24665289906254653,-0.2812296109317383,102,126,0.366649767837009,0.4494988742947312,4,4
602,Tumliṅ,North,Unknown,Sikkim,True,27.0312588,88.0689601,1.952452896070509,control (non-VVP),False,-0.47803770965795067,-0.26670663202271994,204,247,0.3508849980597296,0.19590755287461245,4,4
603,Gariabas,North,Unknown,Sikkim,True,27.024001,88.8656552,1.9886380969430395,control (non-VVP),False,-0.21569967598243855,-0.204764865439878,50,64,0.4178787832776571,0.5475813636742324,4,4
604,Lachhungthang,North,Unknown,Sikkim,True,26.8295321,89.1899901,2.040227433577781,control (non-VVP),False,-0.13897421905794904,-0.1632588128957843,25,31,0.7786833218359108,0.5018672024689521,4,4
605,Gurãse,North,Unknown,Sikkim,True,27.027135,88.0744586,2.092496369904318,control (non-VVP),False,-0.2765100703476899,-0.2365417670471733,204,247,0.3348899546581789,0.2563205451176882,4,4
606,Gairibas,North,Unknown,Sikkim,True,27.0592783,88.0246254,2.0927719373359936,control (non-VVP),False,-0.24514063852005744,-0.2642703764890164,204,244,0.3249376420598993,0.2890249385990524,4,4
607,Dangreyboog,North,Unknown,Sikkim,True,26.9392244,89.008113,2.139504061456761,control (non-VVP),False,-0.23318109206170395,-0.22935034863120302,25,31,0.5716685353370194,0.510174149140883,4,4
608,काला पोखरी,North,Unknown,Sikkim,True,27.0788791,88.0171082,2.2196151166504423,control (non-VVP),False,-0.18325594231434195,-0.22587232348288994,204,244,0.29743728765468086,0.31557868839057845,4,4
609,Dadheli,North,Unknown,Sikkim,True,27.0860589,87.9548391,2.2898595952271785,control (non-VVP),False,-0.3419630428932379,-0.22310122451544986,102,122,0.3798789368556426,0.32078829031806805,4,4
610,लुम्चोक,North,Unknown,Sikkim,True,27.0800523,87.9589886,2.3395745634031484,control (non-VVP),False,-0.32473273148844056,-0.24136848510223338,102,122,0.3502097482921856,0.35142574440730134,4,4
611,Kandan,North,Unknown,Sikkim,True,27.2632886,87.9854179,2.387155050260856,control (non-VVP),False,-0.27240466778384376,-0.2699138686148873,50,62,0.33176699583081226,0.49629599656681284,4,4
612,Magargau,North,Unknown,Sikkim,True,27.2531652,87.9799507,2.4259457880824007,control (non-VVP),False,-0.25995642689626847,-0.2735320389829906,50,62,0.36058379841250426,0.38473184235269137,4,4
613,Changgu,North,Unknown,Sikkim,True,27.3778843,88.7709213,2.4303020148375434,control (non-VVP),False,-0.09599828751969748,-0.08036906748946898,24,31,0.48110645753617004,0.3599135987336021,4,4
614,Bikeybhanjan,North,Unknown,Sikkim,True,27.0929468,88.01296,2.4946215039078736,control (non-VVP),False,-0.18660705398482783,-0.24821391459097766,204,244,0.377624718949638,0.21437924664442232,4,4
615,Megma,North,Unknown,Sikkim,True,27.0239524,88.0828861,2.5710113040084863,control (non-VVP),False,-0.17348482098261403,-0.2127075239428007,102,124,0.3435698139170806,0.26535473636410256,4,4
616,Sandakphu,North,Unknown,Sikkim,True,27.104806,88.0015441,2.579681664896949,control (non-VVP),False,-0.16251372889945845,-0.16150619539299657,102,122,0.38493524736783524,0.05660191396469469,4,4
617,Katrepakha,North,Unknown,Sikkim,True,26.9903319,88.9319658,2.607344879343358,control (non-VVP),False,-0.18657927053044226,-0.23604866236529715,25,31,0.6150448554166229,0.2945067230695566,4,4
618,Bugkha,North,Unknown,Sikkim,True,26.869138,89.2872405,2.6784303130882674,control (non-VVP),False,-0.23122366370734257,-0.3059163124298427,25,31,0.48093785797762045,0.32683650920666074,4,4
619,Chamurchi,North,Unknown,Sikkim,True,26.8827274,89.0903663,2.7225711132266324,control (non-VVP),False,-0.1600165026396263,-0.17495735232157458,50,62,0.7453479319978108,1.0071380531747736,4,4
620,Jhalong,North,Unknown,Sikkim,True,27.0401327,88.8732963,2.7465010739437283,control (non-VVP),False,-0.17771124934441676,-0.1834738351405966,48,64,1.0162116134193842,0.9178355951900504,4,4
621,Khamzangling,North,Unknown,Sikkim,True,26.9747954,88.9498508,2.9095350172627934,control (non-VVP),False,-0.21862500182938543,-0.22914344746111032,25,31,0.4956599484954105,0.28818232817804523,4,4
622,Tharphu,North,Unknown,Sikkim,True,26.9893377,88.9368045,2.9102798377936985,control (non-VVP),False,-0.2145862497945218,-0.27728268140234913,25,31,0.5145926473861826,0.2656110440314348,4,4
623,Yugo,North,Unknown,Sikkim,True,26.8975661,89.0839157,2.916803936913932,control (non-VVP),False,-0.1863702659802291,-0.18528278642001855,50,62,0.9732568159935966,1.6155470646157557,4,4
624,Kardo,North,Unknown,Sikkim,True,26.9492965,88.9928788,2.9572807826624348,control (non-VVP),False,-0.25483581329671506,-0.2578700476495099,25,31,0.4046730501944747,0.4230214185517159,4,4
625,Paren,North,Unknown,Sikkim,True,27.0636736,88.8734078,2.979857761316277,control (non-VVP),False,-0.2184157927120618,-0.20793629371434977,48,64,0.7687187436290761,0.505755675617944,4,4
626,Tonglu,North,Unknown,Sikkim,True,27.033721,88.0805457,3.013399463859864,control (non-VVP),False,-0.6301083748488832,-0.24755613801397594,204,247,0.3121672222344934,0.30835290659860737,4,4
627,Samarjun,North,Unknown,Sikkim,True,27.2603728,87.975741,3.134339894708016,control (non-VVP),False,-0.23417099374774134,-0.29685319807151217,50,62,0.3247421610047999,0.40660314328734654,4,4
628,Chhubakha,North,Unknown,Sikkim,True,27.8241475,88.815369,3.225655994048761,control (non-VVP),False,-0.0033155154441653826,-0.08461101390988114,24,31,0.4106762723423161,0.34214800361651276,4,4
629,Sisne,North,Unknown,Sikkim,True,27.2634845,87.9756726,3.281271091190319,control (non-VVP),False,-0.2331241050042472,-0.2853741847076635,50,62,0.3274662614673276,0.4021512998102488,4,4
630,Sampheling,North,Unknown,Sikkim,True,27.1213407,88.8490569,3.357082188195897,control (non-VVP),False,-0.216371492045279,-0.2062118307330584,24,33,0.4650083789289397,0.26815436505431295,4,4
631,Rabi,North,Unknown,Sikkim,True,27.3014656,87.9929991,3.4248380521192847,control (non-VVP),False,-0.23664858570228245,-0.263618993558526,50,63,0.3365339692557574,0.3544571310414503,4,4
632,Samphelgang,North,Unknown,Sikkim,True,27.1264595,88.8453086,3.601970449961409,control (non-VVP),False,-0.1948598973968704,-0.1971949031970459,24,33,0.4907202763741861,0.2893637905039328,4,4
633,Sepi,North,Unknown,Sikkim,True,27.2967297,87.9885069,3.618710893016439,control (non-VVP),False,-0.23001575399641702,-0.270435094480358,50,63,0.3581583464727499,0.39200340652844684,4,4
634,Depheling,North,Unknown,Sikkim,True,26.9742504,88.9581871,3.6261462396301702,control (non-VVP),False,-0.15452836946652734,-0.19761643102019788,25,31,0.369798421826368,0.2642021286994853,4,4
635,Nojangsa Nyipa,North,Unknown,Sikkim,True,26.8786124,89.3011236,3.641663302075516,control (non-VVP),False,-0.1786355765236757,-0.22553449896577418,25,31,0.386053812076158,0.3147729838375553,4,4
636,Norgeygang,North,Unknown,Sikkim,True,27.1251166,88.8483354,3.649812594241609,control (non-VVP),False,-0.20803965969443763,-0.19704473738070674,24,33,0.5524131888972151,0.30445128919563,4,4
637,Tsomgo,North,Unknown,Sikkim,True,27.3754372,88.7566799,3.682317154899109,control (non-VVP),False,-0.08716199001037589,-0.1246587744388831,24,31,0.42924803502096753,0.45220537565640206,4,4
638,Ekrate,North,Unknown,Sikkim,True,27.252172,87.9651893,3.722050764424155,control (non-VVP),False,-0.257841659639944,-0.27193639523464624,50,62,0.35461731150163617,0.45162011468210694,4,4
639,Karmaling,North,Unknown,Sikkim,True,27.1204516,88.8555324,3.729363223002584,control (non-VVP),False,-0.25997881070247236,-0.23804235907351462,24,33,0.5286521035480174,0.2671197451879434,4,4
640,Timbure,North,Unknown,Sikkim,True,27.2927386,87.9850534,3.751930497106271,control (non-VVP),False,-0.22705399274836377,-0.29125144907313116,50,63,0.3528086121868034,0.39164213000850534,4,4
641,Norbuling,North,Unknown,Sikkim,True,26.8925739,89.0972757,3.822535323022741,control (non-VVP),False,-0.11620008802559262,-0.14466690181721983,50,62,1.8340395416243607,4.621011345063226,4,4
642,Sugure,North,Unknown,Sikkim,True,27.2608375,87.9680869,3.850674336389128,control (non-VVP),False,-0.22731583851511744,-0.26588809002244196,50,62,0.3365808865603279,0.4176838175810839,4,4
643,Kuengaling,North,Unknown,Sikkim,True,27.1353079,88.8366105,3.865136594950476,control (non-VVP),False,-0.24023787192244533,-0.2372286688930097,24,33,0.33974609587208504,0.23489955041025368,4,4
644,Khangzhima,North,Unknown,Sikkim,True,26.9887258,88.950355,3.9124028155231376,control (non-VVP),False,-0.20354775534740074,-0.23250524828341065,25,32,0.4989737120250727,0.3680089523461574,4,4
645,Kharsaling,North,Unknown,Sikkim,True,26.9981042,88.9418471,3.919752320650081,control (non-VVP),False,-0.15026527010580124,-0.21136955285667408,25,32,0.4217796602491604,0.26198870866312146,4,4
646,Bindu,North,Unknown,Sikkim,True,27.0986121,88.8716429,3.9264302281607857,control (non-VVP),False,-0.21320396159870736,-0.2086176533829058,48,64,0.7660270948845967,0.3526100437945222,4,4
647,Sagadada,North,Unknown,Sikkim,True,27.2743415,87.9725518,4.055684917075906,control (non-VVP),False,-0.2060969753099813,-0.24017141567876554,50,63,0.3740822085859002,0.3577561885252729,4,4
648,Nagrakata,North,Unknown,Sikkim,True,26.887366,88.9115671,4.089471232915417,control (non-VVP),False,-0.11372188921015751,-0.11552516709318736,25,31,0.7154658935964108,1.0602272942662239,4,4
649,Beteni,North,Unknown,Sikkim,True,27.2990623,87.9842607,4.109805314172164,control (non-VVP),False,-0.23787795906442114,-0.2770580254492742,50,63,0.3833155297120054,0.3776490413767146,4,4
650,Samsing,North,Unknown,Sikkim,True,26.9891656,88.8036059,4.215283346249905,control (non-VVP),False,-0.1462931207215942,-0.16062551280175652,25,31,0.45365427196160085,0.3897072003969737,4,4
651,राम्चे (Ramche),North,Unknown,Sikkim,True,27.5940731,88.0313801,4.2397145853402165,control (non-VVP),False,0.051972930284440264,-0.03157737612659915,100,122,0.3991991123049888,0.34295883536073607,4,4
652,Migphelgang,North,Unknown,Sikkim,True,27.1290662,88.8545122,4.363893173569808,control (non-VVP),False,-0.23799203932140606,-0.22181420766783239,24,33,0.5246759728346457,0.28242178164713877,4,4
653,Chamilindada,North,Unknown,Sikkim,True,27.2564045,87.9589886,4.476766394844066,control (non-VVP),False,-0.24836540401691515,-0.22831554973309387,50,62,0.3584008946142218,0.5032657630875841,4,4
654,Patshaling,North,Unknown,Sikkim,True,27.1459569,88.8314001,4.497957969345004,control (non-VVP),False,-0.277277512414347,-0.27195276930379475,24,33,0.32296316408818315,0.22207868074266504,4,4
655,Sisne,North,Unknown,Sikkim,True,27.278902,87.9695767,4.532116420063161,control (non-VVP),False,-0.2273690289740869,-0.2632419488285134,50,63,0.357776852328772,0.36479026149183313,4,4
656,Nojangsa Dangpa,North,Unknown,Sikkim,True,26.8871962,89.2838824,4.684382905124696,control (non-VVP),False,-0.23163103227137827,-0.23655909936507544,25,31,0.386196629686302,0.32350562027331153,4,4
657,Pangpema,North,Unknown,Sikkim,True,27.7878398,88.1100906,4.6922108464505925,control (non-VVP),False,0.10507250597970268,0.0878050865970034,100,122,0.39110925365052496,0.2480044643017759,4,4
658,Simana,North,Unknown,Sikkim,True,26.9846521,88.1356918,4.755966616225002,control (non-VVP),False,-0.224878115094025,-0.20132494781383609,25,31,0.35805242611966787,0.33074972161176913,4,4
659,Gashingma,North,Unknown,Sikkim,True,26.8543744,89.1888303,4.791395856513222,control (non-VVP),False,-0.22334481469412085,-0.23526585045399656,25,31,0.4110305777424999,0.25443658171936717,4,4
660,Perunge,North,Unknown,Sikkim,True,27.2523041,87.9531478,4.821995927290392,control (non-VVP),False,-0.23491806252015826,-0.26411758565893095,50,62,0.3738093846119367,0.4065101849614765,4,4
661,Joenleksa,North,Unknown,Sikkim,True,26.9988785,88.9532304,4.8527674534351,control (non-VVP),False,-0.20623789971733553,-0.21952046238364262,25,32,0.40749162022627927,0.24503072367034143,4,4
662,Phanchebun,North,Unknown,Sikkim,True,27.0558235,87.9505824,4.880443684657196,control (non-VVP),False,-0.2777115397878245,-0.2367897260421281,102,124,0.4533238603648814,0.4889573818580671,4,4
663,Dombang,North,Unknown,Sikkim,True,27.7456823,88.777401,4.952018864728949,control (non-VVP),False,-0.1848999095336846,-0.23256904123975133,24,31,0.446699109040325,0.5303448421737641,4,4
664,Tserima,North,Unknown,Sikkim,True,26.8970136,89.1079938,5.0001862830661485,control (non-VVP),False,-0.18950297007935576,-0.20808337995429096,50,62,1.1734977108415836,3.0728231195419555,4,4
665,Baichhadrangra,North,Unknown,Sikkim,True,26.8907462,89.1119796,5.051882633741652,control (non-VVP),False,-0.21336715713062127,-0.1986792180321547,50,62,0.5464926305883453,1.068010784034426,4,4
666,Gangawa,North,Unknown,Sikkim,True,27.2961738,87.9718593,5.105567853365814,control (non-VVP),False,-0.24189413101026955,-0.2794605996915916,50,63,0.35950283824720164,0.27902556270022283,4,4
667,Muklabu,North,Unknown,Sikkim,True,27.2868659,87.9666335,5.15947744905538,control (non-VVP),False,-0.2519343009019762,-0.2764340825243121,50,63,0.35686525556451765,0.3937305067655504,4,4
668,Tirsuley,North,Unknown,Sikkim,True,27.0096612,88.9474797,5.17216692808125,control (non-VVP),False,-0.20753941723355726,-0.2220718603941838,25,32,0.43291759921964507,0.2217600864813467,4,4
669,Serpe,North,Unknown,Sikkim,True,27.0734953,87.9288146,5.236702331017508,control (non-VVP),False,-0.3191622963689262,-0.2714934836820488,102,124,0.3624357507215532,0.2838994360336378,4,4
670,Chyanthapu,North,Unknown,Sikkim,True,27.2635164,87.9541546,5.237476189395344,control (non-VVP),False,-0.22808131264260767,-0.239232326874628,50,62,0.3925706254560395,0.415031065880242,4,4
671,Memekha,North,Unknown,Sikkim,True,26.8941073,89.3031281,5.251209710485094,control (non-VVP),False,-0.23230775074957674,-0.23909395467573513,25,31,0.3279738920433162,0.5077468746772014,4,4
672,Nibhare,North,Unknown,Sikkim,True,27.3091311,87.9755405,5.356886421662148,control (non-VVP),False,-0.21535362152616372,-0.2286865420632544,50,63,0.3636920910097111,0.399734461139151,4,4
673,Fikkal,North,Unknown,Sikkim,True,26.8952118,88.0661527,5.522309970347057,control (non-VVP),False,-0.2084653190816518,-0.27235558728225745,102,126,0.5280312477187676,0.5031193334270607,4,4
674,Narayan Ashram,Pithoragarh,Unknown,Uttarakhand,True,29.9707,80.65476,0.0323530316101096,control (non-VVP),True,-0.2116535676544556,-0.22253170780337303,24,31,0.38687363841564826,0.4602314794115512,4,4
675,Napalcho,Pithoragarh,Unknown,Uttarakhand,True,30.1820716,80.8515056,0.0730629720601801,control (non-VVP),True,-0.07856283528729567,-0.07900867521070083,49,59,0.33884594367261517,0.5675082071765994,4,4
676,Bagrihat,Pithoragarh,Unknown,Uttarakhand,True,29.74274,80.36225,0.1180550634206112,control (non-VVP),True,-0.21507730110545678,-0.22495558081642666,48,58,1.0044983481112848,2.94019360435698,4,4
677,Titri,Pithoragarh,Unknown,Uttarakhand,True,29.73587,80.36225,0.4402156242512728,control (non-VVP),True,-0.20251788388664535,-0.22497885566924708,24,29,0.6313794901677799,0.9994438295795979,4,4
678,Majarkana,Pithoragarh,Unknown,Uttarakhand,True,29.58069,80.36362,0.4476146132273144,control (non-VVP),True,-0.20758976132482257,-0.198479058118635,24,30,0.45607341307156346,0.39974415408358294,4,4
679,Chhiyalekh,Pithoragarh,Unknown,Uttarakhand,True,30.1200614,80.8384468,0.520514503646884,control (non-VVP),True,-0.16202244446475123,-0.2209673878704681,49,59,0.4023340556515184,0.4508378638990296,4,4
680,Gullah,Pithoragarh,Unknown,Uttarakhand,True,30.02426,80.7193,0.5764591109992325,control (non-VVP),True,-0.2667869307924812,-0.28490433658399694,24,31,0.40776735866214375,0.38621002718264114,4,4
681,Tawaghat,Pithoragarh,Unknown,Uttarakhand,True,29.9614818,80.5995242,0.6439112012307722,control (non-VVP),True,-0.16811900190505025,-0.14778240986520905,24,31,0.4125573085254977,0.34677401337951547,4,4
682,Bachkot,Pithoragarh,Unknown,Uttarakhand,True,29.68918,80.36774,0.6834376358003158,control (non-VVP),True,-0.2335643604864131,-0.22393615744445192,24,29,0.42165114937058423,0.37188937290605295,4,4
683,Khela,Pithoragarh,Unknown,Uttarakhand,True,29.9624674,80.5911762,0.8549461818637469,control (non-VVP),True,-0.21443810977934624,-0.19100151539622784,24,31,0.407038164184948,0.3720271016380428,4,4
684,Jauljibi,Pithoragarh,Unknown,Uttarakhand,True,29.7524071,80.376287,0.9286296961076403,control (non-VVP),True,-0.2257689716029984,-0.23389747489363763,48,58,0.5418419572750378,0.5578414108850358,4,4
685,Nabhidang Camp,Pithoragarh,Unknown,Uttarakhand,True,30.2390998,80.9760112,0.951191793935628,control (non-VVP),True,0.021571276776962203,0.044270407074566476,49,59,0.28104777713422535,0.5408957662722187,4,4
686,Ela Gad,Pithoragarh,Unknown,Uttarakhand,True,29.92127,80.57099,1.0376171956303184,control (non-VVP),True,-0.19148333898695938,-0.15692723621650173,24,29,0.47791892419831666,0.7582426473936138,4,4
687,Pipali,Pithoragarh,Unknown,Uttarakhand,True,29.67957,80.37598,1.0672403964005457,control (non-VVP),True,-0.21300131404446512,-0.21453365524536544,24,29,0.406438809738401,0.370088196017645,4,4
688,Bhungti,Pithoragarh,Unknown,Uttarakhand,True,30.02838,80.71656,1.0844439643766843,control (non-VVP),True,-0.259214317504672,-0.2758233683849328,24,31,0.3842969536134137,0.31919923211153634,4,4
689,Kalika,Pithoragarh,Unknown,Uttarakhand,True,29.80866,80.49271,1.0908230484568096,control (non-VVP),True,-0.20984790393984015,-0.1821891126644256,48,58,0.4645519727362996,0.4559872764929207,4,4
690,Guariat,Pithoragarh,Unknown,Uttarakhand,True,29.56833,80.34165,1.0940235634343112,control (non-VVP),True,-0.17430045449998455,-0.1948094313436168,24,30,0.49407120209779837,0.44746939872740643,4,4
691,Kulagad,Pithoragarh,Unknown,Uttarakhand,True,29.90891,80.56824,1.2061540183517458,control (non-VVP),True,-0.19018048498361603,-0.16171214633442035,24,29,0.37507880356000817,0.45241848197968104,4,4
692,Budhi,Pithoragarh,Unknown,Uttarakhand,True,30.1021621,80.8278931,1.2169752384701875,control (non-VVP),True,-0.2184894508392242,-0.22085264564532445,49,58,0.37769671561288054,0.5670218591807319,4,4
693,Arkini,Pithoragarh,Unknown,Uttarakhand,True,29.53262,80.31143,1.3601773144358649,control (non-VVP),True,-0.17665429756267037,-0.21704473329097773,24,31,0.5384289585176061,0.3428087411356753,4,4
694,Mangti,Pithoragarh,Unknown,Uttarakhand,True,29.9975052,80.714547,1.386471653484554,control (non-VVP),True,-0.2036482882729156,-0.15941820052665442,24,31,0.4165032693308683,0.28504901293316187,4,4
695,Nigalpani,Pithoragarh,Unknown,Uttarakhand,True,29.82788,80.51468,1.4345252586515271,control (non-VVP),True,-0.20398287470914783,-0.19206521504423116,48,58,0.7608642489725528,1.8139040191274953,4,4
696,Sunkholi,Pithoragarh,Unknown,Uttarakhand,True,29.6727,80.38559,1.6108121518240937,control (non-VVP),True,-0.1944557467162212,-0.20191697054119964,24,29,0.45646456771778765,0.3443964515479565,4,4
697,Pangla,Pithoragarh,Unknown,Uttarakhand,True,29.9800668,80.6895435,1.6210846454452084,control (non-VVP),True,-0.23375336641471856,-0.2331184173649573,24,31,0.38264161237963923,0.5371786435510079,4,4
698,Jhulāghāt,Pithoragarh,Unknown,Uttarakhand,True,29.57245,80.38422,1.669445047328484,control (non-VVP),True,-0.21798700334012985,-0.21805931908927237,24,30,0.48718033488330953,0.4395546444126817,4,4
699,Balwakot,Pithoragarh,Unknown,Uttarakhand,True,29.80042,80.42954,1.6922467821054537,control (non-VVP),True,-0.20950196326818238,-0.19184848611331795,48,58,0.45183551480307815,0.6220669866517218,4,4
700,Matoli,Pithoragarh,Unknown,Uttarakhand,True,29.67407,80.34714,1.7446487149080665,control (non-VVP),True,-0.20270864852777523,-0.22993552821223173,24,29,0.37958789021427447,0.3483078688968737,4,4
701,Bagrigaon,Pithoragarh,Unknown,Uttarakhand,True,29.68506,80.38147,1.8045535437812656,control (non-VVP),True,-0.21006311506945718,-0.22893020613196413,24,29,0.45073285619769465,0.3860896050072876,4,4
702,Dwalisera,Pithoragarh,Unknown,Uttarakhand,True,29.70017,80.37735,1.95335447596369,control (non-VVP),True,-0.21539283892674616,-0.21163898818912544,24,29,0.4438035091963871,0.4113117453491909,4,4
703,Dobat,Pithoragarh,Unknown,Uttarakhand,True,29.87732,80.56275,2.0576548562319417,control (non-VVP),True,-0.2193562733625247,-0.17480580784773123,24,29,0.445454787974264,0.7759259033436869,4,4
704,Ghasku,Pithoragarh,Unknown,Uttarakhand,True,29.9704962,80.6856052,2.1159743868697984,control (non-VVP),True,-0.2240111548990044,-0.19956967569813883,24,31,0.37513085302765786,0.3461832059313713,4,4
705,Sosa,Pithoragarh,Unknown,Uttarakhand,True,29.98306,80.63553,2.150443728067402,control (non-VVP),True,-0.2597415080840983,-0.27801077159780235,24,31,0.4444063168530371,0.483728210910473,4,4
706,Tapovan,Pithoragarh,Unknown,Uttarakhand,True,29.8666326,80.559451,2.4136628364519885,control (non-VVP),True,-0.1832324007252639,-0.1442909177372714,24,29,0.781646676158437,3.754539296567245,4,4
707,Badari,Pithoragarh,Unknown,Uttarakhand,True,29.54361,80.2977,2.519961978082271,control (non-VVP),True,-0.18500325711908175,-0.23897204847338324,24,31,0.5208926602982572,0.45354004650147783,4,4
708,Pangu,Pithoragarh,Unknown,Uttarakhand,True,29.98444,80.61631,2.963014823972661,control (non-VVP),True,-0.23242388695815977,-0.2295970097729416,24,31,0.44060713986119077,0.3403818764201888,4,4
709,कालापानी,Pithoragarh,Unknown,Uttarakhand,True,30.2233426,80.9121926,3.087215901421682,control (non-VVP),True,-0.08782159836665777,-0.07516008226905056,49,59,0.3560683304795474,0.517489140501767,4,4
710,Bharalu,Pithoragarh,Unknown,Uttarakhand,True,29.5697,80.30457,3.208758661003287,control (non-VVP),True,-0.16331125968497703,-0.19291013177106883,24,30,0.6369596011773988,0.4925109128504341,4,4
711,Askot,Pithoragarh,Unknown,Uttarakhand,True,29.7645899,80.3346048,3.3481721320454376,control (non-VVP),True,-0.20150484433212484,-0.2163005427258648,48,58,0.5940468362603571,0.7074836549351158,4,4
712,Chhirkala,Pithoragarh,Unknown,Uttarakhand,True,29.98032,80.56549,3.531308933184691,control (non-VVP),True,-0.2003921407776097,-0.19464181866653577,24,31,0.44240416000471705,0.31642387743716954,4,4
713,Chharandeo,Pithoragarh,Unknown,Uttarakhand,True,29.67545,80.32105,4.1042790874662,control (non-VVP),True,-0.19487358219085246,-0.21220239709416283,24,29,0.48132546555197725,0.4402332533269499,4,4
714,Balmara,Pithoragarh,Unknown,Uttarakhand,True,29.79767,80.35813,4.111956217174881,control (non-VVP),True,-0.24266925193194572,-0.25364550937428676,48,58,0.38888315930962564,0.35276630747577414,4,4
715,Imkhola,Pithoragarh,Unknown,Uttarakhand,True,29.8196229,80.3827692,4.920765939256588,control (non-VVP),True,-0.2248866111751248,-0.24922120144481494,48,58,0.5282461788659523,0.35307189715064435,4,4
716,Barabe,Pithoragarh,Unknown,Uttarakhand,True,29.51202,80.23728,5.100446408044568,control (non-VVP),True,-0.19993190398864188,-0.2292702438509911,24,31,0.4466128015700985,0.5936582647304807,4,4
717,Wadda,Pithoragarh,Unknown,Uttarakhand,True,29.56558,80.27848,5.11031452087313,control (non-VVP),True,-0.13929885037350276,-0.1801804260090711,24,31,1.1384364798582716,1.1196270870240355,4,4
718,Sangri,Pithoragarh,Unknown,Uttarakhand,True,29.67545,80.30731,5.37223428645033,control (non-VVP),True,-0.2098928718735445,-0.24887464315863062,24,29,0.5003704711647641,0.40097420354313434,4,4
719,Bagour,Pithoragarh,Unknown,Uttarakhand,True,29.63562,80.32517,5.447181654842486,control (non-VVP),True,-0.1645571192358312,-0.2239105607672859,24,29,0.42318908438135805,0.37785279869113236,4,4
720,Khanpaira,Pithoragarh,Unknown,Uttarakhand,True,29.82376,80.36499,5.991249511303318,control (non-VVP),True,-0.22315986111514824,-0.24045067042719936,48,58,0.5007945628525279,0.4294490609586174,4,4
721,Patharkhani,Pithoragarh,Unknown,Uttarakhand,True,29.53674,80.25101,6.078954259117757,control (non-VVP),True,-0.20515408830511386,-0.23450018612823134,24,31,0.5626507666811609,0.3869215957493635,4,4
