village_id,village,district,block,state,is_core_sample,latitude,longitude,distance_to_border_km,village_source,district_verified,built_before,built_after,built_before_image_count,built_after_image_count
1,Upper Traflagam 266829,Anjaw,Unknown,Arunachal Pradesh,True,28.3500638,96.6336613,10.208156031306832,control (non-VVP),True,,0.03566453827560286,0,2
2,Tarampa,Anjaw,Unknown,Arunachal Pradesh,True,28.3416126,96.6186283,11.259931743843367,control (non-VVP),True,,0.05380322436580845,0,2
3,Matkrong,Anjaw,Unknown,Arunachal Pradesh,True,27.8559038,96.9824133,12.21174958433055,control (non-VVP),True,,0.03616082094203944,2,8
4,Abochagan,Anjaw,Unknown,Arunachal Pradesh,True,28.3136489,96.6140466,14.385494242096671,control (non-VVP),True,,0.08448073122571871,0,2
5,Khalega,Anjaw,Unknown,Arunachal Pradesh,True,28.2806477,96.5718641,17.389387120162088,control (non-VVP),True,,0.05267663697614797,0,2
6,Shirong,Anjaw,Unknown,Arunachal Pradesh,True,27.903587,96.9409105,18.879751233480885,control (non-VVP),True,,0.043115584974005534,1,4
7,Khampti Pani,Anjaw,Unknown,Arunachal Pradesh,True,27.9282865,96.9573301,20.07481274759241,control (non-VVP),True,,0.07469072295653983,1,6
8,Xiao Madengliang,Anjaw,Unknown,Arunachal Pradesh,True,28.2208547,96.5152684,20.66721205919266,control (non-VVP),True,,0.07434046827777102,0,2
9,Tilam,Anjaw,Unknown,Arunachal Pradesh,True,28.1432798,97.0060273,21.122207787766506,control (non-VVP),True,,0.034757708656053384,0,3
10,Minjong,Anjaw,Unknown,Arunachal Pradesh,True,27.9447015,96.9531849,21.775446122663485,control (non-VVP),True,,0.03353138680521202,1,6
11,Jiliang,Anjaw,Unknown,Arunachal Pradesh,True,28.2187403,96.536865,21.785872271677064,control (non-VVP),True,,0.062238832320536404,0,2
12,Walang,Anjaw,Unknown,Arunachal Pradesh,True,27.882509,96.8550641,21.853357578949343,control (non-VVP),True,,0.042356164510466386,1,4
13,Tinai,Anjaw,Unknown,Arunachal Pradesh,True,28.1383669,97.0271327,22.12939324344721,control (non-VVP),True,,0.17332963981982014,0,3
14,Kalin,Anjaw,Unknown,Arunachal Pradesh,True,27.9654847,96.9709934,22.15837709115443,control (non-VVP),True,,0.03981743068728326,2,11
15,Halla,Anjaw,Unknown,Arunachal Pradesh,True,27.9655372,96.962708,22.66191626116016,control (non-VVP),True,,0.05654140729115428,1,6
16,Yashong Camp,Anjaw,Unknown,Arunachal Pradesh,True,27.9752592,96.9686698,23.166499666887443,control (non-VVP),True,0.0527873893312608,0.0482138393677466,2.0,11.0
17,Kaladun,Anjaw,Unknown,Arunachal Pradesh,True,27.9839219,96.9737606,23.672719201131454,control (non-VVP),True,0.0404955380048194,0.0487668173752161,2.0,11.0
18,Menilkrai,Anjaw,Unknown,Arunachal Pradesh,True,28.1024223,97.0047561,25.56053181319565,control (non-VVP),True,,0.10870645471472076,0,3
19,Sarti,Anjaw,Unknown,Arunachal Pradesh,True,28.0081411,96.9619129,26.55964309895621,control (non-VVP),True,,0.06419827534790758,1,6
20,Tarafliang,Anjaw,Unknown,Arunachal Pradesh,True,28.1541848,96.5174198,27.7622677852453,control (non-VVP),True,,0.07225805683874281,0,2
21,Chinagam,Anjaw,Unknown,Arunachal Pradesh,True,28.1625933,96.5530756,28.042568905542584,control (non-VVP),True,,0.032085955421880856,0,2
22,Nilang,Anjaw,Unknown,Arunachal Pradesh,True,28.1764497,96.6564414,28.486893314419977,control (non-VVP),True,,0.03883272209000243,0,2
23,Chipru,Anjaw,Unknown,Arunachal Pradesh,True,28.1503735,96.5374173,28.7529084694698,control (non-VVP),True,,0.05831461960386522,0,2
24,Jiongming,Anjaw,Unknown,Arunachal Pradesh,True,28.0367462,96.9717952,28.828837329459443,control (non-VVP),True,,0.05891782663880337,0,3
25,Warti,Anjaw,Unknown,Arunachal Pradesh,True,28.0392081,96.9729224,29.015113460311976,control (non-VVP),True,,0.06063773880245848,0,3
26,Chareimna,Anjaw,Unknown,Arunachal Pradesh,True,28.1695789,96.6589609,29.05506117418188,control (non-VVP),True,,0.04142891849678103,0,2
27,Bringkong,Anjaw,Unknown,Arunachal Pradesh,True,28.1715853,96.6504862,29.235932788914383,control (non-VVP),True,,0.03375511310583233,0,2
28,Baligam,Anjaw,Unknown,Arunachal Pradesh,True,28.1433091,96.5356291,29.43782006027962,control (non-VVP),True,,0.040585023053012315,0,2
29,Sethi,Anjaw,Unknown,Arunachal Pradesh,True,28.055845,96.9797354,30.465233345920453,control (non-VVP),True,,0.04730097945948899,0,3
30,Challang,Anjaw,Unknown,Arunachal Pradesh,True,28.1551886,96.6522501,30.782237092846348,control (non-VVP),True,,0.03610811469554317,0,2
31,Matiliang 266674,Anjaw,Unknown,Arunachal Pradesh,True,28.1076072,96.445203,30.920931427207496,control (non-VVP),True,,0.03847038226786318,0,2
32,Tololiang,Anjaw,Unknown,Arunachal Pradesh,True,28.1256641,96.547808,31.674637251537064,control (non-VVP),True,,0.03267568569681484,0,2
33,Chamemla,Anjaw,Unknown,Arunachal Pradesh,True,28.1286743,96.5620271,31.85281522562808,control (non-VVP),True,,0.03135876220325946,0,2
34,Bulimina,Anjaw,Unknown,Arunachal Pradesh,True,28.1406221,96.6583188,31.954247870225128,control (non-VVP),True,,0.04664871083618441,0,2
35,Hoiliang 266714,Anjaw,Unknown,Arunachal Pradesh,True,28.0981287,96.4478867,32.0053640309043,control (non-VVP),True,,0.04534985764718618,0,2
36,Tuboka,Anjaw,Unknown,Arunachal Pradesh,True,28.1222299,96.5542939,32.24772241518634,control (non-VVP),True,,0.03262893398042413,0,2
37,Tikromna,Anjaw,Unknown,Arunachal Pradesh,True,28.1182382,96.5447809,32.358005180805385,control (non-VVP),True,,0.05055913059614682,0,2
38,Adomla,Anjaw,Unknown,Arunachal Pradesh,True,28.1135364,96.5375112,32.63931418458326,control (non-VVP),True,,0.05038209855281985,0,2
39,Tafraliang,Anjaw,Unknown,Arunachal Pradesh,True,28.0886403,96.4529695,33.153023601738646,control (non-VVP),True,,0.06849362561575296,0,2
40,Paluliang,Anjaw,Unknown,Arunachal Pradesh,True,28.1167741,96.5706359,33.39289000170816,control (non-VVP),True,,0.035377582415906016,0,2
41,Tikromla,Anjaw,Unknown,Arunachal Pradesh,True,28.0971168,96.5348369,34.31385251032624,control (non-VVP),True,,0.043025924877665725,0,2
42,Champhai,Anjaw,Unknown,Arunachal Pradesh,True,28.1085212,96.57408,34.3674923444699,control (non-VVP),True,,0.03433376607394246,0,2
43,Chirang 266667,Anjaw,Unknown,Arunachal Pradesh,True,28.0684239,96.4069505,34.51581155631747,control (non-VVP),True,,0.034346772734928185,0,2
44,Barafu,Anjaw,Unknown,Arunachal Pradesh,True,28.1017011,96.558488,34.52797727422521,control (non-VVP),True,,0.039008323701646495,0,2
45,Langum,Anjaw,Unknown,Arunachal Pradesh,True,28.1218659,96.6112899,34.76622900601115,control (non-VVP),True,,0.04399292528797573,0,2
46,Khupa Village 266673,Anjaw,Unknown,Arunachal Pradesh,True,28.0771387,96.4736667,34.92083910596573,control (non-VVP),True,,0.07877106835516533,0,2
47,Hayugam,Anjaw,Unknown,Arunachal Pradesh,True,28.0893566,96.5438268,35.3843601683056,control (non-VVP),True,,0.03247433026368757,0,2
48,Kalamdia,Anjaw,Unknown,Arunachal Pradesh,True,28.0994655,96.5765815,35.38966199183561,control (non-VVP),True,,0.06141951715647988,0,2
49,Khugam,Anjaw,Unknown,Arunachal Pradesh,True,28.0970181,96.5765587,35.64039244454056,control (non-VVP),True,,0.061203361316065505,0,2
50,Swami Camp,Anjaw,Unknown,Arunachal Pradesh,True,28.0761921,96.5004673,35.71663701514807,control (non-VVP),True,,0.18018438458611613,0,2
51,Chameliang,Anjaw,Unknown,Arunachal Pradesh,True,28.081538,96.5395274,36.10070905223501,control (non-VVP),True,,0.0864430740512809,0,2
52,Nenuliang,Anjaw,Unknown,Arunachal Pradesh,True,28.0695914,96.5025516,36.47740878026867,control (non-VVP),True,,0.06124339721118211,0,2
53,Khupa Township,Anjaw,Unknown,Arunachal Pradesh,True,28.0654038,96.4926664,36.669653927690405,control (non-VVP),True,,0.22677006914153394,0,2
54,Amliang,Anjaw,Unknown,Arunachal Pradesh,True,28.0586788,96.4688356,36.772239821896335,control (non-VVP),True,,0.09529664963388916,0,2
55,Mompani,Anjaw,Unknown,Arunachal Pradesh,True,28.0513007,96.4415599,36.90022530314944,control (non-VVP),True,,0.07644722895436781,0,2
56,Langjon,Anjaw,Unknown,Arunachal Pradesh,True,28.053427,96.4586965,37.07185575220221,control (non-VVP),True,,0.05758132309314368,0,2
57,Thamptong 266699,Anjaw,Unknown,Arunachal Pradesh,True,28.0678982,96.519264,37.09174843787751,control (non-VVP),True,,0.03260442208172669,0,2
58,Talang,Anjaw,Unknown,Arunachal Pradesh,True,28.0840788,96.5820921,37.17372787408739,control (non-VVP),True,,0.031679213844390534,0,2
59,Mahikong,Anjaw,Unknown,Arunachal Pradesh,True,28.0544424,96.4828253,37.58834433224498,control (non-VVP),True,,0.05461893174755482,0,2
60,Tepang,Anjaw,Unknown,Arunachal Pradesh,True,27.9688421,96.7188848,37.9259149195321,control (non-VVP),True,,0.04862812758865089,1,6
61,Blom,Anjaw,Unknown,Arunachal Pradesh,True,28.0783604,96.5876028,37.96428159431192,control (non-VVP),True,,0.0319124123427362,0,2
62,布拉母哈岗,Anjaw,Unknown,Arunachal Pradesh,True,28.0669816,96.5559722,38.103619818542384,control (non-VVP),True,,0.08103144085338092,0,2
63,Kamba,Anjaw,Unknown,Arunachal Pradesh,True,28.0665856,96.5608784,38.29061279666109,control (non-VVP),True,,0.065093584981698,0,2
64,Chillang,Anjaw,Unknown,Arunachal Pradesh,True,28.0356469,96.4227016,38.30913224271945,control (non-VVP),True,,0.03471574785374431,0,2
65,Chingraliang 266703,Anjaw,Unknown,Arunachal Pradesh,True,28.0460551,96.4835718,38.5057562974661,control (non-VVP),True,,0.034721306897906104,0,2
66,Mele 266697,Anjaw,Unknown,Arunachal Pradesh,True,28.0533163,96.5470204,39.31156367802646,control (non-VVP),True,,0.033240361495631844,0,2
67,Karangliang,Anjaw,Unknown,Arunachal Pradesh,True,28.0328845,96.4619146,39.35483127096242,control (non-VVP),True,,0.032532317575861544,0,2
68,Naraliang,Anjaw,Unknown,Arunachal Pradesh,True,28.0272329,96.4412739,39.516581462951535,control (non-VVP),True,,0.04600371279944791,0,2
69,Takaliang,Anjaw,Unknown,Arunachal Pradesh,True,28.0190688,96.4160791,40.05087119190448,control (non-VVP),True,,0.03298005136314533,0,2
70,Chiphugam 266713,Anjaw,Unknown,Arunachal Pradesh,True,28.0127703,96.4014324,40.608662519250345,control (non-VVP),True,,0.03415362988868344,0,2
71,Khorlang,Anjaw,Unknown,Arunachal Pradesh,True,28.0257952,96.487329,40.77244573605165,control (non-VVP),True,,0.031995447694431044,0,2
72,Tummla,Anjaw,Unknown,Arunachal Pradesh,True,28.0474659,96.582792,40.9916149981248,control (non-VVP),True,,0.09730846881851404,0,2
73,Matong,Anjaw,Unknown,Arunachal Pradesh,True,28.0593901,96.6181031,41.1988576731284,control (non-VVP),True,,0.031993151350879524,0,2
74,Paya,Anjaw,Unknown,Arunachal Pradesh,True,28.0083682,96.4228615,41.3081896196448,control (non-VVP),True,,0.04236624505882523,0,2
75,Supnung,Anjaw,Unknown,Arunachal Pradesh,True,28.0571961,96.6182474,41.42029518150113,control (non-VVP),True,,0.03063685542477922,0,2
76,Bruini,Dibang Valley,Unknown,Arunachal Pradesh,True,29.1545325,96.1488625,4.739801400488968,control (non-VVP),True,0.0320080678674742,0.0397604909361062,6.0,21.0
77,Andrala Omkar,Dibang Valley,Unknown,Arunachal Pradesh,True,29.0623725,95.6169709,12.5097504539976,control (non-VVP),True,0.0415621642460875,0.0356276305231129,3.0,10.0
78,阿进,Dibang Valley,Unknown,Arunachal Pradesh,True,29.0685,96.0265797,14.471694450516267,control (non-VVP),True,0.0332026955768702,0.0440209179537531,6.0,21.0
79,Mawu,Dibang Valley,Unknown,Arunachal Pradesh,True,29.0571162,96.0144078,15.67462930303044,control (non-VVP),True,0.0318041563269627,0.0362711719783275,6.0,21.0
80,阿普衣,Dibang Valley,Unknown,Arunachal Pradesh,True,29.0043871,95.9701987,20.09789314478475,control (non-VVP),True,0.0506326225308868,0.0440938679911269,6.0,21.0
81,Dambuen,Dibang Valley,Unknown,Arunachal Pradesh,True,28.931081,95.9752764,21.21593602485472,control (non-VVP),True,0.0468164950727099,0.0657574171053405,6.0,21.0
82,Basam,Dibang Valley,Unknown,Arunachal Pradesh,True,29.0406371,95.8135986,21.81207441458054,control (non-VVP),True,0.0402379655802039,0.0393501781077187,3.0,10.0
83,Rilley,Dibang Valley,Unknown,Arunachal Pradesh,True,28.8599437,95.9809166,22.764206356793835,control (non-VVP),True,0.0345252056312677,0.03525346959275,16.0,37.0
84,dian,Dibang Valley,Unknown,Arunachal Pradesh,True,28.9488654,95.6849583,23.39036782499988,control (non-VVP),True,0.0304143402888771,0.0313606587674856,3.0,10.0
85,埃巴尼,Dibang Valley,Unknown,Arunachal Pradesh,True,29.0173756,95.8081057,23.9627626264192,control (non-VVP),True,0.0354652028402778,0.0369761417498298,3.0,10.0
86,Atalin,Dibang Valley,Unknown,Arunachal Pradesh,True,28.8368966,95.9659782,25.176539267310137,control (non-VVP),True,0.0840633762148575,0.095727433938412,16.0,37.0
87,Ahunli,Dibang Valley,Unknown,Arunachal Pradesh,True,28.8345474,95.9597204,25.83864178208416,control (non-VVP),True,0.1077720930270938,0.1510928793834478,16.0,37.0
88,Abali,Dibang Valley,Unknown,Arunachal Pradesh,True,28.99724,95.8076255,26.034179785880767,control (non-VVP),True,0.0319576875633351,0.0327217444826722,3.0,10.0
89,Beyanli,Dibang Valley,Unknown,Arunachal Pradesh,True,28.9959135,95.8079275,26.18250955105191,control (non-VVP),True,0.0317023946830683,0.0323861348637192,3.0,10.0
90,Awalin,Dibang Valley,Unknown,Arunachal Pradesh,True,28.7056681,96.1699665,26.211338075489483,control (non-VVP),True,,0.03816683822870632,10,16
91,Singo,Dibang Valley,Unknown,Arunachal Pradesh,True,28.8257925,95.9457494,27.496207989464107,control (non-VVP),True,0.0448530440430127,0.0623541845221997,16.0,37.0
92,Mihundo,Dibang Valley,Unknown,Arunachal Pradesh,True,28.829056,95.9393137,27.89030060387755,control (non-VVP),True,0.0480031666749056,0.0571856709759755,16.0,37.0
93,Akolin,Dibang Valley,Unknown,Arunachal Pradesh,True,28.8236778,95.9416852,27.95640540054999,control (non-VVP),True,0.0551116880837993,0.0708765265234395,16.0,37.0
94,Ayongo,Dibang Valley,Unknown,Arunachal Pradesh,True,28.8230669,95.9418373,27.97493894289717,control (non-VVP),True,0.0548766550386976,0.0691053536263332,16.0,37.0
95,Ahunli,Dibang Valley,Unknown,Arunachal Pradesh,True,28.8140704,95.9419262,28.44828524069856,control (non-VVP),True,0.0307481124174627,0.0339348118795666,16.0,37.0
96,Angulin,Dibang Valley,Unknown,Arunachal Pradesh,True,28.9748478,95.8112262,28.49318519693004,control (non-VVP),True,0.0357793581346145,0.0483907525308546,3.0,10.0
97,Makuni,Dibang Valley,Unknown,Arunachal Pradesh,True,28.8221427,95.9310087,28.9594463116276,control (non-VVP),True,0.0335769554342225,0.0349599117515469,16.0,37.0
98,Etabe,Dibang Valley,Unknown,Arunachal Pradesh,True,28.8079186,95.9351971,29.358010050916832,control (non-VVP),True,0.0476513614631216,0.0499333040399094,16.0,37.0
99,Baro,Dibang Valley,Unknown,Arunachal Pradesh,True,28.7934003,95.9284162,30.75864356991968,control (non-VVP),True,0.0297217789266163,0.0345855418691581,10.0,16.0
100,Apanli,Dibang Valley,Unknown,Arunachal Pradesh,True,28.6700204,96.1056557,31.29422934107572,control (non-VVP),True,0.0355535507890248,0.0501069387963655,10.0,16.0
101,Larango,Dibang Valley,Unknown,Arunachal Pradesh,True,28.7880718,95.918821,31.86607740091618,control (non-VVP),True,0.0319356122234254,0.0396418549637483,6.0,9.0
102,Amuli,Dibang Valley,Unknown,Arunachal Pradesh,True,28.7875753,95.9141519,32.28166853802251,control (non-VVP),True,0.0376119033655547,0.0418101678887591,6.0,9.0
103,Brango,Dibang Valley,Unknown,Arunachal Pradesh,True,28.9405604,95.8173923,32.29183869008044,control (non-VVP),True,0.0545266232359654,0.0448931176551085,3.0,10.0
104,Akunli,Dibang Valley,Unknown,Arunachal Pradesh,True,28.8111887,95.8962517,32.5355921450053,control (non-VVP),True,0.071924921014953,0.0583229795123553,9.0,19.0
105,Karu,Dibang Valley,Unknown,Arunachal Pradesh,True,28.8049354,95.8992688,32.587821958149284,control (non-VVP),True,0.074480002616529,0.097987239213804,6.0,9.0
106,Tanga II,Dibang Valley,Unknown,Arunachal Pradesh,True,28.8136293,95.893295,32.67631994699575,control (non-VVP),True,0.0623279653798912,0.0527085542707353,9.0,19.0
107,Akhunli,Dibang Valley,Unknown,Arunachal Pradesh,True,28.6685127,96.059513,32.993165287526374,control (non-VVP),True,0.0343938376035932,0.0412477025450524,10.0,16.0
108,Maro,Dibang Valley,Unknown,Arunachal Pradesh,True,28.8314281,95.8735957,33.65500502664909,control (non-VVP),True,0.0327516295373757,0.0323099011102779,9.0,19.0
109,Tapo,Dibang Valley,Unknown,Arunachal Pradesh,True,28.8150846,95.8784431,33.92158477451002,control (non-VVP),True,0.0319815139179831,0.0331743663111257,9.0,19.0
110,Amboli,Dibang Valley,Unknown,Arunachal Pradesh,True,28.7782095,95.9006268,33.951810510469485,control (non-VVP),True,0.0386521090593045,0.04348945427396,6.0,9.0
111,Charkilo,Dibang Valley,Unknown,Arunachal Pradesh,True,28.8156575,95.8773093,33.996313730005284,control (non-VVP),True,0.031928474868859,0.0330320692011969,9.0,19.0
112,Maroli,Dibang Valley,Unknown,Arunachal Pradesh,True,28.8551403,95.8604802,34.02008814842359,control (non-VVP),True,0.0380555616621932,0.0370176152054474,9.0,19.0
113,Angulin,Dibang Valley,Unknown,Arunachal Pradesh,True,28.7972034,95.8857247,34.1570920023645,control (non-VVP),True,0.0890644772944133,0.0786579942051908,6.0,9.0
114,Athunli,Dibang Valley,Unknown,Arunachal Pradesh,True,28.6575175,96.0218393,35.703524383599735,control (non-VVP),True,0.0495590354460704,0.1010576140366257,10.0,16.0
115,Anose,Dibang Valley,Unknown,Arunachal Pradesh,True,28.6322763,96.0147489,35.94683270524162,control (non-VVP),True,0.0307730067252118,0.031757251215466,10.0,16.0
116,恰帕,Dibang Valley,Unknown,Arunachal Pradesh,True,28.6587596,96.0107761,36.10892685686056,control (non-VVP),True,0.0314567989768916,0.0457363800757052,10.0,16.0
117,Ilupu,Dibang Valley,Unknown,Arunachal Pradesh,True,28.7766747,95.8707591,36.53752328568139,control (non-VVP),True,0.0721173886450128,0.0608851482601398,6.0,9.0
118,Alombro,Dibang Valley,Unknown,Arunachal Pradesh,True,28.8912928,95.8139536,37.44827678081757,control (non-VVP),True,0.0296952154548949,0.037560618521385,9.0,19.0
119,岷东,Dibang Valley,Unknown,Arunachal Pradesh,True,28.7733786,95.8573956,37.85177130688197,control (non-VVP),True,0.0319950456517074,0.0353635393635532,6.0,9.0
120,昂里,Dibang Valley,Unknown,Arunachal Pradesh,True,28.6444365,95.9929441,38.360632618269065,control (non-VVP),True,0.0382667732778986,0.0454845555550615,10.0,16.0
121,Aruko,Dibang Valley,Unknown,Arunachal Pradesh,True,28.6365123,96.0073067,38.42709422070483,control (non-VVP),True,0.0311359868585565,0.0330572863210182,10.0,16.0
122,阿米里,Dibang Valley,Unknown,Arunachal Pradesh,True,28.3999197,95.9040857,39.043917134710846,control (non-VVP),True,0.0953635966783773,0.074367243429454,7.0,9.0
123,Ashambra,Dibang Valley,Unknown,Arunachal Pradesh,True,28.4083935,95.8960457,39.78552162439113,control (non-VVP),True,0.0472173076211604,0.0549081830366218,7.0,9.0
124,Immli,Dibang Valley,Unknown,Arunachal Pradesh,True,28.7250516,95.8683257,39.89816301809222,control (non-VVP),True,0.0377380450658675,0.0392477967473837,6.0,9.0
125,Koronli,Dibang Valley,Unknown,Arunachal Pradesh,True,28.4146922,95.8929454,40.07023852433401,control (non-VVP),True,0.071393022147722,0.0787379378283783,7.0,9.0
126,柯委,Dibang Valley,Unknown,Arunachal Pradesh,True,28.7183921,95.8681743,40.35795197178727,control (non-VVP),True,0.0422363089281767,0.0381694080318645,6.0,9.0
127,鲁波,Dibang Valley,Unknown,Arunachal Pradesh,True,28.4499048,95.8843525,41.02762145083768,control (non-VVP),True,0.0333219592756276,0.0319580215130486,6.0,9.0
128,Ichigo,Dibang Valley,Unknown,Arunachal Pradesh,True,28.5155155,95.8937841,41.32167078574314,control (non-VVP),True,0.0312058033380564,0.0352441367313813,6.0,9.0
129,Arope,Dibang Valley,Unknown,Arunachal Pradesh,True,28.6313227,95.9389968,42.48747530154613,control (non-VVP),True,0.0419656367800968,0.0476490476223035,10.0,16.0
130,Waing,East Kameng,Unknown,Arunachal Pradesh,True,27.7737215,92.9303658,28.808420130737865,control (non-VVP),True,0.0344077393938859,0.0314117253559136,4.0,4.0
131,Saria Takhong,East Kameng,Unknown,Arunachal Pradesh,True,27.7461293,92.9324466,30.596867243551923,control (non-VVP),True,0.0327386377303251,0.044832266886661,4.0,4.0
132,Takung Sullung,East Kameng,Unknown,Arunachal Pradesh,True,27.737803,92.9545701,32.951598760424496,control (non-VVP),True,0.0311586072379438,0.0332801040572086,4.0,4.0
133,Weigung Sullung,East Kameng,Unknown,Arunachal Pradesh,True,27.7282868,92.9780365,35.489345723754084,control (non-VVP),True,0.0355939299624187,0.0370133550295814,4.0,4.0
134,Mechar,East Kameng,Unknown,Arunachal Pradesh,True,27.7792152,93.0216134,36.19220014344069,control (non-VVP),True,0.0370028527739585,0.0371798621004133,10.0,8.0
135,Mechi,East Kameng,Unknown,Arunachal Pradesh,True,27.7740086,93.0208212,36.435710208882135,control (non-VVP),True,0.0374187321531238,0.0387645886724722,10.0,8.0
136,Yakli,East Kameng,Unknown,Arunachal Pradesh,True,27.7643991,93.0211222,37.03298419591293,control (non-VVP),True,0.0495957320669212,0.0826762409734864,10.0,8.0
137,Venia,East Kameng,Unknown,Arunachal Pradesh,True,27.7340861,93.0020799,37.180052358596086,control (non-VVP),True,0.0458224851117685,0.0552594700770257,10.0,8.0
138,Veo,East Kameng,Unknown,Arunachal Pradesh,True,27.7219814,93.017386,39.18026752602492,control (non-VVP),True,0.0323741276333276,0.033642377088138,10.0,8.0
139,Kapa,East Kameng,Unknown,Arunachal Pradesh,True,27.6655139,92.9735655,39.40773498381321,control (non-VVP),True,0.0409532020989135,0.0443424537206872,4.0,5.0
140,Chaling,East Kameng,Unknown,Arunachal Pradesh,True,27.66365,92.9723051,39.46081918358346,control (non-VVP),True,0.0417468496533163,0.0501710656547709,4.0,5.0
141,Lamniya,East Kameng,Unknown,Arunachal Pradesh,True,27.7095829,93.0130663,39.54090859836912,control (non-VVP),True,0.04409342624397785,0.03484858364644025,10,8
142,Parte,East Kameng,Unknown,Arunachal Pradesh,True,27.689839,93.0024418,39.80447048442179,control (non-VVP),True,0.03395544028294623,0.04169808833831457,10,9
143,Tabey,East Kameng,Unknown,Arunachal Pradesh,True,27.6122188,92.9122259,39.99774466973592,control (non-VVP),True,0.03740284504685482,0.0447336051389785,4,5
144,Yacho,East Kameng,Unknown,Arunachal Pradesh,True,27.6396662,92.9601837,40.53666042307762,control (non-VVP),True,0.034378977793669094,0.040395707273727405,4,5
145,Wagyang,East Kameng,Unknown,Arunachal Pradesh,True,27.6713461,93.0008935,40.980446902147314,control (non-VVP),True,0.03170115829832802,0.03261403714279838,10,10
146,Nampe,East Kameng,Unknown,Arunachal Pradesh,True,27.6900524,93.018259,41.12206662038251,control (non-VVP),True,0.03514325130746962,0.0407090986587387,10,9
147,Jomoh,East Kameng,Unknown,Arunachal Pradesh,True,27.6573981,92.9985809,41.82844426537984,control (non-VVP),True,0.05797878063283463,0.06492540998442566,10,10
148,Hanche,East Kameng,Unknown,Arunachal Pradesh,True,27.7421636,93.0637776,41.93292929038523,control (non-VVP),True,0.030167938961710657,0.03421158765730383,10,8
149,Byale,East Kameng,Unknown,Arunachal Pradesh,True,27.7356495,93.0675738,42.63914939786015,control (non-VVP),True,0.029696916927512605,0.0507360299391246,10,8
150,Waii,East Kameng,Unknown,Arunachal Pradesh,True,27.5965694,92.9464187,43.36805820629529,control (non-VVP),True,0.0555622378583651,0.052994448833519565,4,5
151,Namta Yangfo,East Kameng,Unknown,Arunachal Pradesh,True,27.7018661,93.0532147,43.38193597017538,control (non-VVP),True,0.02921980698188962,0.03702721970011853,10,9
152,Lapung,East Kameng,Unknown,Arunachal Pradesh,True,27.5627371,92.8898001,43.56340878215714,control (non-VVP),True,0.035660375639664954,0.03933078572813481,4,5
153,Bodo,East Kameng,Unknown,Arunachal Pradesh,True,27.680324,93.0406964,43.58582808883735,control (non-VVP),True,0.04546169386765388,0.03571741512400196,10,9
154,Jokhio,East Kameng,Unknown,Arunachal Pradesh,True,27.6531478,93.0282798,44.345881287237766,control (non-VVP),True,0.047723838057265086,0.044720601849269064,10,10
155,Sawa,East Kameng,Unknown,Arunachal Pradesh,True,27.6833826,93.0522114,44.37900635323837,control (non-VVP),True,0.0970276062009633,0.10912306040406208,10,9
156,Tungi,East Kameng,Unknown,Arunachal Pradesh,True,27.674452,93.0461713,44.39177806986576,control (non-VVP),True,0.041481280503234866,0.03543971065642582,10,9
157,Bengde,East Kameng,Unknown,Arunachal Pradesh,True,27.6619285,93.0379357,44.46874619346225,control (non-VVP),True,0.04155318272914364,0.03651811876046276,10,10
158,Pangia,East Kameng,Unknown,Arunachal Pradesh,True,27.633391,93.0158758,44.88700945558452,control (non-VVP),True,0.03803696008208275,0.045789075001962706,10,10
159,Kapak Leyak Docha,East Kameng,Unknown,Arunachal Pradesh,True,27.5303152,92.8464486,45.07935601529687,control (non-VVP),True,0.052348414906204954,0.06186966867506779,4,5
160,Jattom Sollung,East Kameng,Unknown,Arunachal Pradesh,True,27.7610472,93.1233315,45.52894522093924,control (non-VVP),True,0.03291933488891469,0.039456384067733545,6,4
161,Krema Pao,East Kameng,Unknown,Arunachal Pradesh,True,27.6579303,93.0508089,45.750519494240194,control (non-VVP),True,0.03601584426845705,0.04125608130900669,10,10
162,Khenawa,East Kameng,Unknown,Arunachal Pradesh,True,27.6180869,93.016777,46.12843128494904,control (non-VVP),True,0.06921206012854002,0.08601752610086978,10,10
163,Tagampu Sollung,East Kameng,Unknown,Arunachal Pradesh,True,27.7343114,93.1143115,46.50540156670997,control (non-VVP),True,0.029859330488740475,0.03448056942994093,6,4
164,Norang,East Kameng,Unknown,Arunachal Pradesh,True,27.5824001,92.9783276,46.53440226970117,control (non-VVP),True,0.03351902513647642,0.03365086180054784,4,5
165,Margingia Camp,East Kameng,Unknown,Arunachal Pradesh,True,27.631307,93.0389871,46.72768006177675,control (non-VVP),True,0.05738130453145282,0.08304549579609145,10,10
166,Tarawa Yangfo,East Kameng,Unknown,Arunachal Pradesh,True,27.7267073,93.1157187,47.12625814259949,control (non-VVP),True,0.03043728716009999,0.03664912365163536,6,4
167,Pordung,East Kameng,Unknown,Arunachal Pradesh,True,27.6065455,93.0184293,47.150571405851686,control (non-VVP),True,0.03398847078951163,0.04530772870177622,10,10
168,Keyang,East Kameng,Unknown,Arunachal Pradesh,True,27.7303152,93.1297477,47.99146668996831,control (non-VVP),True,0.03299683098459391,0.037415307532863123,6,4
169,Kamke,East Kameng,Unknown,Arunachal Pradesh,True,27.6740303,93.089903,48.10858079900222,control (non-VVP),True,0.04675014984125185,0.04293633510242571,10,9
170,Bameng,East Kameng,Unknown,Arunachal Pradesh,True,27.5435197,92.9483413,48.31642452509473,control (non-VVP),True,0.15995564872632614,0.13578141735588967,4,5
171,Killo,East Kameng,Unknown,Arunachal Pradesh,True,27.685517,93.1001025,48.35318148630564,control (non-VVP),True,0.03622995638274081,0.046400063551689026,10,9
172,Mangfi Mangam,East Kameng,Unknown,Arunachal Pradesh,True,27.6440742,93.0724919,48.392638431502654,control (non-VVP),True,0.06283309945176198,0.0716712540845011,10,10
173,Nari Camp,East Kameng,Unknown,Arunachal Pradesh,True,27.6463432,93.0774393,48.677497437885805,control (non-VVP),True,0.05729810112859432,0.08237339134235318,10,10
174,Yangfo,East Kameng,Unknown,Arunachal Pradesh,True,27.7351995,93.144567,48.866778809306034,control (non-VVP),True,0.04239562260755277,0.06511923400362815,6,4
175,Rebe,East Kameng,Unknown,Arunachal Pradesh,True,27.6978845,93.1212163,49.3862257923554,control (non-VVP),True,0.04483014069272416,0.058576319454328576,6,4
176,Bosu Camp,East Kameng,Unknown,Arunachal Pradesh,True,27.655767,93.0931091,49.44864618048417,control (non-VVP),True,0.03551182213163049,0.03495604378526377,10,10
177,Domdila Tajo,East Kameng,Unknown,Arunachal Pradesh,True,27.6694255,93.1075453,49.86757546501422,control (non-VVP),True,0.04885677011375981,0.04865063197902403,6,5
178,Chome,Kra daadi,Unknown,Arunachal Pradesh,True,28.1503359,93.5386063,38.70554999309764,control (non-VVP),True,0.03204971915606346,0.031101489944067095,4,5
179,Raha,Kra daadi,Unknown,Arunachal Pradesh,True,28.1361584,93.5375846,39.50271163222105,control (non-VVP),True,0.03391209900444819,0.035228149167211634,4,5
180,Nikbia,Kra daadi,Unknown,Arunachal Pradesh,True,28.1267124,93.561505,42.03044209811645,control (non-VVP),True,0.03402236964057319,0.03367754349835158,4,5
181,Biya,Kra daadi,Unknown,Arunachal Pradesh,True,28.1035778,93.5745502,44.55838696481046,control (non-VVP),True,0.03486814493437355,0.036477275192367306,4,5
182,海马西,Kra daadi,Unknown,Arunachal Pradesh,True,28.2122563,93.6474944,45.41824863990996,control (non-VVP),True,0.04094607407073973,0.035341095814741805,4,5
183,Neorum,Kra daadi,Unknown,Arunachal Pradesh,True,28.1946749,93.6465911,45.98565409524642,control (non-VVP),True,0.03320110187215996,0.032423375252376596,4,5
184,Korapu,Kra daadi,Unknown,Arunachal Pradesh,True,28.1693463,93.6556686,47.866969739768685,control (non-VVP),True,0.05696083256442801,0.04012508415385283,4,5
185,Dongmar Langpu,Kra daadi,Unknown,Arunachal Pradesh,True,28.1625815,93.6543169,48.049304595056384,control (non-VVP),True,0.0335608179991929,0.030347773338257996,4,5
186,Raba Karsang,Kra daadi,Unknown,Arunachal Pradesh,True,28.1380163,93.6578323,49.54112017283783,control (non-VVP),True,,0.03509977796918074,4,5
187,Pipsorang,Kra daadi,Unknown,Arunachal Pradesh,True,28.1542122,93.6754322,50.32113443595387,control (non-VVP),True,0.06314637601927382,0.09667391668437494,4,3
188,Samba Karsang,Kra daadi,Unknown,Arunachal Pradesh,True,28.1421137,93.6699491,50.403600823355866,control (non-VVP),True,0.02815443186211772,0.031229980104513912,4,3
189,Lungba,Kra daadi,Unknown,Arunachal Pradesh,True,28.0563852,93.6123875,50.68892085304349,control (non-VVP),True,0.03464566713570063,0.03737782576634077,4,5
190,Barbia,Kra daadi,Unknown,Arunachal Pradesh,True,28.0190623,93.587875,51.595167768399534,control (non-VVP),True,0.036921418471748735,0.03371908486121787,8,7
191,Sangyo,Kra daadi,Unknown,Arunachal Pradesh,True,28.0739291,93.639461,51.65878822091823,control (non-VVP),True,0.03328681333121398,0.03416868116631542,4,5
192,Yame,Kra daadi,Unknown,Arunachal Pradesh,True,28.0522324,93.6242896,51.89243002350344,control (non-VVP),True,0.030962151595211335,0.0337893210368888,4,5
193,Furak,Kurung Kumey,Unknown,Arunachal Pradesh,True,28.1295763,93.2446185,23.644251699452592,control (non-VVP),True,0.034371932789764865,0.0388115339388322,4,5
194,Terreline,Kurung Kumey,Unknown,Arunachal Pradesh,True,28.1411574,93.3572171,26.51802186153796,control (non-VVP),True,0.031208301044012964,0.03193211095297816,4,5
195,Terik,Kurung Kumey,Unknown,Arunachal Pradesh,True,28.1291371,93.339988,26.77954567696128,control (non-VVP),True,0.03384336482024451,0.036840517502260306,4,5
196,Tikla,Kurung Kumey,Unknown,Arunachal Pradesh,True,28.1115397,93.3098102,27.28139338097069,control (non-VVP),True,0.06343255191577755,0.09430532202473786,4,5
197,Nayapuk,Kurung Kumey,Unknown,Arunachal Pradesh,True,28.1297215,93.3536247,27.39755940715146,control (non-VVP),True,0.032289621515748795,0.03365704242570835,4,5
198,帕普,Kurung Kumey,Unknown,Arunachal Pradesh,True,28.1632499,93.405407,27.60392116681208,control (non-VVP),True,0.032347306558466404,0.0325040639164672,4,5
199,Sayang,Kurung Kumey,Unknown,Arunachal Pradesh,True,28.1575101,93.4060193,28.10214916095901,control (non-VVP),True,0.03127324921193747,0.032221128237433054,4,5
200,Hagra,Kurung Kumey,Unknown,Arunachal Pradesh,True,28.0961261,93.2908666,28.286611791674424,control (non-VVP),True,0.0336847405618814,0.03520789073317091,4,5
201,哈德,Kurung Kumey,Unknown,Arunachal Pradesh,True,28.1661506,93.419094,28.34298124436513,control (non-VVP),True,0.03027571942239852,0.03123652889645913,4,5
202,Putong,Kurung Kumey,Unknown,Arunachal Pradesh,True,28.1031564,93.3259013,28.747518787759585,control (non-VVP),True,0.07443493890662785,0.09566330405604502,4,5
203,Tarla,Kurung Kumey,Unknown,Arunachal Pradesh,True,28.1131762,93.3533548,28.96445497287652,control (non-VVP),True,0.0327634601268735,0.03370284642598439,4,5
204,Kelong,Kurung Kumey,Unknown,Arunachal Pradesh,True,28.1556657,93.4203969,29.23949044212164,control (non-VVP),True,0.03072657996453186,0.0321520396641593,4,5
205,Sareng,Kurung Kumey,Unknown,Arunachal Pradesh,True,28.1433941,93.4071107,29.32352059865547,control (non-VVP),True,0.03301429532314346,0.034696315253820324,4,5
206,Chera,Kurung Kumey,Unknown,Arunachal Pradesh,True,28.105217,93.352456,29.69292920662148,control (non-VVP),True,0.04334839909446363,0.03726225952035798,4,5
207,Nayap,Kurung Kumey,Unknown,Arunachal Pradesh,True,28.1058646,93.3579216,29.890658452078466,control (non-VVP),True,0.03574210577099974,0.034375225390867556,4,5
208,Sitam,Kurung Kumey,Unknown,Arunachal Pradesh,True,28.0986373,93.3539313,30.40360630101741,control (non-VVP),True,0.04296989680002388,0.04044683202244973,4,5
209,Hiniyum,Kurung Kumey,Unknown,Arunachal Pradesh,True,28.127374,93.403807,30.464343482992355,control (non-VVP),True,0.032859331134362596,0.03228545787934211,4,5
210,Cheya,Kurung Kumey,Unknown,Arunachal Pradesh,True,28.0965707,93.3537616,30.597999096369417,control (non-VVP),True,0.04349053896933206,0.04042726848446745,4,5
211,Lubupa,Kurung Kumey,Unknown,Arunachal Pradesh,True,28.0922288,93.3535062,31.012561168714097,control (non-VVP),True,0.040252799402083074,0.03852267107113776,4,5
212,Bamo,Kurung Kumey,Unknown,Arunachal Pradesh,True,28.0971546,93.3686732,31.254154202601,control (non-VVP),True,0.03661354127268902,0.032840674386942235,4,5
213,Dania,Kurung Kumey,Unknown,Arunachal Pradesh,True,28.1225512,93.411611,31.36375991835551,control (non-VVP),True,0.044731317574641494,0.03540396459203288,4,5
214,Hala,Kurung Kumey,Unknown,Arunachal Pradesh,True,28.1166163,93.416693,32.188850811278364,control (non-VVP),True,0.03150691866309742,0.034719165245365044,4,5
215,Pilpu,Kurung Kumey,Unknown,Arunachal Pradesh,True,28.0798871,93.3655125,32.77271304001295,control (non-VVP),True,0.03278856246296119,0.03153602118001486,4,5
216,Goa,Kurung Kumey,Unknown,Arunachal Pradesh,True,28.0881033,93.3835385,32.86599086613841,control (non-VVP),True,0.03405427926487972,0.03251126080751114,4,5
217,Omla,Kurung Kumey,Unknown,Arunachal Pradesh,True,28.0789469,93.3730704,33.22055553315639,control (non-VVP),True,0.033698468787087134,0.03261505325816946,4,5
218,Meruk,Kurung Kumey,Unknown,Arunachal Pradesh,True,28.0723991,93.3604476,33.279858619395576,control (non-VVP),True,0.03161402341337255,0.032403418514097636,4,5
219,Nampe,Kurung Kumey,Unknown,Arunachal Pradesh,True,28.0957497,93.4106276,33.64910123388011,control (non-VVP),True,0.034759131048425304,0.0322915500638213,4,5
220,Dogwa,Kurung Kumey,Unknown,Arunachal Pradesh,True,28.0967706,93.4122381,33.6519244414456,control (non-VVP),True,0.03543223130445204,0.03246942811056069,4,5
221,Mariangha,Kurung Kumey,Unknown,Arunachal Pradesh,True,28.0768186,93.3779326,33.66090017580559,control (non-VVP),True,0.03451273758208487,0.03388836725664484,4,5
222,Vitalin,Kurung Kumey,Unknown,Arunachal Pradesh,True,27.8829315,93.061541,33.975486802444344,control (non-VVP),True,0.031570879235439483,0.034542478469352315,10,8
223,Hirik,Kurung Kumey,Unknown,Arunachal Pradesh,True,28.0857154,93.4141714,34.7540263686586,control (non-VVP),True,0.03036201626375414,0.03280370903425843,4,5
224,Subuk,Kurung Kumey,Unknown,Arunachal Pradesh,True,28.0825535,93.4104364,34.82883747652445,control (non-VVP),True,0.03069890329319764,0.0318102808769225,4,5
225,Jali,Kurung Kumey,Unknown,Arunachal Pradesh,True,28.0713102,93.3941648,34.998439529192474,control (non-VVP),True,0.03216145440234287,0.03366570901284922,4,5
226,Peni,Kurung Kumey,Unknown,Arunachal Pradesh,True,28.0675109,93.390127,35.154770319287536,control (non-VVP),True,0.031875117459423945,0.03245614898140441,4,5
227,Kodela,Kurung Kumey,Unknown,Arunachal Pradesh,True,28.0167667,93.2132294,35.25202747790925,control (non-VVP),True,0.03247337059344045,0.03681670393558686,10,9
228,Retung,Kurung Kumey,Unknown,Arunachal Pradesh,True,28.0126009,93.220157,35.844726407084124,control (non-VVP),True,0.04234696745857978,0.03758298678605656,10,9
229,Furang,Kurung Kumey,Unknown,Arunachal Pradesh,True,28.0069345,93.2141257,36.33741974223333,control (non-VVP),True,0.0329718005966444,0.035763098280951845,10,9
230,Taba,Kurung Kumey,Unknown,Arunachal Pradesh,True,28.0616364,93.4126933,36.876981618513945,control (non-VVP),True,0.03123797463713651,0.03602466817960854,4,5
231,Sejik,Kurung Kumey,Unknown,Arunachal Pradesh,True,28.0651757,93.4212354,37.01681620549449,control (non-VVP),True,0.04383173197414207,0.04408108248596987,4,5
232,Gone,Kurung Kumey,Unknown,Arunachal Pradesh,True,27.9567194,93.1119431,37.800271257200585,control (non-VVP),True,0.03212816220270481,0.03426301032347243,10,9
233,Kaney,Kurung Kumey,Unknown,Arunachal Pradesh,True,27.9880893,93.1999363,37.82599979539341,control (non-VVP),True,0.03442569234989569,0.03949300920734201,10,9
234,Hanglik,Kurung Kumey,Unknown,Arunachal Pradesh,True,28.0712841,93.4547212,38.44375648651784,control (non-VVP),True,0.032567020623518385,0.03237200178271099,4,5
235,Upper Lichila,Kurung Kumey,Unknown,Arunachal Pradesh,True,27.9798598,93.2015731,38.745249754930015,control (non-VVP),True,0.036061423126654876,0.03804930379442856,10,9
236,Palo,Kurung Kumey,Unknown,Arunachal Pradesh,True,27.9441662,93.1157356,39.226567277213874,control (non-VVP),True,0.04428325978862463,0.036682248873934814,10,9
237,Nade,Kurung Kumey,Unknown,Arunachal Pradesh,True,27.9617646,93.1869151,40.214666278583984,control (non-VVP),True,0.03928965663672057,0.04815614477822624,10,9
238,Lamnia,Kurung Kumey,Unknown,Arunachal Pradesh,True,28.0504537,93.4555379,40.311592515249735,control (non-VVP),True,0.03450901578664704,0.044554730174228833,4,5
239,Lee,Kurung Kumey,Unknown,Arunachal Pradesh,True,27.9633075,93.202655,40.5273712000208,control (non-VVP),True,0.04390601541719818,0.05170676563320415,10,9
240,Chotte,Kurung Kumey,Unknown,Arunachal Pradesh,True,28.0474404,93.455651,40.58526244923831,control (non-VVP),True,0.03709416024193324,0.05067090822858065,4,5
241,Mala,Kurung Kumey,Unknown,Arunachal Pradesh,True,28.0438593,93.4527315,40.733939823600245,control (non-VVP),True,0.044774542647149244,0.053284903353121346,4,5
242,Pachik,Kurung Kumey,Unknown,Arunachal Pradesh,True,28.0431644,93.4563404,41.00603214290621,control (non-VVP),True,0.04394667807818775,0.052485498034074415,4,5
243,Lower Lichila,Kurung Kumey,Unknown,Arunachal Pradesh,True,27.9634244,93.228221,41.34605860852293,control (non-VVP),True,0.040723242171224805,0.03536791019695256,10,9
244,Baribayang,Kurung Kumey,Unknown,Arunachal Pradesh,True,27.9405099,93.1576514,41.57653710677136,control (non-VVP),True,0.031159974041119264,0.03249915357253112,10,9
245,Sipe,Kurung Kumey,Unknown,Arunachal Pradesh,True,27.9473278,93.1919733,41.89340447326483,control (non-VVP),True,0.03218149434906395,0.032458448095903626,10,9
246,Kodela,Kurung Kumey,Unknown,Arunachal Pradesh,True,27.9589181,93.2421602,42.11795642501733,control (non-VVP),True,0.06425472787300571,0.039288957624223346,10,9
247,Haleba,Kurung Kumey,Unknown,Arunachal Pradesh,True,27.9535172,93.2212596,42.28019632157901,control (non-VVP),True,0.032836846688298615,0.03217696938340302,10,9
248,Sewaring,Kurung Kumey,Unknown,Arunachal Pradesh,True,27.9487419,93.2097591,42.281563352875466,control (non-VVP),True,0.03508079005201291,0.032542450029229196,10,9
249,Kelin,Kurung Kumey,Unknown,Arunachal Pradesh,True,28.0334539,93.4679615,42.55146449585489,control (non-VVP),True,0.04937807064627163,0.08085852441971185,4,5
250,Tai,Kurung Kumey,Unknown,Arunachal Pradesh,True,27.9557116,93.2503551,42.63224130132467,control (non-VVP),True,0.03603203180925518,0.03741965727736845,10,9
251,Mangio,Kurung Kumey,Unknown,Arunachal Pradesh,True,28.0318367,93.4689617,42.75388023518099,control (non-VVP),True,0.049242231434721596,0.08144847078029141,4,5
252,Hashi,Kurung Kumey,Unknown,Arunachal Pradesh,True,28.029797,93.4690502,42.94030383895248,control (non-VVP),True,0.04867136801792356,0.0868204494231775,4,5
253,Ruktepu,Kurung Kumey,Unknown,Arunachal Pradesh,True,27.945805,93.2387355,43.47181854815469,control (non-VVP),True,0.043945799048074975,0.03419092536354489,10,9
254,Rilong,Kurung Kumey,Unknown,Arunachal Pradesh,True,27.9510659,93.2673215,43.48068010680575,control (non-VVP),True,0.03498227666235275,0.03546886604191162,10,9
255,Fua,Kurung Kumey,Unknown,Arunachal Pradesh,True,27.9448103,93.2637154,44.0865288735071,control (non-VVP),True,0.0318812232344784,0.034851561804311856,10,9
256,Dome,Kurung Kumey,Unknown,Arunachal Pradesh,True,27.9445671,93.2883561,44.5896695685161,control (non-VVP),True,0.04106332359255945,0.05503021654951735,10,9
257,Solung,Kurung Kumey,Unknown,Arunachal Pradesh,True,28.016221,93.4805766,44.82397118514112,control (non-VVP),True,0.034457821825876284,0.037798386632833615,8,7
258,Pariuk,Kurung Kumey,Unknown,Arunachal Pradesh,True,27.9393093,93.2903924,45.19870782941564,control (non-VVP),True,0.03353403335877973,0.03442709900321175,10,9
259,Rakte,Kurung Kumey,Unknown,Arunachal Pradesh,True,27.926534,93.2636139,46.06823846479028,control (non-VVP),True,0.031499959366528496,0.03198849345912429,6,4
260,Patuk,Kurung Kumey,Unknown,Arunachal Pradesh,True,28.0084129,93.4938419,46.299794565268975,control (non-VVP),True,0.07098219908544465,0.09631137223828984,8,7
261,Sebi,Kurung Kumey,Unknown,Arunachal Pradesh,True,27.9282641,93.3018993,46.61433157331805,control (non-VVP),True,0.03438868081433395,0.03208068151471358,6,4
262,Joku,Kurung Kumey,Unknown,Arunachal Pradesh,True,28.0070922,93.4973613,46.62628909613486,control (non-VVP),True,0.06802593609451532,0.08065384560317901,8,7
263,Digging,Kurung Kumey,Unknown,Arunachal Pradesh,True,27.9235664,93.283198,46.78763481249497,control (non-VVP),True,0.03173858460319629,0.037927001207115264,6,4
264,Mangdo,Kurung Kumey,Unknown,Arunachal Pradesh,True,28.0051556,93.4984123,46.859501027541725,control (non-VVP),True,0.061172492360261344,0.05976846505823951,8,7
265,Relung,Kurung Kumey,Unknown,Arunachal Pradesh,True,27.9267335,93.3063161,46.86825949798589,control (non-VVP),True,0.03365167388199988,0.03145223147985075,6,4
266,Lungte Tacha,Kurung Kumey,Unknown,Arunachal Pradesh,True,28.0384138,93.5537004,47.69094966353208,control (non-VVP),True,0.0334990300553035,0.03282560735391087,4,5
267,Toba,Kurung Kumey,Unknown,Arunachal Pradesh,True,27.9156223,93.2907437,47.78939326062448,control (non-VVP),True,0.03318858074649114,0.036076954732859115,6,4
268,Kanchangjana,Kurung Kumey,Unknown,Arunachal Pradesh,True,27.9125039,93.3209425,48.71997667860336,control (non-VVP),True,0.03571698098123243,0.037998748908090615,6,4
269,Mara,Kurung Kumey,Unknown,Arunachal Pradesh,True,27.9118254,93.3236314,48.85404267322851,control (non-VVP),True,0.037197332134233096,0.04166645046830784,6,4
270,Jeevandept,Kurung Kumey,Unknown,Arunachal Pradesh,True,27.9115014,93.3332283,49.11695225445854,control (non-VVP),True,0.05841920667403301,0.06970067160112442,6,4
271,Parsi-Parlo,Kurung Kumey,Unknown,Arunachal Pradesh,True,27.9895698,93.5138011,49.151363014137466,control (non-VVP),True,0.18568836210395404,0.19609916433224564,8,7
272,Nikja,Kurung Kumey,Unknown,Arunachal Pradesh,True,27.9157176,93.3536671,49.21145406736955,control (non-VVP),True,0.053890490587485324,0.05049089643541175,6,4
273,Tumbia,Kurung Kumey,Unknown,Arunachal Pradesh,True,28.0021269,93.5328877,49.2503520875537,control (non-VVP),True,0.03595903364933452,0.03724971417298514,8,7
274,Satum,Kurung Kumey,Unknown,Arunachal Pradesh,True,27.9120184,93.3437143,49.33027572220367,control (non-VVP),True,0.06396797422463077,0.06489013146102478,6,4
275,Labia,Kurung Kumey,Unknown,Arunachal Pradesh,True,27.9932164,93.5228247,49.38217287727649,control (non-VVP),True,0.04495393687028233,0.05759364138779599,8,7
276,Papin,Kurung Kumey,Unknown,Arunachal Pradesh,True,27.9124359,93.3585619,49.70071264139772,control (non-VVP),True,0.03990305094891738,0.0436463371300706,6,4
277,Taipa,Kurung Kumey,Unknown,Arunachal Pradesh,True,27.9074231,93.3503798,50.000254036204005,control (non-VVP),True,0.33011284538708596,0.3385984480635622,6,4
278,Manghe 2,Kurung Kumey,Unknown,Arunachal Pradesh,True,27.9065246,93.3469471,50.00261881257338,control (non-VVP),True,0.24539703862373494,0.2343771946013963,6,4
279,Chingkongne,Kurung Kumey,Unknown,Arunachal Pradesh,True,27.9172781,93.3867833,50.09319948839584,control (non-VVP),True,0.030550727174620443,0.03287384370083114,6,4
280,Leya,Kurung Kumey,Unknown,Arunachal Pradesh,True,27.9788093,93.5157141,50.2141330349661,control (non-VVP),True,0.03521653837930194,0.038744867293733234,8,7
281,Jog,Kurung Kumey,Unknown,Arunachal Pradesh,True,27.9050355,93.3500017,50.24400761445297,control (non-VVP),True,0.39769908633989925,0.3993955262404568,6,4
282,Furek,Kurung Kumey,Unknown,Arunachal Pradesh,True,27.9140344,93.3859036,50.39997565229497,control (non-VVP),True,0.030411984724583875,0.031991472402551444,6,4
283,Boa,Kurung Kumey,Unknown,Arunachal Pradesh,True,27.9822237,93.5256281,50.50814300303482,control (non-VVP),True,0.03573788883457509,0.040482747920513124,8,7
284,Renchiporing II,Kurung Kumey,Unknown,Arunachal Pradesh,True,27.9814404,93.5279667,50.71855795214688,control (non-VVP),True,0.03886276151773122,0.0441773930548674,8,7
285,Radang,Kurung Kumey,Unknown,Arunachal Pradesh,True,27.9076277,93.3755482,50.7270090896494,control (non-VVP),True,0.03702070453020518,0.03742256145281691,6,4
286,Pinging,Kurung Kumey,Unknown,Arunachal Pradesh,True,27.8985446,93.3430694,50.75289219387971,control (non-VVP),True,0.1511260693363819,0.1600683836366696,6,4
287,Sangkun,Kurung Kumey,Unknown,Arunachal Pradesh,True,27.9292256,93.435367,50.76845974976534,control (non-VVP),True,0.03577296513850181,0.0413645926480608,5,2
288,Harrang,Kurung Kumey,Unknown,Arunachal Pradesh,True,27.9315942,93.4420695,50.82750254588048,control (non-VVP),True,0.030718035163185275,0.030237533225938727,4,2
289,Rambo,Kurung Kumey,Unknown,Arunachal Pradesh,True,27.8974975,93.3425604,50.85186545393655,control (non-VVP),True,0.12856028169507233,0.12745403633971597,6,4
290,马拉,Kurung Kumey,Unknown,Arunachal Pradesh,True,27.8886329,93.2980263,50.85905616580256,control (non-VVP),True,0.035152504660897525,0.042548621593710305,6,4
291,Nyobia,Kurung Kumey,Unknown,Arunachal Pradesh,True,27.8863971,93.2907263,50.97484316509296,control (non-VVP),True,0.030218291090194346,0.05192861737878437,6,4
292,Yerik,Kurung Kumey,Unknown,Arunachal Pradesh,True,28.0082819,93.5670426,50.99247097556977,control (non-VVP),True,0.03997999703700112,0.056329862238672174,8,7
293,Deyang,Kurung Kumey,Unknown,Arunachal Pradesh,True,27.8852661,93.2892168,51.06698450676937,control (non-VVP),True,0.03183562959044068,0.05124630825904141,6,4
294,Konkup,Kurung Kumey,Unknown,Arunachal Pradesh,True,28.0111367,93.5726645,51.14934662725592,control (non-VVP),True,0.04278207540653446,0.03683798099011218,8,7
295,Renchiporing,Kurung Kumey,Unknown,Arunachal Pradesh,True,27.9775535,93.5336956,51.4060132841194,control (non-VVP),True,0.03758101296498153,0.03898169655542527,8,7
296,Johak,Kurung Kumey,Unknown,Arunachal Pradesh,True,27.8807287,93.2817346,51.40770745829745,control (non-VVP),True,,0.05011052125111739,6,4
297,Sullung Tapin,Kurung Kumey,Unknown,Arunachal Pradesh,True,27.8941928,93.3556556,51.55323025971673,control (non-VVP),True,0.042255156200141704,0.052822474706715694,6,4
298,Yapak 2,Kurung Kumey,Unknown,Arunachal Pradesh,True,27.900174,93.3802795,51.65969396405898,control (non-VVP),True,0.05758420657844274,0.09027723411438209,6,4
299,Tapone,Kurung Kumey,Unknown,Arunachal Pradesh,True,27.905549,93.4006325,51.79468143929064,control (non-VVP),True,0.03788778723658738,0.043472659076578726,6,4
300,Sangsar,Kurung Kumey,Unknown,Arunachal Pradesh,True,27.9123798,93.4211037,51.870012288391685,control (non-VVP),True,0.0318860725741484,0.03365034501205668,6,4
301,Jiri,Kurung Kumey,Unknown,Arunachal Pradesh,True,27.9024698,93.394667,51.902330560889375,control (non-VVP),True,0.038204812536844046,0.03951492395413856,6,4
302,Rate,Kurung Kumey,Unknown,Arunachal Pradesh,True,27.9025231,93.4035863,52.21322105588406,control (non-VVP),True,0.03595952238579371,0.047571013714599715,6,4
303,Molo,Kurung Kumey,Unknown,Arunachal Pradesh,True,27.9634667,93.5271662,52.25035030613911,control (non-VVP),True,0.0313296257996827,0.03378295594293379,8,7
304,Kokpunayer,Kurung Kumey,Unknown,Arunachal Pradesh,True,27.8696105,93.2638666,52.25205034776048,control (non-VVP),True,0.06888234850612243,0.04101607935126364,6,4
305,Rite,Kurung Kumey,Unknown,Arunachal Pradesh,True,27.9046219,93.4117605,52.29938591724223,control (non-VVP),True,0.032740451549024316,0.04265577155448573,6,4
306,Yarpu,Kurung Kumey,Unknown,Arunachal Pradesh,True,27.9101363,93.4264549,52.31129939409694,control (non-VVP),True,0.03548135710719207,0.03380313649261694,6,3
307,Manghe 1,Kurung Kumey,Unknown,Arunachal Pradesh,True,27.8964882,93.3905192,52.38200201966226,control (non-VVP),True,0.033579891077426184,0.040682598841987196,6,4
308,Najibibuk,Kurung Kumey,Unknown,Arunachal Pradesh,True,27.8683639,93.2642347,52.3948285914516,control (non-VVP),True,0.05525494120440638,0.041358430881728685,6,4
309,Taram,Kurung Kumey,Unknown,Arunachal Pradesh,True,27.9628134,93.5366038,52.86940455626912,control (non-VVP),True,0.030265432782061452,0.03201443416689856,8,7
310,Tabumna,Kurung Kumey,Unknown,Arunachal Pradesh,True,27.8598023,93.2528662,53.09351796866028,control (non-VVP),True,0.03743162637260851,,6,4
311,Yarpu,Kurung Kumey,Unknown,Arunachal Pradesh,True,27.894643,93.4225849,53.73157852709238,control (non-VVP),True,0.03553015481411554,0.034812477063557806,6,3
312,Langbang,Kurung Kumey,Unknown,Arunachal Pradesh,True,27.9544909,93.540336,53.82502054267635,control (non-VVP),True,0.05862626091725596,0.049998089455715995,8,7
313,Made,Kurung Kumey,Unknown,Arunachal Pradesh,True,27.9780177,93.5788669,54.24125028274002,control (non-VVP),True,0.03805977530490213,0.0415731093910195,8,7
314,Kele,Kurung Kumey,Unknown,Arunachal Pradesh,True,27.9032308,93.4632364,54.57472977853739,control (non-VVP),True,0.03144321405361585,0.0342997529088458,4,2
315,Sera,Kurung Kumey,Unknown,Arunachal Pradesh,True,27.9554003,93.5546431,54.61031844795788,control (non-VVP),True,0.03298175438274429,0.04016136072685954,8,7
316,Byate,Kurung Kumey,Unknown,Arunachal Pradesh,True,27.8878009,93.4444302,55.29752731979862,control (non-VVP),True,0.04719261575486386,0.03528987063282732,4,2
317,Keya,Kurung Kumey,Unknown,Arunachal Pradesh,True,27.8850396,93.4612545,56.28702084330097,control (non-VVP),True,0.03217626177658052,0.03717397337476395,4,2
318,Panyi,Kurung Kumey,Unknown,Arunachal Pradesh,True,27.8742022,93.4525059,56.99915437798174,control (non-VVP),True,0.06411767108817336,0.062345938371335854,4,2
319,Kush Lami,Kurung Kumey,Unknown,Arunachal Pradesh,True,27.8754594,93.4559652,57.017342103096205,control (non-VVP),True,0.06451842128047307,0.06208037556734619,4,2
320,Pari,Kurung Kumey,Unknown,Arunachal Pradesh,True,27.8773703,93.4806463,57.90796227435106,control (non-VVP),True,0.03148743878109127,0.04265497155388046,4,2
321,Nibi,Kurung Kumey,Unknown,Arunachal Pradesh,True,27.8906614,93.5152047,58.290531000282,control (non-VVP),True,0.07426393534731945,0.044409030271798246,4,2
322,Leba,Kurung Kumey,Unknown,Arunachal Pradesh,True,27.889732,93.5177222,58.507068066069465,control (non-VVP),True,0.07161380054005907,0.04219611931349723,4,2
323,Sara,Kurung Kumey,Unknown,Arunachal Pradesh,True,27.8764655,93.5162563,59.69502349076612,control (non-VVP),True,0.03842905217389963,,4,2
324,Hiba,Kurung Kumey,Unknown,Arunachal Pradesh,True,27.8672206,93.4999319,59.79411601184075,control (non-VVP),True,0.035941350215304896,0.057516766556553967,4,2
325,Langria,Kurung Kumey,Unknown,Arunachal Pradesh,True,27.7303718,93.2723198,59.90006834905566,control (non-VVP),True,0.051162525401780304,0.06651472195094461,6,4
326,Dengba,Kurung Kumey,Unknown,Arunachal Pradesh,True,27.8559794,93.479899,59.98757661935535,control (non-VVP),True,0.03210515854904881,0.03807595747111269,4,2
327,Payu,Kurung Kumey,Unknown,Arunachal Pradesh,True,27.7289942,93.2749594,60.20162200196997,control (non-VVP),True,0.04938267569740584,0.06679086017654506,6,4
328,Sangme,Kurung Kumey,Unknown,Arunachal Pradesh,True,27.8554992,93.4857201,60.29218859321547,control (non-VVP),True,0.048600005369845704,0.059472444029674755,4,2
329,Cheki,Kurung Kumey,Unknown,Arunachal Pradesh,True,27.8689915,93.5175395,60.47393621617884,control (non-VVP),True,0.03411005190815237,0.03545977058692968,4,2
330,Palang,Kurung Kumey,Unknown,Arunachal Pradesh,True,27.7081538,93.27106,61.00002383100187,control (non-VVP),True,0.03167271471890306,0.034581749904511384,6,4
331,Phassang,Kurung Kumey,Unknown,Arunachal Pradesh,True,27.7243116,93.2813307,61.00114956989782,control (non-VVP),True,0.07848431818261874,0.09816841744198776,6,4
332,Leel,Kurung Kumey,Unknown,Arunachal Pradesh,True,27.8437826,93.4758359,61.027728437158686,control (non-VVP),True,0.05198883278196766,0.06190278387930684,4,2
333,Dara,Kurung Kumey,Unknown,Arunachal Pradesh,True,27.8616633,93.5158884,61.097009884854096,control (non-VVP),True,0.03459010603550105,0.046720376403235585,4,2
334,Sangripo,Kurung Kumey,Unknown,Arunachal Pradesh,True,27.7227416,93.282713,61.20402338700937,control (non-VVP),True,0.07995797057021298,0.09680450977724116,6,4
335,Sangte,Kurung Kumey,Unknown,Arunachal Pradesh,True,27.7291192,93.288153,61.34319384028954,control (non-VVP),True,0.09351530415709443,0.09325703625460761,6,4
336,Mujariang,Kurung Kumey,Unknown,Arunachal Pradesh,True,27.7257548,93.2911669,61.78015811059391,control (non-VVP),True,0.125802848862966,0.10981493829622681,6,4
337,Leya,Kurung Kumey,Unknown,Arunachal Pradesh,True,27.7282734,93.2932093,61.82821044976273,control (non-VVP),True,0.10642029960269313,0.08814178242964595,6,4
338,Leel Camp,Kurung Kumey,Unknown,Arunachal Pradesh,True,27.8432284,93.497014,62.00909168626551,control (non-VVP),True,0.09317017831537369,0.11450215256711738,4,2
339,Saleriang,Kurung Kumey,Unknown,Arunachal Pradesh,True,27.7854605,93.3201249,62.49683818805669,control (non-VVP),True,0.03500190458714767,0.043638723540631204,6,4
340,Yaki,Kurung Kumey,Unknown,Arunachal Pradesh,True,27.836181,93.4940102,62.57138583180046,control (non-VVP),True,0.036268151269993006,0.044223982558659,4,2
341,恰吐姆,Kurung Kumey,Unknown,Arunachal Pradesh,True,27.8448117,93.5145294,62.66270137690602,control (non-VVP),True,0.030442871300619852,0.04683885811764057,4,2
342,Tumlang,Kurung Kumey,Unknown,Arunachal Pradesh,True,27.8281634,93.4904133,63.21063792357364,control (non-VVP),True,0.0403608356303955,0.039914811716422326,4,2
343,Tagum,Kurung Kumey,Unknown,Arunachal Pradesh,True,27.8357436,93.5079409,63.24155626114598,control (non-VVP),True,0.06584799907233174,0.07227182964401493,4,2
344,6 Mile Camp,Kurung Kumey,Unknown,Arunachal Pradesh,True,27.8329405,93.5083348,63.53466159203505,control (non-VVP),True,0.06509264275011185,0.0763745547986834,4,2
345,Kamayer,Kurung Kumey,Unknown,Arunachal Pradesh,True,27.7905642,93.3910095,63.553019802162574,control (non-VVP),True,0.031870129708249546,0.031076935523390227,6,4
346,Rowa,Kurung Kumey,Unknown,Arunachal Pradesh,True,27.8428454,93.5296997,63.58239405799619,control (non-VVP),True,0.036925362789865086,0.047252163764998474,4,2
347,Pagrang,Kurung Kumey,Unknown,Arunachal Pradesh,True,27.8509062,93.5452982,63.59431330152693,control (non-VVP),True,0.11708379340756339,,4,2
348,Pinchi,Kurung Kumey,Unknown,Arunachal Pradesh,True,27.7735733,93.316873,63.73939593102888,control (non-VVP),True,0.09286060839005021,0.07385122680742084,6,4
349,Pagga,Kurung Kumey,Unknown,Arunachal Pradesh,True,27.8504991,93.5494243,63.84511944565142,control (non-VVP),True,0.07359658609090128,,4,2
350,Powak Korar,Kurung Kumey,Unknown,Arunachal Pradesh,True,27.8375593,93.5258798,63.90711936348984,control (non-VVP),True,0.04415241546542704,0.05465141236505198,4,2
351,Reyup,Kurung Kumey,Unknown,Arunachal Pradesh,True,27.8567715,93.5619177,63.9144594974527,control (non-VVP),True,0.05036754701610181,,4,2
352,Yarte,Kurung Kumey,Unknown,Arunachal Pradesh,True,27.831632,93.5141164,63.928763556397165,control (non-VVP),True,0.054497515683336537,0.055500513522012455,4,2
353,Lengro,Kurung Kumey,Unknown,Arunachal Pradesh,True,27.8547999,93.559177,63.95219245497713,control (non-VVP),True,0.05332463731145306,,4,2
354,Jugriang,Kurung Kumey,Unknown,Arunachal Pradesh,True,27.7707148,93.3182278,64.07412331265515,control (non-VVP),True,0.10422212098855858,0.07530741629412224,6,4
355,Dangu,Kurung Kumey,Unknown,Arunachal Pradesh,True,27.835467,93.5289814,64.25878085878584,control (non-VVP),True,0.04823189746873241,0.0666858730579658,4,2
356,Raris,Kurung Kumey,Unknown,Arunachal Pradesh,True,27.7680851,93.3146271,64.30181164190407,control (non-VVP),True,0.09608229541229002,0.0646636364818238,6,4
357,Kaung,Kurung Kumey,Unknown,Arunachal Pradesh,True,27.8225472,93.5040159,64.36416345609699,control (non-VVP),True,0.03285042835584364,0.04106385180026911,4,2
358,Nyori,Kurung Kumey,Unknown,Arunachal Pradesh,True,27.8475995,93.5552271,64.41930892283993,control (non-VVP),True,0.058765072703538535,,4,2
359,Kaglang,Kurung Kumey,Unknown,Arunachal Pradesh,True,27.8501585,93.5616729,64.5179983500826,control (non-VVP),True,0.034248674510655344,,4,2
360,Tachak,Kurung Kumey,Unknown,Arunachal Pradesh,True,27.841908,93.5484681,64.60881049685287,control (non-VVP),True,0.034858257234683346,,4,2
361,Regba,Kurung Kumey,Unknown,Arunachal Pradesh,True,27.8236364,93.5159119,64.79457267348194,control (non-VVP),True,0.04089209512196969,0.050292862224525565,4,2
362,Miba,Kurung Kumey,Unknown,Arunachal Pradesh,True,27.824202,93.5173691,64.80624403518753,control (non-VVP),True,0.04570872051017057,0.04984554649707814,4,2
363,Byasi,Kurung Kumey,Unknown,Arunachal Pradesh,True,27.8372182,93.5436135,64.80999552177649,control (non-VVP),True,0.0332605899392566,,4,2
364,Kamrung,Kurung Kumey,Unknown,Arunachal Pradesh,True,27.8336301,93.5467063,65.30729308696289,control (non-VVP),True,0.0335328079362749,,4,2
365,Dilanggang,Kurung Kumey,Unknown,Arunachal Pradesh,True,27.7796166,93.41419,65.38837481129138,control (non-VVP),True,0.0927890549339855,0.061310193289781614,6,4
366,Lower Happa,Kurung Kumey,Unknown,Arunachal Pradesh,True,27.825885,93.5332832,65.39224214605467,control (non-VVP),True,0.040391783185299644,0.05158013339331058,4,2
367,Paching,Kurung Kumey,Unknown,Arunachal Pradesh,True,27.8225097,93.5290614,65.51800095183597,control (non-VVP),True,0.03502970343547881,0.045206520226581615,4,2
368,Longlefoth,Kurung Kumey,Unknown,Arunachal Pradesh,True,27.776484,93.4150439,65.74452729572074,control (non-VVP),True,0.09603671454819988,0.06473786218941975,6,4
369,Lumte,Kurung Kumey,Unknown,Arunachal Pradesh,True,27.7863252,93.446526,65.74813459784494,control (non-VVP),True,0.042620230819043155,0.04522289038664104,4,2
370,Rangdo,Kurung Kumey,Unknown,Arunachal Pradesh,True,27.7820948,93.4575729,66.57919253927102,control (non-VVP),True,0.0775484387924836,0.08180653379828767,4,2
371,Rayer Sollung,Kurung Kumey,Unknown,Arunachal Pradesh,True,27.7426766,93.3108399,66.98295878047651,control (non-VVP),True,0.033006172607964214,0.03298814683881683,6,4
372,Gangnee,Kurung Kumey,Unknown,Arunachal Pradesh,True,27.7541489,93.3737844,67.00109804923758,control (non-VVP),True,0.03814848233623727,0.03791142960828336,6,4
373,Dolo,Kurung Kumey,Unknown,Arunachal Pradesh,True,27.7568896,93.4009912,67.41071862560815,control (non-VVP),True,0.034976694738772546,0.032516891844591694,6,4
374,Hiya,Kurung Kumey,Unknown,Arunachal Pradesh,True,27.7752174,93.4614457,67.4283307908398,control (non-VVP),True,0.09774094153421549,0.10682636926691312,4,2
375,Pinchi Sollung,Kurung Kumey,Unknown,Arunachal Pradesh,True,27.7385004,93.3140943,67.50228529054776,control (non-VVP),True,0.03712149503833603,0.04291099425949026,6,4
376,Raluguha,Kurung Kumey,Unknown,Arunachal Pradesh,True,27.7354085,93.2990876,67.53347139988598,control (non-VVP),True,0.03420845049649818,0.03541337889695547,6,4
377,Guha,Kurung Kumey,Unknown,Arunachal Pradesh,True,27.7590364,93.4164824,67.62875159555058,control (non-VVP),True,0.03354235119898203,0.03736186468498788,6,4
378,Diba Koyar,Kurung Kumey,Unknown,Arunachal Pradesh,True,27.7381059,93.3187116,67.63877302643341,control (non-VVP),True,0.04896729011026729,0.06615555603564288,6,4
379,Sulo,Kurung Kumey,Unknown,Arunachal Pradesh,True,27.7369819,93.3154143,67.69388921371875,control (non-VVP),True,0.04128046894827277,0.05365564506847085,6,4
380,Delung,Kurung Kumey,Unknown,Arunachal Pradesh,True,27.7778716,93.4788091,67.80729335239351,control (non-VVP),True,0.03891645177603403,0.040004797262167664,4,2
381,Nyapin,Kurung Kumey,Unknown,Arunachal Pradesh,True,27.7515445,93.3946648,67.80823653295108,control (non-VVP),True,0.23977927762871748,0.2470522230842874,6,4
382,Sona,Kurung Kumey,Unknown,Arunachal Pradesh,True,27.810017,93.5520226,67.8322265029122,control (non-VVP),True,0.09844480781098185,0.08271449598277181,4,2
383,Tumrung,Kurung Kumey,Unknown,Arunachal Pradesh,True,27.8072923,93.5473433,67.86695827647416,control (non-VVP),True,0.05187499368311028,0.07743608797420605,4,2
384,Takyo,Kurung Kumey,Unknown,Arunachal Pradesh,True,27.7755045,93.474237,67.87400271627023,control (non-VVP),True,0.03400794591322377,0.0367697734220332,4,2
385,Kaberiang,Kurung Kumey,Unknown,Arunachal Pradesh,True,27.7579212,93.4227791,67.93657565114344,control (non-VVP),True,0.042483980077789904,0.052456479695278495,6,3
386,Sango,Kurung Kumey,Unknown,Arunachal Pradesh,True,27.7353472,93.3216355,67.99462871072794,control (non-VVP),True,0.04671818726214967,0.05767412947683765,6,4
387,Pitak,Kurung Kumey,Unknown,Arunachal Pradesh,True,27.7803185,93.4909939,68.03914430272035,control (non-VVP),True,0.05872062023611035,0.03683676554059513,4,2
388,Kampu,Kurung Kumey,Unknown,Arunachal Pradesh,True,27.7422153,93.363991,68.06100190171477,control (non-VVP),True,0.035522065411510824,0.03628133081977877,6,4
389,Lower Guha,Kurung Kumey,Unknown,Arunachal Pradesh,True,27.7568463,93.4246871,68.10831490512865,control (non-VVP),True,0.046790452605564144,0.06378741079447767,6,3
390,Gida Lower,Kurung Kumey,Unknown,Arunachal Pradesh,True,27.812502,93.5626447,68.12205948065873,control (non-VVP),True,0.047567928787842426,0.05018015759637258,4,2
391,Yorung,Kurung Kumey,Unknown,Arunachal Pradesh,True,27.7375945,93.3427203,68.12211382853434,control (non-VVP),True,0.048173559430984524,0.05508887475964722,6,4
392,Yuba,Kurung Kumey,Unknown,Arunachal Pradesh,True,27.7589677,93.4327095,68.13685629560878,control (non-VVP),True,0.042207333140656146,0.04794047676616937,5,2
393,Lower Lorio,Kurung Kumey,Unknown,Arunachal Pradesh,True,27.7523573,93.4107096,68.16634041229064,control (non-VVP),True,0.09103811500751458,0.07359021992526153,6,4
394,Kish,Kurung Kumey,Unknown,Arunachal Pradesh,True,27.7567747,93.4282494,68.22629173018069,control (non-VVP),True,0.049961082861233005,0.0634723040336508,6,2
395,Sikey,Kurung Kumey,Unknown,Arunachal Pradesh,True,27.7436405,93.3784517,68.24267311258743,control (non-VVP),True,0.07521347541454884,0.06249331204159075,6,4
396,Takapop,Kurung Kumey,Unknown,Arunachal Pradesh,True,27.7756383,93.4844687,68.25483530538766,control (non-VVP),True,0.08506853265472289,0.03764399077966609,4,2
397,Bik,Kurung Kumey,Unknown,Arunachal Pradesh,True,27.7507883,93.4085147,68.26997555031484,control (non-VVP),True,0.14354122242330158,0.11657570051996731,6,4
398,Kampong,Kurung Kumey,Unknown,Arunachal Pradesh,True,27.7748258,93.4827864,68.27181680211848,control (non-VVP),True,0.06506572146257547,0.038690548115114576,4,2
399,Naiayahutung,Kurung Kumey,Unknown,Arunachal Pradesh,True,27.7764281,93.4870179,68.27488938090762,control (non-VVP),True,0.10199709598281692,0.04446036014215417,4,2
400,Chebang,Kurung Kumey,Unknown,Arunachal Pradesh,True,27.7364834,93.3455625,68.29776819030579,control (non-VVP),True,0.05125998298693197,0.06562510490602859,6,4
401,Pagba,Kurung Kumey,Unknown,Arunachal Pradesh,True,27.7763826,93.4887431,68.34786080412654,control (non-VVP),True,0.0915307297573575,0.05250467319000466,4,2
402,Ralung,Kurung Kumey,Unknown,Arunachal Pradesh,True,27.7371862,93.353664,68.38401997207357,control (non-VVP),True,0.040213654393066955,0.04188156857793039,6,4
403,买翁里,Lower Dibang,Unknown,Arunachal Pradesh,True,28.2822374,96.0953096,25.407835270210374,control (non-VVP),True,,0.03739616797781259,10,16
404,Runli,Lower Dibang,Unknown,Arunachal Pradesh,True,28.2991992,96.0743049,26.056838914762896,control (non-VVP),True,0.033019148059502616,0.03499569759305719,10,16
405,阿蒙岗,Lower Dibang,Unknown,Arunachal Pradesh,True,28.2700017,96.0942481,26.3303897145259,control (non-VVP),True,,0.03390614571259598,10,16
406,西登,Upper Siang,Unknown,Arunachal Pradesh,True,29.1329116,94.9651923,2.505001083633425,control (non-VVP),True,0.04549414439463988,0.0403390150791938,2,6
407,Norbuling,Upper Siang,Unknown,Arunachal Pradesh,True,29.1263536,94.9733788,3.1696388194268548,control (non-VVP),True,0.08597726159378641,0.0805282714484097,2,6
408,Tuting Panikheti,Upper Siang,Unknown,Arunachal Pradesh,True,28.973338,94.8719848,20.82893586119011,control (non-VVP),True,0.03246662450323098,0.04951636464927825,2,6
409,Payendum,Upper Siang,Unknown,Arunachal Pradesh,True,28.926458,95.0315768,21.777163753897447,control (non-VVP),True,0.05079140259067882,0.07857941830746086,2,6
410,Nyereng,Upper Siang,Unknown,Arunachal Pradesh,True,28.9574,94.9011,22.37714039025296,control (non-VVP),True,0.030723076298318653,0.031470898203828666,2,6
411,Nyokong,Upper Siang,Unknown,Arunachal Pradesh,True,28.919363,95.0271109,22.65893213504973,control (non-VVP),True,0.04705014406684083,0.04894771667857034,2,6
412,Ninging,Upper Siang,Unknown,Arunachal Pradesh,True,28.953851,94.8333181,23.61479779607889,control (non-VVP),True,0.08736263258988951,0.0860908458432746,2,6
413,Devkota,Upper Siang,Unknown,Arunachal Pradesh,True,28.8829865,95.0820892,24.04487877231385,control (non-VVP),True,0.033816608998766214,0.0367547968739751,14,20
414,Yortung,Upper Siang,Unknown,Arunachal Pradesh,True,28.8942055,95.0642733,24.25512447047973,control (non-VVP),True,0.046395102318778345,0.04924085272221076,14,20
415,Silipu,Upper Siang,Unknown,Arunachal Pradesh,True,28.8527517,95.1306768,24.67380216696391,control (non-VVP),True,0.032926585726220176,0.03276653514130926,14,20
416,Simuge,Upper Siang,Unknown,Arunachal Pradesh,True,28.8399841,95.1568258,25.20475166338972,control (non-VVP),True,0.04662614590374847,0.0487539546856563,7,11
417,Singa Old,Upper Siang,Unknown,Arunachal Pradesh,True,28.8313255,95.1691884,25.85196385039524,control (non-VVP),True,0.03278207430702958,0.03604226616030605,7,11
418,Silage,Upper Siang,Unknown,Arunachal Pradesh,True,28.8331926,95.1580815,25.900649272498462,control (non-VVP),True,0.03112109142266989,0.032356619470777434,7,11
419,Tamid Arung,Upper Siang,Unknown,Arunachal Pradesh,True,28.8998406,94.5747584,26.11436496765807,control (non-VVP),True,0.03593595308276916,0.037286196738636854,7,9
420,Angachi,Upper Siang,Unknown,Arunachal Pradesh,True,28.8255056,95.1704914,26.4572050125452,control (non-VVP),True,0.03155665462685962,0.03392015014524035,7,11
421,Simuling,Upper Siang,Unknown,Arunachal Pradesh,True,28.8155203,95.2010538,27.10770570136025,control (non-VVP),True,0.03248900956456503,0.03747492025876372,4,5
422,Singing,Upper Siang,Unknown,Arunachal Pradesh,True,28.8977681,94.7841203,29.794800301747745,control (non-VVP),True,0.03731606009573931,0.04933877900283247,7,9
423,Migging,Upper Siang,Unknown,Arunachal Pradesh,True,28.8529247,94.7729372,34.7789608532419,control (non-VVP),True,0.05405625455648186,0.07743651453377325,7,9
424,Palling,Upper Siang,Unknown,Arunachal Pradesh,True,28.836535,94.8097586,36.58065758723632,control (non-VVP),True,0.05265438464676127,0.049465707741393417,7,9
425,Likor,Upper Siang,Unknown,Arunachal Pradesh,True,28.8267883,94.8955464,36.85504783931048,control (non-VVP),True,0.08174385617569395,0.10351507252772126,7,9
426,Mosing,Upper Siang,Unknown,Arunachal Pradesh,True,28.8091508,94.7915356,39.60618311251698,control (non-VVP),True,0.05778805667996028,0.06377953012113412,5,3
427,Pugging,Upper Siang,Unknown,Arunachal Pradesh,True,28.7438597,94.9345829,44.02389953987662,control (non-VVP),True,0.10634626680696527,0.12061078591666681,5,3
428,Gujinboluo,Upper Siang,Unknown,Arunachal Pradesh,True,28.7553138,94.9111952,44.64011679191498,control (non-VVP),True,0.040827067993331474,0.041916053587265314,5,3
429,Gette,Upper Siang,Unknown,Arunachal Pradesh,True,28.6863056,95.0089723,46.40504836633465,control (non-VVP),True,0.07025111664683929,0.07449620953583898,5,3
430,Dojubing,Upper Subansiri,Unknown,Arunachal Pradesh,True,28.4315441,93.1898276,0.249045833450518,control (non-VVP),True,0.0346530182183444,0.04098872373508027,4,5
431,Ishneya,Upper Subansiri,Unknown,Arunachal Pradesh,True,28.4397601,93.1851781,0.7217224156134714,control (non-VVP),True,0.04140121522819233,0.03952638827862446,4,5
432,Juga,Upper Subansiri,Unknown,Arunachal Pradesh,True,28.4467134,93.1498404,3.925174649555216,control (non-VVP),True,0.032474653313262235,0.03318306933761365,4,5
433,Yorlung,Upper Subansiri,Unknown,Arunachal Pradesh,True,28.6720499,93.9704579,4.196776668375604,control (non-VVP),True,0.0415538985264832,0.03690825325015866,3,3
434,Gelemo,Upper Subansiri,Unknown,Arunachal Pradesh,True,28.472442,93.4628099,18.05313388179516,control (non-VVP),True,0.03358476969826376,0.0337849241811614,4,5
435,Gelemo Camp,Upper Subansiri,Unknown,Arunachal Pradesh,True,28.4568913,93.4620422,18.606676953286467,control (non-VVP),True,0.10973578828902344,0.08745301336064527,4,5
436,Dojbung,Upper Subansiri,Unknown,Arunachal Pradesh,True,28.3729191,93.4561501,23.285044542759053,control (non-VVP),True,0.032813347138123214,0.0327112974831694,4,5
437,Gelinceniak,Upper Subansiri,Unknown,Arunachal Pradesh,True,28.3631529,93.4766991,25.48664596200368,control (non-VVP),True,0.07583131111676945,0.04566952136807802,4,5
438,Chingring,Upper Subansiri,Unknown,Arunachal Pradesh,True,28.4192393,93.8246305,29.258085111764327,control (non-VVP),True,0.034322985739611137,0.033887420699528936,3,3
439,Poba,Upper Subansiri,Unknown,Arunachal Pradesh,True,28.414467,93.8159723,29.67407778677813,control (non-VVP),True,0.03430154283978137,0.03485833048143567,3,3
440,贾德普,Upper Subansiri,Unknown,Arunachal Pradesh,True,28.4082012,93.7972842,30.217130636717734,control (non-VVP),True,0.03858488657062958,0.04661207587586054,3,3
441,嘎如,Upper Subansiri,Unknown,Arunachal Pradesh,True,28.4068583,93.7942953,30.352527848657463,control (non-VVP),True,0.03994689733062444,0.04403819865560497,3,3
442,阿赖根布,Upper Subansiri,Unknown,Arunachal Pradesh,True,28.4059921,93.808704,30.537852652997465,control (non-VVP),True,0.032780238254734,0.034550844513193124,3,3
443,Orak Camp,Upper Subansiri,Unknown,Arunachal Pradesh,True,28.3665963,93.5461814,30.58926154225035,control (non-VVP),True,0.04544131741153421,0.045658058727981614,4,5
444,Ketha,Upper Subansiri,Unknown,Arunachal Pradesh,True,28.4307648,94.061466,30.83898483127514,control (non-VVP),True,0.03376367247517742,0.03201271178279051,8,6
445,Raba,Upper Subansiri,Unknown,Arunachal Pradesh,True,28.4054645,93.8353976,30.93107120811105,control (non-VVP),True,0.032661780008166115,0.044064688857497765,3,3
446,AkI,Upper Subansiri,Unknown,Arunachal Pradesh,True,28.4045203,93.7242887,31.0993071581252,control (non-VVP),True,0.038931763635112915,0.0593663732582963,3,3
447,Mojang,Upper Subansiri,Unknown,Arunachal Pradesh,True,28.4013177,93.8229042,31.20281418527646,control (non-VVP),True,0.03959464193727554,0.03863944245141416,3,3
448,Ngoju,Upper Subansiri,Unknown,Arunachal Pradesh,True,28.399193,93.7068591,31.30343407328185,control (non-VVP),True,0.03446995411413993,0.039326000551238395,3,3
449,Keojariang,Upper Subansiri,Unknown,Arunachal Pradesh,True,28.4009028,93.8320953,31.37704816497124,control (non-VVP),True,0.047689854383671834,0.07994081820441384,3,3
450,Bogun,Upper Subansiri,Unknown,Arunachal Pradesh,True,28.3958767,93.6960267,31.409263037611804,control (non-VVP),True,0.03363060312200967,0.03409081213510715,3,3
451,Nava,Upper Subansiri,Unknown,Arunachal Pradesh,True,28.3909608,93.6799521,31.63847804253896,control (non-VVP),True,0.04987851593917912,0.05665319995472136,3,3
452,Nilo,Upper Subansiri,Unknown,Arunachal Pradesh,True,28.3872503,93.6546784,31.726628462853856,control (non-VVP),True,0.03381652574950857,0.03288329840014428,4,5
453,Myabe,Upper Subansiri,Unknown,Arunachal Pradesh,True,28.3992853,93.8502203,31.879304201323723,control (non-VVP),True,0.047053270738279154,0.03716028176617355,3,3
454,贡岗,West Kameng,Unknown,Arunachal Pradesh,True,26.8952222,92.1170503,4.154187721357816,control (non-VVP),True,0.121850832308482,0.10741677539159974,3,7
455,Balem,West Kameng,Unknown,Arunachal Pradesh,True,26.9649897,92.1516917,7.302075731076228,control (non-VVP),True,0.04157365753565231,,3,7
456,Rongthangjurpam,West Kameng,Unknown,Arunachal Pradesh,True,27.0382758,92.1315055,7.891072038314255,control (non-VVP),True,0.06591553330864844,0.028143444227814743,3,8
457,若波朗钦,West Kameng,Unknown,Arunachal Pradesh,True,27.0752385,92.1082163,7.903609763820291,control (non-VVP),True,,0.06692896029703674,3,8
458,Yukmadung,West Kameng,Unknown,Arunachal Pradesh,True,27.4213253,92.1244746,8.333393795069465,control (non-VVP),True,,0.08441703679511957,0,1
459,Warrangpam,West Kameng,Unknown,Arunachal Pradesh,True,27.1186044,92.0745879,8.98308426545462,control (non-VVP),True,0.045237078758812416,0.05627272817727887,9,16
460,Ghāstoli,Chamoli,Unknown,Uttarakhand,True,30.8592089,79.4699913,11.914449524802585,control (non-VVP),True,0.05836765452772218,0.060059189646502045,13,15
461,Niti,Chamoli,Unknown,Uttarakhand,True,30.7776642,79.8411215,13.810147936633122,control (non-VVP),True,0.052552376221267,0.07054882657291445,13,15
462,MAHAR GAON,Chamoli,Unknown,Uttarakhand,True,30.7109424,79.8743727,18.82830218116584,control (non-VVP),True,0.060733510892636546,0.0695503143477121,18,22
463,Pharkia,Chamoli,Unknown,Uttarakhand,True,30.7318289,79.8262831,18.89002530397776,control (non-VVP),True,0.04948529608997763,0.06813207129910669,13,15
464,Kurkuti,Chamoli,Unknown,Uttarakhand,True,30.7065954,79.8754333,19.257221680206065,control (non-VVP),True,0.05926443239626821,0.07348066238062174,18,22
465,Ryal Bagar,Chamoli,Unknown,Uttarakhand,True,30.7110763,79.8435457,19.93625372763593,control (non-VVP),True,0.03831597315440627,0.040944493719335125,18,22
466,Kosa,Chamoli,Unknown,Uttarakhand,True,30.67793,79.8609495,22.70652399985677,control (non-VVP),True,0.051258128076283646,0.045105868742836994,18,22
467,Ghangaria,Chamoli,Unknown,Uttarakhand,True,30.7014544,79.5938002,26.31062216633642,control (non-VVP),True,0.06865967026673092,0.07213169872282599,18,22
468,Kajila,Chamoli,Unknown,Uttarakhand,True,30.6972318,79.5898879,26.75920046410928,control (non-VVP),True,0.04202503249996646,0.04660531161148408,18,22
469,SINGLA,Chamoli,Unknown,Uttarakhand,True,30.6462444,79.8258027,27.175157144580066,control (non-VVP),True,0.055615975701998784,0.05789080680916491,18,22
470,Jelam,Chamoli,Unknown,Uttarakhand,True,30.6441526,79.8259171,27.38526145533936,control (non-VVP),True,0.05932141138333758,0.060474294105849244,18,22
471,Hanumanchatti,Chamoli,Unknown,Uttarakhand,True,30.6955217,79.5141532,27.604198128101256,control (non-VVP),True,0.05461006580393874,0.05919971693208177,18,22
472,DRONAGIRI,Chamoli,Unknown,Uttarakhand,True,30.5991704,79.8680413,27.76162744355928,control (non-VVP),True,0.045725735588880906,0.04001231655459155,5,7
473,Lambagad,Chamoli,Unknown,Uttarakhand,True,30.692639,79.5132394,27.935227028140023,control (non-VVP),True,0.06106395667282166,0.052288742623891195,18,22
474,GARPAK,Chamoli,Unknown,Uttarakhand,True,30.6269079,79.854244,28.23676669151424,control (non-VVP),True,0.033606747868726916,0.038690763304690116,5,7
475,Bhyudar,Chamoli,Unknown,Uttarakhand,True,30.674709,79.5913479,29.259897647969115,control (non-VVP),True,0.04601290834958568,0.04720283483751455,18,22
476,Khirao,Chamoli,Unknown,Uttarakhand,True,30.6849562,79.4763374,29.81393619398809,control (non-VVP),True,0.04148582403023706,0.039178364180115256,18,22
477,KAGA,Chamoli,Unknown,Uttarakhand,True,30.6124584,79.8238599,30.73137382810968,control (non-VVP),True,0.03617227832113225,0.04393800271386703,5,7
478,Jumma,Chamoli,Unknown,Uttarakhand,True,30.60791,79.80606,31.82623184079268,control (non-VVP),True,0.05289777719578456,0.042756915201984366,5,7
479,Sal,Chamoli,Unknown,Uttarakhand,True,30.6497801,79.5825101,31.99807128252253,control (non-VVP),True,0.0402950653582859,0.041913704646634665,18,22
480,Lambagarh,Chamoli,Unknown,Uttarakhand,True,30.6541078,79.5165784,32.0553341957228,control (non-VVP),True,0.0649368497388391,0.0888402790737928,18,22
481,Nayachutti,Chamoli,Unknown,Uttarakhand,True,30.6485378,79.5332429,32.41449625832039,control (non-VVP),True,0.04570833051900912,0.05182493798169566,18,22
482,Pulna,Chamoli,Unknown,Uttarakhand,True,30.6357595,79.5716275,33.554494849387154,control (non-VVP),True,0.040230016101684925,0.07014886816474714,18,22
483,Will Pulna,Chamoli,Unknown,Uttarakhand,True,30.635211,79.5724562,33.61399138587271,control (non-VVP),True,0.039830142990789325,0.0699298997228907,18,22
484,Sumla,Uttarkashi,Unknown,Uttarakhand,True,31.3643581,79.1315444,5.627779859426751,control (non-VVP),True,0.04534965723044798,0.04518453789975068,26,30
485,波林三多,Uttarkashi,Unknown,Uttarakhand,True,31.3063902,79.1304897,8.97346728316324,control (non-VVP),True,0.04283011866077779,0.05083993705580774,26,30
486,Tirpani,Uttarkashi,Unknown,Uttarakhand,True,31.2764904,79.1066801,12.781892511914991,control (non-VVP),True,0.03481301713533336,0.03672754312690541,26,30
487,Nilapani,Uttarkashi,Unknown,Uttarakhand,True,31.1133518,79.1553581,15.061773828748594,control (non-VVP),True,0.05102381232610722,0.05097823725337409,26,29
488,桑村,Uttarkashi,Unknown,Uttarakhand,True,31.1815194,79.044165,15.272434644969527,control (non-VVP),True,0.04266247692072999,0.04318050517913377,26,29
489,葱莎,Uttarkashi,Unknown,Uttarakhand,True,31.1126554,79.0053748,19.17764189917796,control (non-VVP),True,0.04573456600825274,0.04619938372262396,46,50
490,Hindoligad,Uttarkashi,Unknown,Uttarakhand,True,31.0767806,78.9614641,21.732777927080967,control (non-VVP),True,0.04134563453935945,0.04428962746318849,46,50
491,Karchha,Uttarkashi,Unknown,Uttarakhand,True,31.04462,78.92578,24.95764711311822,control (non-VVP),True,0.04399787002915444,0.044608078301935604,46,50
492,Mukhba,Uttarkashi,Unknown,Uttarakhand,True,31.0449555,78.7799246,26.980573712116133,control (non-VVP),True,0.14195802752273853,0.14892037243856587,20,21
493,Lanka,Uttarkashi,Unknown,Uttarakhand,True,31.0302365,78.8679805,27.02544209422259,control (non-VVP),True,0.04755416337002727,0.04170694139773115,20,21
494,Bhaironghati,Uttarkashi,Unknown,Uttarakhand,True,31.0267173,78.8678798,27.410613091794325,control (non-VVP),True,0.04719875655444227,0.042016272636989274,20,21
495,Harsil,Uttarkashi,Unknown,Uttarakhand,True,31.0369099,78.7506484,28.055064151573287,control (non-VVP),True,0.16244366395434395,0.18262583580542965,20,21
496,Halunga,Uttarkashi,Unknown,Uttarakhand,True,31.0334361,78.7436711,28.520791760275166,control (non-VVP),True,0.056646741800927075,0.051867803629097875,20,21
497,Dhakroliya,Uttarkashi,Unknown,Uttarakhand,True,31.0349208,78.7312391,28.54448149749177,control (non-VVP),True,0.04267342381917799,0.04490363369756296,20,21
498,Sunagar,Uttarkashi,Unknown,Uttarakhand,True,31.01578,78.71155,31.0016111786727,control (non-VVP),True,0.11216933952040017,0.15462726756032466,20,21
499,Suki,Uttarkashi,Unknown,Uttarakhand,True,31.0029571,78.7013016,32.61251940187505,control (non-VVP),True,0.12220402662007074,0.13225628324206223,20,21
500,Bhojwasa,Uttarkashi,Unknown,Uttarakhand,True,30.9504464,79.051513,33.50614382681282,control (non-VVP),True,0.03945774318967405,0.03854438931121533,26,29
501,Cherbasa,Uttarkashi,Unknown,Uttarakhand,True,30.9798732,79.0239489,33.59856849202152,control (non-VVP),True,0.04342462580608862,0.04162695621370081,26,29
502,Bhangeli,Uttarkashi,Unknown,Uttarakhand,True,30.9173929,78.6694748,42.55822493242618,control (non-VVP),True,0.05332566332385864,0.06132930268841102,20,21
503,Gangnani (village),Uttarkashi,Unknown,Uttarakhand,True,30.9124564,78.67581,42.93741159736116,control (non-VVP),True,0.03572247433119008,0.038860782655584195,20,21
504,Seema,Uttarkashi,Unknown,Uttarakhand,True,31.1170286,78.3499378,43.2062044546696,control (non-VVP),True,0.19955318095096208,0.04605433086688744,10,10
505,Yamunotri,Uttarkashi,Unknown,Uttarakhand,True,30.999214,78.4626951,43.56636837738584,control (non-VVP),True,0.044801586399955094,,20,20
506,Osla,Uttarkashi,Unknown,Uttarakhand,True,31.1188962,78.3427722,43.702470708703984,control (non-VVP),True,0.11487658199209581,0.07943731623083629,10,10
507,Hurri,Uttarkashi,Unknown,Uttarakhand,True,30.900444,78.694016,43.85649707889107,control (non-VVP),True,0.032053194514864713,0.03186541570516826,20,21
508,Gangnani,Uttarkashi,Unknown,Uttarakhand,True,30.9029774,78.6797824,43.870251674210536,control (non-VVP),True,0.05725538266120308,0.055625831468542664,20,21
509,Sungar,Uttarkashi,Unknown,Uttarakhand,True,30.8932364,78.6782549,44.95526774068584,control (non-VVP),True,0.03278397333817885,0.034563417251462794,20,21
510,Panwani,Uttarkashi,Unknown,Uttarakhand,True,31.1162624,78.3290382,44.99273687783485,control (non-VVP),True,0.04886568699729919,0.062168353808962164,10,10
511,Gangwar,Uttarkashi,Unknown,Uttarakhand,True,31.1081301,78.3128214,46.782319991467176,control (non-VVP),True,0.05555397132875616,0.06644624101776209,10,10
512,Janki Chatti,Uttarkashi,Unknown,Uttarakhand,True,30.9764513,78.4383369,46.98872281721196,control (non-VVP),True,0.23039786523675296,0.31688221556991125,20,20
513,Kharsālī,Uttarkashi,Unknown,Uttarakhand,True,30.9727889,78.4382202,47.31439009250329,control (non-VVP),True,0.28059259983393375,0.3265580730985537,20,20
514,Buri,Tawang,Unknown,Arunachal Pradesh,True,27.5138525,91.6470731,1.3784428309811594,control (non-VVP),True,,0.034831330851555736,1,3
515,Dudunghar,Tawang,Unknown,Arunachal Pradesh,True,27.5069344,91.6530079,1.5845961590826654,control (non-VVP),True,,0.06949454211035204,1,3
516,Blaiteng,Tawang,Unknown,Arunachal Pradesh,True,27.505442,91.6575862,1.9598216987706023,control (non-VVP),True,,0.0866654309277473,1,3
517,Dongmareng,Tawang,Unknown,Arunachal Pradesh,True,27.5064997,91.6610772,2.297958008278038,control (non-VVP),True,,0.06865665881026885,1,3
518,Kaben,Tawang,Unknown,Arunachal Pradesh,True,27.489457,91.7279816,3.0298278851124576,control (non-VVP),True,,0.13285788446231983,1,3
519,Marmey,Tawang,Unknown,Arunachal Pradesh,True,27.5382332,91.6496721,3.3525511690259813,control (non-VVP),True,0.031903039956752165,0.039543275677116005,1,3
520,Hatung La,Tawang,Unknown,Arunachal Pradesh,True,27.7767145,91.7101807,3.605519688388505,control (non-VVP),True,0.03938366200275115,0.041621661471350685,1,3
521,Chelengdung,Tawang,Unknown,Arunachal Pradesh,True,27.5402668,91.6598059,4.1381078596207095,control (non-VVP),True,0.14482813557624816,0.06613141091961074,1,3
522,Dungjee,Tawang,Unknown,Arunachal Pradesh,True,27.4989655,92.0097869,4.297136495986306,control (non-VVP),True,,0.03485443402989469,1,4
523,Benig,Tawang,Unknown,Arunachal Pradesh,True,27.499111,91.7352285,4.302094159838689,control (non-VVP),True,0.031602111312193454,0.03712682096767012,1,3
524,User,Tawang,Unknown,Arunachal Pradesh,True,27.5441215,91.6573264,4.332662551885869,control (non-VVP),True,0.1744175787158141,0.04849562355955408,1,3
525,Phomang,Tawang,Unknown,Arunachal Pradesh,True,27.5125531,91.694958,4.594783190459134,control (non-VVP),True,,0.07597706146840129,1,3
526,Sanghar,Tawang,Unknown,Arunachal Pradesh,True,27.5320099,91.6739901,4.655048653488116,control (non-VVP),True,,0.09069584307955526,1,3
527,Tsechu,Tawang,Unknown,Arunachal Pradesh,True,27.7228408,92.0148221,4.839255499380271,control (non-VVP),True,,0.06401124056632349,1,4
528,Dormeleng,Tawang,Unknown,Arunachal Pradesh,True,27.536051,91.6739209,4.872489192383831,control (non-VVP),True,0.10288028578916614,0.13311982514511606,1,3
529,Bagajang Gompa,Tawang,Unknown,Arunachal Pradesh,True,27.5002605,92.0203955,4.958258166043775,control (non-VVP),True,,,1,4
530,Hoongla,Tawang,Unknown,Arunachal Pradesh,True,27.5133024,91.7221181,5.219682444374062,control (non-VVP),True,0.06145354476342851,0.055438593397934166,1,3
531,Kharung,Tawang,Unknown,Arunachal Pradesh,True,27.5083212,91.7443344,5.472869874542752,control (non-VVP),True,0.08011650055048801,0.05173851689203411,1,3
532,Sazo,Tawang,Unknown,Arunachal Pradesh,True,27.5211872,91.6919115,5.481263190914099,control (non-VVP),True,,0.06640285844773508,1,3
533,Bulaisen,Tawang,Unknown,Arunachal Pradesh,True,27.7447203,91.6940265,5.82737530462685,control (non-VVP),True,0.027966587695819403,0.03607690581239639,1,3
534,Zirkhim,Tawang,Unknown,Arunachal Pradesh,True,27.759106,91.6987037,5.859782408176547,control (non-VVP),True,0.04318086178680929,0.05732171224090953,1,3
535,Kharteng,Tawang,Unknown,Arunachal Pradesh,True,27.5322737,91.68881,5.999022821529483,control (non-VVP),True,0.03857032682476652,0.11349965613581642,1,3
536,Taktsang,Tawang,Unknown,Arunachal Pradesh,True,27.7202129,91.7987847,6.611126228743398,control (non-VVP),True,0.04703600574155247,0.07868118342053808,1,3
537,Baghar,Tawang,Unknown,Arunachal Pradesh,True,27.5386646,91.692876,6.666281448423297,control (non-VVP),True,0.07627333568207521,0.08181934989138283,1,3
538,Surbin,Tawang,Unknown,Arunachal Pradesh,True,27.6044729,91.6478797,6.702895702948471,control (non-VVP),True,0.03828330369071833,0.04448196767145142,1,3
539,Yabab,Tawang,Unknown,Arunachal Pradesh,True,27.5495362,91.6993454,7.79234841016766,control (non-VVP),True,,0.04334916208931608,1,3
540,Gyandong,Tawang,Unknown,Arunachal Pradesh,True,27.5360362,91.8767708,7.960987720661884,control (non-VVP),True,,0.09289322774849758,1,3
541,Socktsen,Tawang,Unknown,Arunachal Pradesh,True,27.7317783,91.7136439,8.176378417682914,control (non-VVP),True,,0.05183733603132159,1,3
542,乃林芒,Tawang,Unknown,Arunachal Pradesh,True,27.7304581,91.7122753,8.346887659670452,control (non-VVP),True,0.03413829064327224,0.05134317136465643,1,3
543,Khet,Tawang,Unknown,Arunachal Pradesh,True,27.5420105,91.8651408,8.438906817105366,control (non-VVP),True,0.037819369265422655,0.11689168569958791,1,3
544,Mangnam,Tawang,Unknown,Arunachal Pradesh,True,27.5434452,91.7277148,8.576480853707107,control (non-VVP),True,,0.10941367711795288,1,3
545,Duola,Tawang,Unknown,Arunachal Pradesh,True,27.6806026,91.7051828,8.700719158387184,control (non-VVP),True,0.03203449428756761,0.03463908904056164,1,3
546,Thiksi,Tawang,Unknown,Arunachal Pradesh,True,27.6742312,91.7039224,8.938675902140462,control (non-VVP),True,0.031277772343526536,0.0341048097118345,1,3
547,Mukto,Tawang,Unknown,Arunachal Pradesh,True,27.5459298,91.925351,9.033768782544565,control (non-VVP),True,,0.0838864920625684,1,3
548,朗楚,Tawang,Unknown,Arunachal Pradesh,True,27.6665478,92.018261,9.170429339437083,control (non-VVP),True,,0.03319583165992234,1,4
549,Gispu,Tawang,Unknown,Arunachal Pradesh,True,27.5798,91.68915,9.375706517611604,control (non-VVP),True,,0.11234756664481077,1,3
550,Buikung,Tawang,Unknown,Arunachal Pradesh,True,27.5418739,91.7759019,9.411678782317772,control (non-VVP),True,0.0498917814345645,0.056156196630703904,1,3
551,Momai,Tawang,Unknown,Arunachal Pradesh,True,27.5468143,91.9076102,9.41491744136239,control (non-VVP),True,,0.052813971501275626,1,3
552,Khangkar,Tawang,Unknown,Arunachal Pradesh,True,27.5483269,91.8982714,9.65310951987415,control (non-VVP),True,,0.06316677263945322,1,3
553,Thrillam,Tawang,Unknown,Arunachal Pradesh,True,27.5444139,91.7737903,9.676984165349417,control (non-VVP),True,0.059779337370879204,0.057721019282374726,1,3
554,Gomkelleng,Tawang,Unknown,Arunachal Pradesh,True,27.557721,91.9476161,9.843283809332174,control (non-VVP),True,,0.03630765224909108,1,3
555,Nuranang,Tawang,Unknown,Arunachal Pradesh,True,27.5495863,92.0246679,9.896721816486076,control (non-VVP),True,,,1,4
556,Khelengteng,Tawang,Unknown,Arunachal Pradesh,True,27.700347,91.7260819,9.96298258283976,control (non-VVP),True,0.04519683521355966,0.055937027083312385,1,3
557,Mirba,Tawang,Unknown,Arunachal Pradesh,True,27.5628166,91.9670658,10.046901244397526,control (non-VVP),True,,0.032890371346492434,1,3
558,Bomja,Tawang,Unknown,Arunachal Pradesh,True,27.5628997,91.9964314,10.2441602229928,control (non-VVP),True,,0.03897370414902452,1,4
559,Ajidong,Tawang,Unknown,Arunachal Pradesh,True,27.5640002,91.954525,10.34812753629876,control (non-VVP),True,,0.03430675657271743,1,3
560,Chakzam,Tawang,Unknown,Arunachal Pradesh,True,27.557929,91.9220578,10.39932444051828,control (non-VVP),True,,0.04827042664112002,1,3
561,Xiongbaze,Tawang,Unknown,Arunachal Pradesh,True,27.5673678,91.9761893,10.520480542245313,control (non-VVP),True,,0.04330588076014371,1,3
562,Kanchi Mor,Tawang,Unknown,Arunachal Pradesh,True,27.6276338,91.9591421,10.791124997082466,control (non-VVP),True,0.04107047361850068,0.03262842718194439,1,3
563,Senu,Tawang,Unknown,Arunachal Pradesh,True,27.568186,91.8640359,11.32095577800408,control (non-VVP),True,,0.14608055841318093,1,3
564,Kharsa,Tawang,Unknown,Arunachal Pradesh,True,27.5768922,91.9742501,11.575637862711783,control (non-VVP),True,,0.15996752391734004,1,3
565,Tsewkhar,Tawang,Unknown,Arunachal Pradesh,True,27.5723837,91.9352289,11.769604232081706,control (non-VVP),True,,0.13672035621349785,1,3
566,Jamkhar,Tawang,Unknown,Arunachal Pradesh,True,27.5741023,91.8498361,11.97109277897478,control (non-VVP),True,,0.035803537027366474,1,3
567,Topgye,Tawang,Unknown,Arunachal Pradesh,True,27.7071071,92.2145841,12.010850218777836,control (non-VVP),True,,,0,1
568,Lhou,Tawang,Unknown,Arunachal Pradesh,True,27.574306,91.9287482,12.083796379688184,control (non-VVP),True,,0.11820993909255603,1,3
569,Bomdir,Tawang,Unknown,Arunachal Pradesh,True,27.5798,91.88004,12.800691542574553,control (non-VVP),True,,0.22717414298592684,1,3
570,Urgeling,Tawang,Unknown,Arunachal Pradesh,True,27.5810786,91.8710988,12.806217009504952,control (non-VVP),True,,0.1321566772222489,1,3
571,Geibi,Tawang,Unknown,Arunachal Pradesh,True,27.579271,91.8861143,12.841084848187418,control (non-VVP),True,,0.18939179075568394,1,3
572,Sazhe,Tawang,Unknown,Arunachal Pradesh,True,27.5776458,91.7988206,13.004782979435044,control (non-VVP),True,,0.06133411951330222,1,3
573,Aodong,Tawang,Unknown,Arunachal Pradesh,True,27.5803197,91.893275,13.071617730047157,control (non-VVP),True,,0.1093133775045119,1,3
574,Bangde,Tawang,Unknown,Arunachal Pradesh,True,27.5840299,91.8834414,13.318371109342184,control (non-VVP),True,,0.227490954741486,1,3
575,Shyo,Tawang,Unknown,Arunachal Pradesh,True,27.5891423,91.8597993,13.622892569252397,control (non-VVP),True,,0.25523136785485784,1,3
576,Beghar,Tawang,Unknown,Arunachal Pradesh,True,27.5889112,91.8791928,13.783557607535824,control (non-VVP),True,,0.2654813167241018,1,3
577,Mandreling,Tawang,Unknown,Arunachal Pradesh,True,27.5917248,91.8595869,13.908525964520482,control (non-VVP),True,,0.30141744069712784,1,3
578,Nyuri,Tawang,Unknown,Arunachal Pradesh,True,27.6891295,92.2040611,14.228594022329878,control (non-VVP),True,,,0,1
579,Tseretse,Tawang,Unknown,Arunachal Pradesh,True,27.5930753,91.8967033,14.52226112151756,control (non-VVP),True,0.19414533229650366,0.12700405027737524,1,3
580,楚木巴,Tawang,Unknown,Arunachal Pradesh,True,27.6549106,92.2710437,14.899982744148126,control (non-VVP),True,,,0,1
581,Neygang,North,Unknown,Sikkim,True,26.8222735,89.2456924,0.0354397827185006,control (non-VVP),False,0.035661161383889514,0.03892374328774741,4,5
582,Mangalbare,North,Unknown,Sikkim,True,26.9641686,88.0931146,0.0646404924804474,control (non-VVP),False,0.06366894644242894,0.11427417398266104,8,20
583,Tingtingma,North,Unknown,Sikkim,True,26.83608,89.2607505,0.1374003726741908,control (non-VVP),False,0.033468069296790866,0.04744202283807871,4,5
584,Tading,North,Unknown,Sikkim,True,26.842835,89.2980981,0.1836409106089793,control (non-VVP),False,0.0665354630955456,0.03845158246802985,4,5
585,Katao,North,Unknown,Sikkim,True,27.6714244,88.8140893,0.4093092829809311,control (non-VVP),False,,,0,2
586,Kupup,North,Unknown,Sikkim,True,27.35065,88.8396693,0.4220779702879976,control (non-VVP),False,,,0,2
587,Kumai,North,Unknown,Sikkim,True,26.9721659,88.8529694,0.4496922242930337,control (non-VVP),False,0.10976141819520265,0.11123272418121037,3,6
588,Sherathang,North,Unknown,Sikkim,True,27.3803999,88.8152126,0.4936963693973037,control (non-VVP),False,,,0,2
589,Gidaibir,North,Unknown,Sikkim,True,26.8366987,89.2715013,0.4987423550079105,control (non-VVP),False,0.04880229668995009,0.052746445768650944,4,5
590,Marwatraya,North,Unknown,Sikkim,True,26.8521011,89.3113536,0.537664567588106,control (non-VVP),False,0.07572402399606061,0.0607632481723222,4,5
591,Daduwachok,North,Unknown,Sikkim,True,27.278697,88.0127539,0.6010992404530895,control (non-VVP),False,,0.032435844946604946,1,13
592,Doomshinggang,North,Unknown,Sikkim,True,26.819084,89.1416207,0.6994205554095879,control (non-VVP),False,0.05423602296061458,0.04641471148447811,4,5
593,Nyoenpalingmaed,North,Unknown,Sikkim,True,26.8229454,89.2250516,0.7472079788470537,control (non-VVP),False,0.1963589905346317,0.2096095004444996,4,5
594,Shri Antu,North,Unknown,Sikkim,True,26.8809868,88.1307377,0.8495012448518934,control (non-VVP),False,0.1583664025608384,0.1738634741940124,4,8
595,Doleg,North,Unknown,Sikkim,True,26.819408,89.1716232,0.9051630724290842,control (non-VVP),False,0.06626220758333415,0.057925154806748945,4,5
596,Rongo,North,Unknown,Sikkim,True,27.0385628,88.8358784,0.9661025806763252,control (non-VVP),False,0.3090463827043757,0.33200526915009215,3,8
597,Todey,North,Unknown,Sikkim,True,27.1108271,88.8252278,1.0056724908623245,control (non-VVP),False,0.10582534545421844,0.14992550273622735,3,8
598,Dugpoling,North,Unknown,Sikkim,True,26.8538049,89.2820477,1.014366765057029,control (non-VVP),False,0.03632773432025765,0.031148636617643694,4,5
599,Hauri,North,Unknown,Sikkim,True,26.8351402,89.2827694,1.0515924551522455,control (non-VVP),False,0.04812747456307938,0.04003773532181453,4,5
600,Totopara,North,Unknown,Sikkim,True,26.8357066,89.3075323,1.1217663315424862,control (non-VVP),False,0.07764339800735187,0.05073732810082865,4,5
601,Gorkhe Bazar,North,Unknown,Sikkim,True,26.9554832,88.0775912,1.8877153943244096,control (non-VVP),False,0.0988301972042507,0.038773122069139146,8,20
602,Tumliṅ,North,Unknown,Sikkim,True,27.0312588,88.0689601,1.952452896070509,control (non-VVP),False,,0.05140336801961,9,33
603,Gariabas,North,Unknown,Sikkim,True,27.024001,88.8656552,1.9886380969430395,control (non-VVP),False,0.19205413957578726,0.1555423526176331,3,8
604,Lachhungthang,North,Unknown,Sikkim,True,26.8295321,89.1899901,2.040227433577781,control (non-VVP),False,0.05450843394366373,0.04835039872498172,4,5
605,Gurãse,North,Unknown,Sikkim,True,27.027135,88.0744586,2.092496369904318,control (non-VVP),False,0.03971219776562889,0.04680833488133376,8,20
606,Gairibas,North,Unknown,Sikkim,True,27.0592783,88.0246254,2.0927719373359936,control (non-VVP),False,0.0380710675387507,0.035982446543762134,9,33
607,Dangreyboog,North,Unknown,Sikkim,True,26.9392244,89.008113,2.139504061456761,control (non-VVP),False,0.06212897922745931,0.07607046638615175,3,6
608,काला पोखरी,North,Unknown,Sikkim,True,27.0788791,88.0171082,2.2196151166504423,control (non-VVP),False,0.04403381033332444,0.05118369487675254,9,33
609,Dadheli,North,Unknown,Sikkim,True,27.0860589,87.9548391,2.2898595952271785,control (non-VVP),False,,0.04014657069001403,5,19
610,लुम्चोक,North,Unknown,Sikkim,True,27.0800523,87.9589886,2.3395745634031484,control (non-VVP),False,,0.052730555466411984,5,19
611,Kandan,North,Unknown,Sikkim,True,27.2632886,87.9854179,2.387155050260856,control (non-VVP),False,,,1,7
612,Magargau,North,Unknown,Sikkim,True,27.2531652,87.9799507,2.4259457880824007,control (non-VVP),False,,,1,7
613,Changgu,North,Unknown,Sikkim,True,27.3778843,88.7709213,2.4303020148375434,control (non-VVP),False,,,0,2
614,Bikeybhanjan,North,Unknown,Sikkim,True,27.0929468,88.01296,2.4946215039078736,control (non-VVP),False,,,9,33
615,Megma,North,Unknown,Sikkim,True,27.0239524,88.0828861,2.5710113040084863,control (non-VVP),False,0.05298022430945021,0.060304905859381225,8,20
616,Sandakphu,North,Unknown,Sikkim,True,27.104806,88.0015441,2.579681664896949,control (non-VVP),False,,,5,19
617,Katrepakha,North,Unknown,Sikkim,True,26.9903319,88.9319658,2.607344879343358,control (non-VVP),False,0.07578612288794355,0.049794357824612195,3,6
618,Bugkha,North,Unknown,Sikkim,True,26.869138,89.2872405,2.6784303130882674,control (non-VVP),False,0.05320306730683578,0.034301525851200484,4,5
619,Chamurchi,North,Unknown,Sikkim,True,26.8827274,89.0903663,2.7225711132266324,control (non-VVP),False,0.352516661891014,0.34993070533971166,7,11
620,Jhalong,North,Unknown,Sikkim,True,27.0401327,88.8732963,2.7465010739437283,control (non-VVP),False,0.2579077896654717,0.19691642081251162,3,8
621,Khamzangling,North,Unknown,Sikkim,True,26.9747954,88.9498508,2.9095350172627934,control (non-VVP),False,0.05871151955255682,0.04905497820899257,3,6
622,Tharphu,North,Unknown,Sikkim,True,26.9893377,88.9368045,2.9102798377936985,control (non-VVP),False,0.04006259086934513,0.034285224347764556,3,6
623,Yugo,North,Unknown,Sikkim,True,26.8975661,89.0839157,2.916803936913932,control (non-VVP),False,0.14039173541544353,0.16913266790535988,7,11
624,Kardo,North,Unknown,Sikkim,True,26.9492965,88.9928788,2.9572807826624348,control (non-VVP),False,0.04439927993165044,0.03776261859373528,3,6
625,Paren,North,Unknown,Sikkim,True,27.0636736,88.8734078,2.979857761316277,control (non-VVP),False,0.23975335171489143,0.2112139466050002,3,8
626,Tonglu,North,Unknown,Sikkim,True,27.033721,88.0805457,3.013399463859864,control (non-VVP),False,,0.05860787847912302,9,33
627,Samarjun,North,Unknown,Sikkim,True,27.2603728,87.975741,3.134339894708016,control (non-VVP),False,,,1,7
628,Chhubakha,North,Unknown,Sikkim,True,27.8241475,88.815369,3.225655994048761,control (non-VVP),False,,,0,2
629,Sisne,North,Unknown,Sikkim,True,27.2634845,87.9756726,3.281271091190319,control (non-VVP),False,,,1,7
630,Sampheling,North,Unknown,Sikkim,True,27.1213407,88.8490569,3.357082188195897,control (non-VVP),False,,0.1105060588636523,0,2
631,Rabi,North,Unknown,Sikkim,True,27.3014656,87.9929991,3.4248380521192847,control (non-VVP),False,,0.03050004854184387,1,7
632,Samphelgang,North,Unknown,Sikkim,True,27.1264595,88.8453086,3.601970449961409,control (non-VVP),False,,0.1578774875685826,0,2
633,Sepi,North,Unknown,Sikkim,True,27.2967297,87.9885069,3.618710893016439,control (non-VVP),False,,0.10235704739971684,1,7
634,Depheling,North,Unknown,Sikkim,True,26.9742504,88.9581871,3.6261462396301702,control (non-VVP),False,0.15148266611250485,0.0934075360399874,3,6
635,Nojangsa Nyipa,North,Unknown,Sikkim,True,26.8786124,89.3011236,3.641663302075516,control (non-VVP),False,0.07062664184109876,0.04029662201292865,4,5
636,Norgeygang,North,Unknown,Sikkim,True,27.1251166,88.8483354,3.649812594241609,control (non-VVP),False,,0.16899261597845255,0,2
637,Tsomgo,North,Unknown,Sikkim,True,27.3754372,88.7566799,3.682317154899109,control (non-VVP),False,,,0,2
638,Ekrate,North,Unknown,Sikkim,True,27.252172,87.9651893,3.722050764424155,control (non-VVP),False,,,1,7
639,Karmaling,North,Unknown,Sikkim,True,27.1204516,88.8555324,3.729363223002584,control (non-VVP),False,,0.04729294056195744,0,2
640,Timbure,North,Unknown,Sikkim,True,27.2927386,87.9850534,3.751930497106271,control (non-VVP),False,,0.03685797373075403,1,7
641,Norbuling,North,Unknown,Sikkim,True,26.8925739,89.0972757,3.822535323022741,control (non-VVP),False,0.32828011389607453,0.31806750832402403,7,11
642,Sugure,North,Unknown,Sikkim,True,27.2608375,87.9680869,3.850674336389128,control (non-VVP),False,,0.03572328036419596,1,7
643,Kuengaling,North,Unknown,Sikkim,True,27.1353079,88.8366105,3.865136594950476,control (non-VVP),False,,0.05620762212071972,0,2
644,Khangzhima,North,Unknown,Sikkim,True,26.9887258,88.950355,3.9124028155231376,control (non-VVP),False,0.14476191134211036,0.07660671942461558,3,6
645,Kharsaling,North,Unknown,Sikkim,True,26.9981042,88.9418471,3.919752320650081,control (non-VVP),False,0.08718482881631903,0.044751077393217806,3,6
646,Bindu,North,Unknown,Sikkim,True,27.0986121,88.8716429,3.9264302281607857,control (non-VVP),False,0.10799123091818426,0.09911754401345976,3,8
647,Sagadada,North,Unknown,Sikkim,True,27.2743415,87.9725518,4.055684917075906,control (non-VVP),False,,0.03424003464987238,1,7
648,Nagrakata,North,Unknown,Sikkim,True,26.887366,88.9115671,4.089471232915417,control (non-VVP),False,0.4575863887402422,0.42527833711508284,3,6
649,Beteni,North,Unknown,Sikkim,True,27.2990623,87.9842607,4.109805314172164,control (non-VVP),False,,0.09447563840665535,1,7
650,Samsing,North,Unknown,Sikkim,True,26.9891656,88.8036059,4.215283346249905,control (non-VVP),False,0.36458812825699505,0.3452030674380177,3,6
651,राम्चे (Ramche),North,Unknown,Sikkim,True,27.5940731,88.0313801,4.2397145853402165,control (non-VVP),False,,,1,13
652,Migphelgang,North,Unknown,Sikkim,True,27.1290662,88.8545122,4.363893173569808,control (non-VVP),False,,0.049065174261306764,0,2
653,Chamilindada,North,Unknown,Sikkim,True,27.2564045,87.9589886,4.476766394844066,control (non-VVP),False,,0.07095411131956426,1,7
654,Patshaling,North,Unknown,Sikkim,True,27.1459569,88.8314001,4.497957969345004,control (non-VVP),False,,0.045664555198640586,0,2
655,Sisne,North,Unknown,Sikkim,True,27.278902,87.9695767,4.532116420063161,control (non-VVP),False,,0.037069025505903117,1,7
656,Nojangsa Dangpa,North,Unknown,Sikkim,True,26.8871962,89.2838824,4.684382905124696,control (non-VVP),False,0.05798087888720489,0.0438637696184968,4,5
657,Pangpema,North,Unknown,Sikkim,True,27.7878398,88.1100906,4.6922108464505925,control (non-VVP),False,,0.060368553269946966,1,13
658,Simana,North,Unknown,Sikkim,True,26.9846521,88.1356918,4.755966616225002,control (non-VVP),False,,,4,8
659,Gashingma,North,Unknown,Sikkim,True,26.8543744,89.1888303,4.791395856513222,control (non-VVP),False,0.03214428071801959,0.07238575508011758,4,5
660,Perunge,North,Unknown,Sikkim,True,27.2523041,87.9531478,4.821995927290392,control (non-VVP),False,,,1,7
661,Joenleksa,North,Unknown,Sikkim,True,26.9988785,88.9532304,4.8527674534351,control (non-VVP),False,0.04917771592740661,0.045593073298081474,3,6
662,Phanchebun,North,Unknown,Sikkim,True,27.0558235,87.9505824,4.880443684657196,control (non-VVP),False,0.06442245935322737,0.10716435486619126,5,19
663,Dombang,North,Unknown,Sikkim,True,27.7456823,88.777401,4.952018864728949,control (non-VVP),False,,0.0291722784530694,0,2
664,Tserima,North,Unknown,Sikkim,True,26.8970136,89.1079938,5.0001862830661485,control (non-VVP),False,0.10052761795019,0.09888020513456407,7,11
665,Baichhadrangra,North,Unknown,Sikkim,True,26.8907462,89.1119796,5.051882633741652,control (non-VVP),False,0.03196908276370865,0.05680913733814205,7,11
666,Gangawa,North,Unknown,Sikkim,True,27.2961738,87.9718593,5.105567853365814,control (non-VVP),False,,0.0313780554940053,1,7
667,Muklabu,North,Unknown,Sikkim,True,27.2868659,87.9666335,5.15947744905538,control (non-VVP),False,,0.042052796886221114,1,7
668,Tirsuley,North,Unknown,Sikkim,True,27.0096612,88.9474797,5.17216692808125,control (non-VVP),False,0.048463716067494396,0.050296310488731066,3,6
669,Serpe,North,Unknown,Sikkim,True,27.0734953,87.9288146,5.236702331017508,control (non-VVP),False,,0.09679954512408435,5,19
670,Chyanthapu,North,Unknown,Sikkim,True,27.2635164,87.9541546,5.237476189395344,control (non-VVP),False,,0.1492266981143388,1,7
671,Memekha,North,Unknown,Sikkim,True,26.8941073,89.3031281,5.251209710485094,control (non-VVP),False,0.06609937613663233,0.0539173398352671,4,5
672,Nibhare,North,Unknown,Sikkim,True,27.3091311,87.9755405,5.356886421662148,control (non-VVP),False,,0.05356777434910661,1,7
673,Fikkal,North,Unknown,Sikkim,True,26.8952118,88.0661527,5.522309970347057,control (non-VVP),False,0.27017274459596585,0.29622429545919354,8,20
674,Narayan Ashram,Pithoragarh,Unknown,Uttarakhand,True,29.9707,80.65476,0.0323530316101096,control (non-VVP),True,0.04171165792148121,0.049871629871372426,5,8
675,Napalcho,Pithoragarh,Unknown,Uttarakhand,True,30.1820716,80.8515056,0.0730629720601801,control (non-VVP),True,0.06134630231452159,0.10792358947852529,13,14
676,Bagrihat,Pithoragarh,Unknown,Uttarakhand,True,29.74274,80.36225,0.1180550634206112,control (non-VVP),True,0.16084482278356835,0.16251356487842772,10,14
677,Titri,Pithoragarh,Unknown,Uttarakhand,True,29.73587,80.36225,0.4402156242512728,control (non-VVP),True,0.12613121943062938,0.10743711653748053,5,8
678,Majarkana,Pithoragarh,Unknown,Uttarakhand,True,29.58069,80.36362,0.4476146132273144,control (non-VVP),True,0.1238956520135614,0.10728517144121474,5,9
679,Chhiyalekh,Pithoragarh,Unknown,Uttarakhand,True,30.1200614,80.8384468,0.520514503646884,control (non-VVP),True,0.0402150496517349,0.0452847841566529,13,14
680,Gullah,Pithoragarh,Unknown,Uttarakhand,True,30.02426,80.7193,0.5764591109992325,control (non-VVP),True,,0.0535875365959091,6,8
681,Tawaghat,Pithoragarh,Unknown,Uttarakhand,True,29.9614818,80.5995242,0.6439112012307722,control (non-VVP),True,0.06278962150737465,0.05267871098889217,5,8
682,Bachkot,Pithoragarh,Unknown,Uttarakhand,True,29.68918,80.36774,0.6834376358003158,control (non-VVP),True,0.06417493201186474,0.05357007095184395,5,8
683,Khela,Pithoragarh,Unknown,Uttarakhand,True,29.9624674,80.5911762,0.8549461818637469,control (non-VVP),True,0.16834375208951532,0.1754277984994598,5,8
684,Jauljibi,Pithoragarh,Unknown,Uttarakhand,True,29.7524071,80.376287,0.9286296961076403,control (non-VVP),True,0.08510069344545511,0.08821682354713521,10,14
685,Nabhidang Camp,Pithoragarh,Unknown,Uttarakhand,True,30.2390998,80.9760112,0.951191793935628,control (non-VVP),True,0.035541521592452975,0.057331175552453296,13,14
686,Ela Gad,Pithoragarh,Unknown,Uttarakhand,True,29.92127,80.57099,1.0376171956303184,control (non-VVP),True,0.060504748564690215,0.06926698745433175,5,8
687,Pipali,Pithoragarh,Unknown,Uttarakhand,True,29.67957,80.37598,1.0672403964005457,control (non-VVP),True,0.07774153073939231,0.06037437101879705,5,8
688,Bhungti,Pithoragarh,Unknown,Uttarakhand,True,30.02838,80.71656,1.0844439643766843,control (non-VVP),True,0.09191773894137237,0.0438339596737802,5,8
689,Kalika,Pithoragarh,Unknown,Uttarakhand,True,29.80866,80.49271,1.0908230484568096,control (non-VVP),True,0.15363153000036053,0.18083273849810713,14,14
690,Guariat,Pithoragarh,Unknown,Uttarakhand,True,29.56833,80.34165,1.0940235634343112,control (non-VVP),True,0.22710434530225207,0.1467963468457989,5,9
691,Kulagad,Pithoragarh,Unknown,Uttarakhand,True,29.90891,80.56824,1.2061540183517458,control (non-VVP),True,0.050971253072370555,0.04790112626495592,5,8
692,Budhi,Pithoragarh,Unknown,Uttarakhand,True,30.1021621,80.8278931,1.2169752384701875,control (non-VVP),True,0.03725078995672083,0.05851921343665893,13,14
693,Arkini,Pithoragarh,Unknown,Uttarakhand,True,29.53262,80.31143,1.3601773144358649,control (non-VVP),True,0.08307755892577652,0.04664815425818211,5,9
694,Mangti,Pithoragarh,Unknown,Uttarakhand,True,29.9975052,80.714547,1.386471653484554,control (non-VVP),True,,0.053804815040079494,5,8
695,Nigalpani,Pithoragarh,Unknown,Uttarakhand,True,29.82788,80.51468,1.4345252586515271,control (non-VVP),True,0.2519199811908606,0.1835761140892076,14,17
696,Sunkholi,Pithoragarh,Unknown,Uttarakhand,True,29.6727,80.38559,1.6108121518240937,control (non-VVP),True,0.09915370544507751,0.09661844631217104,5,8
697,Pangla,Pithoragarh,Unknown,Uttarakhand,True,29.9800668,80.6895435,1.6210846454452084,control (non-VVP),True,0.13619040496394827,0.15493234068600603,5,8
698,Jhulāghāt,Pithoragarh,Unknown,Uttarakhand,True,29.57245,80.38422,1.669445047328484,control (non-VVP),True,0.14361198218035992,0.1351972613627921,5,9
699,Balwakot,Pithoragarh,Unknown,Uttarakhand,True,29.80042,80.42954,1.6922467821054537,control (non-VVP),True,0.1379548137579339,0.16181156407647762,10,14
700,Matoli,Pithoragarh,Unknown,Uttarakhand,True,29.67407,80.34714,1.7446487149080665,control (non-VVP),True,0.06752908571712775,0.048876550019615016,5,8
701,Bagrigaon,Pithoragarh,Unknown,Uttarakhand,True,29.68506,80.38147,1.8045535437812656,control (non-VVP),True,0.09872047003662053,0.08270106704549339,5,8
702,Dwalisera,Pithoragarh,Unknown,Uttarakhand,True,29.70017,80.37735,1.95335447596369,control (non-VVP),True,0.12902652995880395,0.10824898211852464,5,8
703,Dobat,Pithoragarh,Unknown,Uttarakhand,True,29.87732,80.56275,2.0576548562319417,control (non-VVP),True,0.053418686854681055,0.049567469631591525,5,8
704,Ghasku,Pithoragarh,Unknown,Uttarakhand,True,29.9704962,80.6856052,2.1159743868697984,control (non-VVP),True,0.0751081396618671,0.07212426214928076,5,8
705,Sosa,Pithoragarh,Unknown,Uttarakhand,True,29.98306,80.63553,2.150443728067402,control (non-VVP),True,0.03838711410119689,0.041921030488199965,5,8
706,Tapovan,Pithoragarh,Unknown,Uttarakhand,True,29.8666326,80.559451,2.4136628364519885,control (non-VVP),True,0.06933264403929677,0.07965756476166973,5,8
707,Badari,Pithoragarh,Unknown,Uttarakhand,True,29.54361,80.2977,2.519961978082271,control (non-VVP),True,0.17842706294513644,0.11297299372615104,5,9
708,Pangu,Pithoragarh,Unknown,Uttarakhand,True,29.98444,80.61631,2.963014823972661,control (non-VVP),True,0.07461171818058747,0.09823616809204018,5,8
709,कालापानी,Pithoragarh,Unknown,Uttarakhand,True,30.2233426,80.9121926,3.087215901421682,control (non-VVP),True,0.03870532666203571,0.04090094964713833,13,14
710,Bharalu,Pithoragarh,Unknown,Uttarakhand,True,29.5697,80.30457,3.208758661003287,control (non-VVP),True,0.1271592703427609,0.09048191797912247,5,9
711,Askot,Pithoragarh,Unknown,Uttarakhand,True,29.7645899,80.3346048,3.3481721320454376,control (non-VVP),True,0.23226088389591693,0.22622338069725387,10,14
712,Chhirkala,Pithoragarh,Unknown,Uttarakhand,True,29.98032,80.56549,3.531308933184691,control (non-VVP),True,0.045142579635263004,0.043732723721073154,5,8
713,Chharandeo,Pithoragarh,Unknown,Uttarakhand,True,29.67545,80.32105,4.1042790874662,control (non-VVP),True,0.06628160074659356,0.04690106710737211,5,8
714,Balmara,Pithoragarh,Unknown,Uttarakhand,True,29.79767,80.35813,4.111956217174881,control (non-VVP),True,0.06728589172795708,0.05098468019963368,10,14
715,Imkhola,Pithoragarh,Unknown,Uttarakhand,True,29.8196229,80.3827692,4.920765939256588,control (non-VVP),True,0.034643593733130085,0.032443154663812354,10,14
716,Barabe,Pithoragarh,Unknown,Uttarakhand,True,29.51202,80.23728,5.100446408044568,control (non-VVP),True,,0.07524324350765597,5,9
717,Wadda,Pithoragarh,Unknown,Uttarakhand,True,29.56558,80.27848,5.11031452087313,control (non-VVP),True,0.48543754804970085,0.47746873397393735,5,9
718,Sangri,Pithoragarh,Unknown,Uttarakhand,True,29.67545,80.30731,5.37223428645033,control (non-VVP),True,0.03413211989360999,0.04010550755613891,5,8
719,Bagour,Pithoragarh,Unknown,Uttarakhand,True,29.63562,80.32517,5.447181654842486,control (non-VVP),True,,0.038611898996434635,5,8
720,Khanpaira,Pithoragarh,Unknown,Uttarakhand,True,29.82376,80.36499,5.991249511303318,control (non-VVP),True,0.06518117291391842,0.04920183689140008,10,14
721,Patharkhani,Pithoragarh,Unknown,Uttarakhand,True,29.53674,80.25101,6.078954259117757,control (non-VVP),True,,0.060672596355459456,5,9
