village_id,village,district,block,state,is_core_sample,latitude,longitude,distance_to_border_km,village_source,district_verified,ndbi_before,ndbi_after,ndbi_before_image_count,ndbi_after_image_count,lights_before,lights_after,lights_before_image_count,lights_after_image_count
1,Upper Traflagam 266829,Anjaw,Unknown,Arunachal Pradesh,True,28.3500638,96.6336613,10.504838648105531,control (non-VVP),True,-0.30287704703838036,-0.18011804604752177,24,29,0.3517960872397076,0.087044693779346,4,4
2,Tarampa,Anjaw,Unknown,Arunachal Pradesh,True,28.3416126,96.6186283,11.586133525677417,control (non-VVP),True,-0.2564959606908624,-0.19248768475478512,24,29,0.40611856789130235,0.08135906117707825,4,4
3,Matkrong,Anjaw,Unknown,Arunachal Pradesh,True,27.8559038,96.9824133,12.589815225144246,control (non-VVP),True,-0.266430958937965,-0.2914269050032022,48,57,0.3770130315831402,0.22153454141465617,4,4
4,Abochagan,Anjaw,Unknown,Arunachal Pradesh,True,28.3136489,96.6140466,14.801871758475004,control (non-VVP),True,-0.22788019657266623,-0.17497911278247,24,29,0.37706714656853124,0.11229189691215456,4,4
5,Maling,Anjaw,Unknown,Arunachal Pradesh,True,28.2834154,96.5597358,16.934334664990818,control (non-VVP),True,-0.25715228344862057,-0.23869348157310774,24,29,0.3443011109012267,0.07732596805741115,4,4
6,Khalega,Anjaw,Unknown,Arunachal Pradesh,True,28.2806477,96.5718641,17.79677059210524,control (non-VVP),True,-0.22903541712929773,-0.21145202570338384,24,29,0.28808223128845095,0.21224613574890636,4,4
7,Shirong,Anjaw,Unknown,Arunachal Pradesh,True,27.903587,96.9409105,19.46242042683188,control (non-VVP),True,-0.243076586866017,-0.2590514361171298,24,29,0.2302502840086902,0.11349550538242734,4,4
8,Gai,Anjaw,Unknown,Arunachal Pradesh,True,27.9167902,96.9468696,20.235107019894407,control (non-VVP),True,-0.23489425519740323,-0.23666960221740463,24,29,0.1495537673125246,0.12838414307278964,4,4
9,Khampti Pani,Anjaw,Unknown,Arunachal Pradesh,True,27.9282865,96.9573301,20.606753873624825,control (non-VVP),True,-0.20892118539813043,-0.23187718076454938,48,58,0.275880205718417,0.18946006873997578,4,4
10,Xiao Madengliang,Anjaw,Unknown,Arunachal Pradesh,True,28.2208547,96.5152684,21.257067452938543,control (non-VVP),True,-0.21899848153150914,-0.23727550888924195,24,29,0.3077277777333094,0.0900253092260409,4,4
11,Tilam,Anjaw,Unknown,Arunachal Pradesh,True,28.1432798,97.0060273,21.76251613786226,control (non-VVP),True,-0.2607779702404492,-0.287642138063411,48,58,0.3143331490656627,0.20437500301548941,4,4
12,Minjong,Anjaw,Unknown,Arunachal Pradesh,True,27.9447015,96.9531849,22.21694825536442,control (non-VVP),True,-0.2326796098583286,-0.27208195408835906,48,58,0.14754764389062947,0.12811659133654807,4,4
13,Jiliang,Anjaw,Unknown,Arunachal Pradesh,True,28.2187403,96.536865,22.335877376893624,control (non-VVP),True,-0.2065959508725616,-0.27173376756547957,24,29,0.37602891261638605,0.20880978793999772,4,4
14,Tinai,Anjaw,Unknown,Arunachal Pradesh,True,28.1383669,97.0271327,22.77983817624609,control (non-VVP),True,-0.1523979924804315,-0.15301287404109667,48,58,0.31427247196101066,0.3648314646120822,4,4
15,Kalin,Anjaw,Unknown,Arunachal Pradesh,True,27.9654847,96.9709934,22.844731132325425,control (non-VVP),True,-0.2086709215674636,-0.2125681154417983,96,115,0.2893624125044351,0.1670441847352907,4,4
16,Halla,Anjaw,Unknown,Arunachal Pradesh,True,27.9655372,96.962708,23.363493438772693,control (non-VVP),True,-0.19587291170770596,-0.22287113771640893,96,115,0.23897157069565597,0.10449554079285966,4,4
17,Yashong Camp,Anjaw,Unknown,Arunachal Pradesh,True,27.9752592,96.9686698,23.88390429456526,control (non-VVP),True,-0.22352401730031587,-0.240696463518372,96,115,0.20031596631009935,0.09330654175675364,4,4
18,Menilkrai,Anjaw,Unknown,Arunachal Pradesh,True,28.1024223,97.0047561,26.341690706125203,control (non-VVP),True,-0.09963012765112049,-0.1273940199477299,48,58,0.33117680755015966,0.20546452719550415,4,4
19,Sarti,Anjaw,Unknown,Arunachal Pradesh,True,28.0081411,96.9619129,27.38045906842876,control (non-VVP),True,-0.21768686665147186,-0.23850030254666763,96,115,0.23286632584695446,0.2206711362238965,4,4
20,Tarafliang,Anjaw,Unknown,Arunachal Pradesh,True,28.1541848,96.5174198,28.55526382525193,control (non-VVP),True,-0.21371554270844878,-0.23000509055029655,24,29,0.35940701340248427,0.09656458773664747,4,4
21,Chinagam,Anjaw,Unknown,Arunachal Pradesh,True,28.1625933,96.5530756,28.84541487295319,control (non-VVP),True,-0.1978135888368768,-0.26689322769716317,24,29,0.25468611046671863,0.18007499986224704,4,4
22,Nilang,Anjaw,Unknown,Arunachal Pradesh,True,28.1764497,96.6564414,29.208028216081967,control (non-VVP),True,-0.22639973860136414,-0.28563712974565547,24,29,0.3521188313116407,0.2753923817500138,4,4
23,Chipru,Anjaw,Unknown,Arunachal Pradesh,True,28.1503735,96.5374173,29.57533097313382,control (non-VVP),True,-0.18691997139873096,-0.20757772705761846,24,29,0.39555032574365623,0.2505337352971587,4,4
24,Warti,Anjaw,Unknown,Arunachal Pradesh,True,28.0392081,96.9729224,29.59374629385533,control (non-VVP),True,-0.1729614153835393,-0.20754669687570945,48,58,0.2727685530452369,0.2822176146084816,4,4
25,Chareimna,Anjaw,Unknown,Arunachal Pradesh,True,28.1695789,96.6589609,29.79118812160885,control (non-VVP),True,-0.21854209208870548,-0.2857751158079343,24,29,0.44652546894378703,0.2503516123210341,4,4
26,Bringkong,Anjaw,Unknown,Arunachal Pradesh,True,28.1715853,96.6504862,29.97547381977245,control (non-VVP),True,-0.2523889184694409,-0.29590701693080845,24,29,0.29605512072089524,0.26212695011981085,4,4
27,Sethi,Anjaw,Unknown,Arunachal Pradesh,True,28.055845,96.9797354,30.190500113486607,control (non-VVP),True,-0.19772263130787845,-0.19247806312501442,48,58,0.25858025028716297,0.1925505023913753,4,4
28,Baligam,Anjaw,Unknown,Arunachal Pradesh,True,28.1433091,96.5356291,30.279792081054858,control (non-VVP),True,-0.22331960218672295,-0.2607975990291073,24,29,0.31468049745856375,0.23776344533992985,4,4
29,Challang,Anjaw,Unknown,Arunachal Pradesh,True,28.1551886,96.6522501,31.561882321674908,control (non-VVP),True,-0.20571967401046184,-0.2562880036091312,24,29,0.23857986182812496,0.2352418461887855,4,4
30,Matiliang 266674,Anjaw,Unknown,Arunachal Pradesh,True,28.1076072,96.445203,31.756415094290727,control (non-VVP),True,-0.15983690936795683,-0.2186991437704493,24,29,0.3592388858894507,0.17570556150542366,4,4
31,Tololiang,Anjaw,Unknown,Arunachal Pradesh,True,28.1256641,96.547808,32.581483962495284,control (non-VVP),True,-0.22179721248127368,-0.26582353914856005,24,29,0.1534988953018557,0.20482891617100232,4,4
32,Bulimina,Anjaw,Unknown,Arunachal Pradesh,True,28.1406221,96.6583188,32.764996020317085,control (non-VVP),True,-0.2120685767412292,-0.26535621457627745,24,29,0.4152413043041957,0.22417789165821136,4,4
33,Chamemla,Anjaw,Unknown,Arunachal Pradesh,True,28.1286743,96.5620271,32.76560254020825,control (non-VVP),True,-0.22843417279970676,-0.28716176245675223,24,29,0.3944363866134414,0.1909179718765829,4,4
34,Hoiliang 266714,Anjaw,Unknown,Arunachal Pradesh,True,28.0981287,96.4478867,32.87033273690764,control (non-VVP),True,-0.20147115902820392,-0.2322766400342302,24,29,0.37095896909612236,0.1927854762868976,4,4
35,Tuboka,Anjaw,Unknown,Arunachal Pradesh,True,28.1222299,96.5542939,33.171408601413894,control (non-VVP),True,-0.2258415276288899,-0.2798426068016549,24,29,0.2512984499087761,0.20935492948572235,4,4
36,Tikromna,Anjaw,Unknown,Arunachal Pradesh,True,28.1182382,96.5447809,33.28429819060436,control (non-VVP),True,-0.20203059194277934,-0.20804894105235794,24,29,0.15034482811263725,0.21970521913089266,4,4
37,Adomla,Anjaw,Unknown,Arunachal Pradesh,True,28.1135364,96.5375112,33.573250061226815,control (non-VVP),True,-0.20837883179125768,-0.1849440958785929,24,29,0.14727069276657948,0.23098993034704152,4,4
38,Tafraliang,Anjaw,Unknown,Arunachal Pradesh,True,28.0886403,96.4529695,34.04452371376132,control (non-VVP),True,-0.22537665332709358,-0.23610324033092348,24,29,0.2900859261233104,0.24212860248305582,4,4
39,Paluliang,Anjaw,Unknown,Arunachal Pradesh,True,28.1167741,96.5706359,34.35047498734558,control (non-VVP),True,-0.23671484161467057,-0.2609716311681675,24,29,0.24391195882660474,0.18679125233247035,4,4
40,Tikromla,Anjaw,Unknown,Arunachal Pradesh,True,28.0971168,96.5348369,35.2956890008453,control (non-VVP),True,-0.24980712057270857,-0.24290853767557188,24,29,0.2914657071562467,0.2006139431841078,4,4
41,Champhai,Anjaw,Unknown,Arunachal Pradesh,True,28.1085212,96.57408,35.3533336068139,control (non-VVP),True,-0.2406172373540514,-0.24981691461761038,24,29,0.15115039436905475,0.19573512440913188,4,4
42,Chirang 266667,Anjaw,Unknown,Arunachal Pradesh,True,28.0684239,96.4069505,35.490783560347104,control (non-VVP),True,-0.17181173553775161,-0.23775119257051155,24,29,0.21752489236208195,0.2805199094644163,4,4
43,Barafu,Anjaw,Unknown,Arunachal Pradesh,True,28.1017011,96.558488,35.51745838467262,control (non-VVP),True,-0.23695285580238135,-0.25615627011534564,24,29,0.2426141465792146,0.18232182381811543,4,4
44,Langum,Anjaw,Unknown,Arunachal Pradesh,True,28.1218659,96.6112899,35.60474765169315,control (non-VVP),True,-0.21131404357303873,-0.2355777882017416,24,29,0.3248945632732404,0.19566869811794732,4,4
45,Khupa Village 266673,Anjaw,Unknown,Arunachal Pradesh,True,28.0771387,96.4736667,35.85713335997833,control (non-VVP),True,-0.2506459293372629,-0.2366387592777389,24,29,0.4317136387411073,0.22607102877593765,4,4
46,Hayugam,Anjaw,Unknown,Arunachal Pradesh,True,28.0893566,96.5438268,36.3975148550209,control (non-VVP),True,-0.25033120729903136,-0.27918841461707194,24,29,0.38281494093313395,0.21920568465256235,4,4
47,Kalamdia,Anjaw,Unknown,Arunachal Pradesh,True,28.0994655,96.5765815,36.40508623687575,control (non-VVP),True,-0.23156442918402637,-0.26029557466775033,24,29,0.17424360487829724,0.1662708558432252,4,4
48,Khugam,Anjaw,Unknown,Arunachal Pradesh,True,28.0970181,96.5765587,36.66303432749204,control (non-VVP),True,-0.220748686241397,-0.24608433414576056,24,29,0.16755260353864626,0.12995016852090527,4,4
49,Swami Camp,Anjaw,Unknown,Arunachal Pradesh,True,28.0761921,96.5004673,36.67803301896291,control (non-VVP),True,-0.19930794987611627,-0.16516368784604138,24,29,0.5850804611527828,0.32384849021358053,4,4
50,Chameliang,Anjaw,Unknown,Arunachal Pradesh,True,28.081538,96.5395274,37.134158522684906,control (non-VVP),True,-0.20359912544052788,-0.23649458152984432,24,29,0.41625839341806886,0.4461633055002098,4,4
51,Nenuliang,Anjaw,Unknown,Arunachal Pradesh,True,28.0695914,96.5025516,37.45951468005961,control (non-VVP),True,-0.1878222063823921,-0.17071990866919876,24,29,0.5065770644834988,0.27574278792560497,4,4
52,Khupa Township,Anjaw,Unknown,Arunachal Pradesh,True,28.0654038,96.4926664,37.65555089900309,control (non-VVP),True,-0.19398592333324433,-0.15994994503233928,24,29,0.6955633566050786,0.6249831730307753,4,4
53,Amliang,Anjaw,Unknown,Arunachal Pradesh,True,28.0586788,96.4688356,37.75712507527925,control (non-VVP),True,-0.23763431946604072,-0.17202423893542437,24,29,0.43823744364956907,0.21413128271116225,4,4
54,Mompani,Anjaw,Unknown,Arunachal Pradesh,True,28.0513007,96.4415599,37.94515665109882,control (non-VVP),True,-0.21072551075900098,-0.2331188065693693,24,29,0.23159807697022508,0.19935174486279614,4,4
55,Langjon,Anjaw,Unknown,Arunachal Pradesh,True,28.053427,96.4586965,38.07941411415684,control (non-VVP),True,-0.21154162775090096,-0.2052854060415417,24,29,0.22818562106012372,0.19700389811426502,4,4
56,Thamptong 266699,Anjaw,Unknown,Arunachal Pradesh,True,28.0678982,96.519264,38.09248610840039,control (non-VVP),True,-0.2605775627224846,-0.23795331843992482,24,29,0.28730918574188136,0.184070800538216,4,4
57,Talang,Anjaw,Unknown,Arunachal Pradesh,True,28.0840788,96.5820921,38.24089889824487,control (non-VVP),True,-0.25063872202525456,-0.24681053135492634,24,29,0.3228409086455263,0.2571369107407899,4,4
58,Mahikong,Anjaw,Unknown,Arunachal Pradesh,True,28.0544424,96.4828253,38.59732673051474,control (non-VVP),True,-0.19684234835084174,-0.20888479223626977,24,29,0.36180862764605376,0.20388826843252228,4,4
59,Blom,Anjaw,Unknown,Arunachal Pradesh,True,28.0783604,96.5876028,39.054611272326845,control (non-VVP),True,-0.23766430601040262,-0.25451658164233726,24,29,0.4092410732659378,0.2477790148862238,4,4
60,布拉母哈岗,Anjaw,Unknown,Arunachal Pradesh,True,28.0669816,96.5559722,39.19576507850824,control (non-VVP),True,-0.14757076234473465,-0.15685780609300737,24,29,0.952528117478095,1.1413835827575491,4,4
61,Kamba,Anjaw,Unknown,Arunachal Pradesh,True,28.0665856,96.5608784,39.3884820701343,control (non-VVP),True,-0.21711181252964917,-0.24112309983741426,24,29,0.6537318801135656,0.6400724584641664,4,4
62,Chillang,Anjaw,Unknown,Arunachal Pradesh,True,28.0356469,96.4227016,39.39275506569624,control (non-VVP),True,-0.2106862461258331,-0.27522387455047065,24,29,0.29578195973362087,0.20704036358025577,4,4
63,Kongra,Anjaw,Unknown,Arunachal Pradesh,True,28.0695862,96.5735857,39.47988017013702,control (non-VVP),True,-0.24890193995590693,-0.26635733265770883,24,29,0.3673396015094708,0.27290099381213695,4,4
64,Chingraliang 266703,Anjaw,Unknown,Arunachal Pradesh,True,28.0460551,96.4835718,39.5393782167354,control (non-VVP),True,-0.21100016345293368,-0.2534946800897536,24,29,0.24744173231122232,0.17729467004702965,4,4
65,Karangliang,Anjaw,Unknown,Arunachal Pradesh,True,28.0328845,96.4619146,40.43236519724863,control (non-VVP),True,-0.22455419804284982,-0.24846259775944785,24,29,0.19399944268407898,0.13589743753207834,4,4
66,Mele 266697,Anjaw,Unknown,Arunachal Pradesh,True,28.0533163,96.5470204,40.43781127778156,control (non-VVP),True,-0.21497089207191797,-0.25590044412700313,24,29,0.3144623039170538,0.13812084563753824,4,4
67,Naraliang,Anjaw,Unknown,Arunachal Pradesh,True,28.0272329,96.4412739,40.635849010950814,control (non-VVP),True,-0.21256513416352651,-0.2313848091892499,24,29,0.29672259949064356,0.19349552334288353,4,4
68,Takaliang,Anjaw,Unknown,Arunachal Pradesh,True,28.0190688,96.4160791,41.183443659739964,control (non-VVP),True,-0.24391771053014016,-0.28754272277922355,24,29,0.41105598924958253,0.23567350471429446,4,4
69,Chiphugam 266713,Anjaw,Unknown,Arunachal Pradesh,True,28.0127703,96.4014324,41.75594922834891,control (non-VVP),True,-0.25360394966601574,-0.24800210080485346,24,29,0.3245399110762613,0.16152439312699626,4,4
70,Khorlang,Anjaw,Unknown,Arunachal Pradesh,True,28.0257952,96.487329,41.867285997961865,control (non-VVP),True,-0.20697034626919017,-0.25295721383437547,24,29,0.3964463525113807,0.1570077418572212,4,4
71,Tummla,Anjaw,Unknown,Arunachal Pradesh,True,28.0474659,96.582792,42.16887500579057,control (non-VVP),True,-0.2019029865127694,-0.22107951515131746,24,29,0.15406879514322452,0.19262584580537723,4,4
72,Matong,Anjaw,Unknown,Arunachal Pradesh,True,28.0593901,96.6181031,42.274460160888594,control (non-VVP),True,-0.22236821782087288,-0.2540616365206969,24,29,0.42225663706792144,0.19535398264044687,4,4
73,Paya,Anjaw,Unknown,Arunachal Pradesh,True,28.0083682,96.4228615,42.47697440268165,control (non-VVP),True,-0.25121594786484436,-0.2669863077128354,24,29,0.36329180490666974,0.2679955680521488,4,4
74,Supnung,Anjaw,Unknown,Arunachal Pradesh,True,28.0571961,96.6182474,42.507523513004266,control (non-VVP),True,-0.21616342128272054,-0.24472856370990065,24,29,0.39715393044359787,0.18961794174390775,4,4
75,Huiliang,Anjaw,Unknown,Arunachal Pradesh,True,28.0180568,96.4839829,42.628388791294,control (non-VVP),True,-0.18649001729831596,-0.2565572200106419,24,29,0.31624720338732,0.13249999629832537,4,4
76,Bruini,Dibang Valley,Unknown,Arunachal Pradesh,True,29.1545325,96.1488625,4.828929378390194,control (non-VVP),True,-0.2701834857944,-0.25011869057908914,98,118,0.29032960584043793,0.27867038962561325,4,4
77,Andrala Omkar,Dibang Valley,Unknown,Arunachal Pradesh,True,29.0623725,95.6169709,12.49030644288396,control (non-VVP),True,-0.3017596186832545,-0.33076595035817274,25,31,0.2886710877005312,0.1868909202012773,4,4
78,阿进,Dibang Valley,Unknown,Arunachal Pradesh,True,29.0685,96.0265797,14.857672933170102,control (non-VVP),True,-0.2376288659035832,-0.21081827013607787,98,118,0.3804460303111223,0.21365363242736474,4,4
79,Mawu,Dibang Valley,Unknown,Arunachal Pradesh,True,29.0571162,96.0144078,16.0924783219876,control (non-VVP),True,-0.2166293847599576,-0.2208838884871113,98,118,0.3883717074467425,0.22998628714693742,4,4
80,阿普衣,Dibang Valley,Unknown,Arunachal Pradesh,True,29.0043871,95.9701987,20.633256790633148,control (non-VVP),True,-0.24677518394801673,-0.23761130408479403,98,118,0.37169045559922903,0.025894620301432983,4,4
81,Dambuen,Dibang Valley,Unknown,Arunachal Pradesh,True,28.931081,95.9752764,21.74253755638121,control (non-VVP),True,-0.20956741480842203,-0.24435181871078324,98,118,0.3478779362604306,0,4,4
82,Basam,Dibang Valley,Unknown,Arunachal Pradesh,True,29.0406371,95.8135986,22.36752709594037,control (non-VVP),True,-0.26319412562974837,-0.22231141341947747,49,59,0.3867211690102343,0.1911668606317228,4,4
83,Angrim Valley Village,Dibang Valley,Unknown,Arunachal Pradesh,True,28.8842816,95.9786208,22.64114366247348,control (non-VVP),True,-0.2131769726410399,-0.2481724525781447,196,236,0.39318481284399637,0.11742574262573119,4,4
84,Rilley,Dibang Valley,Unknown,Arunachal Pradesh,True,28.8599437,95.9809166,23.37321836742668,control (non-VVP),True,-0.21019968837408676,-0.2540773272001797,196,236,0.41418045598018516,0.09567604889932846,4,4
85,dian,Dibang Valley,Unknown,Arunachal Pradesh,True,28.9488654,95.6849583,23.97264965424124,control (non-VVP),True,-0.31791932170236487,-0.2693912137419192,49,59,0.35398015455479387,0.07745589927463178,4,4
86,埃巴尼,Dibang Valley,Unknown,Arunachal Pradesh,True,29.0173756,95.8081057,24.572895465981283,control (non-VVP),True,-0.23559673828725625,-0.24920427629767347,49,59,0.3644593799349767,0.11480790538596794,4,4
87,Atalin,Dibang Valley,Unknown,Arunachal Pradesh,True,28.8368966,95.9659782,25.849558886793456,control (non-VVP),True,-0.18551362406160926,-0.20140228841898217,196,236,0.4166022141335419,0.26451932473406614,4,4
88,Ahunli,Dibang Valley,Unknown,Arunachal Pradesh,True,28.8345474,95.9597204,26.52908197473543,control (non-VVP),True,-0.16564698167303543,-0.18250367131680997,196,236,0.4592793344785381,0.23369832796424458,4,4
89,Abali,Dibang Valley,Unknown,Arunachal Pradesh,True,28.99724,95.8076255,26.697170154273167,control (non-VVP),True,-0.24767743177499693,-0.2346808532108439,49,59,0.37370299083073577,0.10785674672178198,4,4
90,Beyanli,Dibang Valley,Unknown,Arunachal Pradesh,True,28.9959135,95.8079275,26.84930056070039,control (non-VVP),True,-0.24890319630761626,-0.23381239899541262,49,59,0.3754139276580851,0.10662828891930219,4,4
91,Awalin,Dibang Valley,Unknown,Arunachal Pradesh,True,28.7056681,96.1699665,26.92277974809336,control (non-VVP),True,-0.23995798244025382,-0.2214247295444327,48,57,0.4065264029340251,0.1673404863319381,4,4
92,Singo,Dibang Valley,Unknown,Arunachal Pradesh,True,28.8257925,95.9457494,28.230304379832862,control (non-VVP),True,-0.18134746155199116,-0.1896229998228776,196,236,0.4024752470919795,0.25482673075857476,4,4
93,Malinye,Dibang Valley,Unknown,Arunachal Pradesh,True,28.6750197,96.1532235,28.30539834121112,control (non-VVP),True,-0.20005965299823478,-0.2224623783494047,49,59,0.39400167556550403,0.12882270413957186,4,4
94,Mihundo,Dibang Valley,Unknown,Arunachal Pradesh,True,28.829056,95.9393137,28.63456657099252,control (non-VVP),True,-0.20403258422401715,-0.21773548024433134,196,236,0.37524862335531756,0.25442817556923925,4,4
95,Akolin,Dibang Valley,Unknown,Arunachal Pradesh,True,28.8236778,95.9416852,28.7025968619355,control (non-VVP),True,-0.18272144367255713,-0.1839596098257952,196,236,0.3565528583323116,0.24673457977070687,4,4
96,Ayongo,Dibang Valley,Unknown,Arunachal Pradesh,True,28.8230669,95.9418373,28.721637456999456,control (non-VVP),True,-0.18142439736641053,-0.18052304903105557,196,236,0.35137087303203535,0.24219230611573206,4,4
97,Ahunli,Dibang Valley,Unknown,Arunachal Pradesh,True,28.8140704,95.9419262,29.207691783496173,control (non-VVP),True,-0.18742872943275904,-0.22022252044921142,196,236,0.42730494573876093,0.18295329339229144,4,4
98,Angulin,Dibang Valley,Unknown,Arunachal Pradesh,True,28.9748478,95.8112262,29.219148052304423,control (non-VVP),True,-0.2224266082008676,-0.21788145744071985,49,59,0.44451396781639013,0.17176815166486703,4,4
99,Makuni,Dibang Valley,Unknown,Arunachal Pradesh,True,28.8221427,95.9310087,29.73185832769066,control (non-VVP),True,-0.21146337426198525,-0.23290631504054904,196,236,0.38957351026377157,0.2234483767305025,4,4
100,Etabe,Dibang Valley,Unknown,Arunachal Pradesh,True,28.8079186,95.9351971,30.141389334028432,control (non-VVP),True,-0.20391846277382686,-0.21888242570428984,196,236,0.420448294436053,0.1955335500052791,4,4
101,Baro,Dibang Valley,Unknown,Arunachal Pradesh,True,28.7934003,95.9284162,31.57913667847971,control (non-VVP),True,-0.21216501695424647,-0.218355529641245,98,118,0.4894828526715262,0.16377765235318023,4,4
102,Apanli,Dibang Valley,Unknown,Arunachal Pradesh,True,28.6700204,96.1056557,31.66608180940293,control (non-VVP),True,-0.2505522940680641,-0.30163103204251457,100,118,0.37547084111135637,0.23068105287415563,4,4
103,Larango,Dibang Valley,Unknown,Arunachal Pradesh,True,28.7880718,95.918821,32.71559961872168,control (non-VVP),True,-0.19819980555503625,-0.2190933833642012,49,59,0.46437361458147863,0.195943710244123,4,4
104,Brango,Dibang Valley,Unknown,Arunachal Pradesh,True,28.9405604,95.8173923,33.115232581316185,control (non-VVP),True,-0.19349933467172842,-0.21411588147784286,49,59,0.3682166614631811,0.1456861077952716,4,4
105,Amuli,Dibang Valley,Unknown,Arunachal Pradesh,True,28.7875753,95.9141519,33.14199958509013,control (non-VVP),True,-0.1797265855144981,-0.2102448435525012,49,59,0.49159790560750677,0.2655968113963229,4,4
106,Akunli,Dibang Valley,Unknown,Arunachal Pradesh,True,28.8111887,95.8962517,33.401423327619106,control (non-VVP),True,-0.25083193732029113,-0.20736625384017207,98,118,0.5519588015564195,0.5242472524662595,4,4
107,Karu,Dibang Valley,Unknown,Arunachal Pradesh,True,28.8049354,95.8992688,33.45527674077572,control (non-VVP),True,-0.21483581089238182,-0.19554875304832434,98,118,0.5500000059473358,0.7015666330175779,4,4
108,Tanga II,Dibang Valley,Unknown,Arunachal Pradesh,True,28.8136293,95.893295,33.54569889448366,control (non-VVP),True,-0.2727312691783982,-0.23611844248660216,98,118,0.44594027365730926,0.28110619639334955,4,4
109,Akhunli,Dibang Valley,Unknown,Arunachal Pradesh,True,28.6685127,96.059513,33.88230210366286,control (non-VVP),True,-0.23321819520028297,-0.2799050550364454,100,118,0.383170537469666,0.1709906156308472,4,4
110,Chanli,Dibang Valley,Unknown,Arunachal Pradesh,True,28.6033089,96.0280734,34.00517852179684,control (non-VVP),True,-0.27583337324144436,-0.3225055323416585,100,118,0.3739516135715404,0.21129310166709817,4,4
111,Maro,Dibang Valley,Unknown,Arunachal Pradesh,True,28.8314281,95.8735957,34.54905619914438,control (non-VVP),True,-0.24276851473395353,-0.2359160700552417,98,118,0.3952853952490537,0.20036223620732452,4,4
112,Tapo,Dibang Valley,Unknown,Arunachal Pradesh,True,28.8150846,95.8784431,34.8231650357766,control (non-VVP),True,-0.26446875327229613,-0.2650548674822379,98,118,0.2813806406604444,0.2295544536003579,4,4
113,Amboli,Dibang Valley,Unknown,Arunachal Pradesh,True,28.7782095,95.9006268,34.85590058999098,control (non-VVP),True,-0.20149172110659577,-0.22748234998589673,49,59,0.36758830511806817,0.2369619189179759,4,4
114,Charkilo,Dibang Valley,Unknown,Arunachal Pradesh,True,28.8156575,95.8773093,34.899804844874176,control (non-VVP),True,-0.26135184145487483,-0.2618573953037674,98,118,0.2822002213452384,0.21971947015380963,4,4
115,Maroli,Dibang Valley,Unknown,Arunachal Pradesh,True,28.8551403,95.8604802,34.92281136175568,control (non-VVP),True,-0.2487170736209555,-0.2653748596259678,98,118,0.3499449439642186,0.15242841262124182,4,4
116,Angulin,Dibang Valley,Unknown,Arunachal Pradesh,True,28.7972034,95.8857247,35.06554769194197,control (non-VVP),True,-0.22349201575367525,-0.21718175993709843,49,59,0.35121011684830045,0.49806931093581047,4,4
117,Emoli,Dibang Valley,Unknown,Arunachal Pradesh,True,28.8871158,95.8356573,36.47291914494567,control (non-VVP),True,-0.2634856016425803,-0.23080677614311365,98,118,0.364636161985839,0.1670424492317103,4,4
118,Athunli,Dibang Valley,Unknown,Arunachal Pradesh,True,28.6575175,96.0218393,36.66333800978367,control (non-VVP),True,-0.20460274463075023,-0.19942507460226366,100,118,0.3858231995645807,0.1498922668932551,4,4
119,Anose,Dibang Valley,Unknown,Arunachal Pradesh,True,28.6322763,96.0147489,36.71034814498758,control (non-VVP),True,-0.22136175867334634,-0.3117317776026102,100,118,0.4303385116548569,0.17572420030898445,4,4
120,恰帕,Dibang Valley,Unknown,Arunachal Pradesh,True,28.6587596,96.0107761,37.07889339981312,control (non-VVP),True,-0.22392056324495077,-0.24406759202174894,100,118,0.3750783859148271,0.13869260654504195,4,4
121,Ilupu,Dibang Valley,Unknown,Arunachal Pradesh,True,28.7766747,95.8707591,37.50849541838471,control (non-VVP),True,-0.17402082769622473,-0.21365852574248154,49,59,0.76699047176061,0.22297592627975465,4,4
122,Aruko,Dibang Valley,Unknown,Arunachal Pradesh,True,28.6365123,96.0073067,37.59654195729976,control (non-VVP),True,-0.21927965018369297,-0.3016093696741055,100,118,0.38429282264814857,0.19343646509541992,4,4
123,Alombro,Dibang Valley,Unknown,Arunachal Pradesh,True,28.8912928,95.8139536,38.35244093782392,control (non-VVP),True,-0.2600834475081069,-0.19431149169656556,98,118,0.3861915331441736,0.1972438808041054,4,4
124,岷东,Dibang Valley,Unknown,Arunachal Pradesh,True,28.7733786,95.8573956,38.856782355912415,control (non-VVP),True,-0.2090692309383837,-0.23894134848216678,49,59,0.3369063529016714,0.2254208448273415,4,4
125,昂里,Dibang Valley,Unknown,Arunachal Pradesh,True,28.6444365,95.9929441,39.293403726414894,control (non-VVP),True,-0.2114916127447379,-0.25363778733945724,100,118,0.4295429601149412,0.2378717014311694,4,4
126,阿米里,Dibang Valley,Unknown,Arunachal Pradesh,True,28.3999197,95.9040857,40.10108845934955,control (non-VVP),True,-0.13512510930185742,-0.11770048470302094,49,59,0.3435545577777652,0.1663413932054598,4,4
127,Ashambra,Dibang Valley,Unknown,Arunachal Pradesh,True,28.4083935,95.8960457,40.86209392346507,control (non-VVP),True,-0.13486183131386112,-0.15019989371633444,49,59,0.32902185719109434,0.1604456312018927,4,4
128,Immli,Dibang Valley,Unknown,Arunachal Pradesh,True,28.7250516,95.8683257,40.958816216957,control (non-VVP),True,-0.18522855759477108,-0.17130165392890864,50,59,0.3403807375225482,0.24535274211930536,4,4
129,Koronli,Dibang Valley,Unknown,Arunachal Pradesh,True,28.4146922,95.8929454,41.15421910102154,control (non-VVP),True,-0.1188739373878503,-0.14281894309177412,49,59,0.37249444916298596,0.1408157608617556,4,4
130,Waing,East Kameng,Unknown,Arunachal Pradesh,True,27.7737215,92.9303658,29.10858027933751,control (non-VVP),True,-0.26986728972411156,-0.27855003122372385,49,59,0.37476388821999235,0.22305555941330063,4,4
131,Langchu Sollung,East Kameng,Unknown,Arunachal Pradesh,True,27.7569534,92.9355132,30.5761082507588,control (non-VVP),True,-0.25782487651048325,-0.23851429209668992,49,59,0.3890033469168275,0.1502199326133675,4,4
132,Saria Takhong,East Kameng,Unknown,Arunachal Pradesh,True,27.7461293,92.9324466,31.035622311214954,control (non-VVP),True,-0.2218766048679246,-0.24376075857715435,49,59,0.3795283056390405,0.21786347780785997,4,4
133,Takung Sullung,East Kameng,Unknown,Arunachal Pradesh,True,27.737803,92.9545701,33.380068855589585,control (non-VVP),True,-0.2331351655972621,-0.22833158882498403,49,59,0.36546665983067617,0.23541666456394725,4,4
134,Weigung Sullung,East Kameng,Unknown,Arunachal Pradesh,True,27.7282868,92.9780365,35.92039371723893,control (non-VVP),True,-0.23925245279340257,-0.2202208249893486,49,59,0.3684399313603148,0.22114294139177298,4,4
135,Mechar,East Kameng,Unknown,Arunachal Pradesh,True,27.7792152,93.0216134,36.57055063572135,control (non-VVP),True,-0.248054474228429,-0.22545346324734783,98,120,0.41711902860407046,0.247666850851826,4,4
136,Mechi,East Kameng,Unknown,Arunachal Pradesh,True,27.7740086,93.0208212,36.81218902189876,control (non-VVP),True,-0.24719380894494333,-0.23003531230192922,98,120,0.42637359094753696,0.23747752680537407,4,4
137,Yakli,East Kameng,Unknown,Arunachal Pradesh,True,27.7643991,93.0211222,37.40604903044489,control (non-VVP),True,-0.22950587991555607,-0.22351019178061748,98,120,0.38614688286673543,0.2859435033326768,4,4
138,Venia,East Kameng,Unknown,Arunachal Pradesh,True,27.7340861,93.0020799,37.572833559048185,control (non-VVP),True,-0.2081578959853542,-0.16640274190507146,98,120,0.41105769180199675,0.3761708109020108,4,4
139,Veo,East Kameng,Unknown,Arunachal Pradesh,True,27.7219814,93.017386,39.59905589006902,control (non-VVP),True,-0.2722578506337887,-0.22203877616627252,98,120,0.33648723767415,0.2722114273631216,4,4
140,Lamniya,East Kameng,Unknown,Arunachal Pradesh,True,27.7095829,93.0130663,40.008997798796365,control (non-VVP),True,-0.24888902462633822,-0.2086748296106637,98,120,0.3611831730086447,0.2533379708871013,4,4
141,Kapa,East Kameng,Unknown,Arunachal Pradesh,True,27.6655139,92.9735655,40.05971025567609,control (non-VVP),True,-0.23990378820609928,-0.22178606706019804,49,60,0.37006474631997915,0.26640765088702645,4,4
142,Chaling,East Kameng,Unknown,Arunachal Pradesh,True,27.66365,92.9723051,40.11361225940977,control (non-VVP),True,-0.23646761710190153,-0.21010252526252993,49,60,0.3276722170909246,0.2867138804164198,4,4
143,Parte,East Kameng,Unknown,Arunachal Pradesh,True,27.689839,93.0024418,40.46452619403954,control (non-VVP),True,-0.27527336001024044,-0.22452933511240325,98,120,0.3715863270609903,0.2216171564809945,4,4
144,Tabey,East Kameng,Unknown,Arunachal Pradesh,True,27.6122188,92.9122259,40.65625906356993,control (non-VVP),True,-0.25137804723374646,-0.2712975437649246,49,60,0.40748018589997204,0.21863250068197967,4,4
145,Yacho,East Kameng,Unknown,Arunachal Pradesh,True,27.6396662,92.9601837,41.20669380448659,control (non-VVP),True,-0.24931186651528933,-0.2861106938097838,49,60,0.251797310332168,0.22617301531761788,4,4
146,Wagyang,East Kameng,Unknown,Arunachal Pradesh,True,27.6713461,93.0008935,41.66003471930939,control (non-VVP),True,-0.27343818307972984,-0.28381865408595947,98,122,0.42114397294686307,0.2527176341973245,4,4
147,Nampe,East Kameng,Unknown,Arunachal Pradesh,True,27.6900524,93.018259,41.71291984623759,control (non-VVP),True,-0.2249125220230449,-0.22248686081249577,98,120,0.40657777819368573,0.2181861097448402,4,4
148,Hanche,East Kameng,Unknown,Arunachal Pradesh,True,27.7421636,93.0637776,42.36245995708451,control (non-VVP),True,-0.268811761508758,-0.269378967334056,98,120,0.3778444444139799,0.24404443959395097,4,4
149,Jomoh,East Kameng,Unknown,Arunachal Pradesh,True,27.6573981,92.9985809,42.52204897730093,control (non-VVP),True,-0.22351259831404968,-0.22851179507261524,98,122,0.3781924380343802,0.27535317317728736,4,4
150,Byale,East Kameng,Unknown,Arunachal Pradesh,True,27.7356495,93.0675738,43.07194228022101,control (non-VVP),True,-0.25140758021101056,-0.24623819930311672,98,120,0.4057410488392682,0.27911633346438136,4,4
151,Namta Yangfo,East Kameng,Unknown,Arunachal Pradesh,True,27.7018661,93.0532147,43.848612382069,control (non-VVP),True,-0.23665049989627404,-0.2360478709461939,98,120,0.4320444405410025,0.332799996137619,4,4
152,Waii,East Kameng,Unknown,Arunachal Pradesh,True,27.5965694,92.9464187,44.0843264699085,control (non-VVP),True,-0.2696815903206579,-0.27275820937228634,49,60,0.3974887142735733,0.2605445841432425,4,4
153,Bodo,East Kameng,Unknown,Arunachal Pradesh,True,27.680324,93.0406964,44.17659492189338,control (non-VVP),True,-0.20971679802692408,-0.2307412309113534,98,120,0.4218092832455966,0.3228020110653017,4,4
154,Lapung,East Kameng,Unknown,Arunachal Pradesh,True,27.5627371,92.8898001,44.27955623416437,control (non-VVP),True,-0.23461184979976415,-0.25548744483090163,49,60,0.40474186016520525,0.3242901106073399,4,4
155,Kapak Leyak,East Kameng,Unknown,Arunachal Pradesh,True,27.5337804,92.8465101,44.62584993063105,control (non-VVP),True,-0.2431891088799573,-0.23965615581395136,49,60,0.41997763081151634,0.30829417592193725,4,4
156,Sawa,East Kameng,Unknown,Arunachal Pradesh,True,27.6833826,93.0522114,44.9189305708636,control (non-VVP),True,-0.23709725051073385,-0.23273998618425581,98,120,0.40674554369099153,0.2810300662117971,4,4
157,Kapak Leyak Docha,East Kameng,Unknown,Arunachal Pradesh,True,27.5303152,92.8464486,44.93225424251877,control (non-VVP),True,-0.2358103420089495,-0.22678550945171408,49,60,0.42931844374982486,0.301894788996936,4,4
158,Tungi,East Kameng,Unknown,Arunachal Pradesh,True,27.674452,93.0461713,45.01063688337658,control (non-VVP),True,-0.22623302129983136,-0.2703929232578725,98,120,0.4216647894355838,0.34319552636013356,4,4
159,Jokhio,East Kameng,Unknown,Arunachal Pradesh,True,27.6531478,93.0282798,45.08318404257387,control (non-VVP),True,-0.2541380932948666,-0.2365953182395888,98,122,0.3227415728769945,0.279853928742114,4,4
160,Bengde,East Kameng,Unknown,Arunachal Pradesh,True,27.6619285,93.0379357,45.20865508743072,control (non-VVP),True,-0.21893686366921106,-0.24519966320434422,98,122,0.31077029704384607,0.34370411373882065,4,4
161,Pangia,East Kameng,Unknown,Arunachal Pradesh,True,27.633391,93.0158758,45.63264120581281,control (non-VVP),True,-0.25120334731460486,-0.2651835666638011,98,122,0.3001114864944747,0.35893811795490915,4,4
162,Jattom Sollung,East Kameng,Unknown,Arunachal Pradesh,True,27.7610472,93.1233315,46.28786910457017,control (non-VVP),True,-0.3014260223738573,-0.2871925196667592,49,61,0.2878470628040907,0.3216760775776533,4,4
163,Krema Pao,East Kameng,Unknown,Arunachal Pradesh,True,27.6579303,93.0508089,46.50386465478178,control (non-VVP),True,-0.2365972089263889,-0.2571128792151548,98,122,0.37154999501175345,0.36041110936138365,4,4
164,Khenawa,East Kameng,Unknown,Arunachal Pradesh,True,27.6180869,93.016777,46.89486107626151,control (non-VVP),True,-0.2350965668852067,-0.22065856668548878,98,122,0.3675444846490069,0.2736206854941185,4,4
165,Tagampu Sollung,East Kameng,Unknown,Arunachal Pradesh,True,27.7343114,93.1143115,47.133338565602415,control (non-VVP),True,-0.27952727460311433,-0.294833525634369,49,61,0.3443965551850528,0.3629810819039753,4,4
166,Norang,East Kameng,Unknown,Arunachal Pradesh,True,27.5824001,92.9783276,47.3052366463645,control (non-VVP),True,-0.3067821249091949,-0.27442720232492207,49,60,0.36869943794909493,0.24196909815073014,4,4
167,Margingia Camp,East Kameng,Unknown,Arunachal Pradesh,True,27.631307,93.0389871,47.505482170419214,control (non-VVP),True,-0.18750229151337094,-0.1824073510770526,98,122,0.3151500453225349,0.3564326217395938,4,4
168,Tarawa Yangfo,East Kameng,Unknown,Arunachal Pradesh,True,27.7267073,93.1157187,47.710614385590354,control (non-VVP),True,-0.26111134164239713,-0.2779846666991052,49,61,0.3644460168142287,0.2928177770499572,4,4
169,Pordung,East Kameng,Unknown,Arunachal Pradesh,True,27.6065455,93.0184293,47.93418718834428,control (non-VVP),True,-0.27248932470431475,-0.2576431207141465,98,122,0.3402640484692005,0.27091011766637313,4,4
170,Lengdi Liang,East Kameng,Unknown,Arunachal Pradesh,True,27.5376292,92.923885,48.40847649732043,control (non-VVP),True,-0.2592452604697068,-0.26987776565442556,49,60,0.3948363432362171,0.2988487490311971,4,4
171,Kamke,East Kameng,Unknown,Arunachal Pradesh,True,27.6740303,93.089903,48.64409129712615,control (non-VVP),True,-0.23963649284589741,-0.2539697768038802,98,120,0.4034367963907142,0.31674097390933714,4,4
172,Keyang,East Kameng,Unknown,Arunachal Pradesh,True,27.7303152,93.1297477,48.68313538325027,control (non-VVP),True,-0.26898843630904873,-0.27765552230344964,49,61,0.3400890871318251,0.35331848104440816,4,4
173,Killo,East Kameng,Unknown,Arunachal Pradesh,True,27.685517,93.1001025,48.81623131316066,control (non-VVP),True,-0.26012039804990583,-0.25301857676505907,98,120,0.40459956014912174,0.3487124537864702,4,4
174,Bameng,East Kameng,Unknown,Arunachal Pradesh,True,27.5435197,92.9483413,49.11497083047297,control (non-VVP),True,-0.19717319528944766,-0.20170183408659945,49,60,0.6308453777873344,0.535914901697861,4,4
175,Mangfi Mangam,East Kameng,Unknown,Arunachal Pradesh,True,27.6440742,93.0724919,49.18115156086854,control (non-VVP),True,-0.2443241074318807,-0.21975477535795462,98,122,0.40822662612244914,0.27390311668338646,4,4
176,Nari Camp,East Kameng,Unknown,Arunachal Pradesh,True,27.6463432,93.0774393,49.42051191870407,control (non-VVP),True,-0.23298217030363116,-0.2162105458711121,98,122,0.3764297656523876,0.25290412305456605,4,4
177,Yangfo,East Kameng,Unknown,Arunachal Pradesh,True,27.7351995,93.144567,49.64562715070555,control (non-VVP),True,-0.2587245253349979,-0.2597813768854672,49,61,0.3929983016993694,0.3144252511882566,4,4
178,Chome,Kra daadi,Unknown,Arunachal Pradesh,True,28.1503359,93.5386063,39.40214620190348,control (non-VVP),True,-0.31343917512761493,-0.2858446753788245,25,30,0.3760769652369806,0.11651716441543128,4,4
179,Raha,Kra daadi,Unknown,Arunachal Pradesh,True,28.1361584,93.5375846,40.21369499722736,control (non-VVP),True,-0.28642808441897527,-0.29085457844814433,25,30,0.3831711422143633,0.12532718031265055,4,4
180,Nikbia,Kra daadi,Unknown,Arunachal Pradesh,True,28.1267124,93.561505,42.788514750112896,control (non-VVP),True,-0.30849921582385575,-0.2971338709470144,25,30,0.3055349218012753,0.18157705104602148,4,4
181,Biya,Kra daadi,Unknown,Arunachal Pradesh,True,28.1035778,93.5745502,45.36312299736999,control (non-VVP),True,-0.3077431128372115,-0.3038844046310237,25,30,0.35767395598719814,0.27008137019930195,4,4
182,海马西,Kra daadi,Unknown,Arunachal Pradesh,True,28.2122563,93.6474944,46.24264212898342,control (non-VVP),True,-0.30618701392282477,-0.28586878312910613,25,30,0.40801991462971254,0.2883185830989243,4,4
183,Hapuk,Kra daadi,Unknown,Arunachal Pradesh,True,28.0967863,93.5839299,46.57366647457608,control (non-VVP),True,-0.29186094038792615,-0.29764610383088735,25,30,0.3507835331132474,0.2770603135849739,4,4
184,Neorum,Kra daadi,Unknown,Arunachal Pradesh,True,28.1946749,93.6465911,46.820432307567366,control (non-VVP),True,-0.30897696842909683,-0.3009972313010209,25,30,0.3843181783833155,0.26567073475296904,4,4
185,Korapu,Kra daadi,Unknown,Arunachal Pradesh,True,28.1693463,93.6556686,48.7367838125482,control (non-VVP),True,-0.29389768970698443,-0.25489164375159495,25,30,0.3744966613503796,0.31765850506582033,4,4
186,Dongmar Langpu,Kra daadi,Unknown,Arunachal Pradesh,True,28.1625815,93.6543169,48.92239295137883,control (non-VVP),True,-0.3077396259141999,-0.2844086356759477,25,30,0.41214883779336514,0.24816889854910118,4,4
187,Raba Karsang,Kra daadi,Unknown,Arunachal Pradesh,True,28.1380163,93.6578323,50.44180507482689,control (non-VVP),True,-0.2887589534770896,-0.2780934269292812,25,30,0.3309917168064013,0.29968232598094,4,4
188,Pipsorang,Kra daadi,Unknown,Arunachal Pradesh,True,28.1542122,93.6754322,51.23719963981684,control (non-VVP),True,-0.33889237161601654,-0.2632886640574665,25,30,0.37616961844215896,0.312078712454392,4,4
189,Samba Karsang,Kra daadi,Unknown,Arunachal Pradesh,True,28.1421137,93.6699491,51.32085856739772,control (non-VVP),True,-0.3119560876465539,-0.2727474281549604,25,30,0.3494027781817648,0.31849721819162363,4,4
190,Lungba,Kra daadi,Unknown,Arunachal Pradesh,True,28.0563852,93.6123875,51.60772562023206,control (non-VVP),True,-0.2889284330231095,-0.28076036767555435,25,30,0.3190916761571564,0.31712879513728737,4,4
191,Barbia,Kra daadi,Unknown,Arunachal Pradesh,True,28.0190623,93.587875,52.52882713914186,control (non-VVP),True,-0.2434612282181163,-0.2650937029262575,50,60,0.34928492679696393,0.29945953510817297,4,4
192,Sangyo,Kra daadi,Unknown,Arunachal Pradesh,True,28.0739291,93.639461,52.59713629518317,control (non-VVP),True,-0.2854889230374034,-0.2737842278424759,25,30,0.29557095088081187,0.3245094333942608,4,4
193,Furak,Kurung Kumey,Unknown,Arunachal Pradesh,True,28.1295763,93.2446185,24.03618112605657,control (non-VVP),True,-0.25581535397535093,-0.240593619393514,49,60,0.3949584558292613,0.25102159438669225,4,4
194,Terreline,Kurung Kumey,Unknown,Arunachal Pradesh,True,28.1411574,93.3572171,26.98807855166189,control (non-VVP),True,-0.2502246893960036,-0.29791898426242647,49,60,0.34903198871949703,0.21409090699504663,4,4
195,Terik,Kurung Kumey,Unknown,Arunachal Pradesh,True,28.1291371,93.339988,27.253604173183557,control (non-VVP),True,-0.28347802307903386,-0.26978141561499097,49,60,0.4193632408630017,0.2093244736409795,4,4
196,赛探,Kurung Kumey,Unknown,Arunachal Pradesh,True,28.1191826,93.3236259,27.514653092640128,control (non-VVP),True,-0.29321789644323876,-0.2622015727095705,49,60,0.3791554432726067,0.22181537621952466,4,4
197,Tikla,Kurung Kumey,Unknown,Arunachal Pradesh,True,28.1115397,93.3098102,27.76318891784782,control (non-VVP),True,-0.2567678525488222,-0.23809299292795386,49,60,0.3883777764439584,0.28095277768042354,4,4
198,Nayapuk,Kurung Kumey,Unknown,Arunachal Pradesh,True,28.1297215,93.3536247,27.883114644649,control (non-VVP),True,-0.2642223686878419,-0.25307889004836687,49,60,0.3629300826199179,0.22280244530074209,4,4
199,Sebia,Kurung Kumey,Unknown,Arunachal Pradesh,True,28.1070207,93.3012679,27.941142532628323,control (non-VVP),True,-0.2772284296923675,-0.24908070440918093,49,60,0.3906618517153255,0.27808119626809014,4,4
200,帕普,Kurung Kumey,Unknown,Arunachal Pradesh,True,28.1632499,93.405407,28.09511290624666,control (non-VVP),True,-0.32327420254025957,-0.3226334291736864,49,60,0.41024639915390265,0.18087209150574665,4,4
201,Sayang,Kurung Kumey,Unknown,Arunachal Pradesh,True,28.1575101,93.4060193,28.602261035751493,control (non-VVP),True,-0.3310335781663429,-0.30035281183456575,49,60,0.4164860329814463,0.14976257074145632,4,4
202,Hagra,Kurung Kumey,Unknown,Arunachal Pradesh,True,28.0961261,93.2908666,28.78543562624348,control (non-VVP),True,-0.254950431778606,-0.26349038210872233,49,60,0.3754166783702453,0.2855005620976689,4,4
203,哈德,Kurung Kumey,Unknown,Arunachal Pradesh,True,28.1661506,93.419094,28.84789194768453,control (non-VVP),True,-0.30261276480214416,-0.29848564335057987,49,60,0.4464364607031175,0.16918232101761835,4,4
204,Putong,Kurung Kumey,Unknown,Arunachal Pradesh,True,28.1031564,93.3259013,29.255940373135257,control (non-VVP),True,-0.28045903144812817,-0.25219363663398053,49,60,0.3544767453754991,0.24163621132688007,4,4
205,达尔巴,Kurung Kumey,Unknown,Arunachal Pradesh,True,28.1607522,93.4195471,29.299565553124097,control (non-VVP),True,-0.29010590136698217,-0.28536874650960287,49,60,0.45310180906637987,0.12326209135646896,4,4
206,Tarla,Kurung Kumey,Unknown,Arunachal Pradesh,True,28.1131762,93.3533548,29.477852499173665,control (non-VVP),True,-0.25991613166433475,-0.2823424590769693,49,60,0.3102034504131862,0.12534838218819205,4,4
207,Kelong,Kurung Kumey,Unknown,Arunachal Pradesh,True,28.1556657,93.4203969,29.76048372740168,control (non-VVP),True,-0.29166977666286314,-0.3005590916185557,49,60,0.3884977585063922,0.13207959575002237,4,4
208,Sareng,Kurung Kumey,Unknown,Arunachal Pradesh,True,28.1433941,93.4071107,29.84548995566294,control (non-VVP),True,-0.3196554881857934,-0.31433458758845695,49,60,0.3536289418200114,0.12488175437760514,4,4
209,Chera,Kurung Kumey,Unknown,Arunachal Pradesh,True,28.105217,93.352456,30.219240718372365,control (non-VVP),True,-0.237064161828905,-0.2566605325454354,49,60,0.3363939084062189,0.2104288884028624,4,4
210,Nayap,Kurung Kumey,Unknown,Arunachal Pradesh,True,28.1058646,93.3579216,30.42071611647499,control (non-VVP),True,-0.23361672339676007,-0.28392452449045363,49,60,0.3994084896985441,0.2150864929925384,4,4
211,Sitam,Kurung Kumey,Unknown,Arunachal Pradesh,True,28.0986373,93.3539313,30.94261716358287,control (non-VVP),True,-0.2849303581951601,-0.27647210629233704,49,60,0.37270510272678414,0.254952882616853,4,4
212,Hiniyum,Kurung Kumey,Unknown,Arunachal Pradesh,True,28.127374,93.403807,31.006555528107075,control (non-VVP),True,-0.2854894412911004,-0.2980960902664472,49,60,0.41624999155117354,0.16073562110057188,4,4
213,Cheya,Kurung Kumey,Unknown,Arunachal Pradesh,True,28.0965707,93.3537616,31.140459629545745,control (non-VVP),True,-0.2921020350227718,-0.2799663495624829,49,60,0.3694456822658061,0.2622865866002381,4,4
214,Lubupa,Kurung Kumey,Unknown,Arunachal Pradesh,True,28.0922288,93.3535062,31.56238320170134,control (non-VVP),True,-0.2941040054375607,-0.27520885502382536,49,60,0.3579573599176375,0.2529012349619207,4,4
215,胡巴,Kurung Kumey,Unknown,Arunachal Pradesh,True,28.1242982,93.411274,31.74914858393105,control (non-VVP),True,-0.2794907390864677,-0.2810210898289113,49,60,0.4198083370554407,0.13756764323157683,4,4
216,Bamo,Kurung Kumey,Unknown,Arunachal Pradesh,True,28.0971546,93.3686732,31.80894289293791,control (non-VVP),True,-0.25817585266700194,-0.28722234719479656,49,60,0.34567627548642804,0.262378048341713,4,4
217,Dania,Kurung Kumey,Unknown,Arunachal Pradesh,True,28.1225512,93.411611,31.92237461715165,control (non-VVP),True,-0.27576831513953715,-0.2701480791853162,49,60,0.41695005133095814,0.12904882186858607,4,4
218,Hala,Kurung Kumey,Unknown,Arunachal Pradesh,True,28.1166163,93.416693,32.76244093369174,control (non-VVP),True,-0.2978124404831179,-0.26344923679579846,49,60,0.37851831849486656,0.1496476131790089,4,4
219,Pilpu,Kurung Kumey,Unknown,Arunachal Pradesh,True,28.0798871,93.3655125,33.35440212614204,control (non-VVP),True,-0.29776212707780575,-0.29343486449560685,49,60,0.3979443181620406,0.2650731074193197,4,4
220,Nissuk,Kurung Kumey,Unknown,Arunachal Pradesh,True,28.1081822,93.414929,33.39233200993765,control (non-VVP),True,-0.30023740998465226,-0.24568730079249843,49,60,0.3866759134450314,0.20134294941012523,4,4
221,Goa,Kurung Kumey,Unknown,Arunachal Pradesh,True,28.0881033,93.3835385,33.45017677538817,control (non-VVP),True,-0.2699491582950838,-0.2621850343837972,49,60,0.38631506186651104,0.22840531226474453,4,4
222,Omla,Kurung Kumey,Unknown,Arunachal Pradesh,True,28.0789469,93.3730704,33.810575647452,control (non-VVP),True,-0.3036039436894635,-0.29352678975724955,49,60,0.3972631018762471,0.23256688921347904,4,4
223,Meruk,Kurung Kumey,Unknown,Arunachal Pradesh,True,28.0723991,93.3604476,33.8703403308736,control (non-VVP),True,-0.2690393980633471,-0.26842673260372546,49,60,0.40261603188778156,0.24881216068623474,4,4
224,Nampe,Kurung Kumey,Unknown,Arunachal Pradesh,True,28.0957497,93.4106276,34.248530435111455,control (non-VVP),True,-0.2874648351199857,-0.2568886530975323,49,60,0.32784077798188066,0.3205754215823872,4,4
225,Dogwa,Kurung Kumey,Unknown,Arunachal Pradesh,True,28.0967706,93.4122381,34.25147930274941,control (non-VVP),True,-0.2773041913382307,-0.25841057245044413,49,60,0.33670428701367394,0.318970093003245,4,4
226,Mariangha,Kurung Kumey,Unknown,Arunachal Pradesh,True,28.0768186,93.3779326,34.25899941203038,control (non-VVP),True,-0.3084301024304477,-0.30432272193374854,49,60,0.39529622733130937,0.20625138672219295,4,4
227,Vitalin,Kurung Kumey,Unknown,Arunachal Pradesh,True,27.8829315,93.061541,34.54290743835621,control (non-VVP),True,-0.2601892955119268,-0.27205595265786614,98,120,0.4047528079721364,0.3057387640636958,4,4
228,Hirik,Kurung Kumey,Unknown,Arunachal Pradesh,True,28.0857154,93.4141714,35.37338603736179,control (non-VVP),True,-0.2915471237562976,-0.28266721733484423,49,60,0.3866407967723923,0.34375831623563746,4,4
229,Subuk,Kurung Kumey,Unknown,Arunachal Pradesh,True,28.0825535,93.4104364,35.44935433901714,control (non-VVP),True,-0.2962134646265603,-0.28818167918679805,49,60,0.3662361427976392,0.3611945653635752,4,4
230,Jali,Kurung Kumey,Unknown,Arunachal Pradesh,True,28.0713102,93.3941648,35.62119194925762,control (non-VVP),True,-0.2838166128990027,-0.2825271282268727,49,60,0.3944684392128012,0.3137347607781588,4,4
231,Kodela,Kurung Kumey,Unknown,Arunachal Pradesh,True,28.0167667,93.2132294,35.73635785557759,control (non-VVP),True,-0.3157394258420764,-0.2623624327174284,98,121,0.3751218153590776,0.24291251254900223,4,4
232,Peni,Kurung Kumey,Unknown,Arunachal Pradesh,True,28.0675109,93.390127,35.780114860239415,control (non-VVP),True,-0.3024413369143028,-0.2900922365602129,49,60,0.38102069070408545,0.3063562540899987,4,4
233,Retung,Kurung Kumey,Unknown,Arunachal Pradesh,True,28.0126009,93.220157,36.39654532773291,control (non-VVP),True,-0.28189833033909245,-0.2277150898022899,98,121,0.2958735998761788,0.18330898643209695,4,4
234,Furang,Kurung Kumey,Unknown,Arunachal Pradesh,True,28.0069345,93.2141257,36.81900121021572,control (non-VVP),True,-0.3104124883621508,-0.24942109054347128,98,121,0.3337655410928242,0.201819211311933,4,4
235,Gone,Kurung Kumey,Unknown,Arunachal Pradesh,True,27.9567194,93.1119431,37.23933038800211,control (non-VVP),True,-0.26617946627061867,-0.2944792417524728,98,121,0.3692378067719169,0.3143070939837433,4,4
236,Taba,Kurung Kumey,Unknown,Arunachal Pradesh,True,28.0616364,93.4126933,37.53425086032585,control (non-VVP),True,-0.29530578097214416,-0.2764204137887595,49,60,0.3515815768270989,0.3309600440564086,4,4
237,Sejik,Kurung Kumey,Unknown,Arunachal Pradesh,True,28.0651757,93.4212354,37.67703022620925,control (non-VVP),True,-0.2727924789667786,-0.2450843941737607,49,60,0.33335094520194386,0.3497886519145648,4,4
238,Palo,Kurung Kumey,Unknown,Arunachal Pradesh,True,27.9441662,93.1157356,38.24130122849178,control (non-VVP),True,-0.25080160899504356,-0.26510180622485263,98,121,0.35089025074931035,0.41545632041047964,4,4
239,Kaney,Kurung Kumey,Unknown,Arunachal Pradesh,True,27.9880893,93.1999363,38.40426473474984,control (non-VVP),True,-0.29904706526798747,-0.2631681254218099,98,121,0.39104097900068513,0.2873394247866416,4,4
240,Hanglik,Kurung Kumey,Unknown,Arunachal Pradesh,True,28.0712841,93.4547212,39.13131791159597,control (non-VVP),True,-0.30864927476110604,-0.2611923775065374,28,33,0.3722868164710429,0.23073089796047277,4,4
241,Upper Lichila,Kurung Kumey,Unknown,Arunachal Pradesh,True,27.9798598,93.2015731,39.33767224983703,control (non-VVP),True,-0.31133313410592567,-0.26219169312411816,98,121,0.40060134185581797,0.2986998908503815,4,4
242,Nade,Kurung Kumey,Unknown,Arunachal Pradesh,True,27.9617646,93.1869151,40.82747389310804,control (non-VVP),True,-0.3121755456090017,-0.2968844687279917,98,121,0.31661031337376444,0.3144013295879385,4,4
243,Lamnia,Kurung Kumey,Unknown,Arunachal Pradesh,True,28.0504537,93.4555379,41.03275970073496,control (non-VVP),True,-0.30816886293187035,-0.23254307066628774,25,30,0.3643936856277493,0.33533222252216316,4,4
244,Lee,Kurung Kumey,Unknown,Arunachal Pradesh,True,27.9633075,93.202655,41.146995449543525,control (non-VVP),True,-0.29712695564295966,-0.2859635736559764,98,121,0.38690635269567986,0.33286788798827127,4,4
245,Chotte,Kurung Kumey,Unknown,Arunachal Pradesh,True,28.0474404,93.455651,41.31135432375806,control (non-VVP),True,-0.28249431624851656,-0.21105136076408842,25,30,0.38379484181179596,0.36636210373297934,4,4
246,Mala,Kurung Kumey,Unknown,Arunachal Pradesh,True,28.0438593,93.4527315,41.46253832060482,control (non-VVP),True,-0.25976404328045155,-0.22568340824409638,25,30,0.39202552782444,0.35536348485655583,4,4
247,Pachik,Kurung Kumey,Unknown,Arunachal Pradesh,True,28.0431644,93.4563404,41.73972579250863,control (non-VVP),True,-0.25496333705294133,-0.21641626239774195,25,30,0.38432094910721026,0.3608176291914049,4,4
248,Baribayang,Kurung Kumey,Unknown,Arunachal Pradesh,True,27.9405099,93.1576514,41.756120229198125,control (non-VVP),True,-0.27376551658339404,-0.2891088773803103,98,121,0.348598445317106,0.2948109028535637,4,4
249,Lower Lichila,Kurung Kumey,Unknown,Arunachal Pradesh,True,27.9634244,93.228221,41.921933081525,control (non-VVP),True,-0.2927187698292191,-0.2889380300893095,98,121,0.40582135088939586,0.2555033220060632,4,4
250,Sipe,Kurung Kumey,Unknown,Arunachal Pradesh,True,27.9473278,93.1919733,42.53227245946092,control (non-VVP),True,-0.2644335249421851,-0.25483250804120827,98,121,0.36574300880538685,0.2679469354159339,4,4
251,Haleba,Kurung Kumey,Unknown,Arunachal Pradesh,True,27.9535172,93.2212596,42.77066060016416,control (non-VVP),True,,,,,,,,
252,Kodela,Kurung Kumey,Unknown,Arunachal Pradesh,True,27.9589181,93.2421602,42.81515776896063,control (non-VVP),True,,,,,,,,
253,Sewaring,Kurung Kumey,Unknown,Arunachal Pradesh,True,27.9487419,93.2097591,42.92873805636163,control (non-VVP),True,,,,,,,,
254,Kelin,Kurung Kumey,Unknown,Arunachal Pradesh,True,28.0334539,93.4679615,43.313629675966,control (non-VVP),True,,,,,,,,
255,Tai,Kurung Kumey,Unknown,Arunachal Pradesh,True,27.9557116,93.2503551,43.33901855179588,control (non-VVP),True,,,,,,,,
256,Mangio,Kurung Kumey,Unknown,Arunachal Pradesh,True,28.0318367,93.4689617,43.519747943986175,control (non-VVP),True,,,,,,,,
257,Hashi,Kurung Kumey,Unknown,Arunachal Pradesh,True,28.029797,93.4690502,43.709532446277976,control (non-VVP),True,,,,,,,,
258,Ruktepu,Kurung Kumey,Unknown,Arunachal Pradesh,True,27.945805,93.2387355,44.13651721598372,control (non-VVP),True,,,,,,,,
259,Rilong,Kurung Kumey,Unknown,Arunachal Pradesh,True,27.9510659,93.2673215,44.20361438750863,control (non-VVP),True,,,,,,,,
260,Fua,Kurung Kumey,Unknown,Arunachal Pradesh,True,27.9448103,93.2637154,44.81907152874242,control (non-VVP),True,,,,,,,,
261,Topak,Kurung Kumey,Unknown,Arunachal Pradesh,True,27.9375989,93.2339474,44.86967213138936,control (non-VVP),True,,,,,,,,
262,Dome,Kurung Kumey,Unknown,Arunachal Pradesh,True,27.9445671,93.2883561,45.35689720760246,control (non-VVP),True,,,,,,,,
263,Solung,Kurung Kumey,Unknown,Arunachal Pradesh,True,28.016221,93.4805766,45.62783306486907,control (non-VVP),True,,,,,,,,
264,Pariuk,Kurung Kumey,Unknown,Arunachal Pradesh,True,27.9393093,93.2903924,45.979332859840056,control (non-VVP),True,,,,,,,,
265,Rakte,Kurung Kumey,Unknown,Arunachal Pradesh,True,27.926534,93.2636139,46.83359791529182,control (non-VVP),True,,,,,,,,
266,Patuk,Kurung Kumey,Unknown,Arunachal Pradesh,True,28.0084129,93.4938419,47.13111688963759,control (non-VVP),True,,,,,,,,
267,Sebi,Kurung Kumey,Unknown,Arunachal Pradesh,True,27.9282641,93.3018993,47.43677545329727,control (non-VVP),True,,,,,,,,
268,Joku,Kurung Kumey,Unknown,Arunachal Pradesh,True,28.0070922,93.4973613,47.463732979035385,control (non-VVP),True,,,,,,,,
269,Digging,Kurung Kumey,Unknown,Arunachal Pradesh,True,27.9235664,93.283198,47.56742864052688,control (non-VVP),True,,,,,,,,
270,Relung,Kurung Kumey,Unknown,Arunachal Pradesh,True,27.9267335,93.3063161,47.69723385529906,control (non-VVP),True,,,,,,,,
271,Mangdo,Kurung Kumey,Unknown,Arunachal Pradesh,True,28.0051556,93.4984123,47.701224386400405,control (non-VVP),True,,,,,,,,
272,Lungte Tacha,Kurung Kumey,Unknown,Arunachal Pradesh,True,28.0384138,93.5537004,48.5513163703201,control (non-VVP),True,,,,,,,,
273,Toba,Kurung Kumey,Unknown,Arunachal Pradesh,True,27.9156223,93.2907437,48.60059694810848,control (non-VVP),True,,,,,,,,
274,Kanchangjana,Kurung Kumey,Unknown,Arunachal Pradesh,True,27.9125039,93.3209425,49.582893087307006,control (non-VVP),True,,,,,,,,
275,Mara,Kurung Kumey,Unknown,Arunachal Pradesh,True,27.9118254,93.3236314,49.71953651317569,control (non-VVP),True,,,,,,,,
276,Tayeng,Kurung Kumey,Unknown,Arunachal Pradesh,True,27.9119263,93.3301981,49.86598472330681,control (non-VVP),True,,,,,,,,
277,Jeevandept,Kurung Kumey,Unknown,Arunachal Pradesh,True,27.9115014,93.3332283,49.987814019096064,control (non-VVP),True,,,,,,,,
278,Parsi-Parlo,Kurung Kumey,Unknown,Arunachal Pradesh,True,27.9895698,93.5138011,50.03553717612049,control (non-VVP),True,,,,,,,,
279,Nikja,Kurung Kumey,Unknown,Arunachal Pradesh,True,27.9157176,93.3536671,50.085465790850726,control (non-VVP),True,,,,,,,,
280,Tumbia,Kurung Kumey,Unknown,Arunachal Pradesh,True,28.0021269,93.5328877,50.13761991212992,control (non-VVP),True,,,,,,,,
281,Satum,Kurung Kumey,Unknown,Arunachal Pradesh,True,27.9120184,93.3437143,50.205692112088265,control (non-VVP),True,,,,,,,,
282,Labia,Kurung Kumey,Unknown,Arunachal Pradesh,True,27.9932164,93.5228247,50.27114169342594,control (non-VVP),True,,,,,,,,
283,Papin,Kurung Kumey,Unknown,Arunachal Pradesh,True,27.9124359,93.3585619,50.58380811111399,control (non-VVP),True,,,,,,,,
284,Taipa,Kurung Kumey,Unknown,Arunachal Pradesh,True,27.9074231,93.3503798,50.8881009608274,control (non-VVP),True,,,,,,,,
285,Manghe 2,Kurung Kumey,Unknown,Arunachal Pradesh,True,27.9065246,93.3469471,50.89025769186891,control (non-VVP),True,,,,,,,,
286,Chingkongne,Kurung Kumey,Unknown,Arunachal Pradesh,True,27.9172781,93.3867833,50.98535297065307,control (non-VVP),True,,,,,,,,
287,Leya,Kurung Kumey,Unknown,Arunachal Pradesh,True,27.9788093,93.5157141,51.11766792042123,control (non-VVP),True,,,,,,,,
288,Jog,Kurung Kumey,Unknown,Arunachal Pradesh,True,27.9050355,93.3500017,51.136175355254615,control (non-VVP),True,,,,,,,,
289,Furek,Kurung Kumey,Unknown,Arunachal Pradesh,True,27.9140344,93.3859036,51.29755488692778,control (non-VVP),True,,,,,,,,
290,Boa,Kurung Kumey,Unknown,Arunachal Pradesh,True,27.9822237,93.5256281,51.41769598892298,control (non-VVP),True,,,,,,,,
291,Radang,Kurung Kumey,Unknown,Arunachal Pradesh,True,27.9076277,93.3755482,51.62967909729711,control (non-VVP),True,,,,,,,,
292,Renchiporing II,Kurung Kumey,Unknown,Arunachal Pradesh,True,27.9814404,93.5279667,51.63208706982133,control (non-VVP),True,,,,,,,,
293,Pinging,Kurung Kumey,Unknown,Arunachal Pradesh,True,27.8985446,93.3430694,51.65362519753305,control (non-VVP),True,,,,,,,,
294,Sangkun,Kurung Kumey,Unknown,Arunachal Pradesh,True,27.9292256,93.435367,51.67625052516377,control (non-VVP),True,,,,,,,,
295,马拉,Kurung Kumey,Unknown,Arunachal Pradesh,True,27.8886329,93.2980263,51.730112062193975,control (non-VVP),True,,,,,,,,
296,Harrang,Kurung Kumey,Unknown,Arunachal Pradesh,True,27.9315942,93.4420695,51.73684197650472,control (non-VVP),True,,,,,,,,
297,Rambo,Kurung Kumey,Unknown,Arunachal Pradesh,True,27.8974975,93.3425604,51.75432543150933,control (non-VVP),True,,,,,,,,
298,Nyobia,Kurung Kumey,Unknown,Arunachal Pradesh,True,27.8863971,93.2907263,51.82534328694944,control (non-VVP),True,,,,,,,,
299,Yerik,Kurung Kumey,Unknown,Arunachal Pradesh,True,28.0082819,93.5670426,51.91370975696549,control (non-VVP),True,,,,,,,,
300,Deyang,Kurung Kumey,Unknown,Arunachal Pradesh,True,27.8852661,93.2892168,51.918818102400536,control (non-VVP),True,,,,,,,,
301,Konkup,Kurung Kumey,Unknown,Arunachal Pradesh,True,28.0111367,93.5726645,52.07382983199752,control (non-VVP),True,,,,,,,,
302,Johak,Kurung Kumey,Unknown,Arunachal Pradesh,True,27.8807287,93.2817346,52.26416943840109,control (non-VVP),True,,,,,,,,
303,Renchiporing,Kurung Kumey,Unknown,Arunachal Pradesh,True,27.9775535,93.5336956,52.33240726701578,control (non-VVP),True,,,,,,,,
304,Sullung Tapin,Kurung Kumey,Unknown,Arunachal Pradesh,True,27.8941928,93.3556556,52.46918182773761,control (non-VVP),True,,,,,,,,
305,Yapak 2,Kurung Kumey,Unknown,Arunachal Pradesh,True,27.900174,93.3802795,52.57939658080241,control (non-VVP),True,,,,,,,,
306,Tapone,Kurung Kumey,Unknown,Arunachal Pradesh,True,27.905549,93.4006325,52.71832601927556,control (non-VVP),True,,,,,,,,
307,Sangsar,Kurung Kumey,Unknown,Arunachal Pradesh,True,27.9123798,93.4211037,52.79653862997746,control (non-VVP),True,,,,,,,,
308,Jiri,Kurung Kumey,Unknown,Arunachal Pradesh,True,27.9024698,93.394667,52.82745650715455,control (non-VVP),True,,,,,,,,
309,Kokpunayer,Kurung Kumey,Unknown,Arunachal Pradesh,True,27.8696105,93.2638666,53.08799162248989,control (non-VVP),True,,,,,,,,
310,Rate,Kurung Kumey,Unknown,Arunachal Pradesh,True,27.9025231,93.4035863,53.14458978728701,control (non-VVP),True,,,,,,,,
311,Molo,Kurung Kumey,Unknown,Arunachal Pradesh,True,27.9634667,93.5271662,53.19157551628955,control (non-VVP),True,,,,,,,,
312,Rite,Kurung Kumey,Unknown,Arunachal Pradesh,True,27.9046219,93.4117605,53.23291678834946,control (non-VVP),True,,,,,,,,
313,Najibibuk,Kurung Kumey,Unknown,Arunachal Pradesh,True,27.8683639,93.2642347,53.23312823698754,control (non-VVP),True,,,,,,,,
314,Yarpu,Kurung Kumey,Unknown,Arunachal Pradesh,True,27.9101363,93.4264549,53.24615143731343,control (non-VVP),True,,,,,,,,
315,Manghe 1,Kurung Kumey,Unknown,Arunachal Pradesh,True,27.8964882,93.3905192,53.31540581754054,control (non-VVP),True,,,,,,,,
316,Tabumna,Kurung Kumey,Unknown,Arunachal Pradesh,True,27.8598023,93.2528662,53.61887036190232,control (non-VVP),True,,,,,,,,
317,Taram,Kurung Kumey,Unknown,Arunachal Pradesh,True,27.9628134,93.5366038,53.822544337034905,control (non-VVP),True,,,,,,,,
318,Yarpu,Kurung Kumey,Unknown,Arunachal Pradesh,True,27.894643,93.4225849,54.691646183946624,control (non-VVP),True,,,,,,,,
319,Langbang,Kurung Kumey,Unknown,Arunachal Pradesh,True,27.9544909,93.540336,54.79577404291024,control (non-VVP),True,,,,,,,,
320,Pado,Kurung Kumey,Unknown,Arunachal Pradesh,True,27.9756026,93.5757879,55.21899864800898,control (non-VVP),True,,,,,,,,
321,Made,Kurung Kumey,Unknown,Arunachal Pradesh,True,27.9780177,93.5788669,55.22245455017162,control (non-VVP),True,,,,,,,,
322,Kele,Kurung Kumey,Unknown,Arunachal Pradesh,True,27.9032308,93.4632364,55.55313131649786,control (non-VVP),True,,,,,,,,
323,Yerba,Kurung Kumey,Unknown,Arunachal Pradesh,True,27.96349,93.5654022,55.57211119674372,control (non-VVP),True,,,,,,,,
324,Sera,Kurung Kumey,Unknown,Arunachal Pradesh,True,27.9554003,93.5546431,55.59641243681598,control (non-VVP),True,,,,,,,,
325,Byate,Kurung Kumey,Unknown,Arunachal Pradesh,True,27.8878009,93.4444302,56.287466712330165,control (non-VVP),True,,,,,,,,
326,Keya,Kurung Kumey,Unknown,Arunachal Pradesh,True,27.8850396,93.4612545,57.29613376260714,control (non-VVP),True,,,,,,,,
327,Panyi,Kurung Kumey,Unknown,Arunachal Pradesh,True,27.8742022,93.4525059,58.02039022410568,control (non-VVP),True,,,,,,,,
328,Kush Lami,Kurung Kumey,Unknown,Arunachal Pradesh,True,27.8754594,93.4559652,58.03918936077741,control (non-VVP),True,,,,,,,,
329,Pari,Kurung Kumey,Unknown,Arunachal Pradesh,True,27.8773703,93.4806463,58.94791448455408,control (non-VVP),True,,,,,,,,
330,Nibi,Kurung Kumey,Unknown,Arunachal Pradesh,True,27.8906614,93.5152047,59.340268541829865,control (non-VVP),True,,,,,,,,
331,Leba,Kurung Kumey,Unknown,Arunachal Pradesh,True,27.889732,93.5177222,59.56093842432439,control (non-VVP),True,,,,,,,,
332,Sara,Kurung Kumey,Unknown,Arunachal Pradesh,True,27.8764655,93.5162563,60.77030161863449,control (non-VVP),True,,,,,,,,
333,Hiba,Kurung Kumey,Unknown,Arunachal Pradesh,True,27.8672206,93.4999319,60.869797413587015,control (non-VVP),True,,,,,,,,
334,Langria,Kurung Kumey,Unknown,Arunachal Pradesh,True,27.7303718,93.2723198,60.92056597964042,control (non-VVP),True,,,,,,,,
335,Dengba,Kurung Kumey,Unknown,Arunachal Pradesh,True,27.8559794,93.479899,61.06503740556487,control (non-VVP),True,,,,,,,,
336,Payu,Kurung Kumey,Unknown,Arunachal Pradesh,True,27.7289942,93.2749594,61.227506775357774,control (non-VVP),True,,,,,,,,
337,Sangme,Kurung Kumey,Unknown,Arunachal Pradesh,True,27.8554992,93.4857201,61.3756576437797,control (non-VVP),True,,,,,,,,
338,Cheki,Kurung Kumey,Unknown,Arunachal Pradesh,True,27.8689915,93.5175395,61.56344375809714,control (non-VVP),True,,,,,,,,
339,Palang,Kurung Kumey,Unknown,Arunachal Pradesh,True,27.7081538,93.27106,62.0393782602315,control (non-VVP),True,,,,,,,,
340,Phassang,Kurung Kumey,Unknown,Arunachal Pradesh,True,27.7243116,93.2813307,62.04128392750685,control (non-VVP),True,,,,,,,,
341,Leel,Kurung Kumey,Unknown,Arunachal Pradesh,True,27.8437826,93.4758359,62.12362904730762,control (non-VVP),True,,,,,,,,
342,Dara,Kurung Kumey,Unknown,Arunachal Pradesh,True,27.8616633,93.5158884,62.197670092994514,control (non-VVP),True,,,,,,,,
343,Sangripo,Kurung Kumey,Unknown,Arunachal Pradesh,True,27.7227416,93.282713,62.24775883531558,control (non-VVP),True,,,,,,,,
344,Sangte,Kurung Kumey,Unknown,Arunachal Pradesh,True,27.7291192,93.288153,62.38973072239573,control (non-VVP),True,,,,,,,,
345,Saleriang,Kurung Kumey,Unknown,Arunachal Pradesh,True,27.7854605,93.3201249,62.67410750706665,control (non-VVP),True,,,,,,,,
346,Mujariang,Kurung Kumey,Unknown,Arunachal Pradesh,True,27.7257548,93.2911669,62.8344615375254,control (non-VVP),True,,,,,,,,
347,Pinchi,Kurung Kumey,Unknown,Arunachal Pradesh,True,27.7735733,93.316873,62.87093570706181,control (non-VVP),True,,,,,,,,
348,Leya,Kurung Kumey,Unknown,Arunachal Pradesh,True,27.7282734,93.2932093,62.883494640525456,control (non-VVP),True,,,,,,,,
349,Raris,Kurung Kumey,Unknown,Arunachal Pradesh,True,27.7680851,93.3146271,62.9030359773339,control (non-VVP),True,,,,,,,,
350,Raluguha,Kurung Kumey,Unknown,Arunachal Pradesh,True,27.7354085,93.2990876,63.04097132854151,control (non-VVP),True,,,,,,,,
351,Jugriang,Kurung Kumey,Unknown,Arunachal Pradesh,True,27.7707148,93.3182278,63.12039254672239,control (non-VVP),True,,,,,,,,
352,Leel Camp,Kurung Kumey,Unknown,Arunachal Pradesh,True,27.8432284,93.497014,63.12461198557517,control (non-VVP),True,,,,,,,,
353,Yaki,Kurung Kumey,Unknown,Arunachal Pradesh,True,27.836181,93.4940102,63.6968154239411,control (non-VVP),True,,,,,,,,
354,Rayer Sollung,Kurung Kumey,Unknown,Arunachal Pradesh,True,27.7426766,93.3108399,63.738385833589504,control (non-VVP),True,,,,,,,,
355,恰吐姆,Kurung Kumey,Unknown,Arunachal Pradesh,True,27.8448117,93.5145294,63.791627724426974,control (non-VVP),True,,,,,,,,
356,Pinchi Sollung,Kurung Kumey,Unknown,Arunachal Pradesh,True,27.7385004,93.3140943,64.23711008771745,control (non-VVP),True,,,,,,,,
357,Tumlang,Kurung Kumey,Unknown,Arunachal Pradesh,True,27.8281634,93.4904133,64.34731111703483,control (non-VVP),True,,,,,,,,
358,Tagum,Kurung Kumey,Unknown,Arunachal Pradesh,True,27.8357436,93.5079409,64.38038151579731,control (non-VVP),True,,,,,,,,
359,Sulo,Kurung Kumey,Unknown,Arunachal Pradesh,True,27.7369819,93.3154143,64.43109999772348,control (non-VVP),True,,,,,,,,
360,Diba Koyar,Kurung Kumey,Unknown,Arunachal Pradesh,True,27.7381059,93.3187116,64.67380951385692,control (non-VVP),True,,,,,,,,
361,6 Mile Camp,Kurung Kumey,Unknown,Arunachal Pradesh,True,27.8329405,93.5083348,64.6788348706032,control (non-VVP),True,,,,,,,,
362,Kamayer,Kurung Kumey,Unknown,Arunachal Pradesh,True,27.7905642,93.3910095,64.68671640219328,control (non-VVP),True,,,,,,,,
363,Rowa,Kurung Kumey,Unknown,Arunachal Pradesh,True,27.8428454,93.5296997,64.72937712536886,control (non-VVP),True,,,,,,,,
364,Pagrang,Kurung Kumey,Unknown,Arunachal Pradesh,True,27.8509062,93.5452982,64.742927105104,control (non-VVP),True,,,,,,,,
365,Pagga,Kurung Kumey,Unknown,Arunachal Pradesh,True,27.8504991,93.5494243,64.998668557548,control (non-VVP),True,,,,,,,,
366,Powak Korar,Kurung Kumey,Unknown,Arunachal Pradesh,True,27.8375593,93.5258798,65.05965003375064,control (non-VVP),True,,,,,,,,
367,Reyup,Kurung Kumey,Unknown,Arunachal Pradesh,True,27.8567715,93.5619177,65.07040407648839,control (non-VVP),True,,,,,,,,
368,Sango,Kurung Kumey,Unknown,Arunachal Pradesh,True,27.7353472,93.3216355,65.07341785790047,control (non-VVP),True,,,,,,,,
369,Yarte,Kurung Kumey,Unknown,Arunachal Pradesh,True,27.831632,93.5141164,65.0806102713764,control (non-VVP),True,,,,,,,,
370,Lengro,Kurung Kumey,Unknown,Arunachal Pradesh,True,27.8547999,93.559177,65.10857548346836,control (non-VVP),True,,,,,,,,
371,Dangu,Kurung Kumey,Unknown,Arunachal Pradesh,True,27.835467,93.5289814,65.41798058825336,control (non-VVP),True,,,,,,,,
372,Kaung,Kurung Kumey,Unknown,Arunachal Pradesh,True,27.8225472,93.5040159,65.52297282954555,control (non-VVP),True,,,,,,,,
373,Nyori,Kurung Kumey,Unknown,Arunachal Pradesh,True,27.8475995,93.5552271,65.58383487315307,control (non-VVP),True,,,,,,,,
374,Kaglang,Kurung Kumey,Unknown,Arunachal Pradesh,True,27.8501585,93.5616729,65.68491145650103,control (non-VVP),True,,,,,,,,
375,Tachak,Kurung Kumey,Unknown,Arunachal Pradesh,True,27.841908,93.5484681,65.77616403291061,control (non-VVP),True,,,,,,,,
376,Regba,Kurung Kumey,Unknown,Arunachal Pradesh,True,27.8236364,93.5159119,65.9622888806895,control (non-VVP),True,,,,,,,,
377,Miba,Kurung Kumey,Unknown,Arunachal Pradesh,True,27.824202,93.5173691,65.97430745239905,control (non-VVP),True,,,,,,,,
378,Byasi,Kurung Kumey,Unknown,Arunachal Pradesh,True,27.8372182,93.5436135,65.98056026668415,control (non-VVP),True,,,,,,,,
379,Neokhilanghi,Kurung Kumey,Unknown,Arunachal Pradesh,True,27.7213159,93.3285769,66.39994813659872,control (non-VVP),True,,,,,,,,
380,Kamrung,Kurung Kumey,Unknown,Arunachal Pradesh,True,27.8336301,93.5467063,66.48718923074118,control (non-VVP),True,,,,,,,,
381,Dilanggang,Kurung Kumey,Unknown,Arunachal Pradesh,True,27.7796166,93.41419,66.55722703905451,control (non-VVP),True,,,,,,,,
382,Lower Happa,Kurung Kumey,Unknown,Arunachal Pradesh,True,27.825885,93.5332832,66.57242928486403,control (non-VVP),True,,,,,,,,
383,Paching,Kurung Kumey,Unknown,Arunachal Pradesh,True,27.8225097,93.5290614,66.70007702078077,control (non-VVP),True,,,,,,,,
384,Yorung,Kurung Kumey,Unknown,Arunachal Pradesh,True,27.7375945,93.3427203,66.87759880254396,control (non-VVP),True,,,,,,,,
385,Longlefoth,Kurung Kumey,Unknown,Arunachal Pradesh,True,27.776484,93.4150439,66.919867194645,control (non-VVP),True,,,,,,,,
386,Lumte,Kurung Kumey,Unknown,Arunachal Pradesh,True,27.7863252,93.446526,66.92655554983172,control (non-VVP),True,,,,,,,,
387,Gufa,Kurung Kumey,Unknown,Arunachal Pradesh,True,27.7347708,93.344262,67.15233570438872,control (non-VVP),True,,,,,,,,
388,Chebang,Kurung Kumey,Unknown,Arunachal Pradesh,True,27.7364834,93.3455625,67.18916900531578,control (non-VVP),True,,,,,,,,
389,Taris,Kurung Kumey,Unknown,Arunachal Pradesh,True,27.7358412,93.3487724,67.51203104036905,control (non-VVP),True,,,,,,,,
390,Rangdo,Kurung Kumey,Unknown,Arunachal Pradesh,True,27.7820948,93.4575729,67.77367269908065,control (non-VVP),True,,,,,,,,
391,Ralung,Kurung Kumey,Unknown,Arunachal Pradesh,True,27.7371862,93.353664,67.89499230367123,control (non-VVP),True,,,,,,,,
392,Gangnee,Kurung Kumey,Unknown,Arunachal Pradesh,True,27.7541489,93.3737844,68.19499146307581,control (non-VVP),True,,,,,,,,
393,Pinchi Solung,Kurung Kumey,Unknown,Arunachal Pradesh,True,27.7375854,93.3603528,68.48797795765051,control (non-VVP),True,,,,,,,,
394,Kampu,Kurung Kumey,Unknown,Arunachal Pradesh,True,27.7422153,93.363991,68.60926594531249,control (non-VVP),True,,,,,,,,
395,Dolo,Kurung Kumey,Unknown,Arunachal Pradesh,True,27.7568896,93.4009912,68.61464734272681,control (non-VVP),True,,,,,,,,
396,Hiya,Kurung Kumey,Unknown,Arunachal Pradesh,True,27.7752174,93.4614457,68.63852328877431,control (non-VVP),True,,,,,,,,
397,Guha,Kurung Kumey,Unknown,Arunachal Pradesh,True,27.7590364,93.4164824,68.83813211753635,control (non-VVP),True,,,,,,,,
398,Nyapin,Kurung Kumey,Unknown,Arunachal Pradesh,True,27.7515445,93.3946648,69.01868062831686,control (non-VVP),True,,,,,,,,
399,Delung,Kurung Kumey,Unknown,Arunachal Pradesh,True,27.7778716,93.4788091,69.02604048139617,control (non-VVP),True,,,,,,,,
400,Sona,Kurung Kumey,Unknown,Arunachal Pradesh,True,27.810017,93.5520226,69.05857769482293,control (non-VVP),True,,,,,,,,
401,Tumrung,Kurung Kumey,Unknown,Arunachal Pradesh,True,27.8072923,93.5473433,69.0934873091725,control (non-VVP),True,,,,,,,,
402,Takyo,Kurung Kumey,Unknown,Arunachal Pradesh,True,27.7755045,93.474237,69.09350681294279,control (non-VVP),True,,,,,,,,
403,买翁里,Lower Dibang,Unknown,Arunachal Pradesh,True,28.2822374,96.0953096,26.10559542079225,control (non-VVP),True,,,,,,,,
404,Runli,Lower Dibang,Unknown,Arunachal Pradesh,True,28.2991992,96.0743049,26.77128336291975,control (non-VVP),True,,,,,,,,
405,阿蒙岗,Lower Dibang,Unknown,Arunachal Pradesh,True,28.2700017,96.0942481,27.053521018139232,control (non-VVP),True,,,,,,,,
406,Thangdung,Tawang,Unknown,Arunachal Pradesh,True,27.4924362,91.6448955,0.0533808783736777,control (non-VVP),False,,,,,,,,
407,Chhema,Tawang,Unknown,Arunachal Pradesh,True,27.4766454,91.6640409,0.071625472605729,control (non-VVP),False,,,,,,,,
408,Rashuthang,Tawang,Unknown,Arunachal Pradesh,True,27.1326518,91.9873523,0.2166138295754838,control (non-VVP),False,,,,,,,,
409,Khiliphu,Tawang,Unknown,Arunachal Pradesh,True,27.1933491,92.0177941,0.3877265848876541,control (non-VVP),False,,,,,,,,
410,Melongkhar,Tawang,Unknown,Arunachal Pradesh,True,27.4716594,91.6684389,0.4763049501340737,control (non-VVP),False,,,,,,,,
411,Tshothang,Tawang,Unknown,Arunachal Pradesh,True,27.1330028,91.9950426,0.5438198735177904,control (non-VVP),False,,,,,,,,
412,Manam,Tawang,Unknown,Arunachal Pradesh,True,27.4881511,91.6402804,0.6116409477067213,control (non-VVP),False,,,,,,,,
413,Yerphel,Tawang,Unknown,Arunachal Pradesh,True,27.4708286,91.6567729,0.9108160565722287,control (non-VVP),False,,,,,,,,
414,Doogti,Tawang,Unknown,Arunachal Pradesh,True,27.4825186,91.6917615,1.2786216864386837,control (non-VVP),False,,,,,,,,
415,Buri,Tawang,Unknown,Arunachal Pradesh,True,27.5138525,91.6470731,1.3906022474572084,control (non-VVP),False,,,,,,,,
416,勒村,Tawang,Unknown,Arunachal Pradesh,True,27.818098,91.7506349,1.4821008294521318,control (non-VVP),False,,,,,,,,
417,Dudunghar,Tawang,Unknown,Arunachal Pradesh,True,27.5069344,91.6530079,1.5986002204117489,control (non-VVP),False,,,,,,,,
418,Serzhong,Tawang,Unknown,Arunachal Pradesh,True,27.1264072,91.9705006,1.7977341769842867,control (non-VVP),False,,,,,,,,
419,Blaiteng,Tawang,Unknown,Arunachal Pradesh,True,27.505442,91.6575862,1.9424500855525424,control (non-VVP),False,,,,,,,,
420,Gonong,Tawang,Unknown,Arunachal Pradesh,True,27.1258692,91.9685764,1.9810072565657115,control (non-VVP),False,,,,,,,,
421,Shengdang,Tawang,Unknown,Arunachal Pradesh,True,27.4844282,91.622125,2.2871454078224445,control (non-VVP),False,,,,,,,,
422,Dongmareng,Tawang,Unknown,Arunachal Pradesh,True,27.5064997,91.6610772,2.309362171583042,control (non-VVP),False,,,,,,,,
423,Dungmanma,Tawang,Unknown,Arunachal Pradesh,True,27.0965531,91.9635015,2.574826241453045,control (non-VVP),False,,,,,,,,
424,Chhemkhar,Tawang,Unknown,Arunachal Pradesh,True,27.4797134,91.6218298,2.6231126444793427,control (non-VVP),False,,,,,,,,
425,Deptsang,Tawang,Unknown,Arunachal Pradesh,True,27.0530872,91.9825709,2.697952331050776,control (non-VVP),False,,,,,,,,
426,嘎林久村,Tawang,Unknown,Arunachal Pradesh,True,27.8293568,91.7604054,2.70594048550807,control (non-VVP),False,,,,,,,,
427,Kaben,Tawang,Unknown,Arunachal Pradesh,True,27.489457,91.7279816,3.0614816229047177,control (non-VVP),False,,,,,,,,
428,汤乌村,Tawang,Unknown,Arunachal Pradesh,True,27.7949174,92.0216484,3.2189850308578447,control (non-VVP),False,,,,,,,,
429,Rolam,Tawang,Unknown,Arunachal Pradesh,True,27.4497486,91.651622,3.324777131098403,control (non-VVP),False,,,,,,,,
430,Marmey,Tawang,Unknown,Arunachal Pradesh,True,27.5382332,91.6496721,3.3771400340346336,control (non-VVP),False,,,,,,,,
431,岗萨洞村,Tawang,Unknown,Arunachal Pradesh,True,27.7632673,91.9052521,3.537393922379085,control (non-VVP),False,,,,,,,,
432,Khinyel,Tawang,Unknown,Arunachal Pradesh,True,27.4814952,91.6087837,3.6239056543532944,control (non-VVP),False,,,,,,,,
433,Hatung La,Tawang,Unknown,Arunachal Pradesh,True,27.7767145,91.7101807,3.654151925310779,control (non-VVP),False,,,,,,,,
434,肖村,Tawang,Unknown,Arunachal Pradesh,True,27.7647714,91.9106823,3.6987632389783114,control (non-VVP),False,,,,,,,,
435,Pamdung,Tawang,Unknown,Arunachal Pradesh,True,27.5346077,91.6595459,3.710239596007614,control (non-VVP),False,,,,,,,,
436,昂定村,Tawang,Unknown,Arunachal Pradesh,True,27.7867208,91.8859646,3.824266261756128,control (non-VVP),False,,,,,,,,
437,肖康桑村,Tawang,Unknown,Arunachal Pradesh,True,27.7654854,91.9187235,3.8919306347407145,control (non-VVP),False,,,,,,,,
438,Murshindama,Tawang,Unknown,Arunachal Pradesh,True,27.4900655,91.6009715,3.894216841193877,control (non-VVP),False,,,,,,,,
439,热吉干布村,Tawang,Unknown,Arunachal Pradesh,True,27.7800424,91.8914322,3.912794548679908,control (non-VVP),False,,,,,,,,
440,Maeldung,Tawang,Unknown,Arunachal Pradesh,True,27.4856619,91.602426,4.001256422730607,control (non-VVP),False,,,,,,,,
441,Bakpa,Tawang,Unknown,Arunachal Pradesh,True,27.4808559,91.6030526,4.173888954166457,control (non-VVP),False,,,,,,,,
442,Chelengdung,Tawang,Unknown,Arunachal Pradesh,True,27.5402668,91.6598059,4.193411701045378,control (non-VVP),False,,,,,,,,
443,Pajab,Tawang,Unknown,Arunachal Pradesh,True,27.4874232,91.5980381,4.309586000201642,control (non-VVP),False,,,,,,,,
444,贤村,Tawang,Unknown,Arunachal Pradesh,True,27.8436163,91.7583626,4.314555240618509,control (non-VVP),False,,,,,,,,
445,Dungjee,Tawang,Unknown,Arunachal Pradesh,True,27.4989655,92.0097869,4.338941811773184,control (non-VVP),False,,,,,,,,
446,Benig,Tawang,Unknown,Arunachal Pradesh,True,27.499111,91.7352285,4.347101955043248,control (non-VVP),False,,,,,,,,
447,User,Tawang,Unknown,Arunachal Pradesh,True,27.5441215,91.6573264,4.373110658625996,control (non-VVP),False,,,,,,,,
448,Phomang,Tawang,Unknown,Arunachal Pradesh,True,27.5125531,91.694958,4.653543128075959,control (non-VVP),False,,,,,,,,
449,Sanghar,Tawang,Unknown,Arunachal Pradesh,True,27.5320099,91.6739901,4.707234530435824,control (non-VVP),False,,,,,,,,
450,Amatulla,Tawang,Unknown,Arunachal Pradesh,True,26.9164238,92.1272069,4.741773914302493,control (non-VVP),False,,,,,,,,
451,Tsechu,Tawang,Unknown,Arunachal Pradesh,True,27.7228408,92.0148221,4.907638250176255,control (non-VVP),False,,,,,,,,
452,Dormeleng,Tawang,Unknown,Arunachal Pradesh,True,27.536051,91.6739209,4.937700113927385,control (non-VVP),False,,,,,,,,
453,Bagajang Gompa,Tawang,Unknown,Arunachal Pradesh,True,27.5002605,92.0203955,5.006595526544024,control (non-VVP),False,,,,,,,,
454,Tokshing,Tawang,Unknown,Arunachal Pradesh,True,27.4808904,91.593587,5.030162233010421,control (non-VVP),False,,,,,,,,
455,Hoongla,Tawang,Unknown,Arunachal Pradesh,True,27.5133024,91.7221181,5.290406133364242,control (non-VVP),False,,,,,,,,
456,Draktsa,Tawang,Unknown,Arunachal Pradesh,True,27.4787894,91.5913526,5.332986095070722,control (non-VVP),False,,,,,,,,
457,Yalang,Tawang,Unknown,Arunachal Pradesh,True,27.4502664,91.6143036,5.380407950722963,control (non-VVP),False,,,,,,,,
458,Jyonkhar,Tawang,Unknown,Arunachal Pradesh,True,27.4166116,91.8630804,5.394563445320295,control (non-VVP),False,,,,,,,,
459,Sazo,Tawang,Unknown,Arunachal Pradesh,True,27.5211872,91.6919115,5.532226184559705,control (non-VVP),False,,,,,,,,
460,Kharung,Tawang,Unknown,Arunachal Pradesh,True,27.5083212,91.7443344,5.5466060502072345,control (non-VVP),False,,,,,,,,
461,Phongmey,Tawang,Unknown,Arunachal Pradesh,True,27.4070065,91.7604157,5.683429080429823,control (non-VVP),False,,,,,,,,
462,Domtshang,Tawang,Unknown,Arunachal Pradesh,True,27.4997616,91.5585743,5.85846031367451,control (non-VVP),False,,,,,,,,
463,Bulaisen,Tawang,Unknown,Arunachal Pradesh,True,27.7447203,91.6940265,5.905200706775433,control (non-VVP),False,,,,,,,,
464,Zirkhim,Tawang,Unknown,Arunachal Pradesh,True,27.759106,91.6987037,5.938746380800322,control (non-VVP),False,,,,,,,,
465,Kharteng,Tawang,Unknown,Arunachal Pradesh,True,27.5322737,91.68881,6.052180976101536,control (non-VVP),False,,,,,,,,
466,次麦夺村,Tawang,Unknown,Arunachal Pradesh,True,27.8974291,92.1766052,6.115076985316885,control (non-VVP),False,,,,,,,,
467,Phanbu,Tawang,Unknown,Arunachal Pradesh,True,27.6755489,91.5190859,6.387502601574665,control (non-VVP),False,,,,,,,,
468,Omling Gumpha,Tawang,Unknown,Arunachal Pradesh,True,27.3154109,92.1483055,6.468662361044225,control (non-VVP),False,,,,,,,,
469,Malang,Tawang,Unknown,Arunachal Pradesh,True,26.9199558,91.5006852,6.629850630756158,control (non-VVP),False,,,,,,,,
470,Sayphu,Tawang,Unknown,Arunachal Pradesh,True,27.3989221,91.7976093,6.661690502240729,control (non-VVP),False,,,,,,,,
471,Taktsang,Tawang,Unknown,Arunachal Pradesh,True,27.7202129,91.7987847,6.692513866650191,control (non-VVP),False,,,,,,,,
472,Bimkhar,Tawang,Unknown,Arunachal Pradesh,True,27.5996103,91.5097951,6.712437385255616,control (non-VVP),False,,,,,,,,
473,Baghar,Tawang,Unknown,Arunachal Pradesh,True,27.5386646,91.692876,6.72820261147585,control (non-VVP),False,,,,,,,,
474,多塘村,Tawang,Unknown,Arunachal Pradesh,True,27.903248,92.1752696,6.756881920509697,control (non-VVP),False,,,,,,,,
475,Surbin,Tawang,Unknown,Arunachal Pradesh,True,27.6044729,91.6478797,6.778017993080565,control (non-VVP),False,,,,,,,,
476,Chongti,Tawang,Unknown,Arunachal Pradesh,True,26.9210081,91.5019834,6.789908746253437,control (non-VVP),False,,,,,,,,
477,聚塘贡村,Tawang,Unknown,Arunachal Pradesh,True,27.8906837,92.1452425,6.892451650990197,control (non-VVP),False,,,,,,,,
478,Lengkhar,Tawang,Unknown,Arunachal Pradesh,True,27.5034784,91.5433416,6.9051738478956,control (non-VVP),False,,,,,,,,
479,Milum,Tawang,Unknown,Arunachal Pradesh,True,26.9234976,91.5029731,7.0859287612509885,control (non-VVP),False,,,,,,,,
480,Serpang,Tawang,Unknown,Arunachal Pradesh,True,27.4822039,91.5608666,7.104440601514886,control (non-VVP),False,,,,,,,,
481,Bilam,Tawang,Unknown,Arunachal Pradesh,True,26.9275894,91.4938939,7.216276365724303,control (non-VVP),False,,,,,,,,
482,Mitshishing,Tawang,Unknown,Arunachal Pradesh,True,26.9259082,91.501286,7.271792151523161,control (non-VVP),False,,,,,,,,
483,Phugyang,Tawang,Unknown,Arunachal Pradesh,True,27.4398176,91.5994167,7.27457959877611,control (non-VVP),False,,,,,,,,
484,西登,Upper Siang,Unknown,Arunachal Pradesh,True,29.1329116,94.9651923,2.562190944518204,control (non-VVP),True,,,,,,,,
485,Norbuling,Upper Siang,Unknown,Arunachal Pradesh,True,29.1263536,94.9733788,3.2416695474790678,control (non-VVP),True,,,,,,,,
486,Kapu,Upper Siang,Unknown,Arunachal Pradesh,True,29.05073,94.9103307,12.262297721724916,control (non-VVP),True,,,,,,,,
487,Jorging,Upper Siang,Unknown,Arunachal Pradesh,True,29.0668897,94.4790622,13.95697753428302,control (non-VVP),True,,,,,,,,
488,Tuting Panikheti,Upper Siang,Unknown,Arunachal Pradesh,True,28.973338,94.8719848,21.2965099421334,control (non-VVP),True,,,,,,,,
489,Naming,Upper Siang,Unknown,Arunachal Pradesh,True,28.9686342,94.9381419,21.33336634899785,control (non-VVP),True,,,,,,,,
490,Payendum,Upper Siang,Unknown,Arunachal Pradesh,True,28.926458,95.0315768,22.26205310281608,control (non-VVP),True,,,,,,,,
491,Nyereng,Upper Siang,Unknown,Arunachal Pradesh,True,28.9574,94.9011,22.87910808309866,control (non-VVP),True,,,,,,,,
492,Nyokong,Upper Siang,Unknown,Arunachal Pradesh,True,28.919363,95.0271109,23.16992004457483,control (non-VVP),True,,,,,,,,
493,Ninging,Upper Siang,Unknown,Arunachal Pradesh,True,28.953851,94.8333181,24.117479106553883,control (non-VVP),True,,,,,,,,
494,Devkota,Upper Siang,Unknown,Arunachal Pradesh,True,28.8829865,95.0820892,24.560701262794563,control (non-VVP),True,,,,,,,,
495,Yortung,Upper Siang,Unknown,Arunachal Pradesh,True,28.8942055,95.0642733,24.602529262564705,control (non-VVP),True,,,,,,,,
496,Silipu,Upper Siang,Unknown,Arunachal Pradesh,True,28.8527517,95.1306768,25.253669698391235,control (non-VVP),True,,,,,,,,
497,Simuge,Upper Siang,Unknown,Arunachal Pradesh,True,28.8399841,95.1568258,25.798302866161848,control (non-VVP),True,,,,,,,,
498,Singa Old,Upper Siang,Unknown,Arunachal Pradesh,True,28.8313255,95.1691884,26.461357965313468,control (non-VVP),True,,,,,,,,
499,Silage,Upper Siang,Unknown,Arunachal Pradesh,True,28.8331926,95.1580815,26.51068619316482,control (non-VVP),True,,,,,,,,
500,Tamid Arung,Upper Siang,Unknown,Arunachal Pradesh,True,28.8998406,94.5747584,26.665712981632883,control (non-VVP),True,,,,,,,,
501,Angachi,Upper Siang,Unknown,Arunachal Pradesh,True,28.8255056,95.1704914,27.080962227174982,control (non-VVP),True,,,,,,,,
502,Simuling,Upper Siang,Unknown,Arunachal Pradesh,True,28.8155203,95.2010538,27.736701557513825,control (non-VVP),True,,,,,,,,
503,Singing,Upper Siang,Unknown,Arunachal Pradesh,True,28.8977681,94.7841203,30.4545617667354,control (non-VVP),True,,,,,,,,
504,Migging,Upper Siang,Unknown,Arunachal Pradesh,True,28.8529247,94.7729372,35.54813394632882,control (non-VVP),True,,,,,,,,
505,Palling,Upper Siang,Unknown,Arunachal Pradesh,True,28.836535,94.8097586,37.39350199604249,control (non-VVP),True,,,,,,,,
506,Likor,Upper Siang,Unknown,Arunachal Pradesh,True,28.8267883,94.8955464,37.68250752391067,control (non-VVP),True,,,,,,,,
507,Mosing,Upper Siang,Unknown,Arunachal Pradesh,True,28.8091508,94.7915356,40.48500471182223,control (non-VVP),True,,,,,,,,
508,Gujinboluo,Upper Siang,Unknown,Arunachal Pradesh,True,28.7553138,94.9111952,44.75118657726215,control (non-VVP),True,,,,,,,,
509,Pugging,Upper Siang,Unknown,Arunachal Pradesh,True,28.7438597,94.9345829,45.034963512080296,control (non-VVP),True,,,,,,,,
510,Gette,Upper Siang,Unknown,Arunachal Pradesh,True,28.6863056,95.0089723,47.4878099643318,control (non-VVP),True,,,,,,,,
511,Dojubing,Upper Subansiri,Unknown,Arunachal Pradesh,True,28.4315441,93.1898276,0.2514692762152858,control (non-VVP),True,,,,,,,,
512,Ishneya,Upper Subansiri,Unknown,Arunachal Pradesh,True,28.4397601,93.1851781,0.7289219816798854,control (non-VVP),True,,,,,,,,
513,Gumsing Taying,Upper Subansiri,Unknown,Arunachal Pradesh,True,28.4321817,93.2172532,2.0289552748217994,control (non-VVP),True,,,,,,,,
514,Juga,Upper Subansiri,Unknown,Arunachal Pradesh,True,28.4467134,93.1498404,3.9931467141981054,control (non-VVP),True,,,,,,,,
515,Yorlung,Upper Subansiri,Unknown,Arunachal Pradesh,True,28.6720499,93.9704579,4.24956686804673,control (non-VVP),True,,,,,,,,
516,Gelemo,Upper Subansiri,Unknown,Arunachal Pradesh,True,28.472442,93.4628099,18.30192979535228,control (non-VVP),True,,,,,,,,
517,Gelemo Camp,Upper Subansiri,Unknown,Arunachal Pradesh,True,28.4568913,93.4620422,18.86762186598506,control (non-VVP),True,,,,,,,,
518,Dojbung,Upper Subansiri,Unknown,Arunachal Pradesh,True,28.3729191,93.4561501,23.70229524026418,control (non-VVP),True,,,,,,,,
519,Gelinceniak,Upper Subansiri,Unknown,Arunachal Pradesh,True,28.3631529,93.4766991,25.944180209930533,control (non-VVP),True,,,,,,,,
520,Chingring,Upper Subansiri,Unknown,Arunachal Pradesh,True,28.4192393,93.8246305,29.819714146711693,control (non-VVP),True,,,,,,,,
521,Poba,Upper Subansiri,Unknown,Arunachal Pradesh,True,28.414467,93.8159723,30.24332045757586,control (non-VVP),True,,,,,,,,
522,贾德普,Upper Subansiri,Unknown,Arunachal Pradesh,True,28.4082012,93.7972842,30.795950994065457,control (non-VVP),True,,,,,,,,
523,嘎如,Upper Subansiri,Unknown,Arunachal Pradesh,True,28.4068583,93.7942953,30.933808925581918,control (non-VVP),True,,,,,,,,
524,阿赖根布,Upper Subansiri,Unknown,Arunachal Pradesh,True,28.4059921,93.808704,31.1233705267222,control (non-VVP),True,,,,,,,,
525,Orak Camp,Upper Subansiri,Unknown,Arunachal Pradesh,True,28.3665963,93.5461814,31.1415826081914,control (non-VVP),True,,,,,,,,
526,Ketha,Upper Subansiri,Unknown,Arunachal Pradesh,True,28.4307648,94.061466,31.449325496884043,control (non-VVP),True,,,,,,,,
527,Raba,Upper Subansiri,Unknown,Arunachal Pradesh,True,28.4054645,93.8353976,31.525413853923823,control (non-VVP),True,,,,,,,,
528,AkI,Upper Subansiri,Unknown,Arunachal Pradesh,True,28.4045203,93.7242887,31.69153408910826,control (non-VVP),True,,,,,,,,
529,Mojang,Upper Subansiri,Unknown,Arunachal Pradesh,True,28.4013177,93.8229042,31.80179766186301,control (non-VVP),True,,,,,,,,
530,Nyare,Upper Subansiri,Unknown,Arunachal Pradesh,True,28.3708318,93.5572909,31.81093910630605,control (non-VVP),True,,,,,,,,
531,Ngoju,Upper Subansiri,Unknown,Arunachal Pradesh,True,28.399193,93.7068591,31.891282603955112,control (non-VVP),True,,,,,,,,
532,Mepu,Upper Subansiri,Unknown,Arunachal Pradesh,True,28.3744399,93.5616267,31.96616974560059,control (non-VVP),True,,,,,,,,
533,Keojariang,Upper Subansiri,Unknown,Arunachal Pradesh,True,28.4009028,93.8320953,31.979826859532427,control (non-VVP),True,,,,,,,,
534,Bogun,Upper Subansiri,Unknown,Arunachal Pradesh,True,28.3958767,93.6960267,31.998595831343906,control (non-VVP),True,,,,,,,,
535,贡岗,West Kameng,Unknown,Arunachal Pradesh,True,26.8952222,92.1170503,4.210925932086845,control (non-VVP),True,,,,,,,,
536,Balem,West Kameng,Unknown,Arunachal Pradesh,True,26.9649897,92.1516917,7.396696654370072,control (non-VVP),True,,,,,,,,
537,Rongthangjurpam,West Kameng,Unknown,Arunachal Pradesh,True,27.0382758,92.1315055,7.972817106960784,control (non-VVP),True,,,,,,,,
538,若波朗钦,West Kameng,Unknown,Arunachal Pradesh,True,27.0752385,92.1082163,8.019387087917442,control (non-VVP),True,,,,,,,,
539,Yukmadung,West Kameng,Unknown,Arunachal Pradesh,True,27.4213253,92.1244746,8.424815305900642,control (non-VVP),True,,,,,,,,
540,Warrangpam,West Kameng,Unknown,Arunachal Pradesh,True,27.1186044,92.0745879,8.691976609796239,control (non-VVP),True,,,,,,,,
541,Neygang,North,Unknown,Sikkim,True,26.8222735,89.2456924,0.0355822642609732,control (non-VVP),False,,,,,,,,
542,Mangalbare,North,Unknown,Sikkim,True,26.9641686,88.0931146,0.0647614120706852,control (non-VVP),False,,,,,,,,
543,Tingtingma,North,Unknown,Sikkim,True,26.83608,89.2607505,0.1376754131076775,control (non-VVP),False,,,,,,,,
544,Tading,North,Unknown,Sikkim,True,26.842835,89.2980981,0.1851188138160426,control (non-VVP),False,,,,,,,,
545,Katao,North,Unknown,Sikkim,True,27.6714244,88.8140893,0.4125628556636427,control (non-VVP),False,,,,,,,,
546,Kupup,North,Unknown,Sikkim,True,27.35065,88.8396693,0.4225155208694286,control (non-VVP),False,,,,,,,,
547,Kumai,North,Unknown,Sikkim,True,26.9721659,88.8529694,0.4527420156467834,control (non-VVP),False,,,,,,,,
548,Sherathang,North,Unknown,Sikkim,True,27.3803999,88.8152126,0.4955678390029499,control (non-VVP),False,,,,,,,,
549,Gidaibir,North,Unknown,Sikkim,True,26.8366987,89.2715013,0.5001160037222253,control (non-VVP),False,,,,,,,,
550,Marwatraya,North,Unknown,Sikkim,True,26.8521011,89.3113536,0.5411725208570399,control (non-VVP),False,,,,,,,,
551,Daduwachok,North,Unknown,Sikkim,True,27.278697,88.0127539,0.601678508302782,control (non-VVP),False,,,,,,,,
552,Doomshinggang,North,Unknown,Sikkim,True,26.819084,89.1416207,0.7045531802138566,control (non-VVP),False,,,,,,,,
553,Nyoenpalingmaed,North,Unknown,Sikkim,True,26.8229454,89.2250516,0.7521010739572831,control (non-VVP),False,,,,,,,,
554,Shri Antu,North,Unknown,Sikkim,True,26.8809868,88.1307377,0.8499290724614919,control (non-VVP),False,,,,,,,,
555,Doleg,North,Unknown,Sikkim,True,26.819408,89.1716232,0.9119223362096456,control (non-VVP),False,,,,,,,,
556,Rongo,North,Unknown,Sikkim,True,27.0385628,88.8358784,0.972906791365356,control (non-VVP),False,,,,,,,,
557,Todey,North,Unknown,Sikkim,True,27.1108271,88.8252278,1.007339370678231,control (non-VVP),False,,,,,,,,
558,Dugpoling,North,Unknown,Sikkim,True,26.8538049,89.2820477,1.0223005531766292,control (non-VVP),False,,,,,,,,
559,Hauri,North,Unknown,Sikkim,True,26.8351402,89.2827694,1.0598478746735207,control (non-VVP),False,,,,,,,,
560,Totopara,North,Unknown,Sikkim,True,26.8357066,89.3075323,1.1295109397723893,control (non-VVP),False,,,,,,,,
561,Gorkhe Bazar,North,Unknown,Sikkim,True,26.9554832,88.0775912,1.8895275821573172,control (non-VVP),False,,,,,,,,
562,Tumliṅ,North,Unknown,Sikkim,True,27.0312588,88.0689601,1.9629183785489908,control (non-VVP),False,,,,,,,,
563,Gariabas,North,Unknown,Sikkim,True,27.024001,88.8656552,2.00291097864042,control (non-VVP),False,,,,,,,,
564,Gairibas,North,Unknown,Sikkim,True,27.0592783,88.0246254,2.003166322343602,control (non-VVP),False,,,,,,,,
565,Lachhungthang,North,Unknown,Sikkim,True,26.8295321,89.1899901,2.055755176747083,control (non-VVP),False,,,,,,,,
566,Gurãse,North,Unknown,Sikkim,True,27.027135,88.0744586,2.092263793138101,control (non-VVP),False,,,,,,,,
567,Dangreyboog,North,Unknown,Sikkim,True,26.9392244,89.008113,2.149160665269404,control (non-VVP),False,,,,,,,,
568,काला पोखरी,North,Unknown,Sikkim,True,27.0788791,88.0171082,2.223006751992468,control (non-VVP),False,,,,,,,,
569,Dadheli,North,Unknown,Sikkim,True,27.0860589,87.9548391,2.291074108015092,control (non-VVP),False,,,,,,,,
570,लुम्चोक,North,Unknown,Sikkim,True,27.0800523,87.9589886,2.352470918378059,control (non-VVP),False,,,,,,,,
571,Kandan,North,Unknown,Sikkim,True,27.2632886,87.9854179,2.390597912773869,control (non-VVP),False,,,,,,,,
572,Magargau,North,Unknown,Sikkim,True,27.2531652,87.9799507,2.4295055460182264,control (non-VVP),False,,,,,,,,
573,Changgu,North,Unknown,Sikkim,True,27.3778843,88.7709213,2.431578364820277,control (non-VVP),False,,,,,,,,
574,Bikeybhanjan,North,Unknown,Sikkim,True,27.0929468,88.01296,2.508521300469969,control (non-VVP),False,,,,,,,,
575,Megma,North,Unknown,Sikkim,True,27.0239524,88.0828861,2.5707124045394854,control (non-VVP),False,,,,,,,,
576,Sandakphu,North,Unknown,Sikkim,True,27.104806,88.0015441,2.5784162435399867,control (non-VVP),False,,,,,,,,
577,Katrepakha,North,Unknown,Sikkim,True,26.9903319,88.9319658,2.6105572006436226,control (non-VVP),False,,,,,,,,
578,Bugkha,North,Unknown,Sikkim,True,26.869138,89.2872405,2.699890755219743,control (non-VVP),False,,,,,,,,
579,Chamurchi,North,Unknown,Sikkim,True,26.8827274,89.0903663,2.731702104978543,control (non-VVP),False,,,,,,,,
580,Jhalong,North,Unknown,Sikkim,True,27.0401327,88.8732963,2.766156059393461,control (non-VVP),False,,,,,,,,
581,Tharphu,North,Unknown,Sikkim,True,26.9893377,88.9368045,2.913886534956412,control (non-VVP),False,,,,,,,,
582,Khamzangling,North,Unknown,Sikkim,True,26.9747954,88.9498508,2.930770138616877,control (non-VVP),False,,,,,,,,
583,Yugo,North,Unknown,Sikkim,True,26.8975661,89.0839157,2.938900321222627,control (non-VVP),False,,,,,,,,
584,Kardo,North,Unknown,Sikkim,True,26.9492965,88.9928788,2.9790200358896586,control (non-VVP),False,,,,,,,,
585,Paren,North,Unknown,Sikkim,True,27.0636736,88.8734078,2.998685579043204,control (non-VVP),False,,,,,,,,
586,Tonglu,North,Unknown,Sikkim,True,27.033721,88.0805457,3.0130957735189763,control (non-VVP),False,,,,,,,,
587,Samarjun,North,Unknown,Sikkim,True,27.2603728,87.975741,3.1390024824035505,control (non-VVP),False,,,,,,,,
588,Chhubakha,North,Unknown,Sikkim,True,27.8241475,88.815369,3.2414481457540965,control (non-VVP),False,,,,,,,,
589,Sisne,North,Unknown,Sikkim,True,27.2634845,87.9756726,3.28609009187711,control (non-VVP),False,,,,,,,,
590,Sampheling,North,Unknown,Sikkim,True,27.1213407,88.8490569,3.38087656914457,control (non-VVP),False,,,,,,,,
591,Rabi,North,Unknown,Sikkim,True,27.3014656,87.9929991,3.42973103522234,control (non-VVP),False,,,,,,,,
592,Samphelgang,North,Unknown,Sikkim,True,27.1264595,88.8453086,3.608203800957261,control (non-VVP),False,,,,,,,,
593,Sepi,North,Unknown,Sikkim,True,27.2967297,87.9885069,3.623804709860384,control (non-VVP),False,,,,,,,,
594,Depheling,North,Unknown,Sikkim,True,26.9742504,88.9581871,3.6526411483422105,control (non-VVP),False,,,,,,,,
595,Nojangsa Nyipa,North,Unknown,Sikkim,True,26.8786124,89.3011236,3.666369141330504,control (non-VVP),False,,,,,,,,
596,Norgeygang,North,Unknown,Sikkim,True,27.1251166,88.8483354,3.671042065024521,control (non-VVP),False,,,,,,,,
597,Tsomgo,North,Unknown,Sikkim,True,27.3754372,88.7566799,3.6841674920938554,control (non-VVP),False,,,,,,,,
598,Ekrate,North,Unknown,Sikkim,True,27.252172,87.9651893,3.727442642713138,control (non-VVP),False,,,,,,,,
599,Karmaling,North,Unknown,Sikkim,True,27.1204516,88.8555324,3.7558196863333,control (non-VVP),False,,,,,,,,
600,Timbure,North,Unknown,Sikkim,True,27.2927386,87.9850534,3.757176164354312,control (non-VVP),False,,,,,,,,
601,Norbuling,North,Unknown,Sikkim,True,26.8925739,89.0972757,3.835379486058355,control (non-VVP),False,,,,,,,,
602,Sugure,North,Unknown,Sikkim,True,27.2608375,87.9680869,3.856336225433772,control (non-VVP),False,,,,,,,,
603,Kuengaling,North,Unknown,Sikkim,True,27.1353079,88.8366105,3.8717037410096937,control (non-VVP),False,,,,,,,,
604,Khangzhima,North,Unknown,Sikkim,True,26.9887258,88.950355,3.9173713054339054,control (non-VVP),False,,,,,,,,
605,Kharsaling,North,Unknown,Sikkim,True,26.9981042,88.9418471,3.924620947890044,control (non-VVP),False,,,,,,,,
606,Bindu,North,Unknown,Sikkim,True,27.0986121,88.8716429,3.935978442828179,control (non-VVP),False,,,,,,,,
607,Sagadada,North,Unknown,Sikkim,True,27.2743415,87.9725518,4.061456698750013,control (non-VVP),False,,,,,,,,
608,Beteni,North,Unknown,Sikkim,True,27.2990623,87.9842607,4.115611719391664,control (non-VVP),False,,,,,,,,
609,Nagrakata,North,Unknown,Sikkim,True,26.887366,88.9115671,4.119183253745337,control (non-VVP),False,,,,,,,,
610,राम्चे (Ramche),North,Unknown,Sikkim,True,27.5940731,88.0313801,4.238122205907449,control (non-VVP),False,,,,,,,,
611,Samsing,North,Unknown,Sikkim,True,26.9891656,88.8036059,4.243612211886187,control (non-VVP),False,,,,,,,,
612,Migphelgang,North,Unknown,Sikkim,True,27.1290662,88.8545122,4.394844210571658,control (non-VVP),False,,,,,,,,
613,Chamilindada,North,Unknown,Sikkim,True,27.2564045,87.9589886,4.483246504977108,control (non-VVP),False,,,,,,,,
614,Patshaling,North,Unknown,Sikkim,True,27.1459569,88.8314001,4.507608285049529,control (non-VVP),False,,,,,,,,
615,Sisne,North,Unknown,Sikkim,True,27.278902,87.9695767,4.538528038056814,control (non-VVP),False,,,,,,,,
616,Pangpema,North,Unknown,Sikkim,True,27.7878398,88.1100906,4.717150357302978,control (non-VVP),False,,,,,,,,
617,Nojangsa Dangpa,North,Unknown,Sikkim,True,26.8871962,89.2838824,4.721893226582448,control (non-VVP),False,,,,,,,,
618,Simana,North,Unknown,Sikkim,True,26.9846521,88.1356918,4.760446113123837,control (non-VVP),False,,,,,,,,
619,Gashingma,North,Unknown,Sikkim,True,26.8543744,89.1888303,4.827932116842553,control (non-VVP),False,,,,,,,,
620,Perunge,North,Unknown,Sikkim,True,27.2523041,87.9531478,4.828940992733906,control (non-VVP),False,,,,,,,,
621,Joenleksa,North,Unknown,Sikkim,True,26.9988785,88.9532304,4.858869871852076,control (non-VVP),False,,,,,,,,
622,Phanchebun,North,Unknown,Sikkim,True,27.0558235,87.9505824,4.878141835256099,control (non-VVP),False,,,,,,,,
623,Dombang,North,Unknown,Sikkim,True,27.7456823,88.777401,4.975335401712557,control (non-VVP),False,,,,,,,,
624,Tserima,North,Unknown,Sikkim,True,26.8970136,89.1079938,5.017026170451637,control (non-VVP),False,,,,,,,,
625,Baichhadrangra,North,Unknown,Sikkim,True,26.8907462,89.1119796,5.068937260000288,control (non-VVP),False,,,,,,,,
626,Gangawa,North,Unknown,Sikkim,True,27.2961738,87.9718593,5.112733080554766,control (non-VVP),False,,,,,,,,
627,Muklabu,North,Unknown,Sikkim,True,27.2868659,87.9666335,5.166723781153882,control (non-VVP),False,,,,,,,,
628,Tirsuley,North,Unknown,Sikkim,True,27.0096612,88.9474797,5.178599746939412,control (non-VVP),False,,,,,,,,
629,Serpe,North,Unknown,Sikkim,True,27.0734953,87.9288146,5.239425553978108,control (non-VVP),False,,,,,,,,
630,Chyanthapu,North,Unknown,Sikkim,True,27.2635164,87.9541546,5.2450732607375015,control (non-VVP),False,,,,,,,,
631,Memekha,North,Unknown,Sikkim,True,26.8941073,89.3031281,5.286888108691728,control (non-VVP),False,,,,,,,,
632,Nibhare,North,Unknown,Sikkim,True,27.3091311,87.9755405,5.364545756312757,control (non-VVP),False,,,,,,,,
633,Fikkal,North,Unknown,Sikkim,True,26.8952118,88.0661527,5.530171162738994,control (non-VVP),False,,,,,,,,
634,Ghāstoli,Chamoli,Unknown,Uttarakhand,True,30.8592089,79.4699913,11.912704932770406,control (non-VVP),True,,,,,,,,
635,Niti,Chamoli,Unknown,Uttarakhand,True,30.7776642,79.8411215,13.6987789626857,control (non-VVP),True,,,,,,,,
636,Gamshali,Chamoli,Unknown,Uttarakhand,True,30.7559986,79.8261873,16.491584153191166,control (non-VVP),True,,,,,,,,
637,Pharkia,Chamoli,Unknown,Uttarakhand,True,30.7318289,79.8262831,18.73832682654009,control (non-VVP),True,,,,,,,,
638,MAHAR GAON,Chamoli,Unknown,Uttarakhand,True,30.7109424,79.8743727,18.763824413862316,control (non-VVP),True,,,,,,,,
639,Kurkuti,Chamoli,Unknown,Uttarakhand,True,30.7065954,79.8754333,19.17027552052757,control (non-VVP),True,,,,,,,,
640,Ryal Bagar,Chamoli,Unknown,Uttarakhand,True,30.7110763,79.8435457,19.916147976519454,control (non-VVP),True,,,,,,,,
641,Kosa,Chamoli,Unknown,Uttarakhand,True,30.67793,79.8609495,22.58993975697144,control (non-VVP),True,,,,,,,,
642,Ghangaria,Chamoli,Unknown,Uttarakhand,True,30.7014544,79.5938002,26.30603637606213,control (non-VVP),True,,,,,,,,
643,GARPAK,Chamoli,Unknown,Uttarakhand,True,30.6269079,79.854244,26.53514477563784,control (non-VVP),True,,,,,,,,
644,Kajila,Chamoli,Unknown,Uttarakhand,True,30.6972318,79.5898879,26.75455347709048,control (non-VVP),True,,,,,,,,
645,SINGLA,Chamoli,Unknown,Uttarakhand,True,30.6462444,79.8258027,27.168140118740897,control (non-VVP),True,,,,,,,,
646,Jelam,Chamoli,Unknown,Uttarakhand,True,30.6441526,79.8259171,27.37817130517132,control (non-VVP),True,,,,,,,,
647,Hanumanchatti,Chamoli,Unknown,Uttarakhand,True,30.6955217,79.5141532,27.599744760748248,control (non-VVP),True,,,,,,,,
648,DRONAGIRI,Chamoli,Unknown,Uttarakhand,True,30.5991704,79.8680413,27.75389664657119,control (non-VVP),True,,,,,,,,
649,Lambagad,Chamoli,Unknown,Uttarakhand,True,30.692639,79.5132394,27.93072469137702,control (non-VVP),True,,,,,,,,
650,Bhyudar,Chamoli,Unknown,Uttarakhand,True,30.674709,79.5913479,29.25481110974796,control (non-VVP),True,,,,,,,,
651,Khirao,Chamoli,Unknown,Uttarakhand,True,30.6849562,79.4763374,29.72114710674598,control (non-VVP),True,,,,,,,,
652,KAGA,Chamoli,Unknown,Uttarakhand,True,30.6124584,79.8238599,29.78872770867718,control (non-VVP),True,,,,,,,,
653,Jumma,Chamoli,Unknown,Uttarakhand,True,30.60791,79.80606,31.428669031752992,control (non-VVP),True,,,,,,,,
654,Sal,Chamoli,Unknown,Uttarakhand,True,30.6497801,79.5825101,31.992555927565707,control (non-VVP),True,,,,,,,,
655,Lambagarh,Chamoli,Unknown,Uttarakhand,True,30.6541078,79.5165784,32.05015325703574,control (non-VVP),True,,,,,,,,
656,Nayachutti,Chamoli,Unknown,Uttarakhand,True,30.6485378,79.5332429,32.40916863902012,control (non-VVP),True,,,,,,,,
657,Pulna,Chamoli,Unknown,Uttarakhand,True,30.6357595,79.5716275,33.54877113715953,control (non-VVP),True,,,,,,,,
658,Asigada,Pithoragarh,Unknown,Uttarakhand,True,29.7996422,80.4676047,0.0216388854348366,control (non-VVP),False,,,,,,,,
659,Kapada,Pithoragarh,Unknown,Uttarakhand,True,29.9558311,80.6035153,0.0268525152246547,control (non-VVP),False,,,,,,,,
660,Narayan Ashram,Pithoragarh,Unknown,Uttarakhand,True,29.9707,80.65476,0.0320525902811043,control (non-VVP),False,,,,,,,,
661,Khaikon,Pithoragarh,Unknown,Uttarakhand,True,29.4443489,80.2390132,0.045764043270923,control (non-VVP),False,,,,,,,,
662,Napalcho,Pithoragarh,Unknown,Uttarakhand,True,30.1820716,80.8515056,0.0723280672957899,control (non-VVP),False,,,,,,,,
663,Bagrihat,Pithoragarh,Unknown,Uttarakhand,True,29.74274,80.36225,0.1173611233418828,control (non-VVP),False,,,,,,,,
664,Dhar,Pithoragarh,Unknown,Uttarakhand,True,29.9557902,80.6196706,0.2296686197639103,control (non-VVP),False,,,,,,,,
665,Bajani,Pithoragarh,Unknown,Uttarakhand,True,29.7922615,80.4523603,0.2420862199540087,control (non-VVP),False,,,,,,,,
666,Pancheshwar,Pithoragarh,Unknown,Uttarakhand,True,29.4437807,80.2435846,0.243467538490893,control (non-VVP),False,,,,,,,,
667,गूंजी,Pithoragarh,Unknown,Uttarakhand,True,30.1865763,80.8508108,0.2987799352144547,control (non-VVP),False,,,,,,,,
668,Jadani,Pithoragarh,Unknown,Uttarakhand,True,29.746009,80.3665526,0.34260493718586,control (non-VVP),False,,,,,,,,
669,Uchauligot,Pithoragarh,Unknown,Uttarakhand,True,29.1103277,80.1412411,0.3551355125909453,control (non-VVP),False,,,,,,,,
670,Thapla,Pithoragarh,Unknown,Uttarakhand,True,29.7886805,80.4316761,0.3783245137541777,control (non-VVP),False,,,,,,,,
671,Dokat,Pithoragarh,Unknown,Uttarakhand,True,29.9568545,80.6305181,0.3788166861637907,control (non-VVP),False,,,,,,,,
672,Naji,Pithoragarh,Unknown,Uttarakhand,True,29.9619303,80.6220175,0.4049910091673511,control (non-VVP),False,,,,,,,,
673,Tarkuli,Pithoragarh,Unknown,Uttarakhand,True,29.2431392,80.2752757,0.4074673446038879,control (non-VVP),False,,,,,,,,
674,Titri,Pithoragarh,Unknown,Uttarakhand,True,29.73587,80.36225,0.4373475597831811,control (non-VVP),False,,,,,,,,
675,Bajani,Pithoragarh,Unknown,Uttarakhand,True,29.7877192,80.4580098,0.4389204859623156,control (non-VVP),False,,,,,,,,
676,Majarkana,Pithoragarh,Unknown,Uttarakhand,True,29.58069,80.36362,0.4433382001464225,control (non-VVP),False,,,,,,,,
677,Bajkot,Pithoragarh,Unknown,Uttarakhand,True,29.2933981,80.2871954,0.45432171974219,control (non-VVP),False,,,,,,,,
678,Syaku,Pithoragarh,Unknown,Uttarakhand,True,29.9514029,80.601573,0.489687676952294,control (non-VVP),False,,,,,,,,
679,Chhiyalekh,Pithoragarh,Unknown,Uttarakhand,True,30.1200614,80.8384468,0.515704860494164,control (non-VVP),False,,,,,,,,
680,Gullah,Pithoragarh,Unknown,Uttarakhand,True,30.02426,80.7193,0.5707053660659177,control (non-VVP),False,,,,,,,,
681,Uleni,Pithoragarh,Unknown,Uttarakhand,True,29.7756777,80.4149282,0.592101946025433,control (non-VVP),False,,,,,,,,
682,Bet,Pithoragarh,Unknown,Uttarakhand,True,29.7725614,80.4024265,0.6112044244231037,control (non-VVP),False,,,,,,,,
683,Simal,Pithoragarh,Unknown,Uttarakhand,True,29.7945851,80.4465833,0.635754879409361,control (non-VVP),False,,,,,,,,
684,Tawaghat,Pithoragarh,Unknown,Uttarakhand,True,29.9614818,80.5995242,0.6432300094263849,control (non-VVP),False,,,,,,,,
685,Bachkot,Pithoragarh,Unknown,Uttarakhand,True,29.68918,80.36774,0.6803963165164377,control (non-VVP),False,,,,,,,,
686,Maduwa,Pithoragarh,Unknown,Uttarakhand,True,29.3218766,80.2745246,0.7051012002999427,control (non-VVP),False,,,,,,,,
687,Melpata,Pithoragarh,Unknown,Uttarakhand,True,29.9557765,80.6379681,0.7096579308180718,control (non-VVP),False,,,,,,,,
688,Udai,Pithoragarh,Unknown,Uttarakhand,True,29.7873228,80.4097708,0.783525828930723,control (non-VVP),False,,,,,,,,
689,Chamdeval,Pithoragarh,Unknown,Uttarakhand,True,29.41589,80.20569,0.7886584168349895,control (non-VVP),False,,,,,,,,
690,Karali,Pithoragarh,Unknown,Uttarakhand,True,29.1173595,80.2162316,0.807269515067354,control (non-VVP),False,,,,,,,,
691,Surkada,Pithoragarh,Unknown,Uttarakhand,True,29.8006354,80.4553855,0.8210585534709238,control (non-VVP),False,,,,,,,,
692,Khela,Pithoragarh,Unknown,Uttarakhand,True,29.9624674,80.5911762,0.8541411346431013,control (non-VVP),False,,,,,,,,
693,Jauljibi,Pithoragarh,Unknown,Uttarakhand,True,29.7524071,80.376287,0.8985811833629959,control (non-VVP),False,,,,,,,,
694,Mallo Dattu,Pithoragarh,Unknown,Uttarakhand,True,29.7896805,80.4151515,0.9005402762214502,control (non-VVP),False,,,,,,,,
695,Talli Chauki,Pithoragarh,Unknown,Uttarakhand,True,29.7461365,80.3733912,0.9366618677555414,control (non-VVP),False,,,,,,,,
696,Thulgada,Pithoragarh,Unknown,Uttarakhand,True,29.9478012,80.6061487,0.9417465709016558,control (non-VVP),False,,,,,,,,
697,Nabhidang Camp,Pithoragarh,Unknown,Uttarakhand,True,30.2390998,80.9760112,0.9425115670389164,control (non-VVP),False,,,,,,,,
698,Kakada,Pithoragarh,Unknown,Uttarakhand,True,29.7972185,80.4453896,0.9475104544092228,control (non-VVP),False,,,,,,,,
699,Selpya,Pithoragarh,Unknown,Uttarakhand,True,29.7380542,80.3696233,0.982584388042189,control (non-VVP),False,,,,,,,,
700,Ela Gad,Pithoragarh,Unknown,Uttarakhand,True,29.92127,80.57099,1.033099048159702,control (non-VVP),False,,,,,,,,
701,Pipali,Pithoragarh,Unknown,Uttarakhand,True,29.67957,80.37598,1.0604151729679658,control (non-VVP),False,,,,,,,,
702,Bhungti,Pithoragarh,Unknown,Uttarakhand,True,30.02838,80.71656,1.0736363195739638,control (non-VVP),False,,,,,,,,
703,Kalika,Pithoragarh,Unknown,Uttarakhand,True,29.80866,80.49271,1.0807418381002445,control (non-VVP),False,,,,,,,,
704,Dattu,Pithoragarh,Unknown,Uttarakhand,True,29.7925513,80.4200682,1.084144903990312,control (non-VVP),False,,,,,,,,
705,Guariat,Pithoragarh,Unknown,Uttarakhand,True,29.56833,80.34165,1.0853816334119823,control (non-VVP),False,,,,,,,,
706,Sumla,Uttarkashi,Unknown,Uttarakhand,True,31.3643581,79.1315444,5.49485960368513,control (non-VVP),True,,,,,,,,
707,波林三多,Uttarkashi,Unknown,Uttarakhand,True,31.3063902,79.1304897,8.87359066584267,control (non-VVP),True,,,,,,,,
708,Tirpani,Uttarkashi,Unknown,Uttarakhand,True,31.2764904,79.1066801,12.698942864307291,control (non-VVP),True,,,,,,,,
709,Nilapani,Uttarkashi,Unknown,Uttarakhand,True,31.1133518,79.1553581,15.06104988801272,control (non-VVP),True,,,,,,,,
710,桑村,Uttarkashi,Unknown,Uttarakhand,True,31.1815194,79.044165,15.27328368425804,control (non-VVP),True,,,,,,,,
711,葱莎,Uttarkashi,Unknown,Uttarakhand,True,31.1126554,79.0053748,19.178881843076333,control (non-VVP),True,,,,,,,,
712,Hindoligad,Uttarkashi,Unknown,Uttarakhand,True,31.0767806,78.9614641,21.73440499391991,control (non-VVP),True,,,,,,,,
713,Karchha,Uttarkashi,Unknown,Uttarakhand,True,31.04462,78.92578,24.95972599085463,control (non-VVP),True,,,,,,,,
714,Mukhba,Uttarkashi,Unknown,Uttarakhand,True,31.0449555,78.7799246,26.98465229962949,control (non-VVP),True,,,,,,,,
715,Lanka,Uttarkashi,Unknown,Uttarakhand,True,31.0302365,78.8679805,27.028062760665584,control (non-VVP),True,,,,,,,,
716,Bhaironghati,Uttarkashi,Unknown,Uttarakhand,True,31.0267173,78.8678798,27.413272280024295,control (non-VVP),True,,,,,,,,
717,Harsil,Uttarkashi,Unknown,Uttarakhand,True,31.0369099,78.7506484,28.05951202417221,control (non-VVP),True,,,,,,,,
718,Halunga,Uttarkashi,Unknown,Uttarakhand,True,31.0334361,78.7436711,28.525364133629,control (non-VVP),True,,,,,,,,
719,Dhakroliya,Uttarkashi,Unknown,Uttarakhand,True,31.0349208,78.7312391,28.54914696106892,control (non-VVP),True,,,,,,,,
720,Sunagar,Uttarkashi,Unknown,Uttarakhand,True,31.01578,78.71155,31.00683666094384,control (non-VVP),True,,,,,,,,
721,Suki,Uttarkashi,Unknown,Uttarakhand,True,31.0029571,78.7013016,32.61810414731858,control (non-VVP),True,,,,,,,,
722,Bhojwasa,Uttarkashi,Unknown,Uttarakhand,True,30.9504464,79.051513,33.26104659326479,control (non-VVP),True,,,,,,,,
723,Cherbasa,Uttarkashi,Unknown,Uttarakhand,True,30.9798732,79.0239489,33.42506767890391,control (non-VVP),True,,,,,,,,
724,Bhangeli,Uttarkashi,Unknown,Uttarakhand,True,30.9173929,78.6694748,42.56588317895909,control (non-VVP),True,,,,,,,,
725,Gangnani (village),Uttarkashi,Unknown,Uttarakhand,True,30.9124564,78.67581,42.94506930365034,control (non-VVP),True,,,,,,,,
726,Seema,Uttarkashi,Unknown,Uttarakhand,True,31.1170286,78.3499378,43.21808523458344,control (non-VVP),True,,,,,,,,
727,Yamunotri,Uttarkashi,Unknown,Uttarakhand,True,30.999214,78.4626951,43.52866806001171,control (non-VVP),True,,,,,,,,
728,Osla,Uttarkashi,Unknown,Uttarakhand,True,31.1188962,78.3427722,43.71457583784348,control (non-VVP),True,,,,,,,,
729,Hurri,Uttarkashi,Unknown,Uttarakhand,True,30.900444,78.694016,43.86411690265199,control (non-VVP),True,,,,,,,,
730,Gangnani,Uttarkashi,Unknown,Uttarakhand,True,30.9029774,78.6797824,43.87803350805251,control (non-VVP),True,,,,,,,,
731,Sungar,Uttarkashi,Unknown,Uttarakhand,True,30.8932364,78.6782549,44.963262461183085,control (non-VVP),True,,,,,,,,
732,Panwani,Uttarkashi,Unknown,Uttarakhand,True,31.1162624,78.3290382,45.00537553338049,control (non-VVP),True,,,,,,,,
733,Gangwar,Uttarkashi,Unknown,Uttarakhand,True,31.1081301,78.3128214,46.79568038060073,control (non-VVP),True,,,,,,,,
734,Janki Chatti,Uttarkashi,Unknown,Uttarakhand,True,30.9764513,78.4383369,46.95727719884075,control (non-VVP),True,,,,,,,,
735,Kharsālī,Uttarkashi,Unknown,Uttarakhand,True,30.9727889,78.4382202,47.2776673250237,control (non-VVP),True,,,,,,,,
